business_date,split,model,actual,predicted,absolute_error
2024-07-01,validation,naive_previous_day,14,20.0,6.0
2024-07-02,validation,naive_previous_day,17,14.0,3.0
2024-07-03,validation,naive_previous_day,23,17.0,6.0
2024-07-04,validation,naive_previous_day,26,23.0,3.0
2024-07-05,validation,naive_previous_day,59,26.0,33.0
2024-07-06,validation,naive_previous_day,59,59.0,0.0
2024-07-07,validation,naive_previous_day,22,59.0,37.0
2024-07-08,validation,naive_previous_day,27,22.0,5.0
2024-07-09,validation,naive_previous_day,33,27.0,6.0
2024-07-10,validation,naive_previous_day,40,33.0,7.0
2024-07-11,validation,naive_previous_day,50,40.0,10.0
2024-07-12,validation,naive_previous_day,58,50.0,8.0
2024-07-13,validation,naive_previous_day,60,58.0,2.0
2024-07-14,validation,naive_previous_day,25,60.0,35.0
2024-07-15,validation,naive_previous_day,28,25.0,3.0
2024-07-16,validation,naive_previous_day,36,28.0,8.0
2024-07-17,validation,naive_previous_day,27,36.0,9.0
2024-07-18,validation,naive_previous_day,32,27.0,5.0
2024-07-19,validation,naive_previous_day,59,32.0,27.0
2024-07-20,validation,naive_previous_day,60,59.0,1.0
2024-07-21,validation,naive_previous_day,41,60.0,19.0
2024-07-22,validation,naive_previous_day,45,41.0,4.0
2024-07-23,validation,naive_previous_day,52,45.0,7.0
2024-07-24,validation,naive_previous_day,57,52.0,5.0
2024-07-25,validation,naive_previous_day,58,57.0,1.0
2024-07-26,validation,naive_previous_day,60,58.0,2.0
2024-07-27,validation,naive_previous_day,60,60.0,0.0
2024-07-28,validation,naive_previous_day,28,60.0,32.0
2024-07-29,validation,naive_previous_day,22,28.0,6.0
2024-07-30,validation,naive_previous_day,27,22.0,5.0
2024-07-31,validation,naive_previous_day,40,27.0,13.0
2024-08-01,validation,naive_previous_day,33,40.0,7.0
2024-08-02,validation,naive_previous_day,60,33.0,27.0
2024-08-03,validation,naive_previous_day,60,60.0,0.0
2024-08-04,validation,naive_previous_day,22,60.0,38.0
2024-08-05,validation,naive_previous_day,24,22.0,2.0
2024-08-06,validation,naive_previous_day,30,24.0,6.0
2024-08-07,validation,naive_previous_day,37,30.0,7.0
2024-08-08,validation,naive_previous_day,41,37.0,4.0
2024-08-09,validation,naive_previous_day,55,41.0,14.0
2024-08-10,validation,naive_previous_day,59,55.0,4.0
2024-08-11,validation,naive_previous_day,26,59.0,33.0
2024-08-12,validation,naive_previous_day,31,26.0,5.0
2024-08-13,validation,naive_previous_day,52,31.0,21.0
2024-08-14,validation,naive_previous_day,36,52.0,16.0
2024-08-15,validation,naive_previous_day,50,36.0,14.0
2024-08-16,validation,naive_previous_day,60,50.0,10.0
2024-08-17,validation,naive_previous_day,60,60.0,0.0
2024-08-18,validation,naive_previous_day,25,60.0,35.0
2024-08-19,validation,naive_previous_day,33,25.0,8.0
2024-08-20,validation,naive_previous_day,27,33.0,6.0
2024-08-21,validation,naive_previous_day,38,27.0,11.0
2024-08-22,validation,naive_previous_day,45,38.0,7.0
2024-08-23,validation,naive_previous_day,60,45.0,15.0
2024-08-24,validation,naive_previous_day,60,60.0,0.0
2024-08-25,validation,naive_previous_day,42,60.0,18.0
2024-08-26,validation,naive_previous_day,52,42.0,10.0
2024-08-27,validation,naive_previous_day,57,52.0,5.0
2024-08-28,validation,naive_previous_day,60,57.0,3.0
2024-08-29,validation,naive_previous_day,59,60.0,1.0
2024-08-30,validation,naive_previous_day,49,59.0,10.0
2024-08-31,validation,naive_previous_day,66,49.0,17.0
2024-09-01,validation,naive_previous_day,60,60.0,0.0
2024-09-02,validation,naive_previous_day,38,60.0,22.0
2024-09-03,validation,naive_previous_day,33,38.0,5.0
2024-09-04,validation,naive_previous_day,31,33.0,2.0
2024-09-05,validation,naive_previous_day,36,31.0,5.0
2024-09-06,validation,naive_previous_day,57,36.0,21.0
2024-09-07,validation,naive_previous_day,59,57.0,2.0
2024-09-08,validation,naive_previous_day,24,59.0,35.0
2024-09-09,validation,naive_previous_day,29,24.0,5.0
2024-09-10,validation,naive_previous_day,25,29.0,4.0
2024-09-11,validation,naive_previous_day,22,25.0,3.0
2024-09-12,validation,naive_previous_day,39,22.0,17.0
2024-09-13,validation,naive_previous_day,59,39.0,20.0
2024-09-14,validation,naive_previous_day,60,59.0,1.0
2024-09-15,validation,naive_previous_day,29,60.0,31.0
2024-09-16,validation,naive_previous_day,40,29.0,11.0
2024-09-17,validation,naive_previous_day,49,40.0,9.0
2024-09-18,validation,naive_previous_day,50,49.0,1.0
2024-09-19,validation,naive_previous_day,54,50.0,4.0
2024-09-20,validation,naive_previous_day,59,54.0,5.0
2024-09-21,validation,naive_previous_day,59,59.0,0.0
2024-09-22,validation,naive_previous_day,36,59.0,23.0
2024-09-23,validation,naive_previous_day,42,36.0,6.0
2024-09-24,validation,naive_previous_day,55,42.0,13.0
2024-09-25,validation,naive_previous_day,56,55.0,1.0
2024-09-26,validation,naive_previous_day,56,56.0,0.0
2024-09-27,validation,naive_previous_day,59,56.0,3.0
2024-09-28,validation,naive_previous_day,57,59.0,2.0
2024-09-29,validation,naive_previous_day,38,57.0,19.0
2024-09-30,validation,naive_previous_day,30,38.0,8.0
2024-10-01,validation,naive_previous_day,14,30.0,16.0
2024-10-02,validation,naive_previous_day,11,14.0,3.0
2024-10-03,validation,naive_previous_day,39,11.0,28.0
2024-10-04,validation,naive_previous_day,60,39.0,21.0
2024-10-05,validation,naive_previous_day,58,60.0,2.0
2024-10-06,validation,naive_previous_day,25,58.0,33.0
2024-10-07,validation,naive_previous_day,22,25.0,3.0
2024-10-08,validation,naive_previous_day,30,22.0,8.0
2024-10-09,validation,naive_previous_day,38,30.0,8.0
2024-10-10,validation,naive_previous_day,59,38.0,21.0
2024-10-11,validation,naive_previous_day,60,59.0,1.0
2024-10-12,validation,naive_previous_day,60,60.0,0.0
2024-10-13,validation,naive_previous_day,60,60.0,0.0
2024-10-14,validation,naive_previous_day,18,60.0,42.0
2024-10-15,validation,naive_previous_day,24,18.0,6.0
2024-10-16,validation,naive_previous_day,34,24.0,10.0
2024-10-17,validation,naive_previous_day,51,34.0,17.0
2024-10-18,validation,naive_previous_day,60,51.0,9.0
2024-10-19,validation,naive_previous_day,60,60.0,0.0
2024-10-20,validation,naive_previous_day,44,60.0,16.0
2024-10-21,validation,naive_previous_day,31,44.0,13.0
2024-10-22,validation,naive_previous_day,37,31.0,6.0
2024-10-23,validation,naive_previous_day,51,37.0,14.0
2024-10-24,validation,naive_previous_day,58,51.0,7.0
2024-10-25,validation,naive_previous_day,59,58.0,1.0
2024-10-26,validation,naive_previous_day,59,59.0,0.0
2024-10-27,validation,naive_previous_day,59,59.0,0.0
2024-10-28,validation,naive_previous_day,21,59.0,38.0
2024-10-29,validation,naive_previous_day,23,21.0,2.0
2024-10-30,validation,naive_previous_day,26,23.0,3.0
2024-10-31,validation,naive_previous_day,40,26.0,14.0
2024-11-01,validation,naive_previous_day,60,40.0,20.0
2024-11-02,validation,naive_previous_day,60,60.0,0.0
2024-11-03,validation,naive_previous_day,26,60.0,34.0
2024-11-04,validation,naive_previous_day,16,26.0,10.0
2024-11-05,validation,naive_previous_day,16,16.0,0.0
2024-11-06,validation,naive_previous_day,29,16.0,13.0
2024-11-07,validation,naive_previous_day,47,29.0,18.0
2024-11-08,validation,naive_previous_day,59,47.0,12.0
2024-11-09,validation,naive_previous_day,60,59.0,1.0
2024-11-10,validation,naive_previous_day,60,60.0,0.0
2024-11-11,validation,naive_previous_day,38,60.0,22.0
2024-11-12,validation,naive_previous_day,54,38.0,16.0
2024-11-13,validation,naive_previous_day,36,54.0,18.0
2024-11-14,validation,naive_previous_day,53,36.0,17.0
2024-11-15,validation,naive_previous_day,60,53.0,7.0
2024-11-16,validation,naive_previous_day,60,60.0,0.0
2024-11-17,validation,naive_previous_day,15,60.0,45.0
2024-11-18,validation,naive_previous_day,12,15.0,3.0
2024-11-19,validation,naive_previous_day,23,12.0,11.0
2024-11-20,validation,naive_previous_day,34,23.0,11.0
2024-11-21,validation,naive_previous_day,29,34.0,5.0
2024-11-22,validation,naive_previous_day,50,29.0,21.0
2024-11-23,validation,naive_previous_day,56,50.0,6.0
2024-11-24,validation,naive_previous_day,25,56.0,31.0
2024-11-25,validation,naive_previous_day,25,25.0,0.0
2024-11-26,validation,naive_previous_day,23,25.0,2.0
2024-11-27,validation,naive_previous_day,43,23.0,20.0
2024-11-28,validation,naive_previous_day,58,43.0,15.0
2024-11-29,validation,naive_previous_day,59,58.0,1.0
2024-11-30,validation,naive_previous_day,59,59.0,0.0
2024-12-01,validation,naive_previous_day,28,59.0,31.0
2024-12-02,validation,naive_previous_day,22,28.0,6.0
2024-12-03,validation,naive_previous_day,34,22.0,12.0
2024-12-04,validation,naive_previous_day,38,34.0,4.0
2024-12-05,validation,naive_previous_day,29,38.0,9.0
2024-12-06,validation,naive_previous_day,60,29.0,31.0
2024-12-07,validation,naive_previous_day,60,60.0,0.0
2024-12-08,validation,naive_previous_day,27,60.0,33.0
2024-12-09,validation,naive_previous_day,24,27.0,3.0
2024-12-10,validation,naive_previous_day,26,24.0,2.0
2024-12-11,validation,naive_previous_day,32,26.0,6.0
2024-12-12,validation,naive_previous_day,29,32.0,3.0
2024-12-13,validation,naive_previous_day,47,29.0,18.0
2024-12-14,validation,naive_previous_day,58,47.0,11.0
2024-12-15,validation,naive_previous_day,34,58.0,24.0
2024-12-16,validation,naive_previous_day,23,34.0,11.0
2024-12-17,validation,naive_previous_day,26,23.0,3.0
2024-12-18,validation,naive_previous_day,32,26.0,6.0
2024-12-19,validation,naive_previous_day,25,32.0,7.0
2024-12-20,validation,naive_previous_day,52,25.0,27.0
2024-12-21,validation,naive_previous_day,59,52.0,7.0
2024-12-22,validation,naive_previous_day,31,59.0,28.0
2024-12-23,validation,naive_previous_day,35,31.0,4.0
2024-12-24,validation,naive_previous_day,45,35.0,10.0
2024-12-25,validation,naive_previous_day,40,45.0,5.0
2024-12-26,validation,naive_previous_day,48,40.0,8.0
2024-12-27,validation,naive_previous_day,56,48.0,8.0
2024-12-28,validation,naive_previous_day,58,56.0,2.0
2024-12-29,validation,naive_previous_day,39,58.0,19.0
2024-12-30,validation,naive_previous_day,39,39.0,0.0
2024-12-31,validation,naive_previous_day,50,39.0,11.0
2024-07-01,validation,seasonal_previous_week,14,22.0,8.0
2024-07-02,validation,seasonal_previous_week,17,32.0,15.0
2024-07-03,validation,seasonal_previous_week,23,42.0,19.0
2024-07-04,validation,seasonal_previous_week,26,33.0,7.0
2024-07-05,validation,seasonal_previous_week,59,59.0,0.0
2024-07-06,validation,seasonal_previous_week,59,59.0,0.0
2024-07-07,validation,seasonal_previous_week,22,20.0,2.0
2024-07-08,validation,seasonal_previous_week,27,14.0,13.0
2024-07-09,validation,seasonal_previous_week,33,17.0,16.0
2024-07-10,validation,seasonal_previous_week,40,23.0,17.0
2024-07-11,validation,seasonal_previous_week,50,26.0,24.0
2024-07-12,validation,seasonal_previous_week,58,59.0,1.0
2024-07-13,validation,seasonal_previous_week,60,59.0,1.0
2024-07-14,validation,seasonal_previous_week,25,22.0,3.0
2024-07-15,validation,seasonal_previous_week,28,27.0,1.0
2024-07-16,validation,seasonal_previous_week,36,33.0,3.0
2024-07-17,validation,seasonal_previous_week,27,40.0,13.0
2024-07-18,validation,seasonal_previous_week,32,50.0,18.0
2024-07-19,validation,seasonal_previous_week,59,58.0,1.0
2024-07-20,validation,seasonal_previous_week,60,60.0,0.0
2024-07-21,validation,seasonal_previous_week,41,25.0,16.0
2024-07-22,validation,seasonal_previous_week,45,28.0,17.0
2024-07-23,validation,seasonal_previous_week,52,36.0,16.0
2024-07-24,validation,seasonal_previous_week,57,27.0,30.0
2024-07-25,validation,seasonal_previous_week,58,32.0,26.0
2024-07-26,validation,seasonal_previous_week,60,59.0,1.0
2024-07-27,validation,seasonal_previous_week,60,60.0,0.0
2024-07-28,validation,seasonal_previous_week,28,41.0,13.0
2024-07-29,validation,seasonal_previous_week,22,45.0,23.0
2024-07-30,validation,seasonal_previous_week,27,52.0,25.0
2024-07-31,validation,seasonal_previous_week,40,57.0,17.0
2024-08-01,validation,seasonal_previous_week,33,58.0,25.0
2024-08-02,validation,seasonal_previous_week,60,60.0,0.0
2024-08-03,validation,seasonal_previous_week,60,60.0,0.0
2024-08-04,validation,seasonal_previous_week,22,28.0,6.0
2024-08-05,validation,seasonal_previous_week,24,22.0,2.0
2024-08-06,validation,seasonal_previous_week,30,27.0,3.0
2024-08-07,validation,seasonal_previous_week,37,40.0,3.0
2024-08-08,validation,seasonal_previous_week,41,33.0,8.0
2024-08-09,validation,seasonal_previous_week,55,60.0,5.0
2024-08-10,validation,seasonal_previous_week,59,60.0,1.0
2024-08-11,validation,seasonal_previous_week,26,22.0,4.0
2024-08-12,validation,seasonal_previous_week,31,24.0,7.0
2024-08-13,validation,seasonal_previous_week,52,30.0,22.0
2024-08-14,validation,seasonal_previous_week,36,37.0,1.0
2024-08-15,validation,seasonal_previous_week,50,41.0,9.0
2024-08-16,validation,seasonal_previous_week,60,55.0,5.0
2024-08-17,validation,seasonal_previous_week,60,59.0,1.0
2024-08-18,validation,seasonal_previous_week,25,26.0,1.0
2024-08-19,validation,seasonal_previous_week,33,31.0,2.0
2024-08-20,validation,seasonal_previous_week,27,52.0,25.0
2024-08-21,validation,seasonal_previous_week,38,36.0,2.0
2024-08-22,validation,seasonal_previous_week,45,50.0,5.0
2024-08-23,validation,seasonal_previous_week,60,60.0,0.0
2024-08-24,validation,seasonal_previous_week,60,60.0,0.0
2024-08-25,validation,seasonal_previous_week,42,25.0,17.0
2024-08-26,validation,seasonal_previous_week,52,33.0,19.0
2024-08-27,validation,seasonal_previous_week,57,27.0,30.0
2024-08-28,validation,seasonal_previous_week,60,38.0,22.0
2024-08-29,validation,seasonal_previous_week,59,45.0,14.0
2024-08-30,validation,seasonal_previous_week,49,60.0,11.0
2024-08-31,validation,seasonal_previous_week,66,60.0,6.0
2024-09-01,validation,seasonal_previous_week,60,42.0,18.0
2024-09-02,validation,seasonal_previous_week,38,52.0,14.0
2024-09-03,validation,seasonal_previous_week,33,57.0,24.0
2024-09-04,validation,seasonal_previous_week,31,60.0,29.0
2024-09-05,validation,seasonal_previous_week,36,59.0,23.0
2024-09-06,validation,seasonal_previous_week,57,49.0,8.0
2024-09-07,validation,seasonal_previous_week,59,60.0,1.0
2024-09-08,validation,seasonal_previous_week,24,60.0,36.0
2024-09-09,validation,seasonal_previous_week,29,38.0,9.0
2024-09-10,validation,seasonal_previous_week,25,33.0,8.0
2024-09-11,validation,seasonal_previous_week,22,31.0,9.0
2024-09-12,validation,seasonal_previous_week,39,36.0,3.0
2024-09-13,validation,seasonal_previous_week,59,57.0,2.0
2024-09-14,validation,seasonal_previous_week,60,59.0,1.0
2024-09-15,validation,seasonal_previous_week,29,24.0,5.0
2024-09-16,validation,seasonal_previous_week,40,29.0,11.0
2024-09-17,validation,seasonal_previous_week,49,25.0,24.0
2024-09-18,validation,seasonal_previous_week,50,22.0,28.0
2024-09-19,validation,seasonal_previous_week,54,39.0,15.0
2024-09-20,validation,seasonal_previous_week,59,59.0,0.0
2024-09-21,validation,seasonal_previous_week,59,60.0,1.0
2024-09-22,validation,seasonal_previous_week,36,29.0,7.0
2024-09-23,validation,seasonal_previous_week,42,40.0,2.0
2024-09-24,validation,seasonal_previous_week,55,49.0,6.0
2024-09-25,validation,seasonal_previous_week,56,50.0,6.0
2024-09-26,validation,seasonal_previous_week,56,54.0,2.0
2024-09-27,validation,seasonal_previous_week,59,59.0,0.0
2024-09-28,validation,seasonal_previous_week,57,59.0,2.0
2024-09-29,validation,seasonal_previous_week,38,36.0,2.0
2024-09-30,validation,seasonal_previous_week,30,42.0,12.0
2024-10-01,validation,seasonal_previous_week,14,55.0,41.0
2024-10-02,validation,seasonal_previous_week,11,56.0,45.0
2024-10-03,validation,seasonal_previous_week,39,56.0,17.0
2024-10-04,validation,seasonal_previous_week,60,59.0,1.0
2024-10-05,validation,seasonal_previous_week,58,57.0,1.0
2024-10-06,validation,seasonal_previous_week,25,38.0,13.0
2024-10-07,validation,seasonal_previous_week,22,30.0,8.0
2024-10-08,validation,seasonal_previous_week,30,14.0,16.0
2024-10-09,validation,seasonal_previous_week,38,11.0,27.0
2024-10-10,validation,seasonal_previous_week,59,39.0,20.0
2024-10-11,validation,seasonal_previous_week,60,60.0,0.0
2024-10-12,validation,seasonal_previous_week,60,58.0,2.0
2024-10-13,validation,seasonal_previous_week,60,25.0,35.0
2024-10-14,validation,seasonal_previous_week,18,22.0,4.0
2024-10-15,validation,seasonal_previous_week,24,30.0,6.0
2024-10-16,validation,seasonal_previous_week,34,38.0,4.0
2024-10-17,validation,seasonal_previous_week,51,59.0,8.0
2024-10-18,validation,seasonal_previous_week,60,60.0,0.0
2024-10-19,validation,seasonal_previous_week,60,60.0,0.0
2024-10-20,validation,seasonal_previous_week,44,60.0,16.0
2024-10-21,validation,seasonal_previous_week,31,18.0,13.0
2024-10-22,validation,seasonal_previous_week,37,24.0,13.0
2024-10-23,validation,seasonal_previous_week,51,34.0,17.0
2024-10-24,validation,seasonal_previous_week,58,51.0,7.0
2024-10-25,validation,seasonal_previous_week,59,60.0,1.0
2024-10-26,validation,seasonal_previous_week,59,60.0,1.0
2024-10-27,validation,seasonal_previous_week,59,44.0,15.0
2024-10-28,validation,seasonal_previous_week,21,31.0,10.0
2024-10-29,validation,seasonal_previous_week,23,37.0,14.0
2024-10-30,validation,seasonal_previous_week,26,51.0,25.0
2024-10-31,validation,seasonal_previous_week,40,58.0,18.0
2024-11-01,validation,seasonal_previous_week,60,59.0,1.0
2024-11-02,validation,seasonal_previous_week,60,59.0,1.0
2024-11-03,validation,seasonal_previous_week,26,59.0,33.0
2024-11-04,validation,seasonal_previous_week,16,21.0,5.0
2024-11-05,validation,seasonal_previous_week,16,23.0,7.0
2024-11-06,validation,seasonal_previous_week,29,26.0,3.0
2024-11-07,validation,seasonal_previous_week,47,40.0,7.0
2024-11-08,validation,seasonal_previous_week,59,60.0,1.0
2024-11-09,validation,seasonal_previous_week,60,60.0,0.0
2024-11-10,validation,seasonal_previous_week,60,26.0,34.0
2024-11-11,validation,seasonal_previous_week,38,16.0,22.0
2024-11-12,validation,seasonal_previous_week,54,16.0,38.0
2024-11-13,validation,seasonal_previous_week,36,29.0,7.0
2024-11-14,validation,seasonal_previous_week,53,47.0,6.0
2024-11-15,validation,seasonal_previous_week,60,59.0,1.0
2024-11-16,validation,seasonal_previous_week,60,60.0,0.0
2024-11-17,validation,seasonal_previous_week,15,60.0,45.0
2024-11-18,validation,seasonal_previous_week,12,38.0,26.0
2024-11-19,validation,seasonal_previous_week,23,54.0,31.0
2024-11-20,validation,seasonal_previous_week,34,36.0,2.0
2024-11-21,validation,seasonal_previous_week,29,53.0,24.0
2024-11-22,validation,seasonal_previous_week,50,60.0,10.0
2024-11-23,validation,seasonal_previous_week,56,60.0,4.0
2024-11-24,validation,seasonal_previous_week,25,15.0,10.0
2024-11-25,validation,seasonal_previous_week,25,12.0,13.0
2024-11-26,validation,seasonal_previous_week,23,23.0,0.0
2024-11-27,validation,seasonal_previous_week,43,34.0,9.0
2024-11-28,validation,seasonal_previous_week,58,29.0,29.0
2024-11-29,validation,seasonal_previous_week,59,50.0,9.0
2024-11-30,validation,seasonal_previous_week,59,56.0,3.0
2024-12-01,validation,seasonal_previous_week,28,25.0,3.0
2024-12-02,validation,seasonal_previous_week,22,25.0,3.0
2024-12-03,validation,seasonal_previous_week,34,23.0,11.0
2024-12-04,validation,seasonal_previous_week,38,43.0,5.0
2024-12-05,validation,seasonal_previous_week,29,58.0,29.0
2024-12-06,validation,seasonal_previous_week,60,59.0,1.0
2024-12-07,validation,seasonal_previous_week,60,59.0,1.0
2024-12-08,validation,seasonal_previous_week,27,28.0,1.0
2024-12-09,validation,seasonal_previous_week,24,22.0,2.0
2024-12-10,validation,seasonal_previous_week,26,34.0,8.0
2024-12-11,validation,seasonal_previous_week,32,38.0,6.0
2024-12-12,validation,seasonal_previous_week,29,29.0,0.0
2024-12-13,validation,seasonal_previous_week,47,60.0,13.0
2024-12-14,validation,seasonal_previous_week,58,60.0,2.0
2024-12-15,validation,seasonal_previous_week,34,27.0,7.0
2024-12-16,validation,seasonal_previous_week,23,24.0,1.0
2024-12-17,validation,seasonal_previous_week,26,26.0,0.0
2024-12-18,validation,seasonal_previous_week,32,32.0,0.0
2024-12-19,validation,seasonal_previous_week,25,29.0,4.0
2024-12-20,validation,seasonal_previous_week,52,47.0,5.0
2024-12-21,validation,seasonal_previous_week,59,58.0,1.0
2024-12-22,validation,seasonal_previous_week,31,34.0,3.0
2024-12-23,validation,seasonal_previous_week,35,23.0,12.0
2024-12-24,validation,seasonal_previous_week,45,26.0,19.0
2024-12-25,validation,seasonal_previous_week,40,32.0,8.0
2024-12-26,validation,seasonal_previous_week,48,25.0,23.0
2024-12-27,validation,seasonal_previous_week,56,52.0,4.0
2024-12-28,validation,seasonal_previous_week,58,59.0,1.0
2024-12-29,validation,seasonal_previous_week,39,31.0,8.0
2024-12-30,validation,seasonal_previous_week,39,35.0,4.0
2024-12-31,validation,seasonal_previous_week,50,45.0,5.0
2024-07-01,validation,rolling_7d_mean,14,38.142857142857146,24.142857142857146
2024-07-02,validation,rolling_7d_mean,17,37.0,20.0
2024-07-03,validation,rolling_7d_mean,23,34.857142857142854,11.857142857142854
2024-07-04,validation,rolling_7d_mean,26,32.142857142857146,6.142857142857146
2024-07-05,validation,rolling_7d_mean,59,31.142857142857142,27.857142857142858
2024-07-06,validation,rolling_7d_mean,59,31.142857142857142,27.857142857142858
2024-07-07,validation,rolling_7d_mean,22,31.142857142857142,9.142857142857142
2024-07-08,validation,rolling_7d_mean,27,31.428571428571427,4.428571428571427
2024-07-09,validation,rolling_7d_mean,33,33.285714285714285,0.2857142857142847
2024-07-10,validation,rolling_7d_mean,40,35.57142857142857,4.428571428571431
2024-07-11,validation,rolling_7d_mean,50,38.0,12.0
2024-07-12,validation,rolling_7d_mean,58,41.42857142857143,16.57142857142857
2024-07-13,validation,rolling_7d_mean,60,41.285714285714285,18.714285714285715
2024-07-14,validation,rolling_7d_mean,25,41.42857142857143,16.42857142857143
2024-07-15,validation,rolling_7d_mean,28,41.857142857142854,13.857142857142854
2024-07-16,validation,rolling_7d_mean,36,42.0,6.0
2024-07-17,validation,rolling_7d_mean,27,42.42857142857143,15.42857142857143
2024-07-18,validation,rolling_7d_mean,32,40.57142857142857,8.57142857142857
2024-07-19,validation,rolling_7d_mean,59,38.0,21.0
2024-07-20,validation,rolling_7d_mean,60,38.142857142857146,21.857142857142854
2024-07-21,validation,rolling_7d_mean,41,38.142857142857146,2.857142857142854
2024-07-22,validation,rolling_7d_mean,45,40.42857142857143,4.571428571428569
2024-07-23,validation,rolling_7d_mean,52,42.857142857142854,9.142857142857146
2024-07-24,validation,rolling_7d_mean,57,45.142857142857146,11.857142857142854
2024-07-25,validation,rolling_7d_mean,58,49.42857142857143,8.57142857142857
2024-07-26,validation,rolling_7d_mean,60,53.142857142857146,6.857142857142854
2024-07-27,validation,rolling_7d_mean,60,53.285714285714285,6.714285714285715
2024-07-28,validation,rolling_7d_mean,28,53.285714285714285,25.285714285714285
2024-07-29,validation,rolling_7d_mean,22,51.42857142857143,29.42857142857143
2024-07-30,validation,rolling_7d_mean,27,48.142857142857146,21.142857142857146
2024-07-31,validation,rolling_7d_mean,40,44.57142857142857,4.571428571428569
2024-08-01,validation,rolling_7d_mean,33,42.142857142857146,9.142857142857146
2024-08-02,validation,rolling_7d_mean,60,38.57142857142857,21.42857142857143
2024-08-03,validation,rolling_7d_mean,60,38.57142857142857,21.42857142857143
2024-08-04,validation,rolling_7d_mean,22,38.57142857142857,16.57142857142857
2024-08-05,validation,rolling_7d_mean,24,37.714285714285715,13.714285714285715
2024-08-06,validation,rolling_7d_mean,30,38.0,8.0
2024-08-07,validation,rolling_7d_mean,37,38.42857142857143,1.4285714285714306
2024-08-08,validation,rolling_7d_mean,41,38.0,3.0
2024-08-09,validation,rolling_7d_mean,55,39.142857142857146,15.857142857142854
2024-08-10,validation,rolling_7d_mean,59,38.42857142857143,20.57142857142857
2024-08-11,validation,rolling_7d_mean,26,38.285714285714285,12.285714285714285
2024-08-12,validation,rolling_7d_mean,31,38.857142857142854,7.857142857142854
2024-08-13,validation,rolling_7d_mean,52,39.857142857142854,12.142857142857146
2024-08-14,validation,rolling_7d_mean,36,43.0,7.0
2024-08-15,validation,rolling_7d_mean,50,42.857142857142854,7.142857142857146
2024-08-16,validation,rolling_7d_mean,60,44.142857142857146,15.857142857142854
2024-08-17,validation,rolling_7d_mean,60,44.857142857142854,15.142857142857146
2024-08-18,validation,rolling_7d_mean,25,45.0,20.0
2024-08-19,validation,rolling_7d_mean,33,44.857142857142854,11.857142857142854
2024-08-20,validation,rolling_7d_mean,27,45.142857142857146,18.142857142857146
2024-08-21,validation,rolling_7d_mean,38,41.57142857142857,3.5714285714285694
2024-08-22,validation,rolling_7d_mean,45,41.857142857142854,3.142857142857146
2024-08-23,validation,rolling_7d_mean,60,41.142857142857146,18.857142857142854
2024-08-24,validation,rolling_7d_mean,60,41.142857142857146,18.857142857142854
2024-08-25,validation,rolling_7d_mean,42,41.142857142857146,0.8571428571428541
2024-08-26,validation,rolling_7d_mean,52,43.57142857142857,8.42857142857143
2024-08-27,validation,rolling_7d_mean,57,46.285714285714285,10.714285714285715
2024-08-28,validation,rolling_7d_mean,60,50.57142857142857,9.42857142857143
2024-08-29,validation,rolling_7d_mean,59,53.714285714285715,5.285714285714285
2024-08-30,validation,rolling_7d_mean,49,55.714285714285715,6.714285714285715
2024-08-31,validation,rolling_7d_mean,66,54.142857142857146,11.857142857142854
2024-09-01,validation,rolling_7d_mean,60,55.0,5.0
2024-09-02,validation,rolling_7d_mean,38,57.57142857142857,19.57142857142857
2024-09-03,validation,rolling_7d_mean,33,55.57142857142857,22.57142857142857
2024-09-04,validation,rolling_7d_mean,31,52.142857142857146,21.142857142857146
2024-09-05,validation,rolling_7d_mean,36,48.0,12.0
2024-09-06,validation,rolling_7d_mean,57,44.714285714285715,12.285714285714285
2024-09-07,validation,rolling_7d_mean,59,45.857142857142854,13.142857142857146
2024-09-08,validation,rolling_7d_mean,24,44.857142857142854,20.857142857142854
2024-09-09,validation,rolling_7d_mean,29,39.714285714285715,10.714285714285715
2024-09-10,validation,rolling_7d_mean,25,38.42857142857143,13.42857142857143
2024-09-11,validation,rolling_7d_mean,22,37.285714285714285,15.285714285714285
2024-09-12,validation,rolling_7d_mean,39,36.0,3.0
2024-09-13,validation,rolling_7d_mean,59,36.42857142857143,22.57142857142857
2024-09-14,validation,rolling_7d_mean,60,36.714285714285715,23.285714285714285
2024-09-15,validation,rolling_7d_mean,29,36.857142857142854,7.857142857142854
2024-09-16,validation,rolling_7d_mean,40,37.57142857142857,2.4285714285714306
2024-09-17,validation,rolling_7d_mean,49,39.142857142857146,9.857142857142854
2024-09-18,validation,rolling_7d_mean,50,42.57142857142857,7.428571428571431
2024-09-19,validation,rolling_7d_mean,54,46.57142857142857,7.428571428571431
2024-09-20,validation,rolling_7d_mean,59,48.714285714285715,10.285714285714285
2024-09-21,validation,rolling_7d_mean,59,48.714285714285715,10.285714285714285
2024-09-22,validation,rolling_7d_mean,36,48.57142857142857,12.57142857142857
2024-09-23,validation,rolling_7d_mean,42,49.57142857142857,7.571428571428569
2024-09-24,validation,rolling_7d_mean,55,49.857142857142854,5.142857142857146
2024-09-25,validation,rolling_7d_mean,56,50.714285714285715,5.285714285714285
2024-09-26,validation,rolling_7d_mean,56,51.57142857142857,4.428571428571431
2024-09-27,validation,rolling_7d_mean,59,51.857142857142854,7.142857142857146
2024-09-28,validation,rolling_7d_mean,57,51.857142857142854,5.142857142857146
2024-09-29,validation,rolling_7d_mean,38,51.57142857142857,13.57142857142857
2024-09-30,validation,rolling_7d_mean,30,51.857142857142854,21.857142857142854
2024-10-01,validation,rolling_7d_mean,14,50.142857142857146,36.142857142857146
2024-10-02,validation,rolling_7d_mean,11,44.285714285714285,33.285714285714285
2024-10-03,validation,rolling_7d_mean,39,37.857142857142854,1.142857142857146
2024-10-04,validation,rolling_7d_mean,60,35.42857142857143,24.57142857142857
2024-10-05,validation,rolling_7d_mean,58,35.57142857142857,22.42857142857143
2024-10-06,validation,rolling_7d_mean,25,35.714285714285715,10.714285714285715
2024-10-07,validation,rolling_7d_mean,22,33.857142857142854,11.857142857142854
2024-10-08,validation,rolling_7d_mean,30,32.714285714285715,2.7142857142857153
2024-10-09,validation,rolling_7d_mean,38,35.0,3.0
2024-10-10,validation,rolling_7d_mean,59,38.857142857142854,20.142857142857146
2024-10-11,validation,rolling_7d_mean,60,41.714285714285715,18.285714285714285
2024-10-12,validation,rolling_7d_mean,60,41.714285714285715,18.285714285714285
2024-10-13,validation,rolling_7d_mean,60,42.0,18.0
2024-10-14,validation,rolling_7d_mean,18,47.0,29.0
2024-10-15,validation,rolling_7d_mean,24,46.42857142857143,22.42857142857143
2024-10-16,validation,rolling_7d_mean,34,45.57142857142857,11.57142857142857
2024-10-17,validation,rolling_7d_mean,51,45.0,6.0
2024-10-18,validation,rolling_7d_mean,60,43.857142857142854,16.142857142857146
2024-10-19,validation,rolling_7d_mean,60,43.857142857142854,16.142857142857146
2024-10-20,validation,rolling_7d_mean,44,43.857142857142854,0.1428571428571459
2024-10-21,validation,rolling_7d_mean,31,41.57142857142857,10.57142857142857
2024-10-22,validation,rolling_7d_mean,37,43.42857142857143,6.428571428571431
2024-10-23,validation,rolling_7d_mean,51,45.285714285714285,5.714285714285715
2024-10-24,validation,rolling_7d_mean,58,47.714285714285715,10.285714285714285
2024-10-25,validation,rolling_7d_mean,59,48.714285714285715,10.285714285714285
2024-10-26,validation,rolling_7d_mean,59,48.57142857142857,10.42857142857143
2024-10-27,validation,rolling_7d_mean,59,48.42857142857143,10.57142857142857
2024-10-28,validation,rolling_7d_mean,21,50.57142857142857,29.57142857142857
2024-10-29,validation,rolling_7d_mean,23,49.142857142857146,26.142857142857146
2024-10-30,validation,rolling_7d_mean,26,47.142857142857146,21.142857142857146
2024-10-31,validation,rolling_7d_mean,40,43.57142857142857,3.5714285714285694
2024-11-01,validation,rolling_7d_mean,60,41.0,19.0
2024-11-02,validation,rolling_7d_mean,60,41.142857142857146,18.857142857142854
2024-11-03,validation,rolling_7d_mean,26,41.285714285714285,15.285714285714285
2024-11-04,validation,rolling_7d_mean,16,36.57142857142857,20.57142857142857
2024-11-05,validation,rolling_7d_mean,16,35.857142857142854,19.857142857142854
2024-11-06,validation,rolling_7d_mean,29,34.857142857142854,5.857142857142854
2024-11-07,validation,rolling_7d_mean,47,35.285714285714285,11.714285714285715
2024-11-08,validation,rolling_7d_mean,59,36.285714285714285,22.714285714285715
2024-11-09,validation,rolling_7d_mean,60,36.142857142857146,23.857142857142854
2024-11-10,validation,rolling_7d_mean,60,36.142857142857146,23.857142857142854
2024-11-11,validation,rolling_7d_mean,38,41.0,3.0
2024-11-12,validation,rolling_7d_mean,54,44.142857142857146,9.857142857142854
2024-11-13,validation,rolling_7d_mean,36,49.57142857142857,13.57142857142857
2024-11-14,validation,rolling_7d_mean,53,50.57142857142857,2.4285714285714306
2024-11-15,validation,rolling_7d_mean,60,51.42857142857143,8.57142857142857
2024-11-16,validation,rolling_7d_mean,60,51.57142857142857,8.42857142857143
2024-11-17,validation,rolling_7d_mean,15,51.57142857142857,36.57142857142857
2024-11-18,validation,rolling_7d_mean,12,45.142857142857146,33.142857142857146
2024-11-19,validation,rolling_7d_mean,23,41.42857142857143,18.42857142857143
2024-11-20,validation,rolling_7d_mean,34,37.0,3.0
2024-11-21,validation,rolling_7d_mean,29,36.714285714285715,7.714285714285715
2024-11-22,validation,rolling_7d_mean,50,33.285714285714285,16.714285714285715
2024-11-23,validation,rolling_7d_mean,56,31.857142857142858,24.142857142857142
2024-11-24,validation,rolling_7d_mean,25,31.285714285714285,6.285714285714285
2024-11-25,validation,rolling_7d_mean,25,32.714285714285715,7.714285714285715
2024-11-26,validation,rolling_7d_mean,23,34.57142857142857,11.57142857142857
2024-11-27,validation,rolling_7d_mean,43,34.57142857142857,8.42857142857143
2024-11-28,validation,rolling_7d_mean,58,35.857142857142854,22.142857142857146
2024-11-29,validation,rolling_7d_mean,59,40.0,19.0
2024-11-30,validation,rolling_7d_mean,59,41.285714285714285,17.714285714285715
2024-12-01,validation,rolling_7d_mean,28,41.714285714285715,13.714285714285715
2024-12-02,validation,rolling_7d_mean,22,42.142857142857146,20.142857142857146
2024-12-03,validation,rolling_7d_mean,34,41.714285714285715,7.714285714285715
2024-12-04,validation,rolling_7d_mean,38,43.285714285714285,5.285714285714285
2024-12-05,validation,rolling_7d_mean,29,42.57142857142857,13.57142857142857
2024-12-06,validation,rolling_7d_mean,60,38.42857142857143,21.57142857142857
2024-12-07,validation,rolling_7d_mean,60,38.57142857142857,21.42857142857143
2024-12-08,validation,rolling_7d_mean,27,38.714285714285715,11.714285714285715
2024-12-09,validation,rolling_7d_mean,24,38.57142857142857,14.57142857142857
2024-12-10,validation,rolling_7d_mean,26,38.857142857142854,12.857142857142854
2024-12-11,validation,rolling_7d_mean,32,37.714285714285715,5.714285714285715
2024-12-12,validation,rolling_7d_mean,29,36.857142857142854,7.857142857142854
2024-12-13,validation,rolling_7d_mean,47,36.857142857142854,10.142857142857146
2024-12-14,validation,rolling_7d_mean,58,35.0,23.0
2024-12-15,validation,rolling_7d_mean,34,34.714285714285715,0.7142857142857153
2024-12-16,validation,rolling_7d_mean,23,35.714285714285715,12.714285714285715
2024-12-17,validation,rolling_7d_mean,26,35.57142857142857,9.57142857142857
2024-12-18,validation,rolling_7d_mean,32,35.57142857142857,3.5714285714285694
2024-12-19,validation,rolling_7d_mean,25,35.57142857142857,10.57142857142857
2024-12-20,validation,rolling_7d_mean,52,35.0,17.0
2024-12-21,validation,rolling_7d_mean,59,35.714285714285715,23.285714285714285
2024-12-22,validation,rolling_7d_mean,31,35.857142857142854,4.857142857142854
2024-12-23,validation,rolling_7d_mean,35,35.42857142857143,0.4285714285714306
2024-12-24,validation,rolling_7d_mean,45,37.142857142857146,7.857142857142854
2024-12-25,validation,rolling_7d_mean,40,39.857142857142854,0.1428571428571459
2024-12-26,validation,rolling_7d_mean,48,41.0,7.0
2024-12-27,validation,rolling_7d_mean,56,44.285714285714285,11.714285714285715
2024-12-28,validation,rolling_7d_mean,58,44.857142857142854,13.142857142857146
2024-12-29,validation,rolling_7d_mean,39,44.714285714285715,5.714285714285715
2024-12-30,validation,rolling_7d_mean,39,45.857142857142854,6.857142857142854
2024-12-31,validation,rolling_7d_mean,50,46.42857142857143,3.5714285714285694
2024-07-01,validation,rolling_28d_mean,14,39.0,25.0
2024-07-02,validation,rolling_28d_mean,17,38.642857142857146,21.642857142857146
2024-07-03,validation,rolling_28d_mean,23,37.642857142857146,14.642857142857146
2024-07-04,validation,rolling_28d_mean,26,36.464285714285715,10.464285714285715
2024-07-05,validation,rolling_28d_mean,59,35.892857142857146,23.107142857142854
2024-07-06,validation,rolling_28d_mean,59,35.892857142857146,23.107142857142854
2024-07-07,validation,rolling_28d_mean,22,35.857142857142854,13.857142857142854
2024-07-08,validation,rolling_28d_mean,27,36.357142857142854,9.357142857142854
2024-07-09,validation,rolling_28d_mean,33,36.285714285714285,3.2857142857142847
2024-07-10,validation,rolling_28d_mean,40,36.07142857142857,3.9285714285714306
2024-07-11,validation,rolling_28d_mean,50,36.214285714285715,13.785714285714285
2024-07-12,validation,rolling_28d_mean,58,36.714285714285715,21.285714285714285
2024-07-13,validation,rolling_28d_mean,60,36.714285714285715,23.285714285714285
2024-07-14,validation,rolling_28d_mean,25,36.714285714285715,11.714285714285715
2024-07-15,validation,rolling_28d_mean,28,37.214285714285715,9.214285714285715
2024-07-16,validation,rolling_28d_mean,36,37.607142857142854,1.607142857142854
2024-07-17,validation,rolling_28d_mean,27,38.25,11.25
2024-07-18,validation,rolling_28d_mean,32,38.392857142857146,6.392857142857146
2024-07-19,validation,rolling_28d_mean,59,37.642857142857146,21.357142857142854
2024-07-20,validation,rolling_28d_mean,60,37.607142857142854,22.392857142857146
2024-07-21,validation,rolling_28d_mean,41,37.67857142857143,3.3214285714285694
2024-07-22,validation,rolling_28d_mean,45,37.964285714285715,7.035714285714285
2024-07-23,validation,rolling_28d_mean,52,38.785714285714285,13.214285714285715
2024-07-24,validation,rolling_28d_mean,57,39.5,17.5
2024-07-25,validation,rolling_28d_mean,58,40.035714285714285,17.964285714285715
2024-07-26,validation,rolling_28d_mean,60,40.92857142857143,19.07142857142857
2024-07-27,validation,rolling_28d_mean,60,40.964285714285715,19.035714285714285
2024-07-28,validation,rolling_28d_mean,28,41.0,13.0
2024-07-29,validation,rolling_28d_mean,22,41.285714285714285,19.285714285714285
2024-07-30,validation,rolling_28d_mean,27,41.57142857142857,14.57142857142857
2024-07-31,validation,rolling_28d_mean,40,41.92857142857143,1.9285714285714306
2024-08-01,validation,rolling_28d_mean,33,42.535714285714285,9.535714285714285
2024-08-02,validation,rolling_28d_mean,60,42.785714285714285,17.214285714285715
2024-08-03,validation,rolling_28d_mean,60,42.82142857142857,17.17857142857143
2024-08-04,validation,rolling_28d_mean,22,42.857142857142854,20.857142857142854
2024-08-05,validation,rolling_28d_mean,24,42.857142857142854,18.857142857142854
2024-08-06,validation,rolling_28d_mean,30,42.75,12.75
2024-08-07,validation,rolling_28d_mean,37,42.642857142857146,5.642857142857146
2024-08-08,validation,rolling_28d_mean,41,42.535714285714285,1.5357142857142847
2024-08-09,validation,rolling_28d_mean,55,42.214285714285715,12.785714285714285
2024-08-10,validation,rolling_28d_mean,59,42.107142857142854,16.892857142857146
2024-08-11,validation,rolling_28d_mean,26,42.07142857142857,16.07142857142857
2024-08-12,validation,rolling_28d_mean,31,42.107142857142854,11.107142857142854
2024-08-13,validation,rolling_28d_mean,52,42.214285714285715,9.785714285714285
2024-08-14,validation,rolling_28d_mean,36,42.785714285714285,6.785714285714285
2024-08-15,validation,rolling_28d_mean,50,43.107142857142854,6.892857142857146
2024-08-16,validation,rolling_28d_mean,60,43.75,16.25
2024-08-17,validation,rolling_28d_mean,60,43.785714285714285,16.214285714285715
2024-08-18,validation,rolling_28d_mean,25,43.785714285714285,18.785714285714285
2024-08-19,validation,rolling_28d_mean,33,43.214285714285715,10.214285714285715
2024-08-20,validation,rolling_28d_mean,27,42.785714285714285,15.785714285714285
2024-08-21,validation,rolling_28d_mean,38,41.892857142857146,3.892857142857146
2024-08-22,validation,rolling_28d_mean,45,41.214285714285715,3.7857142857142847
2024-08-23,validation,rolling_28d_mean,60,40.75,19.25
2024-08-24,validation,rolling_28d_mean,60,40.75,19.25
2024-08-25,validation,rolling_28d_mean,42,40.75,1.25
2024-08-26,validation,rolling_28d_mean,52,41.25,10.75
2024-08-27,validation,rolling_28d_mean,57,42.32142857142857,14.67857142857143
2024-08-28,validation,rolling_28d_mean,60,43.392857142857146,16.607142857142854
2024-08-29,validation,rolling_28d_mean,59,44.107142857142854,14.892857142857146
2024-08-30,validation,rolling_28d_mean,49,45.035714285714285,3.9642857142857153
2024-08-31,validation,rolling_28d_mean,66,44.642857142857146,21.357142857142854
2024-09-01,validation,rolling_28d_mean,60,44.857142857142854,15.142857142857146
2024-09-02,validation,rolling_28d_mean,38,46.214285714285715,8.214285714285715
2024-09-03,validation,rolling_28d_mean,33,46.714285714285715,13.714285714285715
2024-09-04,validation,rolling_28d_mean,31,46.82142857142857,15.82142857142857
2024-09-05,validation,rolling_28d_mean,36,46.607142857142854,10.607142857142854
2024-09-06,validation,rolling_28d_mean,57,46.42857142857143,10.57142857142857
2024-09-07,validation,rolling_28d_mean,59,46.5,12.5
2024-09-08,validation,rolling_28d_mean,24,46.5,22.5
2024-09-09,validation,rolling_28d_mean,29,46.42857142857143,17.42857142857143
2024-09-10,validation,rolling_28d_mean,25,46.357142857142854,21.357142857142854
2024-09-11,validation,rolling_28d_mean,22,45.392857142857146,23.392857142857146
2024-09-12,validation,rolling_28d_mean,39,44.892857142857146,5.892857142857146
2024-09-13,validation,rolling_28d_mean,59,44.5,14.5
2024-09-14,validation,rolling_28d_mean,60,44.464285714285715,15.535714285714285
2024-09-15,validation,rolling_28d_mean,29,44.464285714285715,15.464285714285715
2024-09-16,validation,rolling_28d_mean,40,44.607142857142854,4.607142857142854
2024-09-17,validation,rolling_28d_mean,49,44.857142857142854,4.142857142857146
2024-09-18,validation,rolling_28d_mean,50,45.642857142857146,4.357142857142854
2024-09-19,validation,rolling_28d_mean,54,46.07142857142857,7.928571428571431
2024-09-20,validation,rolling_28d_mean,59,46.392857142857146,12.607142857142854
2024-09-21,validation,rolling_28d_mean,59,46.357142857142854,12.642857142857146
2024-09-22,validation,rolling_28d_mean,36,46.32142857142857,10.32142857142857
2024-09-23,validation,rolling_28d_mean,42,46.107142857142854,4.107142857142854
2024-09-24,validation,rolling_28d_mean,55,45.75,9.25
2024-09-25,validation,rolling_28d_mean,56,45.67857142857143,10.32142857142857
2024-09-26,validation,rolling_28d_mean,56,45.535714285714285,10.464285714285715
2024-09-27,validation,rolling_28d_mean,59,45.42857142857143,13.57142857142857
2024-09-28,validation,rolling_28d_mean,57,45.785714285714285,11.214285714285715
2024-09-29,validation,rolling_28d_mean,38,45.464285714285715,7.464285714285715
2024-09-30,validation,rolling_28d_mean,30,44.67857142857143,14.67857142857143
2024-10-01,validation,rolling_28d_mean,14,44.392857142857146,30.392857142857146
2024-10-02,validation,rolling_28d_mean,11,43.714285714285715,32.714285714285715
2024-10-03,validation,rolling_28d_mean,39,43.0,4.0
2024-10-04,validation,rolling_28d_mean,60,43.107142857142854,16.892857142857146
2024-10-05,validation,rolling_28d_mean,58,43.214285714285715,14.785714285714285
2024-10-06,validation,rolling_28d_mean,25,43.17857142857143,18.17857142857143
2024-10-07,validation,rolling_28d_mean,22,43.214285714285715,21.214285714285715
2024-10-08,validation,rolling_28d_mean,30,42.964285714285715,12.964285714285715
2024-10-09,validation,rolling_28d_mean,38,43.142857142857146,5.142857142857146
2024-10-10,validation,rolling_28d_mean,59,43.714285714285715,15.285714285714285
2024-10-11,validation,rolling_28d_mean,60,44.42857142857143,15.57142857142857
2024-10-12,validation,rolling_28d_mean,60,44.464285714285715,15.535714285714285
2024-10-13,validation,rolling_28d_mean,60,44.464285714285715,15.535714285714285
2024-10-14,validation,rolling_28d_mean,18,45.57142857142857,27.57142857142857
2024-10-15,validation,rolling_28d_mean,24,44.785714285714285,20.785714285714285
2024-10-16,validation,rolling_28d_mean,34,43.892857142857146,9.892857142857146
2024-10-17,validation,rolling_28d_mean,51,43.32142857142857,7.678571428571431
2024-10-18,validation,rolling_28d_mean,60,43.214285714285715,16.785714285714285
2024-10-19,validation,rolling_28d_mean,60,43.25,16.75
2024-10-20,validation,rolling_28d_mean,44,43.285714285714285,0.7142857142857153
2024-10-21,validation,rolling_28d_mean,31,43.57142857142857,12.57142857142857
2024-10-22,validation,rolling_28d_mean,37,43.17857142857143,6.178571428571431
2024-10-23,validation,rolling_28d_mean,51,42.535714285714285,8.464285714285715
2024-10-24,validation,rolling_28d_mean,58,42.357142857142854,15.642857142857146
2024-10-25,validation,rolling_28d_mean,59,42.42857142857143,16.57142857142857
2024-10-26,validation,rolling_28d_mean,59,42.42857142857143,16.57142857142857
2024-10-27,validation,rolling_28d_mean,59,42.5,16.5
2024-10-28,validation,rolling_28d_mean,21,43.25,22.25
2024-10-29,validation,rolling_28d_mean,23,42.92857142857143,19.92857142857143
2024-10-30,validation,rolling_28d_mean,26,43.25,17.25
2024-10-31,validation,rolling_28d_mean,40,43.785714285714285,3.7857142857142847
2024-11-01,validation,rolling_28d_mean,60,43.82142857142857,16.17857142857143
2024-11-02,validation,rolling_28d_mean,60,43.82142857142857,16.17857142857143
2024-11-03,validation,rolling_28d_mean,26,43.892857142857146,17.892857142857146
2024-11-04,validation,rolling_28d_mean,16,43.92857142857143,27.92857142857143
2024-11-05,validation,rolling_28d_mean,16,43.714285714285715,27.714285714285715
2024-11-06,validation,rolling_28d_mean,29,43.214285714285715,14.214285714285715
2024-11-07,validation,rolling_28d_mean,47,42.892857142857146,4.107142857142854
2024-11-08,validation,rolling_28d_mean,59,42.464285714285715,16.535714285714285
2024-11-09,validation,rolling_28d_mean,60,42.42857142857143,17.57142857142857
2024-11-10,validation,rolling_28d_mean,60,42.42857142857143,17.57142857142857
2024-11-11,validation,rolling_28d_mean,38,42.42857142857143,4.428571428571431
2024-11-12,validation,rolling_28d_mean,54,43.142857142857146,10.857142857142854
2024-11-13,validation,rolling_28d_mean,36,44.214285714285715,8.214285714285715
2024-11-14,validation,rolling_28d_mean,53,44.285714285714285,8.714285714285715
2024-11-15,validation,rolling_28d_mean,60,44.357142857142854,15.642857142857146
2024-11-16,validation,rolling_28d_mean,60,44.357142857142854,15.642857142857146
2024-11-17,validation,rolling_28d_mean,15,44.357142857142854,29.357142857142854
2024-11-18,validation,rolling_28d_mean,12,43.32142857142857,31.32142857142857
2024-11-19,validation,rolling_28d_mean,23,42.642857142857146,19.642857142857146
2024-11-20,validation,rolling_28d_mean,34,42.142857142857146,8.142857142857146
2024-11-21,validation,rolling_28d_mean,29,41.535714285714285,12.535714285714285
2024-11-22,validation,rolling_28d_mean,50,40.5,9.5
2024-11-23,validation,rolling_28d_mean,56,40.17857142857143,15.82142857142857
2024-11-24,validation,rolling_28d_mean,25,40.07142857142857,15.07142857142857
2024-11-25,validation,rolling_28d_mean,25,38.857142857142854,13.857142857142854
2024-11-26,validation,rolling_28d_mean,23,39.0,16.0
2024-11-27,validation,rolling_28d_mean,43,39.0,4.0
2024-11-28,validation,rolling_28d_mean,58,39.607142857142854,18.392857142857146
2024-11-29,validation,rolling_28d_mean,59,40.25,18.75
2024-11-30,validation,rolling_28d_mean,59,40.214285714285715,18.785714285714285
2024-12-01,validation,rolling_28d_mean,28,40.17857142857143,12.17857142857143
2024-12-02,validation,rolling_28d_mean,22,40.25,18.25
2024-12-03,validation,rolling_28d_mean,34,40.464285714285715,6.464285714285715
2024-12-04,validation,rolling_28d_mean,38,41.107142857142854,3.107142857142854
2024-12-05,validation,rolling_28d_mean,29,41.42857142857143,12.42857142857143
2024-12-06,validation,rolling_28d_mean,60,40.785714285714285,19.214285714285715
2024-12-07,validation,rolling_28d_mean,60,40.82142857142857,19.17857142857143
2024-12-08,validation,rolling_28d_mean,27,40.82142857142857,13.82142857142857
2024-12-09,validation,rolling_28d_mean,24,39.642857142857146,15.642857142857146
2024-12-10,validation,rolling_28d_mean,26,39.142857142857146,13.142857142857146
2024-12-11,validation,rolling_28d_mean,32,38.142857142857146,6.142857142857146
2024-12-12,validation,rolling_28d_mean,29,38.0,9.0
2024-12-13,validation,rolling_28d_mean,47,37.142857142857146,9.857142857142854
2024-12-14,validation,rolling_28d_mean,58,36.67857142857143,21.32142857142857
2024-12-15,validation,rolling_28d_mean,34,36.607142857142854,2.607142857142854
2024-12-16,validation,rolling_28d_mean,23,37.285714285714285,14.285714285714285
2024-12-17,validation,rolling_28d_mean,26,37.67857142857143,11.67857142857143
2024-12-18,validation,rolling_28d_mean,32,37.785714285714285,5.785714285714285
2024-12-19,validation,rolling_28d_mean,25,37.714285714285715,12.714285714285715
2024-12-20,validation,rolling_28d_mean,52,37.57142857142857,14.42857142857143
2024-12-21,validation,rolling_28d_mean,59,37.642857142857146,21.357142857142854
2024-12-22,validation,rolling_28d_mean,31,37.75,6.75
2024-12-23,validation,rolling_28d_mean,35,37.964285714285715,2.9642857142857153
2024-12-24,validation,rolling_28d_mean,45,38.32142857142857,6.678571428571431
2024-12-25,validation,rolling_28d_mean,40,39.107142857142854,0.8928571428571459
2024-12-26,validation,rolling_28d_mean,48,39.0,9.0
2024-12-27,validation,rolling_28d_mean,56,38.642857142857146,17.357142857142854
2024-12-28,validation,rolling_28d_mean,58,38.535714285714285,19.464285714285715
2024-12-29,validation,rolling_28d_mean,39,38.5,0.5
2024-12-30,validation,rolling_28d_mean,39,38.892857142857146,0.1071428571428541
2024-12-31,validation,rolling_28d_mean,50,39.5,10.5
2025-01-01,test,naive_previous_day,11,50.0,39.0
2025-01-02,test,naive_previous_day,15,11.0,4.0
2025-01-03,test,naive_previous_day,17,15.0,2.0
2025-01-04,test,naive_previous_day,22,17.0,5.0
2025-01-05,test,naive_previous_day,0,22.0,22.0
2025-01-06,test,naive_previous_day,0,0.0,0.0
2025-01-07,test,naive_previous_day,0,0.0,0.0
2025-01-08,test,naive_previous_day,0,0.0,0.0
2025-01-09,test,naive_previous_day,0,0.0,0.0
2025-01-10,test,naive_previous_day,0,0.0,0.0
2025-01-11,test,naive_previous_day,0,0.0,0.0
2025-01-12,test,naive_previous_day,0,0.0,0.0
2025-01-13,test,naive_previous_day,0,0.0,0.0
2025-01-14,test,naive_previous_day,0,0.0,0.0
2025-01-15,test,naive_previous_day,0,0.0,0.0
2025-01-16,test,naive_previous_day,1,0.0,1.0
2025-01-17,test,naive_previous_day,23,1.0,22.0
2025-01-18,test,naive_previous_day,44,23.0,21.0
2025-01-19,test,naive_previous_day,13,44.0,31.0
2025-01-20,test,naive_previous_day,5,13.0,8.0
2025-01-21,test,naive_previous_day,2,5.0,3.0
2025-01-22,test,naive_previous_day,13,2.0,11.0
2025-01-23,test,naive_previous_day,14,13.0,1.0
2025-01-24,test,naive_previous_day,56,14.0,42.0
2025-01-25,test,naive_previous_day,58,56.0,2.0
2025-01-26,test,naive_previous_day,20,58.0,38.0
2025-01-27,test,naive_previous_day,17,20.0,3.0
2025-01-28,test,naive_previous_day,21,17.0,4.0
2025-01-29,test,naive_previous_day,25,21.0,4.0
2025-01-30,test,naive_previous_day,28,25.0,3.0
2025-01-31,test,naive_previous_day,53,28.0,25.0
2025-02-01,test,naive_previous_day,59,53.0,6.0
2025-02-02,test,naive_previous_day,19,59.0,40.0
2025-02-03,test,naive_previous_day,23,19.0,4.0
2025-02-04,test,naive_previous_day,25,23.0,2.0
2025-02-05,test,naive_previous_day,25,25.0,0.0
2025-02-06,test,naive_previous_day,26,25.0,1.0
2025-02-07,test,naive_previous_day,31,26.0,5.0
2025-02-08,test,naive_previous_day,46,31.0,15.0
2025-02-09,test,naive_previous_day,13,46.0,33.0
2025-02-10,test,naive_previous_day,16,13.0,3.0
2025-02-11,test,naive_previous_day,21,16.0,5.0
2025-02-12,test,naive_previous_day,21,21.0,0.0
2025-02-13,test,naive_previous_day,25,21.0,4.0
2025-02-14,test,naive_previous_day,60,25.0,35.0
2025-02-15,test,naive_previous_day,54,60.0,6.0
2025-02-16,test,naive_previous_day,31,54.0,23.0
2025-02-17,test,naive_previous_day,20,31.0,11.0
2025-02-18,test,naive_previous_day,31,20.0,11.0
2025-02-19,test,naive_previous_day,37,31.0,6.0
2025-02-20,test,naive_previous_day,44,37.0,7.0
2025-02-21,test,naive_previous_day,59,44.0,15.0
2025-02-22,test,naive_previous_day,59,59.0,0.0
2025-02-23,test,naive_previous_day,11,59.0,48.0
2025-02-24,test,naive_previous_day,29,11.0,18.0
2025-02-25,test,naive_previous_day,22,29.0,7.0
2025-02-26,test,naive_previous_day,35,22.0,13.0
2025-02-27,test,naive_previous_day,32,35.0,3.0
2025-02-28,test,naive_previous_day,53,32.0,21.0
2025-03-01,test,naive_previous_day,58,53.0,5.0
2025-03-02,test,naive_previous_day,11,58.0,47.0
2025-03-03,test,naive_previous_day,35,11.0,24.0
2025-03-04,test,naive_previous_day,35,35.0,0.0
2025-03-05,test,naive_previous_day,39,35.0,4.0
2025-03-06,test,naive_previous_day,35,39.0,4.0
2025-03-07,test,naive_previous_day,60,35.0,25.0
2025-03-08,test,naive_previous_day,59,60.0,1.0
2025-03-09,test,naive_previous_day,20,59.0,39.0
2025-03-10,test,naive_previous_day,32,20.0,12.0
2025-03-11,test,naive_previous_day,31,32.0,1.0
2025-03-12,test,naive_previous_day,37,31.0,6.0
2025-03-13,test,naive_previous_day,42,37.0,5.0
2025-03-14,test,naive_previous_day,58,42.0,16.0
2025-03-15,test,naive_previous_day,59,58.0,1.0
2025-03-16,test,naive_previous_day,34,59.0,25.0
2025-03-17,test,naive_previous_day,31,34.0,3.0
2025-03-18,test,naive_previous_day,32,31.0,1.0
2025-03-19,test,naive_previous_day,24,32.0,8.0
2025-03-20,test,naive_previous_day,49,24.0,25.0
2025-03-21,test,naive_previous_day,58,49.0,9.0
2025-03-22,test,naive_previous_day,60,58.0,2.0
2025-03-23,test,naive_previous_day,30,60.0,30.0
2025-03-24,test,naive_previous_day,30,30.0,0.0
2025-03-25,test,naive_previous_day,30,30.0,0.0
2025-03-26,test,naive_previous_day,35,30.0,5.0
2025-03-27,test,naive_previous_day,43,35.0,8.0
2025-03-28,test,naive_previous_day,58,43.0,15.0
2025-03-29,test,naive_previous_day,58,58.0,0.0
2025-03-30,test,naive_previous_day,40,58.0,18.0
2025-03-31,test,naive_previous_day,33,40.0,7.0
2025-04-01,test,naive_previous_day,23,33.0,10.0
2025-04-02,test,naive_previous_day,24,23.0,1.0
2025-04-03,test,naive_previous_day,33,24.0,9.0
2025-04-04,test,naive_previous_day,59,33.0,26.0
2025-04-05,test,naive_previous_day,59,59.0,0.0
2025-04-06,test,naive_previous_day,36,59.0,23.0
2025-04-07,test,naive_previous_day,19,36.0,17.0
2025-04-08,test,naive_previous_day,23,19.0,4.0
2025-04-09,test,naive_previous_day,28,23.0,5.0
2025-04-10,test,naive_previous_day,50,28.0,22.0
2025-04-11,test,naive_previous_day,59,50.0,9.0
2025-04-12,test,naive_previous_day,59,59.0,0.0
2025-04-13,test,naive_previous_day,32,59.0,27.0
2025-04-14,test,naive_previous_day,39,32.0,7.0
2025-04-15,test,naive_previous_day,33,39.0,6.0
2025-04-16,test,naive_previous_day,34,33.0,1.0
2025-04-17,test,naive_previous_day,43,34.0,9.0
2025-04-18,test,naive_previous_day,60,43.0,17.0
2025-04-19,test,naive_previous_day,59,60.0,1.0
2025-04-20,test,naive_previous_day,27,59.0,32.0
2025-04-21,test,naive_previous_day,39,27.0,12.0
2025-04-22,test,naive_previous_day,44,39.0,5.0
2025-04-23,test,naive_previous_day,36,44.0,8.0
2025-04-24,test,naive_previous_day,50,36.0,14.0
2025-04-25,test,naive_previous_day,55,50.0,5.0
2025-04-26,test,naive_previous_day,59,55.0,4.0
2025-04-27,test,naive_previous_day,21,59.0,38.0
2025-04-28,test,naive_previous_day,30,21.0,9.0
2025-04-29,test,naive_previous_day,35,30.0,5.0
2025-04-30,test,naive_previous_day,29,35.0,6.0
2025-05-01,test,naive_previous_day,30,29.0,1.0
2025-05-02,test,naive_previous_day,58,30.0,28.0
2025-05-03,test,naive_previous_day,59,58.0,1.0
2025-05-04,test,naive_previous_day,19,59.0,40.0
2025-05-05,test,naive_previous_day,8,19.0,11.0
2025-05-06,test,naive_previous_day,13,8.0,5.0
2025-05-07,test,naive_previous_day,43,13.0,30.0
2025-05-08,test,naive_previous_day,54,43.0,11.0
2025-05-09,test,naive_previous_day,60,54.0,6.0
2025-05-10,test,naive_previous_day,59,60.0,1.0
2025-05-11,test,naive_previous_day,15,59.0,44.0
2025-05-12,test,naive_previous_day,34,15.0,19.0
2025-05-13,test,naive_previous_day,44,34.0,10.0
2025-05-14,test,naive_previous_day,56,44.0,12.0
2025-05-15,test,naive_previous_day,50,56.0,6.0
2025-05-16,test,naive_previous_day,59,50.0,9.0
2025-05-17,test,naive_previous_day,58,59.0,1.0
2025-05-18,test,naive_previous_day,36,58.0,22.0
2025-05-19,test,naive_previous_day,22,36.0,14.0
2025-05-20,test,naive_previous_day,26,22.0,4.0
2025-05-21,test,naive_previous_day,22,26.0,4.0
2025-05-22,test,naive_previous_day,20,22.0,2.0
2025-05-23,test,naive_previous_day,56,20.0,36.0
2025-05-24,test,naive_previous_day,57,56.0,1.0
2025-05-25,test,naive_previous_day,52,57.0,5.0
2025-05-26,test,naive_previous_day,9,52.0,43.0
2025-05-27,test,naive_previous_day,9,9.0,0.0
2025-05-28,test,naive_previous_day,17,9.0,8.0
2025-05-29,test,naive_previous_day,37,17.0,20.0
2025-05-30,test,naive_previous_day,54,37.0,17.0
2025-05-31,test,naive_previous_day,58,54.0,4.0
2025-06-01,test,naive_previous_day,45,58.0,13.0
2025-06-02,test,naive_previous_day,25,45.0,20.0
2025-06-03,test,naive_previous_day,25,25.0,0.0
2025-06-04,test,naive_previous_day,39,25.0,14.0
2025-06-05,test,naive_previous_day,34,39.0,5.0
2025-06-06,test,naive_previous_day,58,34.0,24.0
2025-06-07,test,naive_previous_day,57,58.0,1.0
2025-06-08,test,naive_previous_day,29,57.0,28.0
2025-06-09,test,naive_previous_day,34,29.0,5.0
2025-06-10,test,naive_previous_day,48,34.0,14.0
2025-06-11,test,naive_previous_day,39,48.0,9.0
2025-06-12,test,naive_previous_day,44,39.0,5.0
2025-06-13,test,naive_previous_day,60,44.0,16.0
2025-06-14,test,naive_previous_day,59,60.0,1.0
2025-06-15,test,naive_previous_day,16,59.0,43.0
2025-06-16,test,naive_previous_day,10,16.0,6.0
2025-06-17,test,naive_previous_day,22,10.0,12.0
2025-06-18,test,naive_previous_day,13,22.0,9.0
2025-06-19,test,naive_previous_day,31,13.0,18.0
2025-06-20,test,naive_previous_day,60,31.0,29.0
2025-06-21,test,naive_previous_day,57,60.0,3.0
2025-06-22,test,naive_previous_day,19,57.0,38.0
2025-06-23,test,naive_previous_day,19,19.0,0.0
2025-06-24,test,naive_previous_day,34,19.0,15.0
2025-06-25,test,naive_previous_day,36,34.0,2.0
2025-06-26,test,naive_previous_day,31,36.0,5.0
2025-06-27,test,naive_previous_day,59,31.0,28.0
2025-06-28,test,naive_previous_day,59,59.0,0.0
2025-06-29,test,naive_previous_day,32,59.0,27.0
2025-06-30,test,naive_previous_day,25,32.0,7.0
2025-07-01,test,naive_previous_day,29,25.0,4.0
2025-07-02,test,naive_previous_day,23,29.0,6.0
2025-07-03,test,naive_previous_day,30,23.0,7.0
2025-07-04,test,naive_previous_day,57,30.0,27.0
2025-07-05,test,naive_previous_day,59,57.0,2.0
2025-07-06,test,naive_previous_day,32,59.0,27.0
2025-07-07,test,naive_previous_day,23,32.0,9.0
2025-07-08,test,naive_previous_day,39,23.0,16.0
2025-07-09,test,naive_previous_day,44,39.0,5.0
2025-07-10,test,naive_previous_day,45,44.0,1.0
2025-07-11,test,naive_previous_day,60,45.0,15.0
2025-07-12,test,naive_previous_day,59,60.0,1.0
2025-07-13,test,naive_previous_day,30,59.0,29.0
2025-07-14,test,naive_previous_day,29,30.0,1.0
2025-07-15,test,naive_previous_day,30,29.0,1.0
2025-07-16,test,naive_previous_day,26,30.0,4.0
2025-07-17,test,naive_previous_day,36,26.0,10.0
2025-07-18,test,naive_previous_day,60,36.0,24.0
2025-07-19,test,naive_previous_day,60,60.0,0.0
2025-07-20,test,naive_previous_day,37,60.0,23.0
2025-07-21,test,naive_previous_day,43,37.0,6.0
2025-07-22,test,naive_previous_day,27,43.0,16.0
2025-07-23,test,naive_previous_day,32,27.0,5.0
2025-07-24,test,naive_previous_day,42,32.0,10.0
2025-07-25,test,naive_previous_day,58,42.0,16.0
2025-07-26,test,naive_previous_day,60,58.0,2.0
2025-07-27,test,naive_previous_day,29,60.0,31.0
2025-07-28,test,naive_previous_day,27,29.0,2.0
2025-07-29,test,naive_previous_day,28,27.0,1.0
2025-07-30,test,naive_previous_day,25,28.0,3.0
2025-07-31,test,naive_previous_day,38,25.0,13.0
2025-08-01,test,naive_previous_day,57,38.0,19.0
2025-08-02,test,naive_previous_day,59,57.0,2.0
2025-08-03,test,naive_previous_day,18,59.0,41.0
2025-08-04,test,naive_previous_day,21,18.0,3.0
2025-08-05,test,naive_previous_day,18,21.0,3.0
2025-08-06,test,naive_previous_day,18,18.0,0.0
2025-08-07,test,naive_previous_day,19,18.0,1.0
2025-08-08,test,naive_previous_day,52,19.0,33.0
2025-08-09,test,naive_previous_day,57,52.0,5.0
2025-08-10,test,naive_previous_day,42,57.0,15.0
2025-08-11,test,naive_previous_day,22,42.0,20.0
2025-08-12,test,naive_previous_day,36,22.0,14.0
2025-08-13,test,naive_previous_day,39,36.0,3.0
2025-08-14,test,naive_previous_day,46,39.0,7.0
2025-08-15,test,naive_previous_day,60,46.0,14.0
2025-08-16,test,naive_previous_day,59,60.0,1.0
2025-08-17,test,naive_previous_day,26,59.0,33.0
2025-08-18,test,naive_previous_day,36,26.0,10.0
2025-08-19,test,naive_previous_day,24,36.0,12.0
2025-08-20,test,naive_previous_day,32,24.0,8.0
2025-08-21,test,naive_previous_day,42,32.0,10.0
2025-08-22,test,naive_previous_day,60,42.0,18.0
2025-08-23,test,naive_previous_day,59,60.0,1.0
2025-08-24,test,naive_previous_day,48,59.0,11.0
2025-08-25,test,naive_previous_day,55,48.0,7.0
2025-08-26,test,naive_previous_day,59,55.0,4.0
2025-08-27,test,naive_previous_day,60,59.0,1.0
2025-08-28,test,naive_previous_day,60,60.0,0.0
2025-08-29,test,naive_previous_day,57,60.0,3.0
2025-08-30,test,naive_previous_day,59,57.0,2.0
2025-08-31,test,naive_previous_day,59,59.0,0.0
2025-09-01,test,naive_previous_day,25,59.0,34.0
2025-09-02,test,naive_previous_day,24,25.0,1.0
2025-09-03,test,naive_previous_day,22,24.0,2.0
2025-09-04,test,naive_previous_day,33,22.0,11.0
2025-09-05,test,naive_previous_day,60,33.0,27.0
2025-09-06,test,naive_previous_day,59,60.0,1.0
2025-09-07,test,naive_previous_day,13,59.0,46.0
2025-09-08,test,naive_previous_day,22,13.0,9.0
2025-09-09,test,naive_previous_day,18,22.0,4.0
2025-09-10,test,naive_previous_day,20,18.0,2.0
2025-09-11,test,naive_previous_day,28,20.0,8.0
2025-09-12,test,naive_previous_day,58,28.0,30.0
2025-09-13,test,naive_previous_day,58,58.0,0.0
2025-09-14,test,naive_previous_day,20,58.0,38.0
2025-09-15,test,naive_previous_day,37,20.0,17.0
2025-09-16,test,naive_previous_day,42,37.0,5.0
2025-09-17,test,naive_previous_day,39,42.0,3.0
2025-09-18,test,naive_previous_day,36,39.0,3.0
2025-09-19,test,naive_previous_day,59,36.0,23.0
2025-09-20,test,naive_previous_day,60,59.0,1.0
2025-09-21,test,naive_previous_day,40,60.0,20.0
2025-09-22,test,naive_previous_day,33,40.0,7.0
2025-09-23,test,naive_previous_day,42,33.0,9.0
2025-09-24,test,naive_previous_day,32,42.0,10.0
2025-09-25,test,naive_previous_day,39,32.0,7.0
2025-09-26,test,naive_previous_day,58,39.0,19.0
2025-09-27,test,naive_previous_day,59,58.0,1.0
2025-09-28,test,naive_previous_day,36,59.0,23.0
2025-09-29,test,naive_previous_day,43,36.0,7.0
2025-09-30,test,naive_previous_day,35,43.0,8.0
2025-10-01,test,naive_previous_day,23,35.0,12.0
2025-10-02,test,naive_previous_day,33,23.0,10.0
2025-10-03,test,naive_previous_day,60,33.0,27.0
2025-10-04,test,naive_previous_day,59,60.0,1.0
2025-10-05,test,naive_previous_day,29,59.0,30.0
2025-10-06,test,naive_previous_day,34,29.0,5.0
2025-10-07,test,naive_previous_day,34,34.0,0.0
2025-10-08,test,naive_previous_day,41,34.0,7.0
2025-10-09,test,naive_previous_day,49,41.0,8.0
2025-10-10,test,naive_previous_day,58,49.0,9.0
2025-10-11,test,naive_previous_day,60,58.0,2.0
2025-10-12,test,naive_previous_day,59,60.0,1.0
2025-10-13,test,naive_previous_day,22,59.0,37.0
2025-10-14,test,naive_previous_day,37,22.0,15.0
2025-10-15,test,naive_previous_day,53,37.0,16.0
2025-10-16,test,naive_previous_day,57,53.0,4.0
2025-10-17,test,naive_previous_day,53,57.0,4.0
2025-10-18,test,naive_previous_day,59,53.0,6.0
2025-10-19,test,naive_previous_day,45,59.0,14.0
2025-10-20,test,naive_previous_day,42,45.0,3.0
2025-10-21,test,naive_previous_day,46,42.0,4.0
2025-10-22,test,naive_previous_day,28,46.0,18.0
2025-10-23,test,naive_previous_day,47,28.0,19.0
2025-10-24,test,naive_previous_day,56,47.0,9.0
2025-10-25,test,naive_previous_day,59,56.0,3.0
2025-10-26,test,naive_previous_day,29,59.0,30.0
2025-10-27,test,naive_previous_day,27,29.0,2.0
2025-10-28,test,naive_previous_day,40,27.0,13.0
2025-10-29,test,naive_previous_day,46,40.0,6.0
2025-10-30,test,naive_previous_day,45,46.0,1.0
2025-10-31,test,naive_previous_day,60,45.0,15.0
2025-11-01,test,naive_previous_day,60,60.0,0.0
2025-11-02,test,naive_previous_day,38,60.0,22.0
2025-11-03,test,naive_previous_day,21,38.0,17.0
2025-11-04,test,naive_previous_day,27,21.0,6.0
2025-11-05,test,naive_previous_day,20,27.0,7.0
2025-11-06,test,naive_previous_day,29,20.0,9.0
2025-11-07,test,naive_previous_day,60,29.0,31.0
2025-11-08,test,naive_previous_day,60,60.0,0.0
2025-11-09,test,naive_previous_day,32,60.0,28.0
2025-11-10,test,naive_previous_day,35,32.0,3.0
2025-11-11,test,naive_previous_day,29,35.0,6.0
2025-11-12,test,naive_previous_day,29,29.0,0.0
2025-11-13,test,naive_previous_day,25,29.0,4.0
2025-11-14,test,naive_previous_day,54,25.0,29.0
2025-11-15,test,naive_previous_day,59,54.0,5.0
2025-11-16,test,naive_previous_day,19,59.0,40.0
2025-11-17,test,naive_previous_day,11,19.0,8.0
2025-11-18,test,naive_previous_day,16,11.0,5.0
2025-11-19,test,naive_previous_day,27,16.0,11.0
2025-11-20,test,naive_previous_day,26,27.0,1.0
2025-11-21,test,naive_previous_day,58,26.0,32.0
2025-11-22,test,naive_previous_day,58,58.0,0.0
2025-11-23,test,naive_previous_day,27,58.0,31.0
2025-11-24,test,naive_previous_day,30,27.0,3.0
2025-11-25,test,naive_previous_day,28,30.0,2.0
2025-11-26,test,naive_previous_day,42,28.0,14.0
2025-11-27,test,naive_previous_day,58,42.0,16.0
2025-11-28,test,naive_previous_day,59,58.0,1.0
2025-11-29,test,naive_previous_day,55,59.0,4.0
2025-11-30,test,naive_previous_day,28,55.0,27.0
2025-12-01,test,naive_previous_day,30,28.0,2.0
2025-12-02,test,naive_previous_day,31,30.0,1.0
2025-12-03,test,naive_previous_day,28,31.0,3.0
2025-12-04,test,naive_previous_day,37,28.0,9.0
2025-12-05,test,naive_previous_day,50,37.0,13.0
2025-12-06,test,naive_previous_day,60,50.0,10.0
2025-12-07,test,naive_previous_day,36,60.0,24.0
2025-12-08,test,naive_previous_day,26,36.0,10.0
2025-12-09,test,naive_previous_day,40,26.0,14.0
2025-12-10,test,naive_previous_day,21,40.0,19.0
2025-12-11,test,naive_previous_day,24,21.0,3.0
2025-12-12,test,naive_previous_day,50,24.0,26.0
2025-12-13,test,naive_previous_day,52,50.0,2.0
2025-12-14,test,naive_previous_day,24,52.0,28.0
2025-12-15,test,naive_previous_day,18,24.0,6.0
2025-12-16,test,naive_previous_day,23,18.0,5.0
2025-12-17,test,naive_previous_day,34,23.0,11.0
2025-12-18,test,naive_previous_day,43,34.0,9.0
2025-12-19,test,naive_previous_day,49,43.0,6.0
2025-12-20,test,naive_previous_day,57,49.0,8.0
2025-12-21,test,naive_previous_day,35,57.0,22.0
2025-12-22,test,naive_previous_day,28,35.0,7.0
2025-12-23,test,naive_previous_day,27,28.0,1.0
2025-12-24,test,naive_previous_day,40,27.0,13.0
2025-12-25,test,naive_previous_day,31,40.0,9.0
2025-12-26,test,naive_previous_day,40,31.0,9.0
2025-12-27,test,naive_previous_day,44,40.0,4.0
2025-12-28,test,naive_previous_day,30,44.0,14.0
2025-12-29,test,naive_previous_day,28,30.0,2.0
2025-12-30,test,naive_previous_day,36,28.0,8.0
2025-12-31,test,naive_previous_day,55,36.0,19.0
2025-01-01,test,seasonal_previous_week,11,40.0,29.0
2025-01-02,test,seasonal_previous_week,15,48.0,33.0
2025-01-03,test,seasonal_previous_week,17,56.0,39.0
2025-01-04,test,seasonal_previous_week,22,58.0,36.0
2025-01-05,test,seasonal_previous_week,0,39.0,39.0
2025-01-06,test,seasonal_previous_week,0,39.0,39.0
2025-01-07,test,seasonal_previous_week,0,50.0,50.0
2025-01-08,test,seasonal_previous_week,0,11.0,11.0
2025-01-09,test,seasonal_previous_week,0,15.0,15.0
2025-01-10,test,seasonal_previous_week,0,17.0,17.0
2025-01-11,test,seasonal_previous_week,0,22.0,22.0
2025-01-12,test,seasonal_previous_week,0,0.0,0.0
2025-01-13,test,seasonal_previous_week,0,0.0,0.0
2025-01-14,test,seasonal_previous_week,0,0.0,0.0
2025-01-15,test,seasonal_previous_week,0,0.0,0.0
2025-01-16,test,seasonal_previous_week,1,0.0,1.0
2025-01-17,test,seasonal_previous_week,23,0.0,23.0
2025-01-18,test,seasonal_previous_week,44,0.0,44.0
2025-01-19,test,seasonal_previous_week,13,0.0,13.0
2025-01-20,test,seasonal_previous_week,5,0.0,5.0
2025-01-21,test,seasonal_previous_week,2,0.0,2.0
2025-01-22,test,seasonal_previous_week,13,0.0,13.0
2025-01-23,test,seasonal_previous_week,14,1.0,13.0
2025-01-24,test,seasonal_previous_week,56,23.0,33.0
2025-01-25,test,seasonal_previous_week,58,44.0,14.0
2025-01-26,test,seasonal_previous_week,20,13.0,7.0
2025-01-27,test,seasonal_previous_week,17,5.0,12.0
2025-01-28,test,seasonal_previous_week,21,2.0,19.0
2025-01-29,test,seasonal_previous_week,25,13.0,12.0
2025-01-30,test,seasonal_previous_week,28,14.0,14.0
2025-01-31,test,seasonal_previous_week,53,56.0,3.0
2025-02-01,test,seasonal_previous_week,59,58.0,1.0
2025-02-02,test,seasonal_previous_week,19,20.0,1.0
2025-02-03,test,seasonal_previous_week,23,17.0,6.0
2025-02-04,test,seasonal_previous_week,25,21.0,4.0
2025-02-05,test,seasonal_previous_week,25,25.0,0.0
2025-02-06,test,seasonal_previous_week,26,28.0,2.0
2025-02-07,test,seasonal_previous_week,31,53.0,22.0
2025-02-08,test,seasonal_previous_week,46,59.0,13.0
2025-02-09,test,seasonal_previous_week,13,19.0,6.0
2025-02-10,test,seasonal_previous_week,16,23.0,7.0
2025-02-11,test,seasonal_previous_week,21,25.0,4.0
2025-02-12,test,seasonal_previous_week,21,25.0,4.0
2025-02-13,test,seasonal_previous_week,25,26.0,1.0
2025-02-14,test,seasonal_previous_week,60,31.0,29.0
2025-02-15,test,seasonal_previous_week,54,46.0,8.0
2025-02-16,test,seasonal_previous_week,31,13.0,18.0
2025-02-17,test,seasonal_previous_week,20,16.0,4.0
2025-02-18,test,seasonal_previous_week,31,21.0,10.0
2025-02-19,test,seasonal_previous_week,37,21.0,16.0
2025-02-20,test,seasonal_previous_week,44,25.0,19.0
2025-02-21,test,seasonal_previous_week,59,60.0,1.0
2025-02-22,test,seasonal_previous_week,59,54.0,5.0
2025-02-23,test,seasonal_previous_week,11,31.0,20.0
2025-02-24,test,seasonal_previous_week,29,20.0,9.0
2025-02-25,test,seasonal_previous_week,22,31.0,9.0
2025-02-26,test,seasonal_previous_week,35,37.0,2.0
2025-02-27,test,seasonal_previous_week,32,44.0,12.0
2025-02-28,test,seasonal_previous_week,53,59.0,6.0
2025-03-01,test,seasonal_previous_week,58,59.0,1.0
2025-03-02,test,seasonal_previous_week,11,11.0,0.0
2025-03-03,test,seasonal_previous_week,35,29.0,6.0
2025-03-04,test,seasonal_previous_week,35,22.0,13.0
2025-03-05,test,seasonal_previous_week,39,35.0,4.0
2025-03-06,test,seasonal_previous_week,35,32.0,3.0
2025-03-07,test,seasonal_previous_week,60,53.0,7.0
2025-03-08,test,seasonal_previous_week,59,58.0,1.0
2025-03-09,test,seasonal_previous_week,20,11.0,9.0
2025-03-10,test,seasonal_previous_week,32,35.0,3.0
2025-03-11,test,seasonal_previous_week,31,35.0,4.0
2025-03-12,test,seasonal_previous_week,37,39.0,2.0
2025-03-13,test,seasonal_previous_week,42,35.0,7.0
2025-03-14,test,seasonal_previous_week,58,60.0,2.0
2025-03-15,test,seasonal_previous_week,59,59.0,0.0
2025-03-16,test,seasonal_previous_week,34,20.0,14.0
2025-03-17,test,seasonal_previous_week,31,32.0,1.0
2025-03-18,test,seasonal_previous_week,32,31.0,1.0
2025-03-19,test,seasonal_previous_week,24,37.0,13.0
2025-03-20,test,seasonal_previous_week,49,42.0,7.0
2025-03-21,test,seasonal_previous_week,58,58.0,0.0
2025-03-22,test,seasonal_previous_week,60,59.0,1.0
2025-03-23,test,seasonal_previous_week,30,34.0,4.0
2025-03-24,test,seasonal_previous_week,30,31.0,1.0
2025-03-25,test,seasonal_previous_week,30,32.0,2.0
2025-03-26,test,seasonal_previous_week,35,24.0,11.0
2025-03-27,test,seasonal_previous_week,43,49.0,6.0
2025-03-28,test,seasonal_previous_week,58,58.0,0.0
2025-03-29,test,seasonal_previous_week,58,60.0,2.0
2025-03-30,test,seasonal_previous_week,40,30.0,10.0
2025-03-31,test,seasonal_previous_week,33,30.0,3.0
2025-04-01,test,seasonal_previous_week,23,30.0,7.0
2025-04-02,test,seasonal_previous_week,24,35.0,11.0
2025-04-03,test,seasonal_previous_week,33,43.0,10.0
2025-04-04,test,seasonal_previous_week,59,58.0,1.0
2025-04-05,test,seasonal_previous_week,59,58.0,1.0
2025-04-06,test,seasonal_previous_week,36,40.0,4.0
2025-04-07,test,seasonal_previous_week,19,33.0,14.0
2025-04-08,test,seasonal_previous_week,23,23.0,0.0
2025-04-09,test,seasonal_previous_week,28,24.0,4.0
2025-04-10,test,seasonal_previous_week,50,33.0,17.0
2025-04-11,test,seasonal_previous_week,59,59.0,0.0
2025-04-12,test,seasonal_previous_week,59,59.0,0.0
2025-04-13,test,seasonal_previous_week,32,36.0,4.0
2025-04-14,test,seasonal_previous_week,39,19.0,20.0
2025-04-15,test,seasonal_previous_week,33,23.0,10.0
2025-04-16,test,seasonal_previous_week,34,28.0,6.0
2025-04-17,test,seasonal_previous_week,43,50.0,7.0
2025-04-18,test,seasonal_previous_week,60,59.0,1.0
2025-04-19,test,seasonal_previous_week,59,59.0,0.0
2025-04-20,test,seasonal_previous_week,27,32.0,5.0
2025-04-21,test,seasonal_previous_week,39,39.0,0.0
2025-04-22,test,seasonal_previous_week,44,33.0,11.0
2025-04-23,test,seasonal_previous_week,36,34.0,2.0
2025-04-24,test,seasonal_previous_week,50,43.0,7.0
2025-04-25,test,seasonal_previous_week,55,60.0,5.0
2025-04-26,test,seasonal_previous_week,59,59.0,0.0
2025-04-27,test,seasonal_previous_week,21,27.0,6.0
2025-04-28,test,seasonal_previous_week,30,39.0,9.0
2025-04-29,test,seasonal_previous_week,35,44.0,9.0
2025-04-30,test,seasonal_previous_week,29,36.0,7.0
2025-05-01,test,seasonal_previous_week,30,50.0,20.0
2025-05-02,test,seasonal_previous_week,58,55.0,3.0
2025-05-03,test,seasonal_previous_week,59,59.0,0.0
2025-05-04,test,seasonal_previous_week,19,21.0,2.0
2025-05-05,test,seasonal_previous_week,8,30.0,22.0
2025-05-06,test,seasonal_previous_week,13,35.0,22.0
2025-05-07,test,seasonal_previous_week,43,29.0,14.0
2025-05-08,test,seasonal_previous_week,54,30.0,24.0
2025-05-09,test,seasonal_previous_week,60,58.0,2.0
2025-05-10,test,seasonal_previous_week,59,59.0,0.0
2025-05-11,test,seasonal_previous_week,15,19.0,4.0
2025-05-12,test,seasonal_previous_week,34,8.0,26.0
2025-05-13,test,seasonal_previous_week,44,13.0,31.0
2025-05-14,test,seasonal_previous_week,56,43.0,13.0
2025-05-15,test,seasonal_previous_week,50,54.0,4.0
2025-05-16,test,seasonal_previous_week,59,60.0,1.0
2025-05-17,test,seasonal_previous_week,58,59.0,1.0
2025-05-18,test,seasonal_previous_week,36,15.0,21.0
2025-05-19,test,seasonal_previous_week,22,34.0,12.0
2025-05-20,test,seasonal_previous_week,26,44.0,18.0
2025-05-21,test,seasonal_previous_week,22,56.0,34.0
2025-05-22,test,seasonal_previous_week,20,50.0,30.0
2025-05-23,test,seasonal_previous_week,56,59.0,3.0
2025-05-24,test,seasonal_previous_week,57,58.0,1.0
2025-05-25,test,seasonal_previous_week,52,36.0,16.0
2025-05-26,test,seasonal_previous_week,9,22.0,13.0
2025-05-27,test,seasonal_previous_week,9,26.0,17.0
2025-05-28,test,seasonal_previous_week,17,22.0,5.0
2025-05-29,test,seasonal_previous_week,37,20.0,17.0
2025-05-30,test,seasonal_previous_week,54,56.0,2.0
2025-05-31,test,seasonal_previous_week,58,57.0,1.0
2025-06-01,test,seasonal_previous_week,45,52.0,7.0
2025-06-02,test,seasonal_previous_week,25,9.0,16.0
2025-06-03,test,seasonal_previous_week,25,9.0,16.0
2025-06-04,test,seasonal_previous_week,39,17.0,22.0
2025-06-05,test,seasonal_previous_week,34,37.0,3.0
2025-06-06,test,seasonal_previous_week,58,54.0,4.0
2025-06-07,test,seasonal_previous_week,57,58.0,1.0
2025-06-08,test,seasonal_previous_week,29,45.0,16.0
2025-06-09,test,seasonal_previous_week,34,25.0,9.0
2025-06-10,test,seasonal_previous_week,48,25.0,23.0
2025-06-11,test,seasonal_previous_week,39,39.0,0.0
2025-06-12,test,seasonal_previous_week,44,34.0,10.0
2025-06-13,test,seasonal_previous_week,60,58.0,2.0
2025-06-14,test,seasonal_previous_week,59,57.0,2.0
2025-06-15,test,seasonal_previous_week,16,29.0,13.0
2025-06-16,test,seasonal_previous_week,10,34.0,24.0
2025-06-17,test,seasonal_previous_week,22,48.0,26.0
2025-06-18,test,seasonal_previous_week,13,39.0,26.0
2025-06-19,test,seasonal_previous_week,31,44.0,13.0
2025-06-20,test,seasonal_previous_week,60,60.0,0.0
2025-06-21,test,seasonal_previous_week,57,59.0,2.0
2025-06-22,test,seasonal_previous_week,19,16.0,3.0
2025-06-23,test,seasonal_previous_week,19,10.0,9.0
2025-06-24,test,seasonal_previous_week,34,22.0,12.0
2025-06-25,test,seasonal_previous_week,36,13.0,23.0
2025-06-26,test,seasonal_previous_week,31,31.0,0.0
2025-06-27,test,seasonal_previous_week,59,60.0,1.0
2025-06-28,test,seasonal_previous_week,59,57.0,2.0
2025-06-29,test,seasonal_previous_week,32,19.0,13.0
2025-06-30,test,seasonal_previous_week,25,19.0,6.0
2025-07-01,test,seasonal_previous_week,29,34.0,5.0
2025-07-02,test,seasonal_previous_week,23,36.0,13.0
2025-07-03,test,seasonal_previous_week,30,31.0,1.0
2025-07-04,test,seasonal_previous_week,57,59.0,2.0
2025-07-05,test,seasonal_previous_week,59,59.0,0.0
2025-07-06,test,seasonal_previous_week,32,32.0,0.0
2025-07-07,test,seasonal_previous_week,23,25.0,2.0
2025-07-08,test,seasonal_previous_week,39,29.0,10.0
2025-07-09,test,seasonal_previous_week,44,23.0,21.0
2025-07-10,test,seasonal_previous_week,45,30.0,15.0
2025-07-11,test,seasonal_previous_week,60,57.0,3.0
2025-07-12,test,seasonal_previous_week,59,59.0,0.0
2025-07-13,test,seasonal_previous_week,30,32.0,2.0
2025-07-14,test,seasonal_previous_week,29,23.0,6.0
2025-07-15,test,seasonal_previous_week,30,39.0,9.0
2025-07-16,test,seasonal_previous_week,26,44.0,18.0
2025-07-17,test,seasonal_previous_week,36,45.0,9.0
2025-07-18,test,seasonal_previous_week,60,60.0,0.0
2025-07-19,test,seasonal_previous_week,60,59.0,1.0
2025-07-20,test,seasonal_previous_week,37,30.0,7.0
2025-07-21,test,seasonal_previous_week,43,29.0,14.0
2025-07-22,test,seasonal_previous_week,27,30.0,3.0
2025-07-23,test,seasonal_previous_week,32,26.0,6.0
2025-07-24,test,seasonal_previous_week,42,36.0,6.0
2025-07-25,test,seasonal_previous_week,58,60.0,2.0
2025-07-26,test,seasonal_previous_week,60,60.0,0.0
2025-07-27,test,seasonal_previous_week,29,37.0,8.0
2025-07-28,test,seasonal_previous_week,27,43.0,16.0
2025-07-29,test,seasonal_previous_week,28,27.0,1.0
2025-07-30,test,seasonal_previous_week,25,32.0,7.0
2025-07-31,test,seasonal_previous_week,38,42.0,4.0
2025-08-01,test,seasonal_previous_week,57,58.0,1.0
2025-08-02,test,seasonal_previous_week,59,60.0,1.0
2025-08-03,test,seasonal_previous_week,18,29.0,11.0
2025-08-04,test,seasonal_previous_week,21,27.0,6.0
2025-08-05,test,seasonal_previous_week,18,28.0,10.0
2025-08-06,test,seasonal_previous_week,18,25.0,7.0
2025-08-07,test,seasonal_previous_week,19,38.0,19.0
2025-08-08,test,seasonal_previous_week,52,57.0,5.0
2025-08-09,test,seasonal_previous_week,57,59.0,2.0
2025-08-10,test,seasonal_previous_week,42,18.0,24.0
2025-08-11,test,seasonal_previous_week,22,21.0,1.0
2025-08-12,test,seasonal_previous_week,36,18.0,18.0
2025-08-13,test,seasonal_previous_week,39,18.0,21.0
2025-08-14,test,seasonal_previous_week,46,19.0,27.0
2025-08-15,test,seasonal_previous_week,60,52.0,8.0
2025-08-16,test,seasonal_previous_week,59,57.0,2.0
2025-08-17,test,seasonal_previous_week,26,42.0,16.0
2025-08-18,test,seasonal_previous_week,36,22.0,14.0
2025-08-19,test,seasonal_previous_week,24,36.0,12.0
2025-08-20,test,seasonal_previous_week,32,39.0,7.0
2025-08-21,test,seasonal_previous_week,42,46.0,4.0
2025-08-22,test,seasonal_previous_week,60,60.0,0.0
2025-08-23,test,seasonal_previous_week,59,59.0,0.0
2025-08-24,test,seasonal_previous_week,48,26.0,22.0
2025-08-25,test,seasonal_previous_week,55,36.0,19.0
2025-08-26,test,seasonal_previous_week,59,24.0,35.0
2025-08-27,test,seasonal_previous_week,60,32.0,28.0
2025-08-28,test,seasonal_previous_week,60,42.0,18.0
2025-08-29,test,seasonal_previous_week,57,60.0,3.0
2025-08-30,test,seasonal_previous_week,59,59.0,0.0
2025-08-31,test,seasonal_previous_week,59,48.0,11.0
2025-09-01,test,seasonal_previous_week,25,55.0,30.0
2025-09-02,test,seasonal_previous_week,24,59.0,35.0
2025-09-03,test,seasonal_previous_week,22,60.0,38.0
2025-09-04,test,seasonal_previous_week,33,60.0,27.0
2025-09-05,test,seasonal_previous_week,60,57.0,3.0
2025-09-06,test,seasonal_previous_week,59,59.0,0.0
2025-09-07,test,seasonal_previous_week,13,59.0,46.0
2025-09-08,test,seasonal_previous_week,22,25.0,3.0
2025-09-09,test,seasonal_previous_week,18,24.0,6.0
2025-09-10,test,seasonal_previous_week,20,22.0,2.0
2025-09-11,test,seasonal_previous_week,28,33.0,5.0
2025-09-12,test,seasonal_previous_week,58,60.0,2.0
2025-09-13,test,seasonal_previous_week,58,59.0,1.0
2025-09-14,test,seasonal_previous_week,20,13.0,7.0
2025-09-15,test,seasonal_previous_week,37,22.0,15.0
2025-09-16,test,seasonal_previous_week,42,18.0,24.0
2025-09-17,test,seasonal_previous_week,39,20.0,19.0
2025-09-18,test,seasonal_previous_week,36,28.0,8.0
2025-09-19,test,seasonal_previous_week,59,58.0,1.0
2025-09-20,test,seasonal_previous_week,60,58.0,2.0
2025-09-21,test,seasonal_previous_week,40,20.0,20.0
2025-09-22,test,seasonal_previous_week,33,37.0,4.0
2025-09-23,test,seasonal_previous_week,42,42.0,0.0
2025-09-24,test,seasonal_previous_week,32,39.0,7.0
2025-09-25,test,seasonal_previous_week,39,36.0,3.0
2025-09-26,test,seasonal_previous_week,58,59.0,1.0
2025-09-27,test,seasonal_previous_week,59,60.0,1.0
2025-09-28,test,seasonal_previous_week,36,40.0,4.0
2025-09-29,test,seasonal_previous_week,43,33.0,10.0
2025-09-30,test,seasonal_previous_week,35,42.0,7.0
2025-10-01,test,seasonal_previous_week,23,32.0,9.0
2025-10-02,test,seasonal_previous_week,33,39.0,6.0
2025-10-03,test,seasonal_previous_week,60,58.0,2.0
2025-10-04,test,seasonal_previous_week,59,59.0,0.0
2025-10-05,test,seasonal_previous_week,29,36.0,7.0
2025-10-06,test,seasonal_previous_week,34,43.0,9.0
2025-10-07,test,seasonal_previous_week,34,35.0,1.0
2025-10-08,test,seasonal_previous_week,41,23.0,18.0
2025-10-09,test,seasonal_previous_week,49,33.0,16.0
2025-10-10,test,seasonal_previous_week,58,60.0,2.0
2025-10-11,test,seasonal_previous_week,60,59.0,1.0
2025-10-12,test,seasonal_previous_week,59,29.0,30.0
2025-10-13,test,seasonal_previous_week,22,34.0,12.0
2025-10-14,test,seasonal_previous_week,37,34.0,3.0
2025-10-15,test,seasonal_previous_week,53,41.0,12.0
2025-10-16,test,seasonal_previous_week,57,49.0,8.0
2025-10-17,test,seasonal_previous_week,53,58.0,5.0
2025-10-18,test,seasonal_previous_week,59,60.0,1.0
2025-10-19,test,seasonal_previous_week,45,59.0,14.0
2025-10-20,test,seasonal_previous_week,42,22.0,20.0
2025-10-21,test,seasonal_previous_week,46,37.0,9.0
2025-10-22,test,seasonal_previous_week,28,53.0,25.0
2025-10-23,test,seasonal_previous_week,47,57.0,10.0
2025-10-24,test,seasonal_previous_week,56,53.0,3.0
2025-10-25,test,seasonal_previous_week,59,59.0,0.0
2025-10-26,test,seasonal_previous_week,29,45.0,16.0
2025-10-27,test,seasonal_previous_week,27,42.0,15.0
2025-10-28,test,seasonal_previous_week,40,46.0,6.0
2025-10-29,test,seasonal_previous_week,46,28.0,18.0
2025-10-30,test,seasonal_previous_week,45,47.0,2.0
2025-10-31,test,seasonal_previous_week,60,56.0,4.0
2025-11-01,test,seasonal_previous_week,60,59.0,1.0
2025-11-02,test,seasonal_previous_week,38,29.0,9.0
2025-11-03,test,seasonal_previous_week,21,27.0,6.0
2025-11-04,test,seasonal_previous_week,27,40.0,13.0
2025-11-05,test,seasonal_previous_week,20,46.0,26.0
2025-11-06,test,seasonal_previous_week,29,45.0,16.0
2025-11-07,test,seasonal_previous_week,60,60.0,0.0
2025-11-08,test,seasonal_previous_week,60,60.0,0.0
2025-11-09,test,seasonal_previous_week,32,38.0,6.0
2025-11-10,test,seasonal_previous_week,35,21.0,14.0
2025-11-11,test,seasonal_previous_week,29,27.0,2.0
2025-11-12,test,seasonal_previous_week,29,20.0,9.0
2025-11-13,test,seasonal_previous_week,25,29.0,4.0
2025-11-14,test,seasonal_previous_week,54,60.0,6.0
2025-11-15,test,seasonal_previous_week,59,60.0,1.0
2025-11-16,test,seasonal_previous_week,19,32.0,13.0
2025-11-17,test,seasonal_previous_week,11,35.0,24.0
2025-11-18,test,seasonal_previous_week,16,29.0,13.0
2025-11-19,test,seasonal_previous_week,27,29.0,2.0
2025-11-20,test,seasonal_previous_week,26,25.0,1.0
2025-11-21,test,seasonal_previous_week,58,54.0,4.0
2025-11-22,test,seasonal_previous_week,58,59.0,1.0
2025-11-23,test,seasonal_previous_week,27,19.0,8.0
2025-11-24,test,seasonal_previous_week,30,11.0,19.0
2025-11-25,test,seasonal_previous_week,28,16.0,12.0
2025-11-26,test,seasonal_previous_week,42,27.0,15.0
2025-11-27,test,seasonal_previous_week,58,26.0,32.0
2025-11-28,test,seasonal_previous_week,59,58.0,1.0
2025-11-29,test,seasonal_previous_week,55,58.0,3.0
2025-11-30,test,seasonal_previous_week,28,27.0,1.0
2025-12-01,test,seasonal_previous_week,30,30.0,0.0
2025-12-02,test,seasonal_previous_week,31,28.0,3.0
2025-12-03,test,seasonal_previous_week,28,42.0,14.0
2025-12-04,test,seasonal_previous_week,37,58.0,21.0
2025-12-05,test,seasonal_previous_week,50,59.0,9.0
2025-12-06,test,seasonal_previous_week,60,55.0,5.0
2025-12-07,test,seasonal_previous_week,36,28.0,8.0
2025-12-08,test,seasonal_previous_week,26,30.0,4.0
2025-12-09,test,seasonal_previous_week,40,31.0,9.0
2025-12-10,test,seasonal_previous_week,21,28.0,7.0
2025-12-11,test,seasonal_previous_week,24,37.0,13.0
2025-12-12,test,seasonal_previous_week,50,50.0,0.0
2025-12-13,test,seasonal_previous_week,52,60.0,8.0
2025-12-14,test,seasonal_previous_week,24,36.0,12.0
2025-12-15,test,seasonal_previous_week,18,26.0,8.0
2025-12-16,test,seasonal_previous_week,23,40.0,17.0
2025-12-17,test,seasonal_previous_week,34,21.0,13.0
2025-12-18,test,seasonal_previous_week,43,24.0,19.0
2025-12-19,test,seasonal_previous_week,49,50.0,1.0
2025-12-20,test,seasonal_previous_week,57,52.0,5.0
2025-12-21,test,seasonal_previous_week,35,24.0,11.0
2025-12-22,test,seasonal_previous_week,28,18.0,10.0
2025-12-23,test,seasonal_previous_week,27,23.0,4.0
2025-12-24,test,seasonal_previous_week,40,34.0,6.0
2025-12-25,test,seasonal_previous_week,31,43.0,12.0
2025-12-26,test,seasonal_previous_week,40,49.0,9.0
2025-12-27,test,seasonal_previous_week,44,57.0,13.0
2025-12-28,test,seasonal_previous_week,30,35.0,5.0
2025-12-29,test,seasonal_previous_week,28,28.0,0.0
2025-12-30,test,seasonal_previous_week,36,27.0,9.0
2025-12-31,test,seasonal_previous_week,55,40.0,15.0
2025-01-01,test,rolling_7d_mean,11,47.142857142857146,36.142857142857146
2025-01-02,test,rolling_7d_mean,15,43.0,28.0
2025-01-03,test,rolling_7d_mean,17,38.285714285714285,21.285714285714285
2025-01-04,test,rolling_7d_mean,22,32.714285714285715,10.714285714285715
2025-01-05,test,rolling_7d_mean,0,27.571428571428573,27.571428571428573
2025-01-06,test,rolling_7d_mean,0,22.0,22.0
2025-01-07,test,rolling_7d_mean,0,16.428571428571427,16.428571428571427
2025-01-08,test,rolling_7d_mean,0,9.285714285714286,9.285714285714286
2025-01-09,test,rolling_7d_mean,0,7.714285714285714,7.714285714285714
2025-01-10,test,rolling_7d_mean,0,5.571428571428571,5.571428571428571
2025-01-11,test,rolling_7d_mean,0,3.142857142857143,3.142857142857143
2025-01-12,test,rolling_7d_mean,0,0.0,0.0
2025-01-13,test,rolling_7d_mean,0,0.0,0.0
2025-01-14,test,rolling_7d_mean,0,0.0,0.0
2025-01-15,test,rolling_7d_mean,0,0.0,0.0
2025-01-16,test,rolling_7d_mean,1,0.0,1.0
2025-01-17,test,rolling_7d_mean,23,0.1428571428571428,22.857142857142858
2025-01-18,test,rolling_7d_mean,44,3.4285714285714284,40.57142857142857
2025-01-19,test,rolling_7d_mean,13,9.714285714285714,3.2857142857142865
2025-01-20,test,rolling_7d_mean,5,11.571428571428571,6.571428571428571
2025-01-21,test,rolling_7d_mean,2,12.285714285714286,10.285714285714286
2025-01-22,test,rolling_7d_mean,13,12.571428571428571,0.4285714285714288
2025-01-23,test,rolling_7d_mean,14,14.428571428571429,0.4285714285714288
2025-01-24,test,rolling_7d_mean,56,16.285714285714285,39.714285714285715
2025-01-25,test,rolling_7d_mean,58,21.0,37.0
2025-01-26,test,rolling_7d_mean,20,23.0,3.0
2025-01-27,test,rolling_7d_mean,17,24.0,7.0
2025-01-28,test,rolling_7d_mean,21,25.714285714285715,4.714285714285715
2025-01-29,test,rolling_7d_mean,25,28.428571428571427,3.428571428571427
2025-01-30,test,rolling_7d_mean,28,30.142857142857142,2.1428571428571423
2025-01-31,test,rolling_7d_mean,53,32.142857142857146,20.857142857142854
2025-02-01,test,rolling_7d_mean,59,31.714285714285715,27.285714285714285
2025-02-02,test,rolling_7d_mean,19,31.857142857142858,12.857142857142858
2025-02-03,test,rolling_7d_mean,23,31.714285714285715,8.714285714285715
2025-02-04,test,rolling_7d_mean,25,32.57142857142857,7.571428571428569
2025-02-05,test,rolling_7d_mean,25,33.142857142857146,8.142857142857146
2025-02-06,test,rolling_7d_mean,26,33.142857142857146,7.142857142857146
2025-02-07,test,rolling_7d_mean,31,32.857142857142854,1.857142857142854
2025-02-08,test,rolling_7d_mean,46,29.714285714285715,16.285714285714285
2025-02-09,test,rolling_7d_mean,13,27.857142857142858,14.857142857142858
2025-02-10,test,rolling_7d_mean,16,27.0,11.0
2025-02-11,test,rolling_7d_mean,21,26.0,5.0
2025-02-12,test,rolling_7d_mean,21,25.428571428571427,4.428571428571427
2025-02-13,test,rolling_7d_mean,25,24.857142857142858,0.14285714285714235
2025-02-14,test,rolling_7d_mean,60,24.714285714285715,35.285714285714285
2025-02-15,test,rolling_7d_mean,54,28.857142857142858,25.142857142857142
2025-02-16,test,rolling_7d_mean,31,30.0,1.0
2025-02-17,test,rolling_7d_mean,20,32.57142857142857,12.57142857142857
2025-02-18,test,rolling_7d_mean,31,33.142857142857146,2.142857142857146
2025-02-19,test,rolling_7d_mean,37,34.57142857142857,2.4285714285714306
2025-02-20,test,rolling_7d_mean,44,36.857142857142854,7.142857142857146
2025-02-21,test,rolling_7d_mean,59,39.57142857142857,19.42857142857143
2025-02-22,test,rolling_7d_mean,59,39.42857142857143,19.57142857142857
2025-02-23,test,rolling_7d_mean,11,40.142857142857146,29.142857142857146
2025-02-24,test,rolling_7d_mean,29,37.285714285714285,8.285714285714285
2025-02-25,test,rolling_7d_mean,22,38.57142857142857,16.57142857142857
2025-02-26,test,rolling_7d_mean,35,37.285714285714285,2.2857142857142847
2025-02-27,test,rolling_7d_mean,32,37.0,5.0
2025-02-28,test,rolling_7d_mean,53,35.285714285714285,17.714285714285715
2025-03-01,test,rolling_7d_mean,58,34.42857142857143,23.57142857142857
2025-03-02,test,rolling_7d_mean,11,34.285714285714285,23.285714285714285
2025-03-03,test,rolling_7d_mean,35,34.285714285714285,0.7142857142857153
2025-03-04,test,rolling_7d_mean,35,35.142857142857146,0.1428571428571459
2025-03-05,test,rolling_7d_mean,39,37.0,2.0
2025-03-06,test,rolling_7d_mean,35,37.57142857142857,2.5714285714285694
2025-03-07,test,rolling_7d_mean,60,38.0,22.0
2025-03-08,test,rolling_7d_mean,59,39.0,20.0
2025-03-09,test,rolling_7d_mean,20,39.142857142857146,19.142857142857146
2025-03-10,test,rolling_7d_mean,32,40.42857142857143,8.42857142857143
2025-03-11,test,rolling_7d_mean,31,40.0,9.0
2025-03-12,test,rolling_7d_mean,37,39.42857142857143,2.4285714285714306
2025-03-13,test,rolling_7d_mean,42,39.142857142857146,2.857142857142854
2025-03-14,test,rolling_7d_mean,58,40.142857142857146,17.857142857142854
2025-03-15,test,rolling_7d_mean,59,39.857142857142854,19.142857142857146
2025-03-16,test,rolling_7d_mean,34,39.857142857142854,5.857142857142854
2025-03-17,test,rolling_7d_mean,31,41.857142857142854,10.857142857142854
2025-03-18,test,rolling_7d_mean,32,41.714285714285715,9.714285714285715
2025-03-19,test,rolling_7d_mean,24,41.857142857142854,17.857142857142854
2025-03-20,test,rolling_7d_mean,49,40.0,9.0
2025-03-21,test,rolling_7d_mean,58,41.0,17.0
2025-03-22,test,rolling_7d_mean,60,41.0,19.0
2025-03-23,test,rolling_7d_mean,30,41.142857142857146,11.142857142857146
2025-03-24,test,rolling_7d_mean,30,40.57142857142857,10.57142857142857
2025-03-25,test,rolling_7d_mean,30,40.42857142857143,10.42857142857143
2025-03-26,test,rolling_7d_mean,35,40.142857142857146,5.142857142857146
2025-03-27,test,rolling_7d_mean,43,41.714285714285715,1.2857142857142847
2025-03-28,test,rolling_7d_mean,58,40.857142857142854,17.142857142857146
2025-03-29,test,rolling_7d_mean,58,40.857142857142854,17.142857142857146
2025-03-30,test,rolling_7d_mean,40,40.57142857142857,0.5714285714285694
2025-03-31,test,rolling_7d_mean,33,42.0,9.0
2025-04-01,test,rolling_7d_mean,23,42.42857142857143,19.42857142857143
2025-04-02,test,rolling_7d_mean,24,41.42857142857143,17.42857142857143
2025-04-03,test,rolling_7d_mean,33,39.857142857142854,6.857142857142854
2025-04-04,test,rolling_7d_mean,59,38.42857142857143,20.57142857142857
2025-04-05,test,rolling_7d_mean,59,38.57142857142857,20.42857142857143
2025-04-06,test,rolling_7d_mean,36,38.714285714285715,2.7142857142857153
2025-04-07,test,rolling_7d_mean,19,38.142857142857146,19.142857142857146
2025-04-08,test,rolling_7d_mean,23,36.142857142857146,13.142857142857146
2025-04-09,test,rolling_7d_mean,28,36.142857142857146,8.142857142857146
2025-04-10,test,rolling_7d_mean,50,36.714285714285715,13.285714285714285
2025-04-11,test,rolling_7d_mean,59,39.142857142857146,19.857142857142854
2025-04-12,test,rolling_7d_mean,59,39.142857142857146,19.857142857142854
2025-04-13,test,rolling_7d_mean,32,39.142857142857146,7.142857142857146
2025-04-14,test,rolling_7d_mean,39,38.57142857142857,0.4285714285714306
2025-04-15,test,rolling_7d_mean,33,41.42857142857143,8.42857142857143
2025-04-16,test,rolling_7d_mean,34,42.857142857142854,8.857142857142854
2025-04-17,test,rolling_7d_mean,43,43.714285714285715,0.7142857142857153
2025-04-18,test,rolling_7d_mean,60,42.714285714285715,17.285714285714285
2025-04-19,test,rolling_7d_mean,59,42.857142857142854,16.142857142857146
2025-04-20,test,rolling_7d_mean,27,42.857142857142854,15.857142857142854
2025-04-21,test,rolling_7d_mean,39,42.142857142857146,3.142857142857146
2025-04-22,test,rolling_7d_mean,44,42.142857142857146,1.857142857142854
2025-04-23,test,rolling_7d_mean,36,43.714285714285715,7.714285714285715
2025-04-24,test,rolling_7d_mean,50,44.0,6.0
2025-04-25,test,rolling_7d_mean,55,45.0,10.0
2025-04-26,test,rolling_7d_mean,59,44.285714285714285,14.714285714285715
2025-04-27,test,rolling_7d_mean,21,44.285714285714285,23.285714285714285
2025-04-28,test,rolling_7d_mean,30,43.42857142857143,13.42857142857143
2025-04-29,test,rolling_7d_mean,35,42.142857142857146,7.142857142857146
2025-04-30,test,rolling_7d_mean,29,40.857142857142854,11.857142857142854
2025-05-01,test,rolling_7d_mean,30,39.857142857142854,9.857142857142854
2025-05-02,test,rolling_7d_mean,58,37.0,21.0
2025-05-03,test,rolling_7d_mean,59,37.42857142857143,21.57142857142857
2025-05-04,test,rolling_7d_mean,19,37.42857142857143,18.42857142857143
2025-05-05,test,rolling_7d_mean,8,37.142857142857146,29.142857142857146
2025-05-06,test,rolling_7d_mean,13,34.0,21.0
2025-05-07,test,rolling_7d_mean,43,30.857142857142858,12.142857142857142
2025-05-08,test,rolling_7d_mean,54,32.857142857142854,21.142857142857146
2025-05-09,test,rolling_7d_mean,60,36.285714285714285,23.714285714285715
2025-05-10,test,rolling_7d_mean,59,36.57142857142857,22.42857142857143
2025-05-11,test,rolling_7d_mean,15,36.57142857142857,21.57142857142857
2025-05-12,test,rolling_7d_mean,34,36.0,2.0
2025-05-13,test,rolling_7d_mean,44,39.714285714285715,4.285714285714285
2025-05-14,test,rolling_7d_mean,56,44.142857142857146,11.857142857142854
2025-05-15,test,rolling_7d_mean,50,46.0,4.0
2025-05-16,test,rolling_7d_mean,59,45.42857142857143,13.57142857142857
2025-05-17,test,rolling_7d_mean,58,45.285714285714285,12.714285714285715
2025-05-18,test,rolling_7d_mean,36,45.142857142857146,9.142857142857146
2025-05-19,test,rolling_7d_mean,22,48.142857142857146,26.142857142857146
2025-05-20,test,rolling_7d_mean,26,46.42857142857143,20.42857142857143
2025-05-21,test,rolling_7d_mean,22,43.857142857142854,21.857142857142854
2025-05-22,test,rolling_7d_mean,20,39.0,19.0
2025-05-23,test,rolling_7d_mean,56,34.714285714285715,21.285714285714285
2025-05-24,test,rolling_7d_mean,57,34.285714285714285,22.714285714285715
2025-05-25,test,rolling_7d_mean,52,34.142857142857146,17.857142857142854
2025-05-26,test,rolling_7d_mean,9,36.42857142857143,27.42857142857143
2025-05-27,test,rolling_7d_mean,9,34.57142857142857,25.57142857142857
2025-05-28,test,rolling_7d_mean,17,32.142857142857146,15.142857142857146
2025-05-29,test,rolling_7d_mean,37,31.428571428571427,5.571428571428573
2025-05-30,test,rolling_7d_mean,54,33.857142857142854,20.142857142857146
2025-05-31,test,rolling_7d_mean,58,33.57142857142857,24.42857142857143
2025-06-01,test,rolling_7d_mean,45,33.714285714285715,11.285714285714285
2025-06-02,test,rolling_7d_mean,25,32.714285714285715,7.714285714285715
2025-06-03,test,rolling_7d_mean,25,35.0,10.0
2025-06-04,test,rolling_7d_mean,39,37.285714285714285,1.7142857142857153
2025-06-05,test,rolling_7d_mean,34,40.42857142857143,6.428571428571431
2025-06-06,test,rolling_7d_mean,58,40.0,18.0
2025-06-07,test,rolling_7d_mean,57,40.57142857142857,16.42857142857143
2025-06-08,test,rolling_7d_mean,29,40.42857142857143,11.42857142857143
2025-06-09,test,rolling_7d_mean,34,38.142857142857146,4.142857142857146
2025-06-10,test,rolling_7d_mean,48,39.42857142857143,8.57142857142857
2025-06-11,test,rolling_7d_mean,39,42.714285714285715,3.7142857142857153
2025-06-12,test,rolling_7d_mean,44,42.714285714285715,1.2857142857142847
2025-06-13,test,rolling_7d_mean,60,44.142857142857146,15.857142857142854
2025-06-14,test,rolling_7d_mean,59,44.42857142857143,14.57142857142857
2025-06-15,test,rolling_7d_mean,16,44.714285714285715,28.714285714285715
2025-06-16,test,rolling_7d_mean,10,42.857142857142854,32.857142857142854
2025-06-17,test,rolling_7d_mean,22,39.42857142857143,17.42857142857143
2025-06-18,test,rolling_7d_mean,13,35.714285714285715,22.714285714285715
2025-06-19,test,rolling_7d_mean,31,32.0,1.0
2025-06-20,test,rolling_7d_mean,60,30.142857142857142,29.857142857142858
2025-06-21,test,rolling_7d_mean,57,30.142857142857142,26.857142857142858
2025-06-22,test,rolling_7d_mean,19,29.857142857142858,10.857142857142858
2025-06-23,test,rolling_7d_mean,19,30.285714285714285,11.285714285714285
2025-06-24,test,rolling_7d_mean,34,31.571428571428573,2.428571428571427
2025-06-25,test,rolling_7d_mean,36,33.285714285714285,2.7142857142857153
2025-06-26,test,rolling_7d_mean,31,36.57142857142857,5.571428571428569
2025-06-27,test,rolling_7d_mean,59,36.57142857142857,22.42857142857143
2025-06-28,test,rolling_7d_mean,59,36.42857142857143,22.57142857142857
2025-06-29,test,rolling_7d_mean,32,36.714285714285715,4.714285714285715
2025-06-30,test,rolling_7d_mean,25,38.57142857142857,13.57142857142857
2025-07-01,test,rolling_7d_mean,29,39.42857142857143,10.42857142857143
2025-07-02,test,rolling_7d_mean,23,38.714285714285715,15.714285714285715
2025-07-03,test,rolling_7d_mean,30,36.857142857142854,6.857142857142854
2025-07-04,test,rolling_7d_mean,57,36.714285714285715,20.285714285714285
2025-07-05,test,rolling_7d_mean,59,36.42857142857143,22.57142857142857
2025-07-06,test,rolling_7d_mean,32,36.42857142857143,4.428571428571431
2025-07-07,test,rolling_7d_mean,23,36.42857142857143,13.42857142857143
2025-07-08,test,rolling_7d_mean,39,36.142857142857146,2.857142857142854
2025-07-09,test,rolling_7d_mean,44,37.57142857142857,6.428571428571431
2025-07-10,test,rolling_7d_mean,45,40.57142857142857,4.428571428571431
2025-07-11,test,rolling_7d_mean,60,42.714285714285715,17.285714285714285
2025-07-12,test,rolling_7d_mean,59,43.142857142857146,15.857142857142854
2025-07-13,test,rolling_7d_mean,30,43.142857142857146,13.142857142857146
2025-07-14,test,rolling_7d_mean,29,42.857142857142854,13.857142857142854
2025-07-15,test,rolling_7d_mean,30,43.714285714285715,13.714285714285715
2025-07-16,test,rolling_7d_mean,26,42.42857142857143,16.42857142857143
2025-07-17,test,rolling_7d_mean,36,39.857142857142854,3.857142857142854
2025-07-18,test,rolling_7d_mean,60,38.57142857142857,21.42857142857143
2025-07-19,test,rolling_7d_mean,60,38.57142857142857,21.42857142857143
2025-07-20,test,rolling_7d_mean,37,38.714285714285715,1.7142857142857153
2025-07-21,test,rolling_7d_mean,43,39.714285714285715,3.2857142857142847
2025-07-22,test,rolling_7d_mean,27,41.714285714285715,14.714285714285715
2025-07-23,test,rolling_7d_mean,32,41.285714285714285,9.285714285714285
2025-07-24,test,rolling_7d_mean,42,42.142857142857146,0.1428571428571459
2025-07-25,test,rolling_7d_mean,58,43.0,15.0
2025-07-26,test,rolling_7d_mean,60,42.714285714285715,17.285714285714285
2025-07-27,test,rolling_7d_mean,29,42.714285714285715,13.714285714285715
2025-07-28,test,rolling_7d_mean,27,41.57142857142857,14.57142857142857
2025-07-29,test,rolling_7d_mean,28,39.285714285714285,11.285714285714285
2025-07-30,test,rolling_7d_mean,25,39.42857142857143,14.42857142857143
2025-07-31,test,rolling_7d_mean,38,38.42857142857143,0.4285714285714306
2025-08-01,test,rolling_7d_mean,57,37.857142857142854,19.142857142857146
2025-08-02,test,rolling_7d_mean,59,37.714285714285715,21.285714285714285
2025-08-03,test,rolling_7d_mean,18,37.57142857142857,19.57142857142857
2025-08-04,test,rolling_7d_mean,21,36.0,15.0
2025-08-05,test,rolling_7d_mean,18,35.142857142857146,17.142857142857146
2025-08-06,test,rolling_7d_mean,18,33.714285714285715,15.714285714285715
2025-08-07,test,rolling_7d_mean,19,32.714285714285715,13.714285714285715
2025-08-08,test,rolling_7d_mean,52,30.0,22.0
2025-08-09,test,rolling_7d_mean,57,29.285714285714285,27.714285714285715
2025-08-10,test,rolling_7d_mean,42,29.0,13.0
2025-08-11,test,rolling_7d_mean,22,32.42857142857143,10.42857142857143
2025-08-12,test,rolling_7d_mean,36,32.57142857142857,3.4285714285714306
2025-08-13,test,rolling_7d_mean,39,35.142857142857146,3.857142857142854
2025-08-14,test,rolling_7d_mean,46,38.142857142857146,7.857142857142854
2025-08-15,test,rolling_7d_mean,60,42.0,18.0
2025-08-16,test,rolling_7d_mean,59,43.142857142857146,15.857142857142854
2025-08-17,test,rolling_7d_mean,26,43.42857142857143,17.42857142857143
2025-08-18,test,rolling_7d_mean,36,41.142857142857146,5.142857142857146
2025-08-19,test,rolling_7d_mean,24,43.142857142857146,19.142857142857146
2025-08-20,test,rolling_7d_mean,32,41.42857142857143,9.42857142857143
2025-08-21,test,rolling_7d_mean,42,40.42857142857143,1.5714285714285694
2025-08-22,test,rolling_7d_mean,60,39.857142857142854,20.142857142857146
2025-08-23,test,rolling_7d_mean,59,39.857142857142854,19.142857142857146
2025-08-24,test,rolling_7d_mean,48,39.857142857142854,8.142857142857146
2025-08-25,test,rolling_7d_mean,55,43.0,12.0
2025-08-26,test,rolling_7d_mean,59,45.714285714285715,13.285714285714285
2025-08-27,test,rolling_7d_mean,60,50.714285714285715,9.285714285714285
2025-08-28,test,rolling_7d_mean,60,54.714285714285715,5.285714285714285
2025-08-29,test,rolling_7d_mean,57,57.285714285714285,0.2857142857142847
2025-08-30,test,rolling_7d_mean,59,56.857142857142854,2.142857142857146
2025-08-31,test,rolling_7d_mean,59,56.857142857142854,2.142857142857146
2025-09-01,test,rolling_7d_mean,25,58.42857142857143,33.42857142857143
2025-09-02,test,rolling_7d_mean,24,54.142857142857146,30.142857142857146
2025-09-03,test,rolling_7d_mean,22,49.142857142857146,27.142857142857146
2025-09-04,test,rolling_7d_mean,33,43.714285714285715,10.714285714285715
2025-09-05,test,rolling_7d_mean,60,39.857142857142854,20.142857142857146
2025-09-06,test,rolling_7d_mean,59,40.285714285714285,18.714285714285715
2025-09-07,test,rolling_7d_mean,13,40.285714285714285,27.285714285714285
2025-09-08,test,rolling_7d_mean,22,33.714285714285715,11.714285714285715
2025-09-09,test,rolling_7d_mean,18,33.285714285714285,15.285714285714285
2025-09-10,test,rolling_7d_mean,20,32.42857142857143,12.42857142857143
2025-09-11,test,rolling_7d_mean,28,32.142857142857146,4.142857142857146
2025-09-12,test,rolling_7d_mean,58,31.428571428571427,26.571428571428573
2025-09-13,test,rolling_7d_mean,58,31.142857142857142,26.857142857142858
2025-09-14,test,rolling_7d_mean,20,31.0,11.0
2025-09-15,test,rolling_7d_mean,37,32.0,5.0
2025-09-16,test,rolling_7d_mean,42,34.142857142857146,7.857142857142854
2025-09-17,test,rolling_7d_mean,39,37.57142857142857,1.4285714285714306
2025-09-18,test,rolling_7d_mean,36,40.285714285714285,4.285714285714285
2025-09-19,test,rolling_7d_mean,59,41.42857142857143,17.57142857142857
2025-09-20,test,rolling_7d_mean,60,41.57142857142857,18.42857142857143
2025-09-21,test,rolling_7d_mean,40,41.857142857142854,1.857142857142854
2025-09-22,test,rolling_7d_mean,33,44.714285714285715,11.714285714285715
2025-09-23,test,rolling_7d_mean,42,44.142857142857146,2.142857142857146
2025-09-24,test,rolling_7d_mean,32,44.142857142857146,12.142857142857146
2025-09-25,test,rolling_7d_mean,39,43.142857142857146,4.142857142857146
2025-09-26,test,rolling_7d_mean,58,43.57142857142857,14.42857142857143
2025-09-27,test,rolling_7d_mean,59,43.42857142857143,15.57142857142857
2025-09-28,test,rolling_7d_mean,36,43.285714285714285,7.285714285714285
2025-09-29,test,rolling_7d_mean,43,42.714285714285715,0.2857142857142847
2025-09-30,test,rolling_7d_mean,35,44.142857142857146,9.142857142857146
2025-10-01,test,rolling_7d_mean,23,43.142857142857146,20.142857142857146
2025-10-02,test,rolling_7d_mean,33,41.857142857142854,8.857142857142854
2025-10-03,test,rolling_7d_mean,60,41.0,19.0
2025-10-04,test,rolling_7d_mean,59,41.285714285714285,17.714285714285715
2025-10-05,test,rolling_7d_mean,29,41.285714285714285,12.285714285714285
2025-10-06,test,rolling_7d_mean,34,40.285714285714285,6.285714285714285
2025-10-07,test,rolling_7d_mean,34,39.0,5.0
2025-10-08,test,rolling_7d_mean,41,38.857142857142854,2.142857142857146
2025-10-09,test,rolling_7d_mean,49,41.42857142857143,7.571428571428569
2025-10-10,test,rolling_7d_mean,58,43.714285714285715,14.285714285714285
2025-10-11,test,rolling_7d_mean,60,43.42857142857143,16.57142857142857
2025-10-12,test,rolling_7d_mean,59,43.57142857142857,15.42857142857143
2025-10-13,test,rolling_7d_mean,22,47.857142857142854,25.857142857142854
2025-10-14,test,rolling_7d_mean,37,46.142857142857146,9.142857142857146
2025-10-15,test,rolling_7d_mean,53,46.57142857142857,6.428571428571431
2025-10-16,test,rolling_7d_mean,57,48.285714285714285,8.714285714285715
2025-10-17,test,rolling_7d_mean,53,49.42857142857143,3.5714285714285694
2025-10-18,test,rolling_7d_mean,59,48.714285714285715,10.285714285714285
2025-10-19,test,rolling_7d_mean,45,48.57142857142857,3.5714285714285694
2025-10-20,test,rolling_7d_mean,42,46.57142857142857,4.571428571428569
2025-10-21,test,rolling_7d_mean,46,49.42857142857143,3.4285714285714306
2025-10-22,test,rolling_7d_mean,28,50.714285714285715,22.714285714285715
2025-10-23,test,rolling_7d_mean,47,47.142857142857146,0.1428571428571459
2025-10-24,test,rolling_7d_mean,56,45.714285714285715,10.285714285714285
2025-10-25,test,rolling_7d_mean,59,46.142857142857146,12.857142857142854
2025-10-26,test,rolling_7d_mean,29,46.142857142857146,17.142857142857146
2025-10-27,test,rolling_7d_mean,27,43.857142857142854,16.857142857142854
2025-10-28,test,rolling_7d_mean,40,41.714285714285715,1.7142857142857153
2025-10-29,test,rolling_7d_mean,46,40.857142857142854,5.142857142857146
2025-10-30,test,rolling_7d_mean,45,43.42857142857143,1.5714285714285694
2025-10-31,test,rolling_7d_mean,60,43.142857142857146,16.857142857142854
2025-11-01,test,rolling_7d_mean,60,43.714285714285715,16.285714285714285
2025-11-02,test,rolling_7d_mean,38,43.857142857142854,5.857142857142854
2025-11-03,test,rolling_7d_mean,21,45.142857142857146,24.142857142857146
2025-11-04,test,rolling_7d_mean,27,44.285714285714285,17.285714285714285
2025-11-05,test,rolling_7d_mean,20,42.42857142857143,22.42857142857143
2025-11-06,test,rolling_7d_mean,29,38.714285714285715,9.714285714285715
2025-11-07,test,rolling_7d_mean,60,36.42857142857143,23.57142857142857
2025-11-08,test,rolling_7d_mean,60,36.42857142857143,23.57142857142857
2025-11-09,test,rolling_7d_mean,32,36.42857142857143,4.428571428571431
2025-11-10,test,rolling_7d_mean,35,35.57142857142857,0.5714285714285694
2025-11-11,test,rolling_7d_mean,29,37.57142857142857,8.57142857142857
2025-11-12,test,rolling_7d_mean,29,37.857142857142854,8.857142857142854
2025-11-13,test,rolling_7d_mean,25,39.142857142857146,14.142857142857146
2025-11-14,test,rolling_7d_mean,54,38.57142857142857,15.42857142857143
2025-11-15,test,rolling_7d_mean,59,37.714285714285715,21.285714285714285
2025-11-16,test,rolling_7d_mean,19,37.57142857142857,18.57142857142857
2025-11-17,test,rolling_7d_mean,11,35.714285714285715,24.714285714285715
2025-11-18,test,rolling_7d_mean,16,32.285714285714285,16.285714285714285
2025-11-19,test,rolling_7d_mean,27,30.428571428571427,3.428571428571427
2025-11-20,test,rolling_7d_mean,26,30.142857142857142,4.142857142857142
2025-11-21,test,rolling_7d_mean,58,30.285714285714285,27.714285714285715
2025-11-22,test,rolling_7d_mean,58,30.857142857142858,27.142857142857142
2025-11-23,test,rolling_7d_mean,27,30.714285714285715,3.7142857142857153
2025-11-24,test,rolling_7d_mean,30,31.857142857142858,1.8571428571428577
2025-11-25,test,rolling_7d_mean,28,34.57142857142857,6.571428571428569
2025-11-26,test,rolling_7d_mean,42,36.285714285714285,5.714285714285715
2025-11-27,test,rolling_7d_mean,58,38.42857142857143,19.57142857142857
2025-11-28,test,rolling_7d_mean,59,43.0,16.0
2025-11-29,test,rolling_7d_mean,55,43.142857142857146,11.857142857142854
2025-11-30,test,rolling_7d_mean,28,42.714285714285715,14.714285714285715
2025-12-01,test,rolling_7d_mean,30,42.857142857142854,12.857142857142854
2025-12-02,test,rolling_7d_mean,31,42.857142857142854,11.857142857142854
2025-12-03,test,rolling_7d_mean,28,43.285714285714285,15.285714285714285
2025-12-04,test,rolling_7d_mean,37,41.285714285714285,4.285714285714285
2025-12-05,test,rolling_7d_mean,50,38.285714285714285,11.714285714285715
2025-12-06,test,rolling_7d_mean,60,37.0,23.0
2025-12-07,test,rolling_7d_mean,36,37.714285714285715,1.7142857142857153
2025-12-08,test,rolling_7d_mean,26,38.857142857142854,12.857142857142854
2025-12-09,test,rolling_7d_mean,40,38.285714285714285,1.7142857142857153
2025-12-10,test,rolling_7d_mean,21,39.57142857142857,18.57142857142857
2025-12-11,test,rolling_7d_mean,24,38.57142857142857,14.57142857142857
2025-12-12,test,rolling_7d_mean,50,36.714285714285715,13.285714285714285
2025-12-13,test,rolling_7d_mean,52,36.714285714285715,15.285714285714285
2025-12-14,test,rolling_7d_mean,24,35.57142857142857,11.57142857142857
2025-12-15,test,rolling_7d_mean,18,33.857142857142854,15.857142857142854
2025-12-16,test,rolling_7d_mean,23,32.714285714285715,9.714285714285715
2025-12-17,test,rolling_7d_mean,34,30.285714285714285,3.7142857142857153
2025-12-18,test,rolling_7d_mean,43,32.142857142857146,10.857142857142854
2025-12-19,test,rolling_7d_mean,49,34.857142857142854,14.142857142857146
2025-12-20,test,rolling_7d_mean,57,34.714285714285715,22.285714285714285
2025-12-21,test,rolling_7d_mean,35,35.42857142857143,0.4285714285714306
2025-12-22,test,rolling_7d_mean,28,37.0,9.0
2025-12-23,test,rolling_7d_mean,27,38.42857142857143,11.42857142857143
2025-12-24,test,rolling_7d_mean,40,39.0,1.0
2025-12-25,test,rolling_7d_mean,31,39.857142857142854,8.857142857142854
2025-12-26,test,rolling_7d_mean,40,38.142857142857146,1.857142857142854
2025-12-27,test,rolling_7d_mean,44,36.857142857142854,7.142857142857146
2025-12-28,test,rolling_7d_mean,30,35.0,5.0
2025-12-29,test,rolling_7d_mean,28,34.285714285714285,6.285714285714285
2025-12-30,test,rolling_7d_mean,36,34.285714285714285,1.7142857142857153
2025-12-31,test,rolling_7d_mean,55,35.57142857142857,19.42857142857143
2025-01-01,test,rolling_28d_mean,11,40.07142857142857,29.07142857142857
2025-01-02,test,rolling_28d_mean,15,39.107142857142854,24.107142857142854
2025-01-03,test,rolling_28d_mean,17,38.607142857142854,21.607142857142854
2025-01-04,test,rolling_28d_mean,22,37.07142857142857,15.07142857142857
2025-01-05,test,rolling_28d_mean,0,35.714285714285715,35.714285714285715
2025-01-06,test,rolling_28d_mean,0,34.75,34.75
2025-01-07,test,rolling_28d_mean,0,33.892857142857146,33.892857142857146
2025-01-08,test,rolling_28d_mean,0,32.964285714285715,32.964285714285715
2025-01-09,test,rolling_28d_mean,0,31.821428571428573,31.821428571428573
2025-01-10,test,rolling_28d_mean,0,30.785714285714285,30.785714285714285
2025-01-11,test,rolling_28d_mean,0,29.107142857142858,29.107142857142858
2025-01-12,test,rolling_28d_mean,0,27.035714285714285,27.035714285714285
2025-01-13,test,rolling_28d_mean,0,25.821428571428573,25.821428571428573
2025-01-14,test,rolling_28d_mean,0,25.0,25.0
2025-01-15,test,rolling_28d_mean,0,24.071428571428573,24.071428571428573
2025-01-16,test,rolling_28d_mean,1,22.928571428571427,21.928571428571427
2025-01-17,test,rolling_28d_mean,23,22.071428571428573,0.928571428571427
2025-01-18,test,rolling_28d_mean,44,21.035714285714285,22.964285714285715
2025-01-19,test,rolling_28d_mean,13,20.5,7.5
2025-01-20,test,rolling_28d_mean,5,19.857142857142858,14.857142857142858
2025-01-21,test,rolling_28d_mean,2,18.785714285714285,16.785714285714285
2025-01-22,test,rolling_28d_mean,13,17.25,4.25
2025-01-23,test,rolling_28d_mean,14,16.285714285714285,2.2857142857142847
2025-01-24,test,rolling_28d_mean,56,15.071428571428571,40.92857142857143
2025-01-25,test,rolling_28d_mean,58,15.071428571428571,42.92857142857143
2025-01-26,test,rolling_28d_mean,20,15.071428571428571,4.928571428571429
2025-01-27,test,rolling_28d_mean,17,14.392857142857142,2.6071428571428577
2025-01-28,test,rolling_28d_mean,21,13.607142857142858,7.392857142857142
2025-01-29,test,rolling_28d_mean,25,12.571428571428571,12.428571428571429
2025-01-30,test,rolling_28d_mean,28,13.071428571428571,14.928571428571429
2025-01-31,test,rolling_28d_mean,53,13.535714285714286,39.464285714285715
2025-02-01,test,rolling_28d_mean,59,14.821428571428571,44.17857142857143
2025-02-02,test,rolling_28d_mean,19,16.142857142857142,2.8571428571428577
2025-02-03,test,rolling_28d_mean,23,16.821428571428573,6.178571428571427
2025-02-04,test,rolling_28d_mean,25,17.642857142857142,7.357142857142858
2025-02-05,test,rolling_28d_mean,25,18.535714285714285,6.464285714285715
2025-02-06,test,rolling_28d_mean,26,19.428571428571427,6.571428571428573
2025-02-07,test,rolling_28d_mean,31,20.357142857142858,10.642857142857142
2025-02-08,test,rolling_28d_mean,46,21.464285714285715,24.535714285714285
2025-02-09,test,rolling_28d_mean,13,23.107142857142858,10.107142857142858
2025-02-10,test,rolling_28d_mean,16,23.571428571428573,7.571428571428573
2025-02-11,test,rolling_28d_mean,21,24.142857142857142,3.1428571428571423
2025-02-12,test,rolling_28d_mean,21,24.892857142857142,3.8928571428571423
2025-02-13,test,rolling_28d_mean,25,25.642857142857142,0.6428571428571423
2025-02-14,test,rolling_28d_mean,60,26.5,33.5
2025-02-15,test,rolling_28d_mean,54,27.821428571428573,26.178571428571427
2025-02-16,test,rolling_28d_mean,31,28.178571428571427,2.821428571428573
2025-02-17,test,rolling_28d_mean,20,28.821428571428573,8.821428571428573
2025-02-18,test,rolling_28d_mean,31,29.357142857142858,1.6428571428571423
2025-02-19,test,rolling_28d_mean,37,30.392857142857142,6.607142857142858
2025-02-20,test,rolling_28d_mean,44,31.25,12.75
2025-02-21,test,rolling_28d_mean,59,32.32142857142857,26.67857142857143
2025-02-22,test,rolling_28d_mean,59,32.42857142857143,26.57142857142857
2025-02-23,test,rolling_28d_mean,11,32.464285714285715,21.464285714285715
2025-02-24,test,rolling_28d_mean,29,32.142857142857146,3.142857142857146
2025-02-25,test,rolling_28d_mean,22,32.57142857142857,10.57142857142857
2025-02-26,test,rolling_28d_mean,35,32.607142857142854,2.392857142857146
2025-02-27,test,rolling_28d_mean,32,32.964285714285715,0.9642857142857153
2025-02-28,test,rolling_28d_mean,53,33.107142857142854,19.892857142857146
2025-03-01,test,rolling_28d_mean,58,33.107142857142854,24.892857142857146
2025-03-02,test,rolling_28d_mean,11,33.07142857142857,22.07142857142857
2025-03-03,test,rolling_28d_mean,35,32.785714285714285,2.2142857142857153
2025-03-04,test,rolling_28d_mean,35,33.214285714285715,1.7857142857142847
2025-03-05,test,rolling_28d_mean,39,33.57142857142857,5.428571428571431
2025-03-06,test,rolling_28d_mean,35,34.07142857142857,0.9285714285714306
2025-03-07,test,rolling_28d_mean,60,34.392857142857146,25.607142857142854
2025-03-08,test,rolling_28d_mean,59,35.42857142857143,23.57142857142857
2025-03-09,test,rolling_28d_mean,20,35.892857142857146,15.892857142857146
2025-03-10,test,rolling_28d_mean,32,36.142857142857146,4.142857142857146
2025-03-11,test,rolling_28d_mean,31,36.714285714285715,5.714285714285715
2025-03-12,test,rolling_28d_mean,37,37.07142857142857,0.0714285714285694
2025-03-13,test,rolling_28d_mean,42,37.642857142857146,4.357142857142854
2025-03-14,test,rolling_28d_mean,58,38.25,19.75
2025-03-15,test,rolling_28d_mean,59,38.17857142857143,20.82142857142857
2025-03-16,test,rolling_28d_mean,34,38.357142857142854,4.357142857142854
2025-03-17,test,rolling_28d_mean,31,38.464285714285715,7.464285714285715
2025-03-18,test,rolling_28d_mean,32,38.857142857142854,6.857142857142854
2025-03-19,test,rolling_28d_mean,24,38.892857142857146,14.892857142857146
2025-03-20,test,rolling_28d_mean,49,38.42857142857143,10.57142857142857
2025-03-21,test,rolling_28d_mean,58,38.607142857142854,19.392857142857146
2025-03-22,test,rolling_28d_mean,60,38.57142857142857,21.42857142857143
2025-03-23,test,rolling_28d_mean,30,38.607142857142854,8.607142857142854
2025-03-24,test,rolling_28d_mean,30,39.285714285714285,9.285714285714285
2025-03-25,test,rolling_28d_mean,30,39.32142857142857,9.32142857142857
2025-03-26,test,rolling_28d_mean,35,39.607142857142854,4.607142857142854
2025-03-27,test,rolling_28d_mean,43,39.607142857142854,3.392857142857146
2025-03-28,test,rolling_28d_mean,58,40.0,18.0
2025-03-29,test,rolling_28d_mean,58,40.17857142857143,17.82142857142857
2025-03-30,test,rolling_28d_mean,40,40.17857142857143,0.1785714285714306
2025-03-31,test,rolling_28d_mean,33,41.214285714285715,8.214285714285715
2025-04-01,test,rolling_28d_mean,23,41.142857142857146,18.142857142857146
2025-04-02,test,rolling_28d_mean,24,40.714285714285715,16.714285714285715
2025-04-03,test,rolling_28d_mean,33,40.17857142857143,7.178571428571431
2025-04-04,test,rolling_28d_mean,59,40.107142857142854,18.892857142857146
2025-04-05,test,rolling_28d_mean,59,40.07142857142857,18.92857142857143
2025-04-06,test,rolling_28d_mean,36,40.07142857142857,4.071428571428569
2025-04-07,test,rolling_28d_mean,19,40.642857142857146,21.642857142857146
2025-04-08,test,rolling_28d_mean,23,40.17857142857143,17.17857142857143
2025-04-09,test,rolling_28d_mean,28,39.892857142857146,11.892857142857146
2025-04-10,test,rolling_28d_mean,50,39.57142857142857,10.42857142857143
2025-04-11,test,rolling_28d_mean,59,39.857142857142854,19.142857142857146
2025-04-12,test,rolling_28d_mean,59,39.892857142857146,19.107142857142854
2025-04-13,test,rolling_28d_mean,32,39.892857142857146,7.892857142857146
2025-04-14,test,rolling_28d_mean,39,39.82142857142857,0.8214285714285694
2025-04-15,test,rolling_28d_mean,33,40.107142857142854,7.107142857142854
2025-04-16,test,rolling_28d_mean,34,40.142857142857146,6.142857142857146
2025-04-17,test,rolling_28d_mean,43,40.5,2.5
2025-04-18,test,rolling_28d_mean,60,40.285714285714285,19.714285714285715
2025-04-19,test,rolling_28d_mean,59,40.357142857142854,18.642857142857146
2025-04-20,test,rolling_28d_mean,27,40.32142857142857,13.32142857142857
2025-04-21,test,rolling_28d_mean,39,40.214285714285715,1.2142857142857153
2025-04-22,test,rolling_28d_mean,44,40.535714285714285,3.4642857142857153
2025-04-23,test,rolling_28d_mean,36,41.035714285714285,5.035714285714285
2025-04-24,test,rolling_28d_mean,50,41.07142857142857,8.92857142857143
2025-04-25,test,rolling_28d_mean,55,41.32142857142857,13.67857142857143
2025-04-26,test,rolling_28d_mean,59,41.214285714285715,17.785714285714285
2025-04-27,test,rolling_28d_mean,21,41.25,20.25
2025-04-28,test,rolling_28d_mean,30,40.57142857142857,10.57142857142857
2025-04-29,test,rolling_28d_mean,35,40.464285714285715,5.464285714285715
2025-04-30,test,rolling_28d_mean,29,40.892857142857146,11.892857142857146
2025-05-01,test,rolling_28d_mean,30,41.07142857142857,11.07142857142857
2025-05-02,test,rolling_28d_mean,58,40.964285714285715,17.035714285714285
2025-05-03,test,rolling_28d_mean,59,40.92857142857143,18.07142857142857
2025-05-04,test,rolling_28d_mean,19,40.92857142857143,21.92857142857143
2025-05-05,test,rolling_28d_mean,8,40.32142857142857,32.32142857142857
2025-05-06,test,rolling_28d_mean,13,39.92857142857143,26.92857142857143
2025-05-07,test,rolling_28d_mean,43,39.57142857142857,3.4285714285714306
2025-05-08,test,rolling_28d_mean,54,40.107142857142854,13.892857142857146
2025-05-09,test,rolling_28d_mean,60,40.25,19.75
2025-05-10,test,rolling_28d_mean,59,40.285714285714285,18.714285714285715
2025-05-11,test,rolling_28d_mean,15,40.285714285714285,25.285714285714285
2025-05-12,test,rolling_28d_mean,34,39.67857142857143,5.678571428571431
2025-05-13,test,rolling_28d_mean,44,39.5,4.5
2025-05-14,test,rolling_28d_mean,56,39.892857142857146,16.107142857142854
2025-05-15,test,rolling_28d_mean,50,40.67857142857143,9.32142857142857
2025-05-16,test,rolling_28d_mean,59,40.92857142857143,18.07142857142857
2025-05-17,test,rolling_28d_mean,58,40.892857142857146,17.107142857142854
2025-05-18,test,rolling_28d_mean,36,40.857142857142854,4.857142857142854
2025-05-19,test,rolling_28d_mean,22,41.17857142857143,19.17857142857143
2025-05-20,test,rolling_28d_mean,26,40.57142857142857,14.57142857142857
2025-05-21,test,rolling_28d_mean,22,39.92857142857143,17.92857142857143
2025-05-22,test,rolling_28d_mean,20,39.42857142857143,19.42857142857143
2025-05-23,test,rolling_28d_mean,56,38.357142857142854,17.642857142857146
2025-05-24,test,rolling_28d_mean,57,38.392857142857146,18.607142857142854
2025-05-25,test,rolling_28d_mean,52,38.32142857142857,13.67857142857143
2025-05-26,test,rolling_28d_mean,9,39.42857142857143,30.42857142857143
2025-05-27,test,rolling_28d_mean,9,38.67857142857143,29.67857142857143
2025-05-28,test,rolling_28d_mean,17,37.75,20.75
2025-05-29,test,rolling_28d_mean,37,37.32142857142857,0.3214285714285694
2025-05-30,test,rolling_28d_mean,54,37.57142857142857,16.42857142857143
2025-05-31,test,rolling_28d_mean,58,37.42857142857143,20.57142857142857
2025-06-01,test,rolling_28d_mean,45,37.392857142857146,7.607142857142854
2025-06-02,test,rolling_28d_mean,25,38.32142857142857,13.32142857142857
2025-06-03,test,rolling_28d_mean,25,38.92857142857143,13.92857142857143
2025-06-04,test,rolling_28d_mean,39,39.357142857142854,0.3571428571428541
2025-06-05,test,rolling_28d_mean,34,39.214285714285715,5.214285714285715
2025-06-06,test,rolling_28d_mean,58,38.5,19.5
2025-06-07,test,rolling_28d_mean,57,38.42857142857143,18.57142857142857
2025-06-08,test,rolling_28d_mean,29,38.357142857142854,9.357142857142854
2025-06-09,test,rolling_28d_mean,34,38.857142857142854,4.857142857142854
2025-06-10,test,rolling_28d_mean,48,38.857142857142854,9.142857142857146
2025-06-11,test,rolling_28d_mean,39,39.0,0.0
2025-06-12,test,rolling_28d_mean,44,38.392857142857146,5.607142857142854
2025-06-13,test,rolling_28d_mean,60,38.17857142857143,21.82142857142857
2025-06-14,test,rolling_28d_mean,59,38.214285714285715,20.785714285714285
2025-06-15,test,rolling_28d_mean,16,38.25,22.25
2025-06-16,test,rolling_28d_mean,10,37.535714285714285,27.535714285714285
2025-06-17,test,rolling_28d_mean,22,37.107142857142854,15.107142857142854
2025-06-18,test,rolling_28d_mean,13,36.964285714285715,23.964285714285715
2025-06-19,test,rolling_28d_mean,31,36.642857142857146,5.642857142857146
2025-06-20,test,rolling_28d_mean,60,37.035714285714285,22.964285714285715
2025-06-21,test,rolling_28d_mean,57,37.17857142857143,19.82142857142857
2025-06-22,test,rolling_28d_mean,19,37.17857142857143,18.17857142857143
2025-06-23,test,rolling_28d_mean,19,36.0,17.0
2025-06-24,test,rolling_28d_mean,34,36.357142857142854,2.357142857142854
2025-06-25,test,rolling_28d_mean,36,37.25,1.25
2025-06-26,test,rolling_28d_mean,31,37.92857142857143,6.928571428571431
2025-06-27,test,rolling_28d_mean,59,37.714285714285715,21.285714285714285
2025-06-28,test,rolling_28d_mean,59,37.892857142857146,21.107142857142854
2025-06-29,test,rolling_28d_mean,32,37.92857142857143,5.928571428571431
2025-06-30,test,rolling_28d_mean,25,37.464285714285715,12.464285714285715
2025-07-01,test,rolling_28d_mean,29,37.464285714285715,8.464285714285715
2025-07-02,test,rolling_28d_mean,23,37.607142857142854,14.607142857142854
2025-07-03,test,rolling_28d_mean,30,37.035714285714285,7.035714285714285
2025-07-04,test,rolling_28d_mean,57,36.892857142857146,20.107142857142854
2025-07-05,test,rolling_28d_mean,59,36.857142857142854,22.142857142857146
2025-07-06,test,rolling_28d_mean,32,36.92857142857143,4.928571428571431
2025-07-07,test,rolling_28d_mean,23,37.035714285714285,14.035714285714285
2025-07-08,test,rolling_28d_mean,39,36.642857142857146,2.357142857142854
2025-07-09,test,rolling_28d_mean,44,36.32142857142857,7.678571428571431
2025-07-10,test,rolling_28d_mean,45,36.5,8.5
2025-07-11,test,rolling_28d_mean,60,36.535714285714285,23.464285714285715
2025-07-12,test,rolling_28d_mean,59,36.535714285714285,22.464285714285715
2025-07-13,test,rolling_28d_mean,30,36.535714285714285,6.535714285714285
2025-07-14,test,rolling_28d_mean,29,37.035714285714285,8.035714285714285
2025-07-15,test,rolling_28d_mean,30,37.714285714285715,7.714285714285715
2025-07-16,test,rolling_28d_mean,26,38.0,12.0
2025-07-17,test,rolling_28d_mean,36,38.464285714285715,2.4642857142857153
2025-07-18,test,rolling_28d_mean,60,38.642857142857146,21.357142857142854
2025-07-19,test,rolling_28d_mean,60,38.642857142857146,21.357142857142854
2025-07-20,test,rolling_28d_mean,37,38.75,1.75
2025-07-21,test,rolling_28d_mean,43,39.392857142857146,3.607142857142854
2025-07-22,test,rolling_28d_mean,27,40.25,13.25
2025-07-23,test,rolling_28d_mean,32,40.0,8.0
2025-07-24,test,rolling_28d_mean,42,39.857142857142854,2.142857142857146
2025-07-25,test,rolling_28d_mean,58,40.25,17.75
2025-07-26,test,rolling_28d_mean,60,40.214285714285715,19.785714285714285
2025-07-27,test,rolling_28d_mean,29,40.25,11.25
2025-07-28,test,rolling_28d_mean,27,40.142857142857146,13.142857142857146
2025-07-29,test,rolling_28d_mean,28,40.214285714285715,12.214285714285715
2025-07-30,test,rolling_28d_mean,25,40.17857142857143,15.17857142857143
2025-07-31,test,rolling_28d_mean,38,40.25,2.25
2025-08-01,test,rolling_28d_mean,57,40.535714285714285,16.464285714285715
2025-08-02,test,rolling_28d_mean,59,40.535714285714285,18.464285714285715
2025-08-03,test,rolling_28d_mean,18,40.535714285714285,22.535714285714285
2025-08-04,test,rolling_28d_mean,21,40.035714285714285,19.035714285714285
2025-08-05,test,rolling_28d_mean,18,39.964285714285715,21.964285714285715
2025-08-06,test,rolling_28d_mean,18,39.214285714285715,21.214285714285715
2025-08-07,test,rolling_28d_mean,19,38.285714285714285,19.285714285714285
2025-08-08,test,rolling_28d_mean,52,37.357142857142854,14.642857142857146
2025-08-09,test,rolling_28d_mean,57,37.07142857142857,19.92857142857143
2025-08-10,test,rolling_28d_mean,42,37.0,5.0
2025-08-11,test,rolling_28d_mean,22,37.42857142857143,15.42857142857143
2025-08-12,test,rolling_28d_mean,36,37.17857142857143,1.1785714285714306
2025-08-13,test,rolling_28d_mean,39,37.392857142857146,1.607142857142854
2025-08-14,test,rolling_28d_mean,46,37.857142857142854,8.142857142857146
2025-08-15,test,rolling_28d_mean,60,38.214285714285715,21.785714285714285
2025-08-16,test,rolling_28d_mean,59,38.214285714285715,20.785714285714285
2025-08-17,test,rolling_28d_mean,26,38.17857142857143,12.17857142857143
2025-08-18,test,rolling_28d_mean,36,37.785714285714285,1.7857142857142847
2025-08-19,test,rolling_28d_mean,24,37.535714285714285,13.535714285714285
2025-08-20,test,rolling_28d_mean,32,37.42857142857143,5.428571428571431
2025-08-21,test,rolling_28d_mean,42,37.42857142857143,4.571428571428569
2025-08-22,test,rolling_28d_mean,60,37.42857142857143,22.57142857142857
2025-08-23,test,rolling_28d_mean,59,37.5,21.5
2025-08-24,test,rolling_28d_mean,48,37.464285714285715,10.535714285714285
2025-08-25,test,rolling_28d_mean,55,38.142857142857146,16.857142857142854
2025-08-26,test,rolling_28d_mean,59,39.142857142857146,19.857142857142854
2025-08-27,test,rolling_28d_mean,60,40.25,19.75
2025-08-28,test,rolling_28d_mean,60,41.5,18.5
2025-08-29,test,rolling_28d_mean,57,42.285714285714285,14.714285714285715
2025-08-30,test,rolling_28d_mean,59,42.285714285714285,16.714285714285715
2025-08-31,test,rolling_28d_mean,59,42.285714285714285,16.714285714285715
2025-09-01,test,rolling_28d_mean,25,43.75,18.75
2025-09-02,test,rolling_28d_mean,24,43.892857142857146,19.892857142857146
2025-09-03,test,rolling_28d_mean,22,44.107142857142854,22.107142857142854
2025-09-04,test,rolling_28d_mean,33,44.25,11.25
2025-09-05,test,rolling_28d_mean,60,44.75,15.25
2025-09-06,test,rolling_28d_mean,59,45.035714285714285,13.964285714285715
2025-09-07,test,rolling_28d_mean,13,45.107142857142854,32.107142857142854
2025-09-08,test,rolling_28d_mean,22,44.07142857142857,22.07142857142857
2025-09-09,test,rolling_28d_mean,18,44.07142857142857,26.07142857142857
2025-09-10,test,rolling_28d_mean,20,43.42857142857143,23.42857142857143
2025-09-11,test,rolling_28d_mean,28,42.75,14.75
2025-09-12,test,rolling_28d_mean,58,42.107142857142854,15.892857142857146
2025-09-13,test,rolling_28d_mean,58,42.035714285714285,15.964285714285715
2025-09-14,test,rolling_28d_mean,20,42.0,22.0
2025-09-15,test,rolling_28d_mean,37,41.785714285714285,4.785714285714285
2025-09-16,test,rolling_28d_mean,42,41.82142857142857,0.1785714285714306
2025-09-17,test,rolling_28d_mean,39,42.464285714285715,3.4642857142857153
2025-09-18,test,rolling_28d_mean,36,42.714285714285715,6.714285714285715
2025-09-19,test,rolling_28d_mean,59,42.5,16.5
2025-09-20,test,rolling_28d_mean,60,42.464285714285715,17.535714285714285
2025-09-21,test,rolling_28d_mean,40,42.5,2.5
2025-09-22,test,rolling_28d_mean,33,42.214285714285715,9.214285714285715
2025-09-23,test,rolling_28d_mean,42,41.42857142857143,0.5714285714285694
2025-09-24,test,rolling_28d_mean,32,40.82142857142857,8.82142857142857
2025-09-25,test,rolling_28d_mean,39,39.82142857142857,0.8214285714285694
2025-09-26,test,rolling_28d_mean,58,39.07142857142857,18.92857142857143
2025-09-27,test,rolling_28d_mean,59,39.107142857142854,19.892857142857146
2025-09-28,test,rolling_28d_mean,36,39.107142857142854,3.107142857142854
2025-09-29,test,rolling_28d_mean,43,38.285714285714285,4.714285714285715
2025-09-30,test,rolling_28d_mean,35,38.92857142857143,3.9285714285714306
2025-10-01,test,rolling_28d_mean,23,39.32142857142857,16.32142857142857
2025-10-02,test,rolling_28d_mean,33,39.357142857142854,6.357142857142854
2025-10-03,test,rolling_28d_mean,60,39.357142857142854,20.642857142857146
2025-10-04,test,rolling_28d_mean,59,39.357142857142854,19.642857142857146
2025-10-05,test,rolling_28d_mean,29,39.357142857142854,10.357142857142854
2025-10-06,test,rolling_28d_mean,34,39.92857142857143,5.928571428571431
2025-10-07,test,rolling_28d_mean,34,40.357142857142854,6.357142857142854
2025-10-08,test,rolling_28d_mean,41,40.92857142857143,0.0714285714285694
2025-10-09,test,rolling_28d_mean,49,41.67857142857143,7.321428571428569
2025-10-10,test,rolling_28d_mean,58,42.42857142857143,15.57142857142857
2025-10-11,test,rolling_28d_mean,60,42.42857142857143,17.57142857142857
2025-10-12,test,rolling_28d_mean,59,42.5,16.5
2025-10-13,test,rolling_28d_mean,22,43.892857142857146,21.892857142857146
2025-10-14,test,rolling_28d_mean,37,43.357142857142854,6.357142857142854
2025-10-15,test,rolling_28d_mean,53,43.17857142857143,9.82142857142857
2025-10-16,test,rolling_28d_mean,57,43.67857142857143,13.32142857142857
2025-10-17,test,rolling_28d_mean,53,44.42857142857143,8.57142857142857
2025-10-18,test,rolling_28d_mean,59,44.214285714285715,14.785714285714285
2025-10-19,test,rolling_28d_mean,45,44.17857142857143,0.8214285714285694
2025-10-20,test,rolling_28d_mean,42,44.357142857142854,2.357142857142854
2025-10-21,test,rolling_28d_mean,46,44.67857142857143,1.3214285714285694
2025-10-22,test,rolling_28d_mean,28,44.82142857142857,16.82142857142857
2025-10-23,test,rolling_28d_mean,47,44.67857142857143,2.3214285714285694
2025-10-24,test,rolling_28d_mean,56,44.964285714285715,11.035714285714285
2025-10-25,test,rolling_28d_mean,59,44.892857142857146,14.107142857142854
2025-10-26,test,rolling_28d_mean,29,44.892857142857146,15.892857142857146
2025-10-27,test,rolling_28d_mean,27,44.642857142857146,17.642857142857146
2025-10-28,test,rolling_28d_mean,40,44.07142857142857,4.071428571428569
2025-10-29,test,rolling_28d_mean,46,44.25,1.75
2025-10-30,test,rolling_28d_mean,45,45.07142857142857,0.0714285714285694
2025-10-31,test,rolling_28d_mean,60,45.5,14.5
2025-11-01,test,rolling_28d_mean,60,45.5,14.5
2025-11-02,test,rolling_28d_mean,38,45.535714285714285,7.535714285714285
2025-11-03,test,rolling_28d_mean,21,45.857142857142854,24.857142857142854
2025-11-04,test,rolling_28d_mean,27,45.392857142857146,18.392857142857146
2025-11-05,test,rolling_28d_mean,20,45.142857142857146,25.142857142857146
2025-11-06,test,rolling_28d_mean,29,44.392857142857146,15.392857142857146
2025-11-07,test,rolling_28d_mean,60,43.67857142857143,16.32142857142857
2025-11-08,test,rolling_28d_mean,60,43.75,16.25
2025-11-09,test,rolling_28d_mean,32,43.75,11.75
2025-11-10,test,rolling_28d_mean,35,42.785714285714285,7.785714285714285
2025-11-11,test,rolling_28d_mean,29,43.25,14.25
2025-11-12,test,rolling_28d_mean,29,42.964285714285715,13.964285714285715
2025-11-13,test,rolling_28d_mean,25,42.107142857142854,17.107142857142854
2025-11-14,test,rolling_28d_mean,54,40.964285714285715,13.035714285714285
2025-11-15,test,rolling_28d_mean,59,41.0,18.0
2025-11-16,test,rolling_28d_mean,19,41.0,22.0
2025-11-17,test,rolling_28d_mean,11,40.07142857142857,29.07142857142857
2025-11-18,test,rolling_28d_mean,16,38.964285714285715,22.964285714285715
2025-11-19,test,rolling_28d_mean,27,37.892857142857146,10.892857142857146
2025-11-20,test,rolling_28d_mean,26,37.857142857142854,11.857142857142854
2025-11-21,test,rolling_28d_mean,58,37.107142857142854,20.892857142857146
2025-11-22,test,rolling_28d_mean,58,37.17857142857143,20.82142857142857
2025-11-23,test,rolling_28d_mean,27,37.142857142857146,10.142857142857146
2025-11-24,test,rolling_28d_mean,30,37.07142857142857,7.071428571428569
2025-11-25,test,rolling_28d_mean,28,37.17857142857143,9.17857142857143
2025-11-26,test,rolling_28d_mean,42,36.75,5.25
2025-11-27,test,rolling_28d_mean,58,36.607142857142854,21.392857142857146
2025-11-28,test,rolling_28d_mean,59,37.07142857142857,21.92857142857143
2025-11-29,test,rolling_28d_mean,55,37.035714285714285,17.964285714285715
2025-11-30,test,rolling_28d_mean,28,36.857142857142854,8.857142857142854
2025-12-01,test,rolling_28d_mean,30,36.5,6.5
2025-12-02,test,rolling_28d_mean,31,36.82142857142857,5.821428571428569
2025-12-03,test,rolling_28d_mean,28,36.964285714285715,8.964285714285715
2025-12-04,test,rolling_28d_mean,37,37.25,0.25
2025-12-05,test,rolling_28d_mean,50,37.535714285714285,12.464285714285715
2025-12-06,test,rolling_28d_mean,60,37.17857142857143,22.82142857142857
2025-12-07,test,rolling_28d_mean,36,37.17857142857143,1.1785714285714306
2025-12-08,test,rolling_28d_mean,26,37.32142857142857,11.32142857142857
2025-12-09,test,rolling_28d_mean,40,37.0,3.0
2025-12-10,test,rolling_28d_mean,21,37.392857142857146,16.392857142857146
2025-12-11,test,rolling_28d_mean,24,37.107142857142854,13.107142857142854
2025-12-12,test,rolling_28d_mean,50,37.07142857142857,12.92857142857143
2025-12-13,test,rolling_28d_mean,52,36.92857142857143,15.07142857142857
2025-12-14,test,rolling_28d_mean,24,36.67857142857143,12.67857142857143
2025-12-15,test,rolling_28d_mean,18,36.857142857142854,18.857142857142854
2025-12-16,test,rolling_28d_mean,23,37.107142857142854,14.107142857142854
2025-12-17,test,rolling_28d_mean,34,37.357142857142854,3.357142857142854
2025-12-18,test,rolling_28d_mean,43,37.607142857142854,5.392857142857146
2025-12-19,test,rolling_28d_mean,49,38.214285714285715,10.785714285714285
2025-12-20,test,rolling_28d_mean,57,37.892857142857146,19.107142857142854
2025-12-21,test,rolling_28d_mean,35,37.857142857142854,2.857142857142854
2025-12-22,test,rolling_28d_mean,28,38.142857142857146,10.142857142857146
2025-12-23,test,rolling_28d_mean,27,38.07142857142857,11.07142857142857
2025-12-24,test,rolling_28d_mean,40,38.035714285714285,1.9642857142857153
2025-12-25,test,rolling_28d_mean,31,37.964285714285715,6.964285714285715
2025-12-26,test,rolling_28d_mean,40,37.0,3.0
2025-12-27,test,rolling_28d_mean,44,36.32142857142857,7.678571428571431
2025-12-28,test,rolling_28d_mean,30,35.92857142857143,5.928571428571431
2025-12-29,test,rolling_28d_mean,28,36.0,8.0
2025-12-30,test,rolling_28d_mean,36,35.92857142857143,0.0714285714285694
2025-12-31,test,rolling_28d_mean,55,36.107142857142854,18.892857142857146
2024-07-01,validation,ridge_regression,14,19.742416115494905,5.742416115494905
2024-07-02,validation,ridge_regression,17,24.788944667090856,7.788944667090856
2024-07-03,validation,ridge_regression,23,32.18456897994772,9.18456897994772
2024-07-04,validation,ridge_regression,26,39.22501936953417,13.225019369534166
2024-07-05,validation,ridge_regression,59,50.50927865014364,8.490721349856358
2024-07-06,validation,ridge_regression,59,56.34146269700928,2.658537302990723
2024-07-07,validation,ridge_regression,22,25.761479094719608,3.7614790947196077
2024-07-08,validation,ridge_regression,27,25.590359106274626,1.4096408937253742
2024-07-09,validation,ridge_regression,33,29.317044333565995,3.6829556664340046
2024-07-10,validation,ridge_regression,40,38.607105988387765,1.3928940116122348
2024-07-11,validation,ridge_regression,50,44.02552055913402,5.974479440865977
2024-07-12,validation,ridge_regression,58,60.0,2.0
2024-07-13,validation,ridge_regression,60,57.72988024915151,2.2701197508484867
2024-07-14,validation,ridge_regression,25,26.61621931475309,1.6162193147530886
2024-07-15,validation,ridge_regression,28,26.68418335329772,1.315816646702281
2024-07-16,validation,ridge_regression,36,26.99285145596715,9.007148544032852
2024-07-17,validation,ridge_regression,27,34.14687189452975,7.1468718945297525
2024-07-18,validation,ridge_regression,32,42.99403319015393,10.994033190153928
2024-07-19,validation,ridge_regression,59,52.817740697618,6.1822593023820005
2024-07-20,validation,ridge_regression,60,58.20991931570943,1.7900806842905723
2024-07-21,validation,ridge_regression,41,31.66290269928196,9.337097300718039
2024-07-22,validation,ridge_regression,45,32.47444160428347,12.52555839571653
2024-07-23,validation,ridge_regression,52,35.81096595708555,16.18903404291445
2024-07-24,validation,ridge_regression,57,41.205226027335,15.794773972664998
2024-07-25,validation,ridge_regression,58,48.12163813345675,9.878361866543251
2024-07-26,validation,ridge_regression,60,59.89077665117879,0.10922334882121021
2024-07-27,validation,ridge_regression,60,56.98186952542242,3.018130474577582
2024-07-28,validation,ridge_regression,28,31.56480228742313,3.564802287423131
2024-07-29,validation,ridge_regression,22,29.72255148904265,7.722551489042651
2024-07-30,validation,ridge_regression,27,25.1138420880496,1.8861579119503986
2024-07-31,validation,ridge_regression,40,28.071916101982875,11.928083898017125
2024-08-01,validation,ridge_regression,33,43.180682037442914,10.180682037442914
2024-08-02,validation,ridge_regression,60,50.28153317025738,9.718466829742617
2024-08-03,validation,ridge_regression,60,55.33769078495524,4.662309215044758
2024-08-04,validation,ridge_regression,22,29.578010226596177,7.578010226596177
2024-08-05,validation,ridge_regression,24,23.935264334290245,0.06473566570975464
2024-08-06,validation,ridge_regression,30,26.34256255721819,3.6574374427818093
2024-08-07,validation,ridge_regression,37,36.949414930000664,0.050585069999335985
2024-08-08,validation,ridge_regression,41,46.9409557954029,5.9409557954029
2024-08-09,validation,ridge_regression,55,54.248258040299106,0.7517419597008939
2024-08-10,validation,ridge_regression,59,55.632988195641104,3.3670118043588957
2024-08-11,validation,ridge_regression,26,31.287620017610585,5.287620017610585
2024-08-12,validation,ridge_regression,31,29.802312725934385,1.1976872740656148
2024-08-13,validation,ridge_regression,52,34.687106138614645,17.312893861385355
2024-08-14,validation,ridge_regression,36,45.023829256414004,9.023829256414004
2024-08-15,validation,ridge_regression,50,45.382737240377615,4.617262759622385
2024-08-16,validation,ridge_regression,60,57.93397960015592,2.066020399844078
2024-08-17,validation,ridge_regression,60,56.21289382572727,3.787106174272729
2024-08-18,validation,ridge_regression,25,30.5152217805013,5.5152217805012995
2024-08-19,validation,ridge_regression,33,27.028106784841405,5.971893215158595
2024-08-20,validation,ridge_regression,27,34.58319219310071,7.583192193100707
2024-08-21,validation,ridge_regression,38,34.873895886783046,3.126104113216954
2024-08-22,validation,ridge_regression,45,47.73497765457013,2.7349776545701303
2024-08-23,validation,ridge_regression,60,52.7369136486164,7.263086351383599
2024-08-24,validation,ridge_regression,60,54.843507087805555,5.1564929121944445
2024-08-25,validation,ridge_regression,42,29.859536918972935,12.140463081027065
2024-08-26,validation,ridge_regression,52,29.98483829173462,22.01516170826538
2024-08-27,validation,ridge_regression,57,31.736477546000152,25.263522453999848
2024-08-28,validation,ridge_regression,60,40.17873725308664,19.821262746913362
2024-08-29,validation,ridge_regression,59,49.5766753087989,9.423324691201103
2024-08-30,validation,ridge_regression,49,56.12517594576149,7.125175945761491
2024-08-31,validation,ridge_regression,66,46.96916426498843,19.03083573501157
2024-09-01,validation,ridge_regression,60,29.77817202556335,30.22182797443665
2024-09-02,validation,ridge_regression,38,45.893268574421725,7.893268574421725
2024-09-03,validation,ridge_regression,33,33.97267791182636,0.9726779118263593
2024-09-04,validation,ridge_regression,31,36.79904362620058,5.799043626200579
2024-09-05,validation,ridge_regression,36,38.83733060298683,2.8373306029868317
2024-09-06,validation,ridge_regression,57,42.341875814393894,14.658124185606106
2024-09-07,validation,ridge_regression,59,49.02141580886782,9.978584191132178
2024-09-08,validation,ridge_regression,24,33.05518352087253,9.055183520872532
2024-09-09,validation,ridge_regression,29,24.572724959560468,4.4272750404395325
2024-09-10,validation,ridge_regression,25,30.23216469362093,5.2321646936209305
2024-09-11,validation,ridge_regression,22,31.160289643393316,9.160289643393316
2024-09-12,validation,ridge_regression,39,37.77899217988657,1.221007820113428
2024-09-13,validation,ridge_regression,59,49.94254984840157,9.057450151598431
2024-09-14,validation,ridge_regression,60,52.678200239516855,7.321799760483145
2024-09-15,validation,ridge_regression,29,30.806509716215693,1.8065097162156931
2024-09-16,validation,ridge_regression,40,28.54062259808712,11.459377401912882
2024-09-17,validation,ridge_regression,49,26.50711298495292,22.49288701504708
2024-09-18,validation,ridge_regression,50,32.18174105971254,17.818258940287457
2024-09-19,validation,ridge_regression,54,43.38790818523588,10.61209181476412
2024-09-20,validation,ridge_regression,59,53.432027316975436,5.567972683024564
2024-09-21,validation,ridge_regression,59,50.43771990270231,8.562280097297688
2024-09-22,validation,ridge_regression,36,27.23109226909554,8.76890773090446
2024-09-23,validation,ridge_regression,42,32.952018120066775,9.047981879933225
2024-09-24,validation,ridge_regression,55,33.9864991143539,21.013500885646103
2024-09-25,validation,ridge_regression,56,42.45636374833066,13.54363625166934
2024-09-26,validation,ridge_regression,56,48.5994070250054,7.400592974994602
2024-09-27,validation,ridge_regression,59,49.25287149508461,9.747128504915388
2024-09-28,validation,ridge_regression,57,49.0584802980153,7.941519701984703
2024-09-29,validation,ridge_regression,38,33.58271664163475,4.417283358365253
2024-09-30,validation,ridge_regression,30,34.16699762925229,4.166997629252293
2024-10-01,validation,ridge_regression,14,27.24428860442011,13.24428860442011
2024-10-02,validation,ridge_regression,11,30.282288219440442,19.282288219440442
2024-10-03,validation,ridge_regression,39,31.701097052009594,7.298902947990406
2024-10-04,validation,ridge_regression,60,46.99295317295449,13.007046827045507
2024-10-05,validation,ridge_regression,58,47.172049313619304,10.827950686380696
2024-10-06,validation,ridge_regression,25,27.350442729942472,2.350442729942472
2024-10-07,validation,ridge_regression,22,20.61576265417865,1.3842373458213508
2024-10-08,validation,ridge_regression,30,12.275138368937668,17.724861631062332
2024-10-09,validation,ridge_regression,38,21.008915422001724,16.991084577998276
2024-10-10,validation,ridge_regression,59,37.7806113669615,21.2193886330385
2024-10-11,validation,ridge_regression,60,55.34459184084082,4.65540815915918
2024-10-12,validation,ridge_regression,60,48.66305578533255,11.336944214667447
2024-10-13,validation,ridge_regression,60,25.29903308046844,34.70096691953156
2024-10-14,validation,ridge_regression,18,32.00193004705831,14.001930047058309
2024-10-15,validation,ridge_regression,24,14.120231013543236,9.879768986456764
2024-10-16,validation,ridge_regression,34,19.756980926757382,14.243019073242618
2024-10-17,validation,ridge_regression,51,34.31237677352308,16.687623226476923
2024-10-18,validation,ridge_regression,60,47.76157407540817,12.23842592459183
2024-10-19,validation,ridge_regression,60,46.50889375044396,13.49110624955604
2024-10-20,validation,ridge_regression,44,28.75847610523317,15.241523894766829
2024-10-21,validation,ridge_regression,31,25.138950838164284,5.861049161835716
2024-10-22,validation,ridge_regression,37,22.46263396066105,14.537366039338949
2024-10-23,validation,ridge_regression,51,32.108868080605845,18.891131919394155
2024-10-24,validation,ridge_regression,58,48.8187817256182,9.181218274381798
2024-10-25,validation,ridge_regression,59,53.656016970532804,5.343983029467196
2024-10-26,validation,ridge_regression,59,48.390458579971465,10.609541420028535
2024-10-27,validation,ridge_regression,59,30.707214795349344,28.292785204650656
2024-10-28,validation,ridge_regression,21,33.0598093586986,12.059809358698601
2024-10-29,validation,ridge_regression,23,11.835238541395082,11.164761458604918
2024-10-30,validation,ridge_regression,26,16.32127141630671,9.678728583693289
2024-10-31,validation,ridge_regression,40,29.496110816921778,10.503889183078222
2024-11-01,validation,ridge_regression,60,47.81835533910926,12.18164466089074
2024-11-02,validation,ridge_regression,60,49.6703220407501,10.3296779592499
2024-11-03,validation,ridge_regression,26,31.67880049578864,5.678800495788639
2024-11-04,validation,ridge_regression,16,17.21345722369532,1.2134572236953183
2024-11-05,validation,ridge_regression,16,14.935977133497914,1.0640228665020857
2024-11-06,validation,ridge_regression,29,19.657804131583152,9.342195868416848
2024-11-07,validation,ridge_regression,47,36.75151039828402,10.248489601715981
2024-11-08,validation,ridge_regression,59,50.06931477361198,8.930685226388022
2024-11-09,validation,ridge_regression,60,50.95508983829096,9.04491016170904
2024-11-10,validation,ridge_regression,60,35.553848126709966,24.446151873290034
2024-11-11,validation,ridge_regression,38,28.022574418855676,9.977425581144324
2024-11-12,validation,ridge_regression,54,19.242852995641915,34.75714700435809
2024-11-13,validation,ridge_regression,36,35.01218739179615,0.9878126082038534
2024-11-14,validation,ridge_regression,53,42.451314371183685,10.548685628816315
2024-11-15,validation,ridge_regression,60,56.69778269362655,3.30221730637345
2024-11-16,validation,ridge_regression,60,52.26121830567117,7.738781694328829
2024-11-17,validation,ridge_regression,15,35.85131510027792,20.851315100277922
2024-11-18,validation,ridge_regression,12,22.05237280454333,10.052372804543332
2024-11-19,validation,ridge_regression,23,18.78730528885918,4.21269471114082
2024-11-20,validation,ridge_regression,34,29.357145187455785,4.642854812544215
2024-11-21,validation,ridge_regression,29,43.84480313017429,14.844803130174292
2024-11-22,validation,ridge_regression,50,48.17502619101047,1.824973808989533
2024-11-23,validation,ridge_regression,56,49.97208700064829,6.027912999351713
2024-11-24,validation,ridge_regression,25,32.824573849366345,7.824573849366345
2024-11-25,validation,ridge_regression,25,22.336783210701917,2.663216789298083
2024-11-26,validation,ridge_regression,23,24.901414945105145,1.9014149451051452
2024-11-27,validation,ridge_regression,43,30.777106293477942,12.222893706522058
2024-11-28,validation,ridge_regression,58,43.10875581735747,14.89124418264253
2024-11-29,validation,ridge_regression,59,54.799413859176646,4.200586140823354
2024-11-30,validation,ridge_regression,59,46.71558413586085,12.284415864139149
2024-12-01,validation,ridge_regression,28,18.791642871883543,9.208357128116457
2024-12-02,validation,ridge_regression,22,16.407221461190723,5.592778538809277
2024-12-03,validation,ridge_regression,34,11.506587677680947,22.493412322319053
2024-12-04,validation,ridge_regression,38,27.92708124640364,10.072918753596358
2024-12-05,validation,ridge_regression,29,40.106860238568245,11.106860238568245
2024-12-06,validation,ridge_regression,60,44.331225147183495,15.668774852816505
2024-12-07,validation,ridge_regression,60,49.157543854856826,10.842456145143174
2024-12-08,validation,ridge_regression,27,25.452640512905173,1.5473594870948268
2024-12-09,validation,ridge_regression,24,17.339975844441803,6.660024155558197
2024-12-10,validation,ridge_regression,26,19.264241804160402,6.735758195839598
2024-12-11,validation,ridge_regression,32,24.084199040983773,7.915800959016227
2024-12-12,validation,ridge_regression,29,33.22533780048805,4.225337800488049
2024-12-13,validation,ridge_regression,47,40.5782083506835,6.4217916493165035
2024-12-14,validation,ridge_regression,58,42.74187483795917,15.258125162040827
2024-12-15,validation,ridge_regression,34,18.116245242283185,15.883754757716815
2024-12-16,validation,ridge_regression,23,18.05538861679684,4.94461138320316
2024-12-17,validation,ridge_regression,26,15.478997035791046,10.521002964208954
2024-12-18,validation,ridge_regression,32,26.065138659226022,5.934861340773978
2024-12-19,validation,ridge_regression,25,28.585929779667254,3.5859297796672536
2024-12-20,validation,ridge_regression,52,40.09784506066148,11.902154939338523
2024-12-21,validation,ridge_regression,59,46.47955235537429,12.520447644625712
2024-12-22,validation,ridge_regression,31,23.9593647758661,7.040635224133901
2024-12-23,validation,ridge_regression,35,20.821387690546267,14.178612309453733
2024-12-24,validation,ridge_regression,45,19.791923479097278,25.208076520902722
2024-12-25,validation,ridge_regression,40,31.852251033983983,8.147748966016017
2024-12-26,validation,ridge_regression,48,34.2389995990021,13.7610004009979
2024-12-27,validation,ridge_regression,56,46.02056814218825,9.979431857811747
2024-12-28,validation,ridge_regression,58,45.97644886950481,12.023551130495193
2024-12-29,validation,ridge_regression,39,22.267911962132132,16.732088037867868
2024-12-30,validation,ridge_regression,39,23.53419508065621,15.465804919343789
2024-12-31,validation,ridge_regression,50,28.750220974335914,21.249779025664086
2025-01-01,test,ridge_regression,11,24.301805500863306,13.301805500863306
2025-01-02,test,ridge_regression,15,13.524118982008758,1.4758810179912416
2025-01-03,test,ridge_regression,17,25.935169564987746,8.935169564987746
2025-01-04,test,ridge_regression,22,22.081613431934453,0.08161343193445347
2025-01-05,test,ridge_regression,0,4.848804584786286,4.848804584786286
2025-01-06,test,ridge_regression,0,2.7496668172644547,2.7496668172644547
2025-01-07,test,ridge_regression,0,6.3686684061410475,6.3686684061410475
2025-01-08,test,ridge_regression,0,8.037475815894545,8.037475815894545
2025-01-09,test,ridge_regression,0,6.14264905482046,6.14264905482046
2025-01-10,test,ridge_regression,0,16.772820680045324,16.772820680045324
2025-01-11,test,ridge_regression,0,17.210009589189564,17.210009589189564
2025-01-12,test,ridge_regression,0,15.850088732626698,15.850088732626698
2025-01-13,test,ridge_regression,0,28.318554606471928,28.318554606471928
2025-01-14,test,ridge_regression,0,28.977184113102133,28.977184113102133
2025-01-15,test,ridge_regression,0,31.204996401706893,31.204996401706893
2025-01-16,test,ridge_regression,1,36.13976879721268,35.13976879721268
2025-01-17,test,ridge_regression,23,51.494245310350884,28.494245310350884
2025-01-18,test,ridge_regression,44,50.99452945790793,6.99452945790793
2025-01-19,test,ridge_regression,13,33.540136591410466,20.540136591410466
2025-01-20,test,ridge_regression,5,42.320766849404386,37.320766849404386
2025-01-21,test,ridge_regression,2,41.28380839665823,39.28380839665823
2025-01-22,test,ridge_regression,13,39.74174226157432,26.741742261574323
2025-01-23,test,ridge_regression,14,31.327510258105093,17.327510258105093
2025-01-24,test,ridge_regression,56,32.73886827318986,23.26113172681014
2025-01-25,test,ridge_regression,58,38.38251766512491,19.617482334875092
2025-01-26,test,ridge_regression,20,14.472557291671023,5.5274427083289766
2025-01-27,test,ridge_regression,17,5.669336974570015,11.330663025429985
2025-01-28,test,ridge_regression,21,3.820093877006528,17.179906122993472
2025-01-29,test,ridge_regression,25,4.522292519903999,20.477707480096
2025-01-30,test,ridge_regression,28,13.328146316695722,14.671853683304278
2025-01-31,test,ridge_regression,53,28.486502527889122,24.513497472110878
2025-02-01,test,ridge_regression,59,37.1595284337415,21.8404715662585
2025-02-02,test,ridge_regression,19,14.020512093811405,4.979487906188595
2025-02-03,test,ridge_regression,23,7.220709387142435,15.779290612857565
2025-02-04,test,ridge_regression,25,7.241563705276171,17.75843629472383
2025-02-05,test,ridge_regression,25,14.675319043992985,10.324680956007015
2025-02-06,test,ridge_regression,26,20.912600996565523,5.087399003434477
2025-02-07,test,ridge_regression,31,33.735514859567395,2.7355148595673953
2025-02-08,test,ridge_regression,46,33.76499319946372,12.235006800536283
2025-02-09,test,ridge_regression,13,17.76242170065968,4.762421700659679
2025-02-10,test,ridge_regression,16,15.654471275923399,0.3455287240766012
2025-02-11,test,ridge_regression,21,19.25858937736397,1.7414106226360317
2025-02-12,test,ridge_regression,21,18.551696554189117,2.4483034458108826
2025-02-13,test,ridge_regression,25,19.105132294352373,5.894867705647627
2025-02-14,test,ridge_regression,60,32.38350027120135,27.61649972879865
2025-02-15,test,ridge_regression,54,42.60176852099122,11.398231479008778
2025-02-16,test,ridge_regression,31,14.310774382469173,16.689225617530827
2025-02-17,test,ridge_regression,20,6.74149445885223,13.25850554114777
2025-02-18,test,ridge_regression,31,5.3077993157294046,25.692200684270595
2025-02-19,test,ridge_regression,37,15.426413817388681,21.57358618261132
2025-02-20,test,ridge_regression,44,22.21468316954887,21.78531683045113
2025-02-21,test,ridge_regression,59,39.78136706824785,19.218632931752147
2025-02-22,test,ridge_regression,59,41.88338014140271,17.11661985859729
2025-02-23,test,ridge_regression,11,13.785155314693295,2.785155314693295
2025-02-24,test,ridge_regression,29,0.5061353607954828,28.493864639204517
2025-02-25,test,ridge_regression,22,11.71073194792691,10.28926805207309
2025-02-26,test,ridge_regression,35,14.643305277897216,20.356694722102784
2025-02-27,test,ridge_regression,32,25.905490961823148,6.094509038176852
2025-02-28,test,ridge_regression,53,38.75008966892647,14.24991033107353
2025-03-01,test,ridge_regression,58,45.14402660661728,12.855973393382719
2025-03-02,test,ridge_regression,11,16.472648567464425,5.472648567464425
2025-03-03,test,ridge_regression,35,11.846608962167423,23.153391037832577
2025-03-04,test,ridge_regression,35,18.964264773591136,16.035735226408864
2025-03-05,test,ridge_regression,39,26.72147178496889,12.278528215031109
2025-03-06,test,ridge_regression,35,33.86600569481838,1.1339943051816235
2025-03-07,test,ridge_regression,60,41.49295249566421,18.507047504335787
2025-03-08,test,ridge_regression,59,48.02411687999094,10.975883120009058
2025-03-09,test,ridge_regression,20,16.044811590333293,3.9551884096667074
2025-03-10,test,ridge_regression,32,15.997436079692594,16.002563920307406
2025-03-11,test,ridge_regression,31,19.128039409827654,11.871960590172346
2025-03-12,test,ridge_regression,37,23.971004060558247,13.028995939441753
2025-03-13,test,ridge_regression,42,27.88691145280748,14.113088547192518
2025-03-14,test,ridge_regression,58,45.05697146927795,12.943028530722053
2025-03-15,test,ridge_regression,59,43.91052042252911,15.08947957747089
2025-03-16,test,ridge_regression,34,16.90141121138334,17.09858878861666
2025-03-17,test,ridge_regression,31,21.70344806283001,9.29655193716999
2025-03-18,test,ridge_regression,32,19.368255836183106,12.631744163816894
2025-03-19,test,ridge_regression,24,27.978981115357428,3.9789811153574277
2025-03-20,test,ridge_regression,49,31.975263601406997,17.024736398593003
2025-03-21,test,ridge_regression,58,50.12962118638414,7.870378813615858
2025-03-22,test,ridge_regression,60,48.49846409253811,11.501535907461893
2025-03-23,test,ridge_regression,30,17.86527567757451,12.134724322425491
2025-03-24,test,ridge_regression,30,21.09050501094972,8.90949498905028
2025-03-25,test,ridge_regression,30,15.740475858944421,14.259524141055579
2025-03-26,test,ridge_regression,35,19.881417747000636,15.118582252999364
2025-03-27,test,ridge_regression,43,31.26194998459541,11.738050015404589
2025-03-28,test,ridge_regression,58,41.58778406332179,16.41221593667821
2025-03-29,test,ridge_regression,58,45.86187683789843,12.138123162101571
2025-03-30,test,ridge_regression,40,16.52530533761367,23.47469466238633
2025-03-31,test,ridge_regression,33,23.383442025811974,9.616557974188026
2025-04-01,test,ridge_regression,23,13.476518135991444,9.523481864008556
2025-04-02,test,ridge_regression,24,17.941277899415475,6.058722100584525
2025-04-03,test,ridge_regression,33,27.944155767926468,5.055844232073532
2025-04-04,test,ridge_regression,59,41.747365179970146,17.252634820029854
2025-04-05,test,ridge_regression,59,45.83618234969852,13.163817650301482
2025-04-06,test,ridge_regression,36,22.038427221308563,13.961572778691437
2025-04-07,test,ridge_regression,19,21.938375584752436,2.9383755847524355
2025-04-08,test,ridge_regression,23,9.891754917626642,13.108245082373358
2025-04-09,test,ridge_regression,28,15.714245496421288,12.285754503578712
2025-04-10,test,ridge_regression,50,26.457568215575648,23.542431784424352
2025-04-11,test,ridge_regression,59,45.098565864453576,13.901434135546424
2025-04-12,test,ridge_regression,59,44.95004515730755,14.04995484269245
2025-04-13,test,ridge_regression,32,23.919651538426997,8.080348461573003
2025-04-14,test,ridge_regression,39,17.579942328703417,21.420057671296583
2025-04-15,test,ridge_regression,33,16.970091921267702,16.029908078732298
2025-04-16,test,ridge_regression,34,18.540175912643516,15.459824087356484
2025-04-17,test,ridge_regression,43,33.7479125236519,9.252087476348102
2025-04-18,test,ridge_regression,60,43.78151505529412,16.218484944705878
2025-04-19,test,ridge_regression,59,46.20022174386572,12.799778256134282
2025-04-20,test,ridge_regression,27,24.511446389758458,2.488553610241542
2025-04-21,test,ridge_regression,39,20.9329792049468,18.0670207950532
2025-04-22,test,ridge_regression,44,21.969603658413874,22.030396341586126
2025-04-23,test,ridge_regression,36,28.24912037514145,7.750879624858548
2025-04-24,test,ridge_regression,50,36.21219563162315,13.787804368376847
2025-04-25,test,ridge_regression,55,48.312742434031065,6.687257565968935
2025-04-26,test,ridge_regression,59,46.38229450223229,12.617705497767709
2025-04-27,test,ridge_regression,21,24.601971925158857,3.601971925158857
2025-04-28,test,ridge_regression,30,20.80768269619253,9.19231730380747
2025-04-29,test,ridge_regression,35,19.319569282324718,15.680430717675282
2025-04-30,test,ridge_regression,29,22.344501456230855,6.655498543769145
2025-05-01,test,ridge_regression,30,31.058061214257634,1.0580612142576342
2025-05-02,test,ridge_regression,58,37.450906918907215,20.549093081092785
2025-05-03,test,ridge_regression,59,42.52252997226178,16.47747002773822
2025-05-04,test,ridge_regression,19,18.76321652529264,0.23678347470735872
2025-05-05,test,ridge_regression,8,14.419850618002396,6.419850618002396
2025-05-06,test,ridge_regression,13,7.980244893232271,5.019755106767729
2025-05-07,test,ridge_regression,43,13.71478820041137,29.28521179958863
2025-05-08,test,ridge_regression,54,36.6949025202492,17.3050974797508
2025-05-09,test,ridge_regression,60,47.3675912124883,12.6324087875117
2025-05-10,test,ridge_regression,59,44.43963381447492,14.560366185525083
2025-05-11,test,ridge_regression,15,17.322855197049044,2.3228551970490443
2025-05-12,test,ridge_regression,34,10.414659569868103,23.585340430131897
2025-05-13,test,ridge_regression,44,16.751984584091915,27.248015415908085
2025-05-14,test,ridge_regression,56,28.25119530333199,27.74880469666801
2025-05-15,test,ridge_regression,50,33.91228745088762,16.087712549112382
2025-05-16,test,ridge_regression,59,39.974663977911675,19.025336022088325
2025-05-17,test,ridge_regression,58,36.5305819646482,21.4694180353518
2025-05-18,test,ridge_regression,36,9.531221200953446,26.468778799046554
2025-05-19,test,ridge_regression,22,19.08762131016773,2.91237868983227
2025-05-20,test,ridge_regression,26,12.513672621615662,13.486327378384338
2025-05-21,test,ridge_regression,22,19.99462369119814,2.0053763088018606
2025-05-22,test,ridge_regression,20,24.9469654103815,4.946965410381502
2025-05-23,test,ridge_regression,56,30.32235690003793,25.67764309996207
2025-05-24,test,ridge_regression,57,41.3413141691002,15.658685830899799
2025-05-25,test,ridge_regression,52,17.319458697883967,34.68054130211603
2025-05-26,test,ridge_regression,9,24.39902523043934,15.399025230439339
2025-05-27,test,ridge_regression,9,7.037358433591471,1.9626415664085286
2025-05-28,test,ridge_regression,17,14.895629544506395,2.104370455493605
2025-05-29,test,ridge_regression,37,21.23568554647144,15.76431445352856
2025-05-30,test,ridge_regression,54,41.32906343255039,12.670936567449608
2025-05-31,test,ridge_regression,58,40.49126265195419,17.508737348045813
2025-06-01,test,ridge_regression,45,26.780704520947605,18.219295479052395
2025-06-02,test,ridge_regression,25,18.104811606010525,6.895188393989475
2025-06-03,test,ridge_regression,25,7.75144820768687,17.24855179231313
2025-06-04,test,ridge_regression,39,18.756521537066572,20.243478462933428
2025-06-05,test,ridge_regression,34,36.496461010176176,2.4964610101761764
2025-06-06,test,ridge_regression,58,46.34939980837093,11.650600191629067
2025-06-07,test,ridge_regression,57,50.77383892870007,6.226161071299927
2025-06-08,test,ridge_regression,29,30.304216944709452,1.3042169447094523
2025-06-09,test,ridge_regression,34,22.37820097178969,11.621799028210312
2025-06-10,test,ridge_regression,48,22.66989961015321,25.33010038984679
2025-06-11,test,ridge_regression,39,38.73882004575036,0.26117995424964136
2025-06-12,test,ridge_regression,44,40.4400872019187,3.5599127980812995
2025-06-13,test,ridge_regression,60,51.19730234280588,8.802697657194123
2025-06-14,test,ridge_regression,59,47.91170624004785,11.088293759952151
2025-06-15,test,ridge_regression,16,26.097638352715855,10.097638352715855
2025-06-16,test,ridge_regression,10,16.651312829034634,6.651312829034634
2025-06-17,test,ridge_regression,22,12.476196352382722,9.523803647617278
2025-06-18,test,ridge_regression,13,21.59532576305869,8.595325763058689
2025-06-19,test,ridge_regression,31,21.750850704114917,9.249149295885083
2025-06-20,test,ridge_regression,60,42.712089473791664,17.287910526208336
2025-06-21,test,ridge_regression,57,45.49470493978202,11.505295060217982
2025-06-22,test,ridge_regression,19,21.225574383886354,2.2255743838863538
2025-06-23,test,ridge_regression,19,14.232599600456112,4.767400399543888
2025-06-24,test,ridge_regression,34,14.100996845422763,19.899003154577237
2025-06-25,test,ridge_regression,36,19.862151910624874,16.137848089375126
2025-06-26,test,ridge_regression,31,33.15629212146806,2.156292121468063
2025-06-27,test,ridge_regression,59,44.07927251604096,14.920727483959041
2025-06-28,test,ridge_regression,59,48.28531053525429,10.71468946474571
2025-06-29,test,ridge_regression,32,20.147708092373687,11.852291907626313
2025-06-30,test,ridge_regression,25,16.58042947748249,8.41957052251751
2025-07-01,test,ridge_regression,29,12.900685030667074,16.099314969332926
2025-07-02,test,ridge_regression,23,24.648059998948682,1.648059998948682
2025-07-03,test,ridge_regression,30,23.96916336587781,6.030836634122188
2025-07-04,test,ridge_regression,57,41.71926653780352,15.28073346219648
2025-07-05,test,ridge_regression,59,45.53660148655377,13.46339851344623
2025-07-06,test,ridge_regression,32,23.15841402584611,8.84158597415389
2025-07-07,test,ridge_regression,23,24.697360331751767,1.6973603317517671
2025-07-08,test,ridge_regression,39,27.07050853069203,11.929491469307969
2025-07-09,test,ridge_regression,44,33.00165155917773,10.99834844082227
2025-07-10,test,ridge_regression,45,37.72633883696312,7.273661163036877
2025-07-11,test,ridge_regression,60,52.14439004503248,7.85560995496752
2025-07-12,test,ridge_regression,59,49.99599210031279,9.00400789968721
2025-07-13,test,ridge_regression,30,21.81829794574624,8.181702054253758
2025-07-14,test,ridge_regression,29,15.732399816538681,13.267600183461319
2025-07-15,test,ridge_regression,30,20.061730920700665,9.938269079299335
2025-07-16,test,ridge_regression,26,20.24290378665809,5.75709621334191
2025-07-17,test,ridge_regression,36,26.533513031134802,9.466486968865198
2025-07-18,test,ridge_regression,60,43.750635413038914,16.249364586961086
2025-07-19,test,ridge_regression,60,46.81767018242007,13.182329817579927
2025-07-20,test,ridge_regression,37,19.093423492630432,17.906576507369568
2025-07-21,test,ridge_regression,43,17.030544946365463,25.969455053634537
2025-07-22,test,ridge_regression,27,23.978994173394433,3.021005826605567
2025-07-23,test,ridge_regression,32,23.661401109204903,8.338598890795097
2025-07-24,test,ridge_regression,42,33.168442197417576,8.831557802582424
2025-07-25,test,ridge_regression,58,48.928786908489435,9.071213091510565
2025-07-26,test,ridge_regression,60,47.75060123259476,12.24939876740524
2025-07-27,test,ridge_regression,29,26.27965921888683,2.720340781113169
2025-07-28,test,ridge_regression,27,22.302917061143944,4.697082938856056
2025-07-29,test,ridge_regression,28,17.743178599292722,10.256821400707278
2025-07-30,test,ridge_regression,25,19.759199222696367,5.240800777303633
2025-07-31,test,ridge_regression,38,27.697958726003705,10.302041273996295
2025-08-01,test,ridge_regression,57,50.103286862649654,6.896713137350346
2025-08-02,test,ridge_regression,59,49.730956193334215,9.269043806665785
2025-08-03,test,ridge_regression,18,27.27202574889157,9.272025748891568
2025-08-04,test,ridge_regression,21,17.54863860676446,3.4513613932355405
2025-08-05,test,ridge_regression,18,18.610325437414613,0.6103254374146125
2025-08-06,test,ridge_regression,18,23.42183268577754,5.421832685777542
2025-08-07,test,ridge_regression,19,32.08132379081814,13.08132379081814
2025-08-08,test,ridge_regression,52,43.17384814736644,8.826151852633558
2025-08-09,test,ridge_regression,57,51.77900557966873,5.220994420331273
2025-08-10,test,ridge_regression,42,29.130730146016234,12.869269853983766
2025-08-11,test,ridge_regression,22,33.25435957575726,11.254359575757263
2025-08-12,test,ridge_regression,36,22.182939298768684,13.817060701231316
2025-08-13,test,ridge_regression,39,27.234562700085554,11.765437299914446
2025-08-14,test,ridge_regression,46,36.211625298831464,9.788374701168536
2025-08-15,test,ridge_regression,60,53.97778368942568,6.022216310574322
2025-08-16,test,ridge_regression,59,51.842218096652964,7.157781903347036
2025-08-17,test,ridge_regression,26,25.67188441583619,0.32811558416381104
2025-08-18,test,ridge_regression,36,19.14034706751048,16.85965293248952
2025-08-19,test,ridge_regression,24,20.558586098205105,3.4414139017948955
2025-08-20,test,ridge_regression,32,20.889977766986412,11.110022233013588
2025-08-21,test,ridge_regression,42,33.61442041804968,8.385579581950317
2025-08-22,test,ridge_regression,60,47.512524989478834,12.487475010521166
2025-08-23,test,ridge_regression,59,48.14594445256246,10.85405554743754
2025-08-24,test,ridge_regression,48,24.99891741688119,23.00108258311881
2025-08-25,test,ridge_regression,55,28.563954492818482,26.436045507181518
2025-08-26,test,ridge_regression,59,26.7950745009391,32.2049254990609
2025-08-27,test,ridge_regression,60,33.459848070656754,26.540151929343246
2025-08-28,test,ridge_regression,60,43.39333717668002,16.60666282331998
2025-08-29,test,ridge_regression,57,52.14242562090804,4.857574379091957
2025-08-30,test,ridge_regression,59,48.07193574025198,10.92806425974802
2025-08-31,test,ridge_regression,59,27.6603647067225,31.3396352932775
2025-09-01,test,ridge_regression,25,41.95735933206946,16.95735933206946
2025-09-02,test,ridge_regression,24,18.158433607233743,5.841566392766257
2025-09-03,test,ridge_regression,22,16.707786957648324,5.292213042351676
2025-09-04,test,ridge_regression,33,18.84019710281601,14.15980289718399
2025-09-05,test,ridge_regression,60,38.233108186733375,21.766891813266625
2025-09-06,test,ridge_regression,59,42.198090979438156,16.801909020561844
2025-09-07,test,ridge_regression,13,30.218067078087866,17.218067078087866
2025-09-08,test,ridge_regression,22,11.505714249098965,10.494285750901035
2025-09-09,test,ridge_regression,18,16.435632453081343,1.5643675469186569
2025-09-10,test,ridge_regression,20,18.4525659556623,1.5474340443376988
2025-09-11,test,ridge_regression,28,26.34851702650724,1.6514829734927616
2025-09-12,test,ridge_regression,58,41.72124932845527,16.278750671544728
2025-09-13,test,ridge_regression,58,47.94051407445846,10.059485925541537
2025-09-14,test,ridge_regression,20,28.398506807429676,8.398506807429676
2025-09-15,test,ridge_regression,37,23.76841557800696,13.231584421993041
2025-09-16,test,ridge_regression,42,23.879919187343056,18.120080812656944
2025-09-17,test,ridge_regression,39,29.005860978691423,9.994139021308577
2025-09-18,test,ridge_regression,36,36.77202875445653,0.7720287544565281
2025-09-19,test,ridge_regression,59,50.068868813469145,8.931131186530855
2025-09-20,test,ridge_regression,60,51.08589066888598,8.91410933111402
2025-09-21,test,ridge_regression,40,28.124981597878758,11.875018402121242
2025-09-22,test,ridge_regression,33,37.123248952068735,4.123248952068735
2025-09-23,test,ridge_regression,42,30.425433505834278,11.574566494165722
2025-09-24,test,ridge_regression,32,35.962199881905036,3.962199881905036
2025-09-25,test,ridge_regression,39,38.198074451490484,0.8019255485095158
2025-09-26,test,ridge_regression,58,47.55582915260674,10.44417084739326
2025-09-27,test,ridge_regression,59,49.06990551849487,9.93009448150513
2025-09-28,test,ridge_regression,36,31.51811091113835,4.481889088861649
2025-09-29,test,ridge_regression,43,27.596761941401567,15.403238058598433
2025-09-30,test,ridge_regression,35,31.701937504523347,3.2980624954766533
2025-10-01,test,ridge_regression,23,23.336222953607212,0.3362229536072121
2025-10-02,test,ridge_regression,33,29.238567998787495,3.761432001212505
2025-10-03,test,ridge_regression,60,44.2705553896452,15.729444610354797
2025-10-04,test,ridge_regression,59,46.53168557263995,12.468314427360049
2025-10-05,test,ridge_regression,29,21.91839104145114,7.081608958548859
2025-10-06,test,ridge_regression,34,21.384405711271736,12.615594288728264
2025-10-07,test,ridge_regression,34,19.547160520935165,14.452839479064835
2025-10-08,test,ridge_regression,41,20.321441229119102,20.678558770880898
2025-10-09,test,ridge_regression,49,28.44552970634856,20.55447029365144
2025-10-10,test,ridge_regression,58,43.27373920355173,14.726260796448273
2025-10-11,test,ridge_regression,60,44.49596793914159,15.504032060858407
2025-10-12,test,ridge_regression,59,22.505607259564936,36.49439274043506
2025-10-13,test,ridge_regression,22,34.852653989525024,12.852653989525024
2025-10-14,test,ridge_regression,37,16.80978172023058,20.19021827976942
2025-10-15,test,ridge_regression,53,24.10252053815683,28.89747946184317
2025-10-16,test,ridge_regression,57,37.644512753498475,19.355487246501525
2025-10-17,test,ridge_regression,53,45.72838255460269,7.271617445397311
2025-10-18,test,ridge_regression,59,40.514554100778206,18.485445899221794
2025-10-19,test,ridge_regression,45,24.320472675157525,20.679527324842475
2025-10-20,test,ridge_regression,42,22.3789308890262,19.6210691109738
2025-10-21,test,ridge_regression,46,24.788329355974263,21.211670644025737
2025-10-22,test,ridge_regression,28,28.908129863684128,0.9081298636841275
2025-10-23,test,ridge_regression,47,26.348112904495984,20.651887095504016
2025-10-24,test,ridge_regression,56,34.74794215931139,21.252057840688607
2025-10-25,test,ridge_regression,59,37.22961670526803,21.77038329473197
2025-10-26,test,ridge_regression,29,25.543234392606347,3.4567656073936526
2025-10-27,test,ridge_regression,27,16.717562187677828,10.282437812322172
2025-10-28,test,ridge_regression,40,16.279348864933308,23.720651135066692
2025-10-29,test,ridge_regression,46,24.2892245290871,21.7107754709129
2025-10-30,test,ridge_regression,45,37.269557899439164,7.730442100560836
2025-10-31,test,ridge_regression,60,37.76688330147709,22.233116698522913
2025-11-01,test,ridge_regression,60,41.38027880611534,18.619721193884658
2025-11-02,test,ridge_regression,38,19.20576955257187,18.79423044742813
2025-11-03,test,ridge_regression,21,24.731896358544518,3.7318963585445175
2025-11-04,test,ridge_regression,27,16.13320796994785,10.86679203005215
2025-11-05,test,ridge_regression,20,20.24008928753098,0.24008928753098147
2025-11-06,test,ridge_regression,29,25.4240967531655,3.5759032468345
2025-11-07,test,ridge_regression,60,31.471354480156243,28.528645519843757
2025-11-08,test,ridge_regression,60,38.04489122546134,21.955108774538658
2025-11-09,test,ridge_regression,32,19.061212661150456,12.938787338849544
2025-11-10,test,ridge_regression,35,9.113647184244137,25.886352815755863
2025-11-11,test,ridge_regression,29,14.140496669972578,14.859503330027422
2025-11-12,test,ridge_regression,29,19.936569778191753,9.063430221808247
2025-11-13,test,ridge_regression,25,30.473455493016594,5.473455493016594
2025-11-14,test,ridge_regression,54,37.2740156538925,16.725984346107502
2025-11-15,test,ridge_regression,59,45.57770783800879,13.422292161991209
2025-11-16,test,ridge_regression,19,27.77876863230241,8.778768632302409
2025-11-17,test,ridge_regression,11,22.811348544659026,11.811348544659026
2025-11-18,test,ridge_regression,16,18.45356507759069,2.4535650775906888
2025-11-19,test,ridge_regression,27,17.335197189392584,9.664802810607416
2025-11-20,test,ridge_regression,26,29.358344267911818,3.358344267911818
2025-11-21,test,ridge_regression,58,39.199633845377534,18.800366154622466
2025-11-22,test,ridge_regression,58,44.79082836091949,13.209171639080509
2025-11-23,test,ridge_regression,27,14.82541160642026,12.17458839357974
2025-11-24,test,ridge_regression,30,12.384313454232519,17.61568654576748
2025-11-25,test,ridge_regression,28,16.150541661238375,11.849458338761625
2025-11-26,test,ridge_regression,42,22.831854257537348,19.168145742462652
2025-11-27,test,ridge_regression,58,31.252753014064872,26.747246985935128
2025-11-28,test,ridge_regression,59,48.30946079076591,10.690539209234089
2025-11-29,test,ridge_regression,55,40.556225589189175,14.443774410810825
2025-11-30,test,ridge_regression,28,10.540843072535743,17.459156927464257
2025-12-01,test,ridge_regression,30,11.065109383864687,18.934890616135313
2025-12-02,test,ridge_regression,31,9.361329197132811,21.63867080286719
2025-12-03,test,ridge_regression,28,15.6367902237834,12.3632097762166
2025-12-04,test,ridge_regression,37,22.91118964366298,14.08881035633702
2025-12-05,test,ridge_regression,50,40.554145785214,9.445854214786003
2025-12-06,test,ridge_regression,60,38.768950287110485,21.231049712889515
2025-12-07,test,ridge_regression,36,16.14826047802022,19.85173952197978
2025-12-08,test,ridge_regression,26,20.5734356824523,5.426564317547701
2025-12-09,test,ridge_regression,40,11.714451246539806,28.285548753460194
2025-12-10,test,ridge_regression,21,20.066272512917937,0.9337274870820629
2025-12-11,test,ridge_regression,24,23.255907495797985,0.7440925042020154
2025-12-12,test,ridge_regression,50,32.310153419713124,17.689846580286876
2025-12-13,test,ridge_regression,52,39.23685267667944,12.76314732332056
2025-12-14,test,ridge_regression,24,14.660019887291533,9.339980112708467
2025-12-15,test,ridge_regression,18,13.30701640715749,4.692983592842509
2025-12-16,test,ridge_regression,23,13.828834840758539,9.171165159241461
2025-12-17,test,ridge_regression,34,16.331100622926574,17.668899377073426
2025-12-18,test,ridge_regression,43,27.872189684694014,15.127810315305986
2025-12-19,test,ridge_regression,49,42.83631755702149,6.163682442978512
2025-12-20,test,ridge_regression,57,41.503162165983895,15.496837834016105
2025-12-21,test,ridge_regression,35,19.24034253272655,15.759657467273449
2025-12-22,test,ridge_regression,28,19.19010770930641,8.80989229069359
2025-12-23,test,ridge_regression,27,19.025329428270346,7.9746705717296535
2025-12-24,test,ridge_regression,40,23.65896346136296,16.34103653863704
2025-12-25,test,ridge_regression,31,36.08568500166248,5.085685001662483
2025-12-26,test,ridge_regression,40,38.34048387766785,1.6595161223321497
2025-12-27,test,ridge_regression,44,40.990009513107026,3.009990486892974
2025-12-28,test,ridge_regression,30,23.04435080176412,6.955649198235879
2025-12-29,test,ridge_regression,28,22.266949596385835,5.733050403614165
2025-12-30,test,ridge_regression,36,18.163422696083284,17.836577303916716
2025-12-31,test,ridge_regression,55,27.90613439827206,27.09386560172794
2024-07-01,validation,random_forest,14,27.48581294401332,13.485812944013318
2024-07-02,validation,random_forest,17,23.37171384002995,6.371713840029951
2024-07-03,validation,random_forest,23,27.68433919572859,4.68433919572859
2024-07-04,validation,random_forest,26,34.49082273112161,8.490822731121611
2024-07-05,validation,random_forest,59,54.32918459302138,4.670815406978619
2024-07-06,validation,random_forest,59,58.41654802969648,0.5834519703035213
2024-07-07,validation,random_forest,22,28.047128045570968,6.047128045570968
2024-07-08,validation,random_forest,27,32.87322397847252,5.873223978472517
2024-07-09,validation,random_forest,33,38.179429075432026,5.179429075432026
2024-07-10,validation,random_forest,40,40.79894239771349,0.7989423977134891
2024-07-11,validation,random_forest,50,43.95876952795339,6.041230472046607
2024-07-12,validation,random_forest,58,59.15454263271126,1.1545426327112622
2024-07-13,validation,random_forest,60,59.20028488848613,0.7997151115138692
2024-07-14,validation,random_forest,25,27.014210512131488,2.0142105121314877
2024-07-15,validation,random_forest,28,33.34631667783652,5.346316677836519
2024-07-16,validation,random_forest,36,33.25256376881741,2.74743623118259
2024-07-17,validation,random_forest,27,37.92257553549822,10.922575535498218
2024-07-18,validation,random_forest,32,41.41749901527784,9.41749901527784
2024-07-19,validation,random_forest,59,56.44963035766267,2.55036964233733
2024-07-20,validation,random_forest,60,59.24049402880401,0.759505971195992
2024-07-21,validation,random_forest,41,30.036941185938282,10.963058814061718
2024-07-22,validation,random_forest,45,35.54825555800407,9.451744441995928
2024-07-23,validation,random_forest,52,40.078832082623265,11.921167917376735
2024-07-24,validation,random_forest,57,45.23194471052686,11.76805528947314
2024-07-25,validation,random_forest,58,46.14808921693203,11.851910783067972
2024-07-26,validation,random_forest,60,59.2201355797797,0.7798644202202993
2024-07-27,validation,random_forest,60,59.33992492425018,0.6600750757498233
2024-07-28,validation,random_forest,28,38.73576445557368,10.73576445557368
2024-07-29,validation,random_forest,22,40.22116083096471,18.221160830964713
2024-07-30,validation,random_forest,27,35.78013200305883,8.780132003058831
2024-07-31,validation,random_forest,40,39.45336086541596,0.5466391345840407
2024-08-01,validation,random_forest,33,43.38175649153911,10.381756491539107
2024-08-02,validation,random_forest,60,57.31178260786344,2.6882173921365577
2024-08-03,validation,random_forest,60,59.467347229585,0.5326527704149981
2024-08-04,validation,random_forest,22,30.58848202320557,8.588482023205572
2024-08-05,validation,random_forest,24,30.028829367115513,6.028829367115513
2024-08-06,validation,random_forest,30,34.90429152318271,4.904291523182707
2024-08-07,validation,random_forest,37,40.89626687815969,3.896266878159693
2024-08-08,validation,random_forest,41,42.371039146474466,1.371039146474466
2024-08-09,validation,random_forest,55,57.57354964677568,2.5735496467756818
2024-08-10,validation,random_forest,59,59.215107947229946,0.21510794722994575
2024-08-11,validation,random_forest,26,31.172274297271382,5.172274297271382
2024-08-12,validation,random_forest,31,35.4974827527392,4.497482752739202
2024-08-13,validation,random_forest,52,36.72457999928348,15.275420000716522
2024-08-14,validation,random_forest,36,44.40011196592921,8.400111965929213
2024-08-15,validation,random_forest,50,43.12193836114005,6.878061638859947
2024-08-16,validation,random_forest,60,58.26431332703245,1.735686672967553
2024-08-17,validation,random_forest,60,59.452068968776295,0.5479310312237047
2024-08-18,validation,random_forest,25,34.69764039600753,9.697640396007529
2024-08-19,validation,random_forest,33,35.79242715600535,2.7924271560053526
2024-08-20,validation,random_forest,27,44.86839739954748,17.868397399547483
2024-08-21,validation,random_forest,38,39.15010432770405,1.1501043277040495
2024-08-22,validation,random_forest,45,47.33554861086625,2.3355486108662475
2024-08-23,validation,random_forest,60,58.52135281561406,1.4786471843859417
2024-08-24,validation,random_forest,60,59.410809894414164,0.5891901055858355
2024-08-25,validation,random_forest,42,33.817766977759085,8.182233022240915
2024-08-26,validation,random_forest,52,39.17733360373715,12.822666396262854
2024-08-27,validation,random_forest,57,39.87755355081794,17.122446449182057
2024-08-28,validation,random_forest,60,47.09500375473339,12.90499624526661
2024-08-29,validation,random_forest,59,50.27893674547845,8.721063254521553
2024-08-30,validation,random_forest,49,59.306421547595875,10.306421547595875
2024-08-31,validation,random_forest,66,59.29924232514133,6.7007576748586715
2024-09-01,validation,random_forest,60,38.43471647625679,21.56528352374321
2024-09-02,validation,random_forest,38,41.58936039809863,3.589360398098627
2024-09-03,validation,random_forest,33,41.642441796602114,8.642441796602114
2024-09-04,validation,random_forest,31,43.27880305955654,12.278803059556537
2024-09-05,validation,random_forest,36,45.35444137974169,9.354441379741687
2024-09-06,validation,random_forest,57,51.829824598870374,5.170175401129626
2024-09-07,validation,random_forest,59,57.08923104309691,1.910768956903091
2024-09-08,validation,random_forest,24,42.96673883167919,18.966738831679187
2024-09-09,validation,random_forest,29,33.5045599270011,4.504559927001097
2024-09-10,validation,random_forest,25,38.56964699858108,13.569646998581078
2024-09-11,validation,random_forest,22,39.28912730275402,17.289127302754018
2024-09-12,validation,random_forest,39,36.1461635222363,2.8538364777637
2024-09-13,validation,random_forest,59,53.720482763117516,5.279517236882484
2024-09-14,validation,random_forest,60,57.74290956195509,2.257090438044912
2024-09-15,validation,random_forest,29,32.98145529366577,3.9814552936657677
2024-09-16,validation,random_forest,40,36.07926763986787,3.920732360132128
2024-09-17,validation,random_forest,49,38.008355272668496,10.991644727331504
2024-09-18,validation,random_forest,50,43.93550452953179,6.064495470468209
2024-09-19,validation,random_forest,54,49.313698930137605,4.686301069862395
2024-09-20,validation,random_forest,59,59.34308349035727,0.34308349035727304
2024-09-21,validation,random_forest,59,59.38203296621681,0.38203296621681204
2024-09-22,validation,random_forest,36,38.56587332650151,2.56587332650151
2024-09-23,validation,random_forest,42,43.31799604209854,1.3179960420985424
2024-09-24,validation,random_forest,55,48.18279498422114,6.81720501577886
2024-09-25,validation,random_forest,56,49.75094450210947,6.249055497890531
2024-09-26,validation,random_forest,56,54.16180814739098,1.8381918526090217
2024-09-27,validation,random_forest,59,58.980678700461915,0.019321299538084702
2024-09-28,validation,random_forest,57,59.39010296187302,2.390102961873019
2024-09-29,validation,random_forest,38,42.200798459641476,4.200798459641476
2024-09-30,validation,random_forest,30,45.15157460741012,15.151574607410119
2024-10-01,validation,random_forest,14,47.00537284248259,33.00537284248259
2024-10-02,validation,random_forest,11,29.600533511174046,18.600533511174046
2024-10-03,validation,random_forest,39,28.250862957518894,10.749137042481106
2024-10-04,validation,random_forest,60,58.529907542964445,1.4700924570355554
2024-10-05,validation,random_forest,58,58.67792298756454,0.6779229875645427
2024-10-06,validation,random_forest,25,29.77482433726407,4.7748243372640715
2024-10-07,validation,random_forest,22,33.30325577216043,11.303255772160433
2024-10-08,validation,random_forest,30,31.109079716851785,1.1090797168517845
2024-10-09,validation,random_forest,38,36.2397913975056,1.7602086024944015
2024-10-10,validation,random_forest,59,46.07623345314819,12.923766546851809
2024-10-11,validation,random_forest,60,59.25159716873254,0.7484028312674624
2024-10-12,validation,random_forest,60,58.97540275700393,1.024597242996073
2024-10-13,validation,random_forest,60,30.04272329223065,29.95727670776935
2024-10-14,validation,random_forest,18,31.153636612570434,13.153636612570434
2024-10-15,validation,random_forest,24,27.04892644441902,3.0489264444190205
2024-10-16,validation,random_forest,34,34.698731404424,0.6987314044240023
2024-10-17,validation,random_forest,51,44.20826989676131,6.791730103238692
2024-10-18,validation,random_forest,60,58.84309999381428,1.1569000061857224
2024-10-19,validation,random_forest,60,58.97063199912405,1.029368000875948
2024-10-20,validation,random_forest,44,35.75621778600654,8.243782213993462
2024-10-21,validation,random_forest,31,32.96306634316947,1.9630663431694728
2024-10-22,validation,random_forest,37,33.22227980568734,3.777720194312657
2024-10-23,validation,random_forest,51,40.64395512621308,10.35604487378692
2024-10-24,validation,random_forest,58,53.48810320503369,4.511896794966312
2024-10-25,validation,random_forest,59,59.14458701382896,0.14458701382896066
2024-10-26,validation,random_forest,59,58.98626208728492,0.013737912715079403
2024-10-27,validation,random_forest,59,43.50285015314922,15.497149846850782
2024-10-28,validation,random_forest,21,32.23932373528715,11.239323735287151
2024-10-29,validation,random_forest,23,29.506560631576882,6.506560631576882
2024-10-30,validation,random_forest,26,32.99105806722517,6.991058067225168
2024-10-31,validation,random_forest,40,44.65313218742043,4.653132187420432
2024-11-01,validation,random_forest,60,58.21382904130613,1.786170958693873
2024-11-02,validation,random_forest,60,58.4855960032743,1.5144039967256973
2024-11-03,validation,random_forest,26,36.7959499251608,10.795949925160798
2024-11-04,validation,random_forest,16,30.445812190124368,14.445812190124368
2024-11-05,validation,random_forest,16,23.389442047494995,7.389442047494995
2024-11-06,validation,random_forest,29,25.751889280379068,3.2481107196209322
2024-11-07,validation,random_forest,47,44.17721790747954,2.8227820925204625
2024-11-08,validation,random_forest,59,58.25801018657124,0.7419898134287592
2024-11-09,validation,random_forest,60,58.688622769937304,1.3113772300626962
2024-11-10,validation,random_forest,60,31.74700660255638,28.25299339744362
2024-11-11,validation,random_forest,38,34.051547059151126,3.948452940848874
2024-11-12,validation,random_forest,54,38.90715564541347,15.092844354586532
2024-11-13,validation,random_forest,36,44.842746862967864,8.842746862967864
2024-11-14,validation,random_forest,53,44.801696598293354,8.198303401706646
2024-11-15,validation,random_forest,60,58.74265806286937,1.257341937130633
2024-11-16,validation,random_forest,60,58.75139410347995,1.248605896520047
2024-11-17,validation,random_forest,15,42.04587835802831,27.04587835802831
2024-11-18,validation,random_forest,12,25.104579135175122,13.104579135175122
2024-11-19,validation,random_forest,23,25.143591094053857,2.143591094053857
2024-11-20,validation,random_forest,34,35.396500235505805,1.3965002355058047
2024-11-21,validation,random_forest,29,44.340929720004794,15.340929720004794
2024-11-22,validation,random_forest,50,54.95804594645982,4.958045946459819
2024-11-23,validation,random_forest,56,58.55948616200622,2.5594861620062233
2024-11-24,validation,random_forest,25,34.35964746132035,9.35964746132035
2024-11-25,validation,random_forest,25,37.298560093819134,12.298560093819134
2024-11-26,validation,random_forest,23,33.07313876895378,10.073138768953783
2024-11-27,validation,random_forest,43,34.022830706342155,8.977169293657845
2024-11-28,validation,random_forest,58,48.32696693770628,9.673033062293719
2024-11-29,validation,random_forest,59,53.61500396091695,5.384996039083049
2024-11-30,validation,random_forest,59,58.38180519775201,0.6181948022479915
2024-12-01,validation,random_forest,28,35.37942959582556,7.379429595825563
2024-12-02,validation,random_forest,22,36.14398755269499,14.143987552694988
2024-12-03,validation,random_forest,34,28.361420184244714,5.6385798157552856
2024-12-04,validation,random_forest,38,40.94804133815961,2.9480413381596122
2024-12-05,validation,random_forest,29,44.39843373579465,15.398433735794647
2024-12-06,validation,random_forest,60,51.89082883926362,8.10917116073638
2024-12-07,validation,random_forest,60,58.47845509392569,1.5215449060743111
2024-12-08,validation,random_forest,27,27.369640534216405,0.36964053421640486
2024-12-09,validation,random_forest,24,31.368644309036355,7.368644309036355
2024-12-10,validation,random_forest,26,29.611372853599793,3.611372853599793
2024-12-11,validation,random_forest,32,32.428759977681445,0.4287599776814446
2024-12-12,validation,random_forest,29,34.92121504864245,5.921215048642452
2024-12-13,validation,random_forest,47,54.31328907412675,7.31328907412675
2024-12-14,validation,random_forest,58,56.65626274071645,1.3437372592835501
2024-12-15,validation,random_forest,34,27.60765882843508,6.392341171564919
2024-12-16,validation,random_forest,23,32.19625852928459,9.196258529284592
2024-12-17,validation,random_forest,26,28.622509123573387,2.622509123573387
2024-12-18,validation,random_forest,32,32.837429505247115,0.8374295052471155
2024-12-19,validation,random_forest,25,34.02851801293822,9.028518012938221
2024-12-20,validation,random_forest,52,49.001073787813475,2.998926212186525
2024-12-21,validation,random_forest,59,57.55530324129772,1.4446967587022783
2024-12-22,validation,random_forest,31,31.398568381765937,0.3985683817659371
2024-12-23,validation,random_forest,35,32.65549742057197,2.344502579428031
2024-12-24,validation,random_forest,45,32.940944356152755,12.059055643847245
2024-12-25,validation,random_forest,40,37.92958933543949,2.0704106645605123
2024-12-26,validation,random_forest,48,37.99370090972542,10.006299090274581
2024-12-27,validation,random_forest,56,49.37007791744718,6.629922082552817
2024-12-28,validation,random_forest,58,56.24005264147612,1.7599473585238812
2024-12-29,validation,random_forest,39,30.37778965887052,8.622210341129481
2024-12-30,validation,random_forest,39,30.900902053828492,8.099097946171508
2024-12-31,validation,random_forest,50,36.060299528739236,13.939700471260764
2025-01-01,test,random_forest,11,33.1096596700685,22.109659670068503
2025-01-02,test,random_forest,15,27.678658865970604,12.678658865970604
2025-01-03,test,random_forest,17,31.508726711420646,14.508726711420646
2025-01-04,test,random_forest,22,32.86949044523585,10.869490445235847
2025-01-05,test,random_forest,0,23.215624326267093,23.215624326267093
2025-01-06,test,random_forest,0,24.151414680752676,24.151414680752676
2025-01-07,test,random_forest,0,27.933303284658216,27.933303284658216
2025-01-08,test,random_forest,0,29.44463956566307,29.44463956566307
2025-01-09,test,random_forest,0,30.636657281117547,30.636657281117547
2025-01-10,test,random_forest,0,32.59622884280321,32.59622884280321
2025-01-11,test,random_forest,0,32.923843605491506,32.923843605491506
2025-01-12,test,random_forest,0,30.188305224539825,30.188305224539825
2025-01-13,test,random_forest,0,29.482614159069332,29.482614159069332
2025-01-14,test,random_forest,0,30.035975380012133,30.035975380012133
2025-01-15,test,random_forest,0,32.628964133578855,32.628964133578855
2025-01-16,test,random_forest,1,32.53288191906134,31.53288191906134
2025-01-17,test,random_forest,23,34.808449766487406,11.808449766487406
2025-01-18,test,random_forest,44,40.27090470968662,3.7290952903133814
2025-01-19,test,random_forest,13,36.697285086353276,23.697285086353276
2025-01-20,test,random_forest,5,29.285326285719783,24.285326285719783
2025-01-21,test,random_forest,2,29.327584011653993,27.327584011653993
2025-01-22,test,random_forest,13,29.01730386688475,16.01730386688475
2025-01-23,test,random_forest,14,31.344006828379744,17.344006828379744
2025-01-24,test,random_forest,56,31.278943578282725,24.721056421717275
2025-01-25,test,random_forest,58,44.28322776110197,13.71677223889803
2025-01-26,test,random_forest,20,35.624885261693926,15.624885261693926
2025-01-27,test,random_forest,17,29.372860359025218,12.372860359025218
2025-01-28,test,random_forest,21,29.2580675430177,8.258067543017699
2025-01-29,test,random_forest,25,28.073739565267893,3.0737395652678927
2025-01-30,test,random_forest,28,36.16487759467057,8.164877594670571
2025-01-31,test,random_forest,53,40.592933840368424,12.407066159631576
2025-02-01,test,random_forest,59,47.6640727166968,11.3359272833032
2025-02-02,test,random_forest,19,33.30367421861766,14.303674218617658
2025-02-03,test,random_forest,23,26.758368553995016,3.758368553995016
2025-02-04,test,random_forest,25,31.912117374644623,6.912117374644623
2025-02-05,test,random_forest,25,35.11413918852907,10.114139188529073
2025-02-06,test,random_forest,26,38.09268453539923,12.09268453539923
2025-02-07,test,random_forest,31,50.641229762720876,19.641229762720876
2025-02-08,test,random_forest,46,52.817763483085514,6.817763483085514
2025-02-09,test,random_forest,13,38.864959022711055,25.864959022711055
2025-02-10,test,random_forest,16,29.23011196301116,13.230111963011161
2025-02-11,test,random_forest,21,34.67037278260097,13.670372782600971
2025-02-12,test,random_forest,21,30.70017369094612,9.70017369094612
2025-02-13,test,random_forest,25,27.960758498596327,2.960758498596327
2025-02-14,test,random_forest,60,40.38844129041757,19.611558709582432
2025-02-15,test,random_forest,54,47.764377930454486,6.235622069545514
2025-02-16,test,random_forest,31,31.30423841738758,0.3042384173875803
2025-02-17,test,random_forest,20,32.954105114639404,12.954105114639404
2025-02-18,test,random_forest,31,25.352762859715106,5.6472371402848935
2025-02-19,test,random_forest,37,33.337747351049366,3.662252648950634
2025-02-20,test,random_forest,44,33.01369212813891,10.986307871861086
2025-02-21,test,random_forest,59,49.047881055889476,9.952118944110524
2025-02-22,test,random_forest,59,51.771889320749786,7.228110679250214
2025-02-23,test,random_forest,11,29.283206073450128,18.283206073450128
2025-02-24,test,random_forest,29,23.461410666852935,5.5385893331470655
2025-02-25,test,random_forest,22,33.23739616902706,11.237396169027058
2025-02-26,test,random_forest,35,26.432473348246198,8.567526651753802
2025-02-27,test,random_forest,32,39.88772279538487,7.887722795384867
2025-02-28,test,random_forest,53,55.52812944027077,2.5281294402707672
2025-03-01,test,random_forest,58,56.64973328968937,1.3502667103106276
2025-03-02,test,random_forest,11,31.870101495125116,20.870101495125116
2025-03-03,test,random_forest,35,24.084449980712463,10.915550019287537
2025-03-04,test,random_forest,35,35.52618434090848,0.526184340908479
2025-03-05,test,random_forest,39,36.954578195299725,2.0454218047002755
2025-03-06,test,random_forest,35,38.19335083442533,3.193350834425331
2025-03-07,test,random_forest,60,51.32532323471161,8.674676765288389
2025-03-08,test,random_forest,59,55.99765709453947,3.00234290546053
2025-03-09,test,random_forest,20,29.608486352184112,9.608486352184112
2025-03-10,test,random_forest,32,25.015283362329118,6.984716637670882
2025-03-11,test,random_forest,31,31.48911907377109,0.4891190737710893
2025-03-12,test,random_forest,37,31.606817195151393,5.393182804848607
2025-03-13,test,random_forest,42,27.745065087541043,14.254934912458957
2025-03-14,test,random_forest,58,54.88094016098284,3.1190598390171616
2025-03-15,test,random_forest,59,57.74959200733906,1.2504079926609393
2025-03-16,test,random_forest,34,25.25983821690006,8.74016178309994
2025-03-17,test,random_forest,31,28.27943643660259,2.720563563397409
2025-03-18,test,random_forest,32,28.422793052372455,3.5772069476275448
2025-03-19,test,random_forest,24,29.965616459847325,5.965616459847325
2025-03-20,test,random_forest,49,31.608374198823185,17.391625801176815
2025-03-21,test,random_forest,58,56.63268084396683,1.3673191560331688
2025-03-22,test,random_forest,60,57.72013122299956,2.2798687770004378
2025-03-23,test,random_forest,30,19.766749269177684,10.233250730822316
2025-03-24,test,random_forest,30,26.05031273497742,3.949687265022579
2025-03-25,test,random_forest,30,25.95827468870997,4.04172531129003
2025-03-26,test,random_forest,35,27.455867077856773,7.544132922143227
2025-03-27,test,random_forest,43,39.609673646107964,3.3903263538920356
2025-03-28,test,random_forest,58,55.56036955846014,2.4396304415398617
2025-03-29,test,random_forest,58,57.54161706575159,0.45838293424841225
2025-03-30,test,random_forest,40,20.283088919886442,19.716911080113558
2025-03-31,test,random_forest,33,28.903618932520864,4.096381067479136
2025-04-01,test,random_forest,23,29.274110936122714,6.274110936122714
2025-04-02,test,random_forest,24,24.395094574019026,0.39509457401902637
2025-04-03,test,random_forest,33,32.80270685008146,0.19729314991854352
2025-04-04,test,random_forest,59,56.36262550011905,2.6373744998809485
2025-04-05,test,random_forest,59,58.87725783269016,0.12274216730983767
2025-04-06,test,random_forest,36,26.134019668712764,9.865980331287236
2025-04-07,test,random_forest,19,26.396142201408843,7.396142201408843
2025-04-08,test,random_forest,23,18.37958245604587,4.6204175439541295
2025-04-09,test,random_forest,28,22.64397994466835,5.356020055331651
2025-04-10,test,random_forest,50,27.500844413266474,22.499155586733526
2025-04-11,test,random_forest,59,57.28175107380585,1.7182489261941498
2025-04-12,test,random_forest,59,57.32184060143507,1.6781593985649295
2025-04-13,test,random_forest,32,25.8468323249334,6.153167675066602
2025-04-14,test,random_forest,39,28.80665026525762,10.19334973474238
2025-04-15,test,random_forest,33,29.25896044657096,3.74103955342904
2025-04-16,test,random_forest,34,30.029900535309206,3.9700994646907937
2025-04-17,test,random_forest,43,43.8035186320817,0.8035186320816976
2025-04-18,test,random_forest,60,57.62373417500107,2.3762658249989315
2025-04-19,test,random_forest,59,58.67974882288333,0.32025117711666695
2025-04-20,test,random_forest,27,28.015995947662596,1.0159959476625957
2025-04-21,test,random_forest,39,29.6931724226496,9.3068275773504
2025-04-22,test,random_forest,44,30.24909516788681,13.75090483211319
2025-04-23,test,random_forest,36,36.092983059750686,0.09298305975068644
2025-04-24,test,random_forest,50,41.47494268789348,8.525057312106519
2025-04-25,test,random_forest,55,58.08447290081775,3.084472900817751
2025-04-26,test,random_forest,59,58.88091227593358,0.11908772406641788
2025-04-27,test,random_forest,21,31.80022070297264,10.800220702972641
2025-04-28,test,random_forest,30,25.620640918378143,4.379359081621857
2025-04-29,test,random_forest,35,33.310302724288114,1.689697275711886
2025-04-30,test,random_forest,29,32.145565168388536,3.1455651683885364
2025-05-01,test,random_forest,30,40.4742212968748,10.474221296874802
2025-05-02,test,random_forest,58,54.81111736794332,3.188882632056682
2025-05-03,test,random_forest,59,58.89375322781792,0.10624677218208234
2025-05-04,test,random_forest,19,26.710739172119577,7.7107391721195775
2025-05-05,test,random_forest,8,20.82595707727086,12.82595707727086
2025-05-06,test,random_forest,13,20.813987740175204,7.813987740175204
2025-05-07,test,random_forest,43,21.574376564611867,21.425623435388133
2025-05-08,test,random_forest,54,36.01690105118181,17.98309894881819
2025-05-09,test,random_forest,60,57.676978586635286,2.323021413364714
2025-05-10,test,random_forest,59,58.068023081588166,0.9319769184118343
2025-05-11,test,random_forest,15,29.95492297508284,14.954922975082841
2025-05-12,test,random_forest,34,25.25768953287146,8.74231046712854
2025-05-13,test,random_forest,44,34.552637789516766,9.447362210483234
2025-05-14,test,random_forest,56,39.5091165429342,16.4908834570658
2025-05-15,test,random_forest,50,45.196516719718154,4.803483280281846
2025-05-16,test,random_forest,59,58.32418301616683,0.6758169838331725
2025-05-17,test,random_forest,58,58.39270976882591,0.3927097688259096
2025-05-18,test,random_forest,36,30.366678256899622,5.633321743100378
2025-05-19,test,random_forest,22,34.29932179441758,12.29932179441758
2025-05-20,test,random_forest,26,37.43250628429017,11.43250628429017
2025-05-21,test,random_forest,22,41.554073563296,19.554073563296
2025-05-22,test,random_forest,20,43.76502179398689,23.76502179398689
2025-05-23,test,random_forest,56,50.42358412141697,5.576415878583028
2025-05-24,test,random_forest,57,58.496910111165064,1.4969101111650644
2025-05-25,test,random_forest,52,33.79207768244828,18.20792231755172
2025-05-26,test,random_forest,9,25.261912006166632,16.261912006166632
2025-05-27,test,random_forest,9,23.031523993627623,14.031523993627623
2025-05-28,test,random_forest,17,23.1507919318985,6.1507919318985
2025-05-29,test,random_forest,37,25.285645147637005,11.714354852362995
2025-05-30,test,random_forest,54,56.28106176825407,2.2810617682540695
2025-05-31,test,random_forest,58,57.73441598750404,0.26558401249595676
2025-06-01,test,random_forest,45,34.586329897828364,10.413670102171636
2025-06-02,test,random_forest,25,31.216012652716465,6.216012652716465
2025-06-03,test,random_forest,25,32.033123006775895,7.033123006775895
2025-06-04,test,random_forest,39,33.65036958812712,5.34963041187288
2025-06-05,test,random_forest,34,40.01511131267255,6.015111312672552
2025-06-06,test,random_forest,58,55.449888101226264,2.5501118987737357
2025-06-07,test,random_forest,57,58.867483290789,1.8674832907890035
2025-06-08,test,random_forest,29,41.19646986102138,12.196469861021377
2025-06-09,test,random_forest,34,34.572250919978956,0.5722509199789556
2025-06-10,test,random_forest,48,36.22512900212214,11.774870997877862
2025-06-11,test,random_forest,39,43.65957723994386,4.659577239943857
2025-06-12,test,random_forest,44,43.59565343798044,0.4043465620195619
2025-06-13,test,random_forest,60,58.43911910561059,1.5608808943894132
2025-06-14,test,random_forest,59,59.05740727055022,0.05740727055022177
2025-06-15,test,random_forest,16,35.71258526951206,19.71258526951206
2025-06-16,test,random_forest,10,25.55436647326704,15.554366473267041
2025-06-17,test,random_forest,22,25.754149945092742,3.754149945092742
2025-06-18,test,random_forest,13,32.65796059667026,19.657960596670257
2025-06-19,test,random_forest,31,26.827713933039767,4.172286066960233
2025-06-20,test,random_forest,60,56.528633262978836,3.471366737021164
2025-06-21,test,random_forest,57,57.866107296298416,0.8661072962984164
2025-06-22,test,random_forest,19,31.78086929251633,12.780869292516329
2025-06-23,test,random_forest,19,28.563143919719764,9.563143919719764
2025-06-24,test,random_forest,34,28.99582890310582,5.004171096894179
2025-06-25,test,random_forest,36,38.70779249806032,2.7077924980603214
2025-06-26,test,random_forest,31,39.94431595708216,8.94431595708216
2025-06-27,test,random_forest,59,56.760300689274594,2.239699310725406
2025-06-28,test,random_forest,59,57.95274137447521,1.0472586255247904
2025-06-29,test,random_forest,32,28.398695735104255,3.601304264895745
2025-06-30,test,random_forest,25,32.3314532768584,7.331453276858397
2025-07-01,test,random_forest,29,31.075768044289124,2.0757680442891235
2025-07-02,test,random_forest,23,36.96315419541756,13.963154195417559
2025-07-03,test,random_forest,30,32.93545457263752,2.935454572637518
2025-07-04,test,random_forest,57,56.78747016849681,0.21252983150318983
2025-07-05,test,random_forest,59,58.96795776441482,0.03204223558518038
2025-07-06,test,random_forest,32,29.90963841054888,2.0903615894511205
2025-07-07,test,random_forest,23,33.99415917354059,10.994159173540588
2025-07-08,test,random_forest,39,33.30792846291136,5.692071537088637
2025-07-09,test,random_forest,44,39.91416388040063,4.085836119599371
2025-07-10,test,random_forest,45,42.50183657266366,2.498163427336337
2025-07-11,test,random_forest,60,58.68574963455021,1.3142503654497872
2025-07-12,test,random_forest,59,59.062952965404065,0.06295296540406525
2025-07-13,test,random_forest,30,27.58771263296389,2.412287367036111
2025-07-14,test,random_forest,29,30.77252137049395,1.7725213704939513
2025-07-15,test,random_forest,30,36.75687063824551,6.756870638245509
2025-07-16,test,random_forest,26,38.79853788827273,12.798537888272733
2025-07-17,test,random_forest,36,39.97027970090624,3.9702797009062394
2025-07-18,test,random_forest,60,57.228660800285034,2.7713391997149657
2025-07-19,test,random_forest,60,59.3597232291702,0.6402767708298001
2025-07-20,test,random_forest,37,28.948869106675946,8.051130893324054
2025-07-21,test,random_forest,43,33.82852905185629,9.171470948143707
2025-07-22,test,random_forest,27,37.24243148961461,10.24243148961461
2025-07-23,test,random_forest,32,39.1209576500211,7.120957650021097
2025-07-24,test,random_forest,42,40.153465474223076,1.8465345257769243
2025-07-25,test,random_forest,58,58.22106547573515,0.221065475735152
2025-07-26,test,random_forest,60,59.34839582606936,0.6516041739306431
2025-07-27,test,random_forest,29,33.41593597103791,4.415935971037911
2025-07-28,test,random_forest,27,40.54506383067397,13.545063830673968
2025-07-29,test,random_forest,28,34.42197311066126,6.421973110661263
2025-07-30,test,random_forest,25,36.63921046856481,11.639210468564812
2025-07-31,test,random_forest,38,38.774469474307935,0.774469474307935
2025-08-01,test,random_forest,57,58.83908714039653,1.8390871403965292
2025-08-02,test,random_forest,59,59.478517637213116,0.47851763721311613
2025-08-03,test,random_forest,18,29.909536042492107,11.909536042492107
2025-08-04,test,random_forest,21,24.68975962387287,3.6897596238728703
2025-08-05,test,random_forest,18,28.51296832647058,10.512968326470581
2025-08-06,test,random_forest,18,28.163594297068606,10.163594297068606
2025-08-07,test,random_forest,19,29.774554352097848,10.774554352097848
2025-08-08,test,random_forest,52,39.95941924082968,12.040580759170318
2025-08-09,test,random_forest,57,57.87856652546793,0.8785665254679316
2025-08-10,test,random_forest,42,31.13945008649763,10.860549913502371
2025-08-11,test,random_forest,22,35.78001914019933,13.780019140199329
2025-08-12,test,random_forest,36,33.06155017727369,2.9384498227263123
2025-08-13,test,random_forest,39,38.92679336500273,0.07320663499726976
2025-08-14,test,random_forest,46,41.77523703301346,4.224762966986539
2025-08-15,test,random_forest,60,55.538968299339125,4.461031700660875
2025-08-16,test,random_forest,59,59.34116687679368,0.34116687679367885
2025-08-17,test,random_forest,26,36.83345427422594,10.833454274225943
2025-08-18,test,random_forest,36,29.855077465774702,6.144922534225298
2025-08-19,test,random_forest,24,36.89648214698098,12.89648214698098
2025-08-20,test,random_forest,32,35.125840544955565,3.1258405449555653
2025-08-21,test,random_forest,42,43.0846998795666,1.0846998795665996
2025-08-22,test,random_forest,60,58.04007827830068,1.9599217216993168
2025-08-23,test,random_forest,59,59.12608309214008,0.12608309214007818
2025-08-24,test,random_forest,48,33.48750696307477,14.512493036925228
2025-08-25,test,random_forest,55,39.135706398340204,15.864293601659796
2025-08-26,test,random_forest,59,41.35011303745272,17.649886962547278
2025-08-27,test,random_forest,60,46.17017906994106,13.829820930058943
2025-08-28,test,random_forest,60,49.476095844695344,10.523904155304656
2025-08-29,test,random_forest,57,59.24021834103289,2.240218341032893
2025-08-30,test,random_forest,59,59.28193277244769,0.2819327724476892
2025-08-31,test,random_forest,59,40.26590439985712,18.73409560014288
2025-09-01,test,random_forest,25,43.38348119193331,18.383481191933313
2025-09-02,test,random_forest,24,40.71262414144167,16.712624141441673
2025-09-03,test,random_forest,22,38.00937322838841,16.009373228388412
2025-09-04,test,random_forest,33,31.377883236637803,1.6221167633621967
2025-09-05,test,random_forest,60,54.46309008190812,5.5369099180918795
2025-09-06,test,random_forest,59,58.636820949853345,0.3631790501466554
2025-09-07,test,random_forest,13,39.6423643290576,26.6423643290576
2025-09-08,test,random_forest,22,24.761539360287138,2.761539360287138
2025-09-09,test,random_forest,18,32.25225030704588,14.252250307045877
2025-09-10,test,random_forest,20,27.702937340815353,7.702937340815353
2025-09-11,test,random_forest,28,33.32224004059237,5.322240040592369
2025-09-12,test,random_forest,58,52.64009066271706,5.359909337282943
2025-09-13,test,random_forest,58,58.17918710128877,0.17918710128876825
2025-09-14,test,random_forest,20,34.83962301697274,14.839623016972737
2025-09-15,test,random_forest,37,28.917556774975974,8.082443225024026
2025-09-16,test,random_forest,42,39.557787282214946,2.442212717785054
2025-09-17,test,random_forest,39,41.51954979108548,2.519549791085481
2025-09-18,test,random_forest,36,44.116218454774796,8.116218454774796
2025-09-19,test,random_forest,59,56.7016806488833,2.298319351116703
2025-09-20,test,random_forest,60,58.7007357795627,1.2992642204373013
2025-09-21,test,random_forest,40,33.55461780835266,6.44538219164734
2025-09-22,test,random_forest,33,38.706384017136386,5.706384017136386
2025-09-23,test,random_forest,42,40.41482365293059,1.5851763470694067
2025-09-24,test,random_forest,32,43.52849668476631,11.52849668476631
2025-09-25,test,random_forest,39,43.39443271938575,4.3944327193857475
2025-09-26,test,random_forest,58,57.764218583807015,0.2357814161929852
2025-09-27,test,random_forest,59,58.98583924996574,0.014160750034257319
2025-09-28,test,random_forest,36,43.6614310284229,7.6614310284229035
2025-09-29,test,random_forest,43,40.95392428411054,2.046075715889458
2025-09-30,test,random_forest,35,41.39823154185971,6.398231541859708
2025-10-01,test,random_forest,23,41.47999107196254,18.479991071962537
2025-10-02,test,random_forest,33,35.8904480641907,2.8904480641907
2025-10-03,test,random_forest,60,57.82431443550434,2.1756855644956588
2025-10-04,test,random_forest,59,59.064315251604285,0.06431525160428464
2025-10-05,test,random_forest,29,34.06244420301923,5.062444203019233
2025-10-06,test,random_forest,34,40.43969794302703,6.439697943027028
2025-10-07,test,random_forest,34,39.13275703257011,5.132757032570112
2025-10-08,test,random_forest,41,41.33800535088107,0.338005350881069
2025-10-09,test,random_forest,49,43.128704924598985,5.871295075401015
2025-10-10,test,random_forest,58,58.557162064998984,0.5571620649989839
2025-10-11,test,random_forest,60,59.033059520209754,0.9669404797902459
2025-10-12,test,random_forest,59,35.13404438453704,23.86595561546296
2025-10-13,test,random_forest,22,40.21041427347161,18.210414273471613
2025-10-14,test,random_forest,37,30.58046432850773,6.41953567149227
2025-10-15,test,random_forest,53,42.604320856869286,10.395679143130714
2025-10-16,test,random_forest,57,49.806910513059336,7.193089486940664
2025-10-17,test,random_forest,53,59.03564073295985,6.035640732959848
2025-10-18,test,random_forest,59,58.61170045918133,0.3882995408186716
2025-10-19,test,random_forest,45,45.89359913624389,0.8935991362438926
2025-10-20,test,random_forest,42,37.15548334378042,4.844516656219582
2025-10-21,test,random_forest,46,40.10882591017516,5.891174089824837
2025-10-22,test,random_forest,28,45.88913578976919,17.889135789769192
2025-10-23,test,random_forest,47,41.58305909923409,5.416940900765908
2025-10-24,test,random_forest,56,54.4935913019901,1.5064086980098992
2025-10-25,test,random_forest,59,59.12855786907454,0.12855786907454103
2025-10-26,test,random_forest,29,45.927222771054204,16.927222771054204
2025-10-27,test,random_forest,27,40.643037379141326,13.643037379141326
2025-10-28,test,random_forest,40,38.27302995451403,1.7269700454859702
2025-10-29,test,random_forest,46,39.407795481316086,6.592204518683914
2025-10-30,test,random_forest,45,47.94683006518765,2.9468300651876476
2025-10-31,test,random_forest,60,56.695576231929415,3.304423768070585
2025-11-01,test,random_forest,60,58.87484495184037,1.1251550481596269
2025-11-02,test,random_forest,38,29.519588116974198,8.480411883025802
2025-11-03,test,random_forest,21,32.6428086017182,11.642808601718201
2025-11-04,test,random_forest,27,31.336070714347574,4.336070714347574
2025-11-05,test,random_forest,20,38.01506096622678,18.015060966226777
2025-11-06,test,random_forest,29,31.588321984465487,2.5883219844654874
2025-11-07,test,random_forest,60,52.899683494756005,7.100316505243995
2025-11-08,test,random_forest,60,59.16477544932705,0.8352245506729474
2025-11-09,test,random_forest,32,35.46727507277726,3.4672750727772623
2025-11-10,test,random_forest,35,31.665253861042636,3.334746138957364
2025-11-11,test,random_forest,29,35.0685384404811,6.068538440481099
2025-11-12,test,random_forest,29,35.38825603163605,6.388256031636047
2025-11-13,test,random_forest,25,39.750471569246024,14.750471569246024
2025-11-14,test,random_forest,54,53.03992867768626,0.9600713223137376
2025-11-15,test,random_forest,59,58.69295887075601,0.3070411292439914
2025-11-16,test,random_forest,19,33.838042029736705,14.838042029736705
2025-11-17,test,random_forest,11,30.93948724006471,19.93948724006471
2025-11-18,test,random_forest,16,27.913306051696836,11.913306051696836
2025-11-19,test,random_forest,27,27.01954488219898,0.01954488219897854
2025-11-20,test,random_forest,26,41.1941414660559,15.194141466055903
2025-11-21,test,random_forest,58,51.03281140029563,6.967188599704372
2025-11-22,test,random_forest,58,57.90811237759488,0.0918876224051175
2025-11-23,test,random_forest,27,34.23111100890854,7.231111008908542
2025-11-24,test,random_forest,30,39.08136425534392,9.081364255343921
2025-11-25,test,random_forest,28,39.83883279819596,11.83883279819596
2025-11-26,test,random_forest,42,40.1844981583832,1.8155018416168005
2025-11-27,test,random_forest,58,45.34295111928833,12.65704888071167
2025-11-28,test,random_forest,59,57.973208912518494,1.0267910874815058
2025-11-29,test,random_forest,55,58.46495205250545,3.4649520525054527
2025-11-30,test,random_forest,28,34.92894253449509,6.928942534495093
2025-12-01,test,random_forest,30,29.944686570902437,0.05531342909756276
2025-12-02,test,random_forest,31,31.72239925224416,0.7223992522441591
2025-12-03,test,random_forest,28,35.63896400123783,7.638964001237831
2025-12-04,test,random_forest,37,32.400981005380906,4.599018994619094
2025-12-05,test,random_forest,50,54.803174518232005,4.803174518232005
2025-12-06,test,random_forest,60,57.005734087214776,2.994265912785224
2025-12-07,test,random_forest,36,33.25837226076298,2.7416277392370176
2025-12-08,test,random_forest,26,38.101207707222265,12.101207707222265
2025-12-09,test,random_forest,40,33.79327609530992,6.2067239046900795
2025-12-10,test,random_forest,21,41.10005645041236,20.10005645041236
2025-12-11,test,random_forest,24,30.444968494568727,6.444968494568727
2025-12-12,test,random_forest,50,38.95980615879648,11.040193841203518
2025-12-13,test,random_forest,52,55.924530421212765,3.924530421212765
2025-12-14,test,random_forest,24,37.13895902675046,13.138959026750463
2025-12-15,test,random_forest,18,30.939794882801884,12.939794882801884
2025-12-16,test,random_forest,23,26.419236759329216,3.419236759329216
2025-12-17,test,random_forest,34,30.611759929638648,3.388240070361352
2025-12-18,test,random_forest,43,39.31651772143408,3.6834822785659185
2025-12-19,test,random_forest,49,49.53123876723552,0.5312387672355214
2025-12-20,test,random_forest,57,54.67638335857466,2.323616641425339
2025-12-21,test,random_forest,35,34.53821656839892,0.46178343160107715
2025-12-22,test,random_forest,28,37.32401925482498,9.324019254824982
2025-12-23,test,random_forest,27,37.73949207491857,10.739492074918573
2025-12-24,test,random_forest,40,39.15950647837717,0.8404935216228324
2025-12-25,test,random_forest,31,44.94699691433438,13.946996914334377
2025-12-26,test,random_forest,40,47.70228242185231,7.70228242185231
2025-12-27,test,random_forest,44,52.27610183754154,8.276101837541539
2025-12-28,test,random_forest,30,37.23016196472949,7.23016196472949
2025-12-29,test,random_forest,28,37.380683442864346,9.380683442864346
2025-12-30,test,random_forest,36,37.770445072411285,1.7704450724112846
2025-12-31,test,random_forest,55,40.16829670654427,14.831703293455732
2024-07-01,validation,xgboost,14,26.88544464111328,12.885444641113281
2024-07-02,validation,xgboost,17,24.147567749023438,7.1475677490234375
2024-07-03,validation,xgboost,23,28.041059494018555,5.041059494018555
2024-07-04,validation,xgboost,26,34.713966369628906,8.713966369628906
2024-07-05,validation,xgboost,59,57.11170959472656,1.8882904052734375
2024-07-06,validation,xgboost,59,59.28744888305664,0.2874488830566406
2024-07-07,validation,xgboost,22,25.358047485351562,3.3580474853515625
2024-07-08,validation,xgboost,27,31.5031795501709,4.503179550170898
2024-07-09,validation,xgboost,33,37.691226959228516,4.691226959228516
2024-07-10,validation,xgboost,40,40.33698272705078,0.33698272705078125
2024-07-11,validation,xgboost,50,45.09127426147461,4.908725738525391
2024-07-12,validation,xgboost,58,55.913475036621094,2.0865249633789062
2024-07-13,validation,xgboost,60,55.95319366455078,4.046806335449219
2024-07-14,validation,xgboost,25,24.482868194580078,0.5171318054199219
2024-07-15,validation,xgboost,28,32.18058395385742,4.180583953857422
2024-07-16,validation,xgboost,36,32.02016067504883,3.979839324951172
2024-07-17,validation,xgboost,27,37.86754608154297,10.867546081542969
2024-07-18,validation,xgboost,32,41.755340576171875,9.755340576171875
2024-07-19,validation,xgboost,59,57.11549758911133,1.8845024108886719
2024-07-20,validation,xgboost,60,58.67022705078125,1.32977294921875
2024-07-21,validation,xgboost,41,30.627681732177734,10.372318267822266
2024-07-22,validation,xgboost,45,34.962039947509766,10.037960052490234
2024-07-23,validation,xgboost,52,39.035770416259766,12.964229583740234
2024-07-24,validation,xgboost,57,49.16999053955078,7.830009460449219
2024-07-25,validation,xgboost,58,51.58915328979492,6.410846710205078
2024-07-26,validation,xgboost,60,59.85710144042969,0.1428985595703125
2024-07-27,validation,xgboost,60,60.0,0.0
2024-07-28,validation,xgboost,28,40.107093811035156,12.107093811035156
2024-07-29,validation,xgboost,22,38.931671142578125,16.931671142578125
2024-07-30,validation,xgboost,27,35.15686798095703,8.156867980957031
2024-07-31,validation,xgboost,40,40.13104248046875,0.13104248046875
2024-08-01,validation,xgboost,33,46.001766204833984,13.001766204833984
2024-08-02,validation,xgboost,60,57.745121002197266,2.2548789978027344
2024-08-03,validation,xgboost,60,60.0,0.0
2024-08-04,validation,xgboost,22,29.624008178710938,7.6240081787109375
2024-08-05,validation,xgboost,24,30.740854263305664,6.740854263305664
2024-08-06,validation,xgboost,30,33.33781814575195,3.337818145751953
2024-08-07,validation,xgboost,37,39.22739028930664,2.2273902893066406
2024-08-08,validation,xgboost,41,43.96084976196289,2.9608497619628906
2024-08-09,validation,xgboost,55,56.956581115722656,1.9565811157226562
2024-08-10,validation,xgboost,59,58.953895568847656,0.04610443115234375
2024-08-11,validation,xgboost,26,30.43794822692871,4.437948226928711
2024-08-12,validation,xgboost,31,33.89399337768555,2.893993377685547
2024-08-13,validation,xgboost,52,36.38501739501953,15.614982604980469
2024-08-14,validation,xgboost,36,47.42310333251953,11.423103332519531
2024-08-15,validation,xgboost,50,43.82794189453125,6.17205810546875
2024-08-16,validation,xgboost,60,59.83793640136719,0.1620635986328125
2024-08-17,validation,xgboost,60,60.0,0.0
2024-08-18,validation,xgboost,25,34.39161682128906,9.391616821289062
2024-08-19,validation,xgboost,33,33.55329513549805,0.5532951354980469
2024-08-20,validation,xgboost,27,43.42420959472656,16.424209594726562
2024-08-21,validation,xgboost,38,39.56840515136719,1.5684051513671875
2024-08-22,validation,xgboost,45,48.24244689941406,3.2424468994140625
2024-08-23,validation,xgboost,60,59.63978958129883,0.3602104187011719
2024-08-24,validation,xgboost,60,59.51757049560547,0.48242950439453125
2024-08-25,validation,xgboost,42,33.012596130371094,8.987403869628906
2024-08-26,validation,xgboost,52,36.964500427246094,15.035499572753906
2024-08-27,validation,xgboost,57,39.434139251708984,17.565860748291016
2024-08-28,validation,xgboost,60,51.86805725097656,8.131942749023438
2024-08-29,validation,xgboost,59,52.07535171508789,6.924648284912109
2024-08-30,validation,xgboost,49,60.0,11.0
2024-08-31,validation,xgboost,66,58.998619079589844,7.001380920410156
2024-09-01,validation,xgboost,60,34.16120147705078,25.83879852294922
2024-09-02,validation,xgboost,38,38.64373779296875,0.64373779296875
2024-09-03,validation,xgboost,33,39.37755584716797,6.377555847167969
2024-09-04,validation,xgboost,31,41.639442443847656,10.639442443847656
2024-09-05,validation,xgboost,36,43.783809661865234,7.783809661865234
2024-09-06,validation,xgboost,57,55.67924880981445,1.3207511901855469
2024-09-07,validation,xgboost,59,58.248966217041016,0.7510337829589844
2024-09-08,validation,xgboost,24,33.91094207763672,9.910942077636719
2024-09-09,validation,xgboost,29,29.233842849731445,0.2338428497314453
2024-09-10,validation,xgboost,25,36.029815673828125,11.029815673828125
2024-09-11,validation,xgboost,22,38.18423080444336,16.18423080444336
2024-09-12,validation,xgboost,39,36.23678207397461,2.7632179260253906
2024-09-13,validation,xgboost,59,53.87400436401367,5.125995635986328
2024-09-14,validation,xgboost,60,59.32459259033203,0.6754074096679688
2024-09-15,validation,xgboost,29,32.54771423339844,3.5477142333984375
2024-09-16,validation,xgboost,40,33.808536529541016,6.191463470458984
2024-09-17,validation,xgboost,49,37.573455810546875,11.426544189453125
2024-09-18,validation,xgboost,50,49.1590461730957,0.8409538269042969
2024-09-19,validation,xgboost,54,52.548851013183594,1.4511489868164062
2024-09-20,validation,xgboost,59,59.96512222290039,0.9651222229003906
2024-09-21,validation,xgboost,59,59.887115478515625,0.887115478515625
2024-09-22,validation,xgboost,36,38.53205108642578,2.5320510864257812
2024-09-23,validation,xgboost,42,42.08664321899414,0.08664321899414062
2024-09-24,validation,xgboost,55,48.966426849365234,6.033573150634766
2024-09-25,validation,xgboost,56,53.525272369384766,2.4747276306152344
2024-09-26,validation,xgboost,56,56.43782043457031,0.4378204345703125
2024-09-27,validation,xgboost,59,59.21195983886719,0.2119598388671875
2024-09-28,validation,xgboost,57,59.53175354003906,2.5317535400390625
2024-09-29,validation,xgboost,38,43.703433990478516,5.703433990478516
2024-09-30,validation,xgboost,30,44.03144836425781,14.031448364257812
2024-10-01,validation,xgboost,14,46.152645111083984,32.152645111083984
2024-10-02,validation,xgboost,11,28.953365325927734,17.953365325927734
2024-10-03,validation,xgboost,39,12.03484058380127,26.96515941619873
2024-10-04,validation,xgboost,60,57.16437911987305,2.835620880126953
2024-10-05,validation,xgboost,58,57.01814651489258,0.9818534851074219
2024-10-06,validation,xgboost,25,24.849111557006836,0.15088844299316406
2024-10-07,validation,xgboost,22,30.054183959960938,8.054183959960938
2024-10-08,validation,xgboost,30,26.9700927734375,3.0299072265625
2024-10-09,validation,xgboost,38,36.994903564453125,1.005096435546875
2024-10-10,validation,xgboost,59,49.70027160644531,9.299728393554688
2024-10-11,validation,xgboost,60,59.0449104309082,0.9550895690917969
2024-10-12,validation,xgboost,60,58.08364486694336,1.9163551330566406
2024-10-13,validation,xgboost,60,28.38081932067871,31.61918067932129
2024-10-14,validation,xgboost,18,27.394367218017578,9.394367218017578
2024-10-15,validation,xgboost,24,20.327550888061523,3.6724491119384766
2024-10-16,validation,xgboost,34,28.45452117919922,5.545478820800781
2024-10-17,validation,xgboost,51,40.80537033081055,10.194629669189453
2024-10-18,validation,xgboost,60,56.62371063232422,3.3762893676757812
2024-10-19,validation,xgboost,60,57.64586639404297,2.3541336059570312
2024-10-20,validation,xgboost,44,30.770000457763672,13.229999542236328
2024-10-21,validation,xgboost,31,34.60477066040039,3.6047706604003906
2024-10-22,validation,xgboost,37,28.584346771240234,8.415653228759766
2024-10-23,validation,xgboost,51,38.922019958496094,12.077980041503906
2024-10-24,validation,xgboost,58,55.7543830871582,2.245616912841797
2024-10-25,validation,xgboost,59,58.902671813964844,0.09732818603515625
2024-10-26,validation,xgboost,59,59.379547119140625,0.379547119140625
2024-10-27,validation,xgboost,59,40.4364013671875,18.5635986328125
2024-10-28,validation,xgboost,21,26.310667037963867,5.310667037963867
2024-10-29,validation,xgboost,23,23.00068473815918,0.0006847381591796875
2024-10-30,validation,xgboost,26,28.91172218322754,2.911722183227539
2024-10-31,validation,xgboost,40,40.51647186279297,0.5164718627929688
2024-11-01,validation,xgboost,60,56.88090133666992,3.119098663330078
2024-11-02,validation,xgboost,60,57.87897491455078,2.1210250854492188
2024-11-03,validation,xgboost,26,31.037456512451172,5.037456512451172
2024-11-04,validation,xgboost,16,28.943586349487305,12.943586349487305
2024-11-05,validation,xgboost,16,23.91758918762207,7.91758918762207
2024-11-06,validation,xgboost,29,23.73509407043457,5.26490592956543
2024-11-07,validation,xgboost,47,47.50203323364258,0.5020332336425781
2024-11-08,validation,xgboost,59,59.45279312133789,0.4527931213378906
2024-11-09,validation,xgboost,60,60.0,0.0
2024-11-10,validation,xgboost,60,30.36484146118164,29.63515853881836
2024-11-11,validation,xgboost,38,33.560298919677734,4.439701080322266
2024-11-12,validation,xgboost,54,41.01707077026367,12.982929229736328
2024-11-13,validation,xgboost,36,50.91453170776367,14.914531707763672
2024-11-14,validation,xgboost,53,46.269535064697266,6.730464935302734
2024-11-15,validation,xgboost,60,56.70487594604492,3.295124053955078
2024-11-16,validation,xgboost,60,57.134849548339844,2.8651504516601562
2024-11-17,validation,xgboost,15,39.62391662597656,24.623916625976562
2024-11-18,validation,xgboost,12,19.489601135253906,7.489601135253906
2024-11-19,validation,xgboost,23,18.565448760986328,4.434551239013672
2024-11-20,validation,xgboost,34,31.626962661743164,2.373037338256836
2024-11-21,validation,xgboost,29,43.393775939941406,14.393775939941406
2024-11-22,validation,xgboost,50,56.20354461669922,6.203544616699219
2024-11-23,validation,xgboost,56,59.254608154296875,3.254608154296875
2024-11-24,validation,xgboost,25,29.18208122253418,4.18208122253418
2024-11-25,validation,xgboost,25,37.38847351074219,12.388473510742188
2024-11-26,validation,xgboost,23,31.959095001220703,8.959095001220703
2024-11-27,validation,xgboost,43,32.58841323852539,10.41158676147461
2024-11-28,validation,xgboost,58,48.52214050292969,9.477859497070312
2024-11-29,validation,xgboost,59,56.09455490112305,2.905445098876953
2024-11-30,validation,xgboost,59,57.38441848754883,1.6155815124511719
2024-12-01,validation,xgboost,28,31.279460906982422,3.279460906982422
2024-12-02,validation,xgboost,22,34.39899444580078,12.398994445800781
2024-12-03,validation,xgboost,34,26.33746910095215,7.662530899047852
2024-12-04,validation,xgboost,38,39.6525764465332,1.6525764465332031
2024-12-05,validation,xgboost,29,43.66957473754883,14.669574737548828
2024-12-06,validation,xgboost,60,50.15437316894531,9.845626831054688
2024-12-07,validation,xgboost,60,56.95930862426758,3.040691375732422
2024-12-08,validation,xgboost,27,23.77950668334961,3.2204933166503906
2024-12-09,validation,xgboost,24,30.862659454345703,6.862659454345703
2024-12-10,validation,xgboost,26,27.628889083862305,1.6288890838623047
2024-12-11,validation,xgboost,32,32.108192443847656,0.10819244384765625
2024-12-12,validation,xgboost,29,37.113441467285156,8.113441467285156
2024-12-13,validation,xgboost,47,54.477020263671875,7.477020263671875
2024-12-14,validation,xgboost,58,56.51262664794922,1.4873733520507812
2024-12-15,validation,xgboost,34,26.22846221923828,7.771537780761719
2024-12-16,validation,xgboost,23,31.50655174255371,8.506551742553711
2024-12-17,validation,xgboost,26,27.192304611206055,1.1923046112060547
2024-12-18,validation,xgboost,32,33.41337203979492,1.4133720397949219
2024-12-19,validation,xgboost,25,37.05659866333008,12.056598663330078
2024-12-20,validation,xgboost,52,52.45690155029297,0.45690155029296875
2024-12-21,validation,xgboost,59,57.14657974243164,1.8534202575683594
2024-12-22,validation,xgboost,31,34.277259826660156,3.2772598266601562
2024-12-23,validation,xgboost,35,34.6358757019043,0.3641242980957031
2024-12-24,validation,xgboost,45,37.447853088378906,7.552146911621094
2024-12-25,validation,xgboost,40,41.036346435546875,1.036346435546875
2024-12-26,validation,xgboost,48,41.01011276245117,6.989887237548828
2024-12-27,validation,xgboost,56,52.426963806152344,3.5730361938476562
2024-12-28,validation,xgboost,58,55.85917663574219,2.1408233642578125
2024-12-29,validation,xgboost,39,31.085651397705078,7.914348602294922
2024-12-30,validation,xgboost,39,34.418128967285156,4.581871032714844
2024-12-31,validation,xgboost,50,36.000370025634766,13.999629974365234
2025-01-01,test,xgboost,11,37.76689910888672,26.76689910888672
2025-01-02,test,xgboost,15,22.38960075378418,7.38960075378418
2025-01-03,test,xgboost,17,32.962276458740234,15.962276458740234
2025-01-04,test,xgboost,22,30.321081161499023,8.321081161499023
2025-01-05,test,xgboost,0,16.90665626525879,16.90665626525879
2025-01-06,test,xgboost,0,11.625959396362305,11.625959396362305
2025-01-07,test,xgboost,0,16.85364532470703,16.85364532470703
2025-01-08,test,xgboost,0,31.569469451904297,31.569469451904297
2025-01-09,test,xgboost,0,38.53639602661133,38.53639602661133
2025-01-10,test,xgboost,0,41.265869140625,41.265869140625
2025-01-11,test,xgboost,0,40.7816047668457,40.7816047668457
2025-01-12,test,xgboost,0,32.911930084228516,32.911930084228516
2025-01-13,test,xgboost,0,32.087467193603516,32.087467193603516
2025-01-14,test,xgboost,0,35.67485809326172,35.67485809326172
2025-01-15,test,xgboost,0,37.78053665161133,37.78053665161133
2025-01-16,test,xgboost,1,40.8037223815918,39.8037223815918
2025-01-17,test,xgboost,23,45.0981330871582,22.098133087158203
2025-01-18,test,xgboost,44,51.812320709228516,7.812320709228516
2025-01-19,test,xgboost,13,36.86731719970703,23.86731719970703
2025-01-20,test,xgboost,5,39.522830963134766,34.522830963134766
2025-01-21,test,xgboost,2,36.9066276550293,34.9066276550293
2025-01-22,test,xgboost,13,37.78650665283203,24.78650665283203
2025-01-23,test,xgboost,14,44.122161865234375,30.122161865234375
2025-01-24,test,xgboost,56,49.84653091430664,6.153469085693359
2025-01-25,test,xgboost,58,52.56555938720703,5.434440612792969
2025-01-26,test,xgboost,20,37.292388916015625,17.292388916015625
2025-01-27,test,xgboost,17,33.753692626953125,16.753692626953125
2025-01-28,test,xgboost,21,28.93549919128418,7.93549919128418
2025-01-29,test,xgboost,25,27.379365921020508,2.379365921020508
2025-01-30,test,xgboost,28,35.86322784423828,7.863227844238281
2025-01-31,test,xgboost,53,45.515438079833984,7.484561920166016
2025-02-01,test,xgboost,59,51.47900390625,7.52099609375
2025-02-02,test,xgboost,19,31.61133575439453,12.611335754394531
2025-02-03,test,xgboost,23,30.81242561340332,7.81242561340332
2025-02-04,test,xgboost,25,33.09188461303711,8.09188461303711
2025-02-05,test,xgboost,25,35.23863983154297,10.238639831542969
2025-02-06,test,xgboost,26,42.20014190673828,16.20014190673828
2025-02-07,test,xgboost,31,54.101253509521484,23.101253509521484
2025-02-08,test,xgboost,46,53.3846549987793,7.384654998779297
2025-02-09,test,xgboost,13,38.64912414550781,25.649124145507812
2025-02-10,test,xgboost,16,32.34244155883789,16.34244155883789
2025-02-11,test,xgboost,21,37.90800476074219,16.908004760742188
2025-02-12,test,xgboost,21,33.78181838989258,12.781818389892578
2025-02-13,test,xgboost,25,31.441450119018555,6.441450119018555
2025-02-14,test,xgboost,60,50.286842346191406,9.713157653808594
2025-02-15,test,xgboost,54,51.184688568115234,2.8153114318847656
2025-02-16,test,xgboost,31,29.589067459106445,1.4109325408935547
2025-02-17,test,xgboost,20,28.652910232543945,8.652910232543945
2025-02-18,test,xgboost,31,24.544092178344727,6.455907821655273
2025-02-19,test,xgboost,37,33.911991119384766,3.0880088806152344
2025-02-20,test,xgboost,44,33.36922836303711,10.63077163696289
2025-02-21,test,xgboost,59,49.653282165527344,9.346717834472656
2025-02-22,test,xgboost,59,49.93752670288086,9.06247329711914
2025-02-23,test,xgboost,11,22.179420471191406,11.179420471191406
2025-02-24,test,xgboost,29,17.016958236694336,11.983041763305664
2025-02-25,test,xgboost,22,27.367769241333008,5.367769241333008
2025-02-26,test,xgboost,35,24.374027252197266,10.625972747802734
2025-02-27,test,xgboost,32,38.417118072509766,6.417118072509766
2025-02-28,test,xgboost,53,56.360721588134766,3.3607215881347656
2025-03-01,test,xgboost,58,58.02423858642578,0.02423858642578125
2025-03-02,test,xgboost,11,27.956743240356445,16.956743240356445
2025-03-03,test,xgboost,35,22.310138702392578,12.689861297607422
2025-03-04,test,xgboost,35,33.25617218017578,1.7438278198242188
2025-03-05,test,xgboost,39,36.913883209228516,2.0861167907714844
2025-03-06,test,xgboost,35,38.18170166015625,3.18170166015625
2025-03-07,test,xgboost,60,52.332828521728516,7.667171478271484
2025-03-08,test,xgboost,59,57.01738739013672,1.9826126098632812
2025-03-09,test,xgboost,20,26.41993522644043,6.41993522644043
2025-03-10,test,xgboost,32,21.6335506439209,10.366449356079102
2025-03-11,test,xgboost,31,30.732242584228516,0.2677574157714844
2025-03-12,test,xgboost,37,28.28902244567871,8.710977554321289
2025-03-13,test,xgboost,42,30.21349334716797,11.786506652832031
2025-03-14,test,xgboost,58,55.164100646972656,2.8358993530273438
2025-03-15,test,xgboost,59,56.497798919677734,2.5022010803222656
2025-03-16,test,xgboost,34,22.211965560913086,11.788034439086914
2025-03-17,test,xgboost,31,29.190073013305664,1.809926986694336
2025-03-18,test,xgboost,32,25.90358543395996,6.096414566040039
2025-03-19,test,xgboost,24,28.185001373291016,4.185001373291016
2025-03-20,test,xgboost,49,28.48681640625,20.51318359375
2025-03-21,test,xgboost,58,54.011329650878906,3.9886703491210938
2025-03-22,test,xgboost,60,57.223636627197266,2.7763633728027344
2025-03-23,test,xgboost,30,15.634493827819824,14.365506172180176
2025-03-24,test,xgboost,30,23.921825408935547,6.078174591064453
2025-03-25,test,xgboost,30,24.05002212524414,5.949977874755859
2025-03-26,test,xgboost,35,26.931476593017578,8.068523406982422
2025-03-27,test,xgboost,43,34.181339263916016,8.818660736083984
2025-03-28,test,xgboost,58,52.70097732543945,5.299022674560547
2025-03-29,test,xgboost,58,55.671905517578125,2.328094482421875
2025-03-30,test,xgboost,40,14.375056266784668,25.624943733215332
2025-03-31,test,xgboost,33,25.527368545532227,7.472631454467773
2025-04-01,test,xgboost,23,31.060394287109375,8.060394287109375
2025-04-02,test,xgboost,24,23.232484817504883,0.7675151824951172
2025-04-03,test,xgboost,33,30.443073272705078,2.556926727294922
2025-04-04,test,xgboost,59,55.23570251464844,3.7642974853515625
2025-04-05,test,xgboost,59,58.605072021484375,0.394927978515625
2025-04-06,test,xgboost,36,22.455076217651367,13.544923782348633
2025-04-07,test,xgboost,19,26.15555191040039,7.155551910400391
2025-04-08,test,xgboost,23,18.729286193847656,4.270713806152344
2025-04-09,test,xgboost,28,22.222761154174805,5.777238845825195
2025-04-10,test,xgboost,50,27.9537410736084,22.0462589263916
2025-04-11,test,xgboost,59,57.742042541503906,1.2579574584960938
2025-04-12,test,xgboost,59,57.80661392211914,1.1933860778808594
2025-04-13,test,xgboost,32,22.167240142822266,9.832759857177734
2025-04-14,test,xgboost,39,26.36622428894043,12.63377571105957
2025-04-15,test,xgboost,33,25.5169734954834,7.483026504516602
2025-04-16,test,xgboost,34,30.9427547454834,3.0572452545166016
2025-04-17,test,xgboost,43,42.9470100402832,0.052989959716796875
2025-04-18,test,xgboost,60,55.918758392333984,4.081241607666016
2025-04-19,test,xgboost,59,57.68750762939453,1.3124923706054688
2025-04-20,test,xgboost,27,23.03301429748535,3.9669857025146484
2025-04-21,test,xgboost,39,27.085538864135742,11.914461135864258
2025-04-22,test,xgboost,44,29.3829345703125,14.6170654296875
2025-04-23,test,xgboost,36,34.94377899169922,1.0562210083007812
2025-04-24,test,xgboost,50,38.459632873535156,11.540367126464844
2025-04-25,test,xgboost,55,56.017723083496094,1.0177230834960938
2025-04-26,test,xgboost,59,56.66697311401367,2.333026885986328
2025-04-27,test,xgboost,21,28.844812393188477,7.844812393188477
2025-04-28,test,xgboost,30,21.628826141357422,8.371173858642578
2025-04-29,test,xgboost,35,26.835092544555664,8.164907455444336
2025-04-30,test,xgboost,29,31.952566146850586,2.952566146850586
2025-05-01,test,xgboost,30,38.89332580566406,8.893325805664062
2025-05-02,test,xgboost,58,55.7571907043457,2.242809295654297
2025-05-03,test,xgboost,59,58.06053161621094,0.9394683837890625
2025-05-04,test,xgboost,19,23.937198638916016,4.937198638916016
2025-05-05,test,xgboost,8,18.141794204711914,10.141794204711914
2025-05-06,test,xgboost,13,16.611478805541992,3.611478805541992
2025-05-07,test,xgboost,43,19.422563552856445,23.577436447143555
2025-05-08,test,xgboost,54,39.15038299560547,14.849617004394531
2025-05-09,test,xgboost,60,54.140228271484375,5.859771728515625
2025-05-10,test,xgboost,59,54.61528015136719,4.3847198486328125
2025-05-11,test,xgboost,15,30.11332893371582,15.11332893371582
2025-05-12,test,xgboost,34,22.044837951660156,11.955162048339844
2025-05-13,test,xgboost,44,31.395904541015625,12.604095458984375
2025-05-14,test,xgboost,56,39.066192626953125,16.933807373046875
2025-05-15,test,xgboost,50,47.87385559082031,2.1261444091796875
2025-05-16,test,xgboost,59,55.681739807128906,3.3182601928710938
2025-05-17,test,xgboost,58,57.79411315917969,0.2058868408203125
2025-05-18,test,xgboost,36,37.37261962890625,1.37261962890625
2025-05-19,test,xgboost,22,27.936498641967773,5.936498641967773
2025-05-20,test,xgboost,26,31.681041717529297,5.681041717529297
2025-05-21,test,xgboost,22,37.99467468261719,15.994674682617188
2025-05-22,test,xgboost,20,40.280052185058594,20.280052185058594
2025-05-23,test,xgboost,56,52.71678161621094,3.2832183837890625
2025-05-24,test,xgboost,57,59.93161392211914,2.9316139221191406
2025-05-25,test,xgboost,52,38.43501281738281,13.564987182617188
2025-05-26,test,xgboost,9,24.59429359436035,15.594293594360352
2025-05-27,test,xgboost,9,17.376937866210938,8.376937866210938
2025-05-28,test,xgboost,17,21.054344177246094,4.054344177246094
2025-05-29,test,xgboost,37,20.560102462768555,16.439897537231445
2025-05-30,test,xgboost,54,53.54265594482422,0.45734405517578125
2025-05-31,test,xgboost,58,55.08087921142578,2.9191207885742188
2025-06-01,test,xgboost,45,26.484922409057617,18.515077590942383
2025-06-02,test,xgboost,25,29.112001419067383,4.112001419067383
2025-06-03,test,xgboost,25,32.29477310180664,7.294773101806641
2025-06-04,test,xgboost,39,31.565156936645508,7.434843063354492
2025-06-05,test,xgboost,34,40.434627532958984,6.434627532958984
2025-06-06,test,xgboost,58,57.06979751586914,0.9302024841308594
2025-06-07,test,xgboost,57,57.87668228149414,0.8766822814941406
2025-06-08,test,xgboost,29,35.195796966552734,6.195796966552734
2025-06-09,test,xgboost,34,32.55171585083008,1.4482841491699219
2025-06-10,test,xgboost,48,35.59169387817383,12.408306121826172
2025-06-11,test,xgboost,39,48.27179718017578,9.271797180175781
2025-06-12,test,xgboost,44,41.18412399291992,2.815876007080078
2025-06-13,test,xgboost,60,58.518653869628906,1.4813461303710938
2025-06-14,test,xgboost,59,58.77519989013672,0.22480010986328125
2025-06-15,test,xgboost,16,29.18235969543457,13.18235969543457
2025-06-16,test,xgboost,10,23.835208892822266,13.835208892822266
2025-06-17,test,xgboost,22,22.871152877807617,0.8711528778076172
2025-06-18,test,xgboost,13,32.03931427001953,19.03931427001953
2025-06-19,test,xgboost,31,28.504053115844727,2.4959468841552734
2025-06-20,test,xgboost,60,57.12654495239258,2.873455047607422
2025-06-21,test,xgboost,57,58.90115737915039,1.9011573791503906
2025-06-22,test,xgboost,19,31.693584442138672,12.693584442138672
2025-06-23,test,xgboost,19,29.402053833007812,10.402053833007812
2025-06-24,test,xgboost,34,30.21526336669922,3.7847366333007812
2025-06-25,test,xgboost,36,44.83420181274414,8.83420181274414
2025-06-26,test,xgboost,31,40.46063995361328,9.460639953613281
2025-06-27,test,xgboost,59,55.13140869140625,3.86859130859375
2025-06-28,test,xgboost,59,56.6341438293457,2.365856170654297
2025-06-29,test,xgboost,32,25.10114097595215,6.898859024047852
2025-06-30,test,xgboost,25,27.920433044433594,2.9204330444335938
2025-07-01,test,xgboost,29,25.884084701538086,3.115915298461914
2025-07-02,test,xgboost,23,37.3077392578125,14.3077392578125
2025-07-03,test,xgboost,30,30.677736282348633,0.6777362823486328
2025-07-04,test,xgboost,57,57.7361946105957,0.7361946105957031
2025-07-05,test,xgboost,59,58.552249908447266,0.4477500915527344
2025-07-06,test,xgboost,32,25.551664352416992,6.448335647583008
2025-07-07,test,xgboost,23,31.904813766479492,8.904813766479492
2025-07-08,test,xgboost,39,31.45130729675293,7.54869270324707
2025-07-09,test,xgboost,44,42.54353332519531,1.4564666748046875
2025-07-10,test,xgboost,45,43.06423568725586,1.9357643127441406
2025-07-11,test,xgboost,60,57.707645416259766,2.2923545837402344
2025-07-12,test,xgboost,59,56.88232421875,2.11767578125
2025-07-13,test,xgboost,30,28.499753952026367,1.5002460479736328
2025-07-14,test,xgboost,29,29.375234603881836,0.37523460388183594
2025-07-15,test,xgboost,30,33.82773208618164,3.8277320861816406
2025-07-16,test,xgboost,26,38.370792388916016,12.370792388916016
2025-07-17,test,xgboost,36,43.14645004272461,7.146450042724609
2025-07-18,test,xgboost,60,57.19680404663086,2.8031959533691406
2025-07-19,test,xgboost,60,58.803287506103516,1.1967124938964844
2025-07-20,test,xgboost,37,31.27996063232422,5.720039367675781
2025-07-21,test,xgboost,43,33.59848403930664,9.40151596069336
2025-07-22,test,xgboost,27,34.80170822143555,7.801708221435547
2025-07-23,test,xgboost,32,38.208377838134766,6.208377838134766
2025-07-24,test,xgboost,42,39.49432373046875,2.50567626953125
2025-07-25,test,xgboost,58,58.485694885253906,0.48569488525390625
2025-07-26,test,xgboost,60,58.886409759521484,1.1135902404785156
2025-07-27,test,xgboost,29,31.764284133911133,2.764284133911133
2025-07-28,test,xgboost,27,37.797420501708984,10.797420501708984
2025-07-29,test,xgboost,28,34.65619659423828,6.656196594238281
2025-07-30,test,xgboost,25,36.982635498046875,11.982635498046875
2025-07-31,test,xgboost,38,39.35307693481445,1.3530769348144531
2025-08-01,test,xgboost,57,58.05120849609375,1.05120849609375
2025-08-02,test,xgboost,59,59.14486312866211,0.14486312866210938
2025-08-03,test,xgboost,18,30.0220947265625,12.0220947265625
2025-08-04,test,xgboost,21,24.11672592163086,3.1167259216308594
2025-08-05,test,xgboost,18,28.78641700744629,10.786417007446289
2025-08-06,test,xgboost,18,28.957185745239258,10.957185745239258
2025-08-07,test,xgboost,19,32.1527214050293,13.152721405029297
2025-08-08,test,xgboost,52,45.65674591064453,6.343254089355469
2025-08-09,test,xgboost,57,60.0,3.0
2025-08-10,test,xgboost,42,32.47739791870117,9.522602081298828
2025-08-11,test,xgboost,22,36.22868728637695,14.228687286376953
2025-08-12,test,xgboost,36,34.3901481628418,1.6098518371582031
2025-08-13,test,xgboost,39,39.27732467651367,0.2773246765136719
2025-08-14,test,xgboost,46,41.94517517089844,4.0548248291015625
2025-08-15,test,xgboost,60,58.36935043334961,1.6306495666503906
2025-08-16,test,xgboost,59,59.21627426147461,0.21627426147460938
2025-08-17,test,xgboost,26,30.04186248779297,4.041862487792969
2025-08-18,test,xgboost,36,27.903507232666016,8.096492767333984
2025-08-19,test,xgboost,24,36.22725296020508,12.227252960205078
2025-08-20,test,xgboost,32,31.581581115722656,0.41841888427734375
2025-08-21,test,xgboost,42,45.21005630493164,3.2100563049316406
2025-08-22,test,xgboost,60,59.590538024902344,0.40946197509765625
2025-08-23,test,xgboost,59,59.00654983520508,0.006549835205078125
2025-08-24,test,xgboost,48,30.636079788208008,17.363920211791992
2025-08-25,test,xgboost,55,37.63216018676758,17.367839813232422
2025-08-26,test,xgboost,59,40.673519134521484,18.326480865478516
2025-08-27,test,xgboost,60,51.23013687133789,8.76986312866211
2025-08-28,test,xgboost,60,52.36115264892578,7.638847351074219
2025-08-29,test,xgboost,57,59.93964767456055,2.939647674560547
2025-08-30,test,xgboost,59,59.347537994384766,0.3475379943847656
2025-08-31,test,xgboost,59,42.91580581665039,16.08419418334961
2025-09-01,test,xgboost,25,40.646942138671875,15.646942138671875
2025-09-02,test,xgboost,24,37.90709686279297,13.907096862792969
2025-09-03,test,xgboost,22,33.209346771240234,11.209346771240234
2025-09-04,test,xgboost,33,24.511438369750977,8.488561630249023
2025-09-05,test,xgboost,60,55.806976318359375,4.193023681640625
2025-09-06,test,xgboost,59,58.15867233276367,0.8413276672363281
2025-09-07,test,xgboost,13,33.703338623046875,20.703338623046875
2025-09-08,test,xgboost,22,24.335153579711914,2.335153579711914
2025-09-09,test,xgboost,18,31.570852279663086,13.570852279663086
2025-09-10,test,xgboost,20,26.01848602294922,6.018486022949219
2025-09-11,test,xgboost,28,31.319580078125,3.319580078125
2025-09-12,test,xgboost,58,53.97690200805664,4.023097991943359
2025-09-13,test,xgboost,58,58.730743408203125,0.730743408203125
2025-09-14,test,xgboost,20,37.38527297973633,17.385272979736328
2025-09-15,test,xgboost,37,28.203184127807617,8.796815872192383
2025-09-16,test,xgboost,42,42.56694412231445,0.5669441223144531
2025-09-17,test,xgboost,39,40.53564453125,1.53564453125
2025-09-18,test,xgboost,36,42.35444259643555,6.354442596435547
2025-09-19,test,xgboost,59,56.325279235839844,2.6747207641601562
2025-09-20,test,xgboost,60,57.83982467651367,2.160175323486328
2025-09-21,test,xgboost,40,37.30391311645508,2.696086883544922
2025-09-22,test,xgboost,33,40.364479064941406,7.364479064941406
2025-09-23,test,xgboost,42,39.51008224487305,2.489917755126953
2025-09-24,test,xgboost,32,43.76911163330078,11.769111633300781
2025-09-25,test,xgboost,39,44.322269439697266,5.322269439697266
2025-09-26,test,xgboost,58,58.18173599243164,0.18173599243164062
2025-09-27,test,xgboost,59,58.614532470703125,0.385467529296875
2025-09-28,test,xgboost,36,39.44276428222656,3.4427642822265625
2025-09-29,test,xgboost,43,35.97538375854492,7.024616241455078
2025-09-30,test,xgboost,35,41.718711853027344,6.718711853027344
2025-10-01,test,xgboost,23,42.96043014526367,19.960430145263672
2025-10-02,test,xgboost,33,35.1791877746582,2.179187774658203
2025-10-03,test,xgboost,60,58.37613296508789,1.6238670349121094
2025-10-04,test,xgboost,59,59.53812789916992,0.5381278991699219
2025-10-05,test,xgboost,29,28.569843292236328,0.4301567077636719
2025-10-06,test,xgboost,34,38.73553466796875,4.73553466796875
2025-10-07,test,xgboost,34,38.83401870727539,4.834018707275391
2025-10-08,test,xgboost,41,43.143123626708984,2.1431236267089844
2025-10-09,test,xgboost,49,41.84328079223633,7.156719207763672
2025-10-10,test,xgboost,58,59.27252197265625,1.27252197265625
2025-10-11,test,xgboost,60,59.4163932800293,0.5836067199707031
2025-10-12,test,xgboost,59,36.51960372924805,22.480396270751953
2025-10-13,test,xgboost,22,42.378135681152344,20.378135681152344
2025-10-14,test,xgboost,37,31.099355697631836,5.900644302368164
2025-10-15,test,xgboost,53,42.421539306640625,10.578460693359375
2025-10-16,test,xgboost,57,53.07810974121094,3.9218902587890625
2025-10-17,test,xgboost,53,58.95681381225586,5.956813812255859
2025-10-18,test,xgboost,59,58.62944412231445,0.3705558776855469
2025-10-19,test,xgboost,45,48.9937744140625,3.9937744140625
2025-10-20,test,xgboost,42,35.84249496459961,6.157505035400391
2025-10-21,test,xgboost,46,42.823604583740234,3.1763954162597656
2025-10-22,test,xgboost,28,45.74809646606445,17.748096466064453
2025-10-23,test,xgboost,47,37.05952072143555,9.940479278564453
2025-10-24,test,xgboost,56,58.028099060058594,2.0280990600585938
2025-10-25,test,xgboost,59,60.0,1.0
2025-10-26,test,xgboost,29,45.083641052246094,16.083641052246094
2025-10-27,test,xgboost,27,34.6346435546875,7.6346435546875
2025-10-28,test,xgboost,40,39.93180847167969,0.0681915283203125
2025-10-29,test,xgboost,46,46.44743347167969,0.4474334716796875
2025-10-30,test,xgboost,45,50.08905029296875,5.08905029296875
2025-10-31,test,xgboost,60,56.93805694580078,3.0619430541992188
2025-11-01,test,xgboost,60,58.34869384765625,1.65130615234375
2025-11-02,test,xgboost,38,25.967336654663086,12.032663345336914
2025-11-03,test,xgboost,21,29.580352783203125,8.580352783203125
2025-11-04,test,xgboost,27,29.834257125854492,2.834257125854492
2025-11-05,test,xgboost,20,37.67588424682617,17.675884246826172
2025-11-06,test,xgboost,29,31.826007843017578,2.826007843017578
2025-11-07,test,xgboost,60,54.48130798339844,5.5186920166015625
2025-11-08,test,xgboost,60,59.496543884277344,0.5034561157226562
2025-11-09,test,xgboost,32,31.50858497619629,0.49141502380371094
2025-11-10,test,xgboost,35,34.12455368041992,0.8754463195800781
2025-11-11,test,xgboost,29,34.52622604370117,5.526226043701172
2025-11-12,test,xgboost,29,32.44827651977539,3.4482765197753906
2025-11-13,test,xgboost,25,37.473838806152344,12.473838806152344
2025-11-14,test,xgboost,54,53.27667236328125,0.72332763671875
2025-11-15,test,xgboost,59,60.0,1.0
2025-11-16,test,xgboost,19,32.74501037597656,13.745010375976562
2025-11-17,test,xgboost,11,31.534454345703125,20.534454345703125
2025-11-18,test,xgboost,16,27.169870376586914,11.169870376586914
2025-11-19,test,xgboost,27,29.062822341918945,2.0628223419189453
2025-11-20,test,xgboost,26,40.43079376220703,14.430793762207031
2025-11-21,test,xgboost,58,53.88005828857422,4.119941711425781
2025-11-22,test,xgboost,58,60.0,2.0
2025-11-23,test,xgboost,27,30.728355407714844,3.7283554077148438
2025-11-24,test,xgboost,30,36.75786209106445,6.757862091064453
2025-11-25,test,xgboost,28,35.20008850097656,7.2000885009765625
2025-11-26,test,xgboost,42,35.23431396484375,6.76568603515625
2025-11-27,test,xgboost,58,45.687538146972656,12.312461853027344
2025-11-28,test,xgboost,59,57.91482162475586,1.0851783752441406
2025-11-29,test,xgboost,55,57.389671325683594,2.3896713256835938
2025-11-30,test,xgboost,28,30.20503807067871,2.205038070678711
2025-12-01,test,xgboost,30,29.44622039794922,0.5537796020507812
2025-12-02,test,xgboost,31,30.490802764892578,0.5091972351074219
2025-12-03,test,xgboost,28,34.68822479248047,6.688224792480469
2025-12-04,test,xgboost,37,33.7274284362793,3.272571563720703
2025-12-05,test,xgboost,50,56.78971481323242,6.789714813232422
2025-12-06,test,xgboost,60,60.0,0.0
2025-12-07,test,xgboost,36,30.710195541381836,5.289804458618164
2025-12-08,test,xgboost,26,36.31272888183594,10.312728881835938
2025-12-09,test,xgboost,40,31.665082931518555,8.334917068481445
2025-12-10,test,xgboost,21,39.60954666137695,18.609546661376953
2025-12-11,test,xgboost,24,30.038455963134766,6.038455963134766
2025-12-12,test,xgboost,50,45.587589263916016,4.412410736083984
2025-12-13,test,xgboost,52,56.32771682739258,4.327716827392578
2025-12-14,test,xgboost,24,30.943599700927734,6.943599700927734
2025-12-15,test,xgboost,18,26.06917953491211,8.06917953491211
2025-12-16,test,xgboost,23,27.704063415527344,4.704063415527344
2025-12-17,test,xgboost,34,31.828842163085938,2.1711578369140625
2025-12-18,test,xgboost,43,40.25011444091797,2.7498855590820312
2025-12-19,test,xgboost,49,48.54313659667969,0.4568634033203125
2025-12-20,test,xgboost,57,56.34633255004883,0.6536674499511719
2025-12-21,test,xgboost,35,33.90801239013672,1.0919876098632812
2025-12-22,test,xgboost,28,33.38331604003906,5.3833160400390625
2025-12-23,test,xgboost,27,32.9375114440918,5.937511444091797
2025-12-24,test,xgboost,40,39.018280029296875,0.981719970703125
2025-12-25,test,xgboost,31,43.654598236083984,12.654598236083984
2025-12-26,test,xgboost,40,50.37145233154297,10.371452331542969
2025-12-27,test,xgboost,44,58.64253616333008,14.642536163330078
2025-12-28,test,xgboost,30,34.25820541381836,4.258205413818359
2025-12-29,test,xgboost,28,37.24212646484375,9.24212646484375
2025-12-30,test,xgboost,36,38.56644821166992,2.566448211669922
2025-12-31,test,xgboost,55,39.94056701660156,15.059432983398438
