business_date,guest_source_available,guest_arrivals_total,guest_arrival_checked_out,guest_arrival_cancelled,guest_arrival_no_show,guest_arrival_wait_list,guest_arrival_avg_rate,guest_arrival_median_rate,guest_arrival_avg_nights,guest_arrival_median_nights,guest_arrival_total_booked_room_nights,guest_arrival_avg_adults,guest_arrival_duplicate_source_occurrences,guest_arrival_checked_out_share,guest_arrival_cancelled_share,guest_arrival_no_show_share,guest_arrival_wait_list_share,guest_market_segment_bar_arrivals,guest_market_segment_corp_group_arrivals,guest_market_segment_corporate_arrivals,guest_market_segment_discount_arrivals,guest_market_segment_leisure_arrivals,guest_market_segment_local_corp_arrivals,guest_market_segment_missing_arrivals,guest_market_segment_negotiated_arrivals,guest_market_segment_package_arrivals,guest_market_segment_social_grp_arrivals,guest_market_segment_weddings_arrivals,guest_market_segment_wholesale_arrivals,guest_market_segment_wholesale_arrival_share,guest_market_segment_discount_arrival_share,guest_market_segment_weddings_arrival_share,guest_market_segment_bar_arrival_share,guest_market_segment_social_grp_arrival_share,guest_market_segment_corp_group_arrival_share,guest_market_segment_corporate_arrival_share,guest_market_segment_local_corp_arrival_share,guest_market_segment_negotiated_arrival_share,guest_market_segment_package_arrival_share,guest_market_segment_leisure_arrival_share,guest_market_segment_missing_arrival_share,guest_room_type_dksns_arrivals,guest_room_type_hkns_arrivals,guest_room_type_hkobns_arrivals,guest_room_type_kesns_arrivals,guest_room_type_kfns_arrivals,guest_room_type_kns_arrivals,guest_room_type_kobns_arrivals,guest_room_type_kssns_arrivals,guest_room_type_qqns_arrivals,guest_room_type_qqobns_arrivals,guest_room_type_kns_arrival_share,guest_room_type_qqns_arrival_share,guest_room_type_qqobns_arrival_share,guest_room_type_kfns_arrival_share,guest_room_type_kssns_arrival_share,guest_room_type_kobns_arrival_share,guest_room_type_kesns_arrival_share,guest_room_type_dksns_arrival_share,guest_room_type_hkns_arrival_share,guest_room_type_hkobns_arrival_share,guest_stay_room_nights_proxy,guest_stay_avg_rate,guest_stay_revenue_proxy,guest_stay_avg_adults
2024-12-27,1,1.0,1.0,0.0,0.0,0.0,197.1,197.1,7.0,7.0,7.0,2.0,3.0,1.0,0.0,0.0,0.0,0.0,0.0,0.0,1.0,0.0,0.0,0.0,0.0,0.0,0.0,0.0,0.0,0.0,1.0,0.0,0.0,0.0,0.0,0.0,0.0,0.0,0.0,0.0,0.0,0.0,0.0,0.0,0.0,0.0,0.0,0.0,0.0,0.0,1.0,0.0,0.0,1.0,0.0,0.0,0.0,0.0,0.0,0.0,0.0,1,197.1,197.1,2.0
2024-12-28,1,0.0,0.0,0.0,0.0,0.0,,,,,0.0,,0.0,,,,,0.0,0.0,0.0,0.0,0.0,0.0,0.0,0.0,0.0,0.0,0.0,0.0,,,,,,,,,,,,,0.0,0.0,0.0,0.0,0.0,0.0,0.0,0.0,0.0,0.0,,,,,,,,,,,1,197.1,197.1,2.0
2024-12-29,1,0.0,0.0,0.0,0.0,0.0,,,,,0.0,,0.0,,,,,0.0,0.0,0.0,0.0,0.0,0.0,0.0,0.0,0.0,0.0,0.0,0.0,,,,,,,,,,,,,0.0,0.0,0.0,0.0,0.0,0.0,0.0,0.0,0.0,0.0,,,,,,,,,,,1,197.1,197.1,2.0
2024-12-30,1,19.0,19.0,0.0,0.0,0.0,183.261053,181.05,2.0,2.0,38.0,1.947368,38.0,1.0,0.0,0.0,0.0,1.0,0.0,0.0,0.0,0.0,0.0,0.0,0.0,0.0,0.0,18.0,0.0,0.0,0.0,0.947368,0.052632,0.0,0.0,0.0,0.0,0.0,0.0,0.0,0.0,1.0,0.0,0.0,1.0,1.0,8.0,0.0,1.0,4.0,3.0,0.421053,0.210526,0.157895,0.052632,0.052632,0.0,0.052632,0.052632,0.0,0.0,20,183.953,3679.06,1.95
2024-12-31,1,42.0,32.0,5.0,0.0,5.0,173.002857,188.625,1.0,1.0,42.0,1.809524,62.0,0.761905,0.119048,0.0,0.119048,8.0,0.0,0.0,5.0,0.0,0.0,0.0,0.0,0.0,0.0,27.0,2.0,0.047619,0.119048,0.642857,0.190476,0.0,0.0,0.0,0.0,0.0,0.0,0.0,0.0,0.0,1.0,1.0,1.0,4.0,11.0,2.0,2.0,10.0,10.0,0.261905,0.238095,0.238095,0.095238,0.047619,0.047619,0.02381,0.0,0.02381,0.02381,52,175.304423,9115.83,1.903846
2025-01-01,1,13.0,11.0,2.0,0.0,0.0,133.488462,134.03,2.769231,2.0,36.0,1.846154,21.0,0.846154,0.153846,0.0,0.0,3.0,0.0,0.0,6.0,0.0,0.0,0.0,0.0,0.0,0.0,0.0,4.0,0.307692,0.461538,0.0,0.230769,0.0,0.0,0.0,0.0,0.0,0.0,0.0,0.0,0.0,0.0,0.0,3.0,2.0,3.0,1.0,2.0,1.0,1.0,0.230769,0.076923,0.076923,0.153846,0.153846,0.076923,0.230769,0.0,0.0,0.0,12,129.3125,1551.75,1.75
2025-01-02,1,10.0,8.0,2.0,0.0,0.0,120.041,113.4,1.1,1.0,11.0,1.5,14.0,0.8,0.2,0.0,0.0,0.0,0.0,0.0,7.0,0.0,0.0,0.0,0.0,0.0,0.0,0.0,3.0,0.3,0.7,0.0,0.0,0.0,0.0,0.0,0.0,0.0,0.0,0.0,0.0,1.0,0.0,0.0,0.0,4.0,0.0,0.0,3.0,1.0,1.0,0.0,0.1,0.1,0.4,0.3,0.0,0.0,0.1,0.0,0.0,16,126.310625,2020.97,1.625
2025-01-03,1,21.0,17.0,3.0,1.0,0.0,114.102381,109.9,1.380952,1.0,29.0,1.714286,35.0,0.809524,0.142857,0.047619,0.0,2.0,0.0,0.0,10.0,0.0,0.0,0.0,0.0,0.0,0.0,1.0,8.0,0.380952,0.47619,0.047619,0.095238,0.0,0.0,0.0,0.0,0.0,0.0,0.0,0.0,1.0,0.0,0.0,3.0,5.0,4.0,1.0,3.0,1.0,3.0,0.190476,0.047619,0.142857,0.238095,0.142857,0.047619,0.142857,0.047619,0.0,0.0,19,105.416842,2002.92,1.631579
2025-01-04,1,17.0,16.0,1.0,0.0,0.0,142.627059,121.79,1.0,1.0,17.0,1.882353,30.0,0.941176,0.058824,0.0,0.0,2.0,0.0,0.0,9.0,0.0,0.0,0.0,0.0,0.0,1.0,0.0,5.0,0.294118,0.529412,0.0,0.117647,0.058824,0.0,0.0,0.0,0.0,0.0,0.0,0.0,0.0,0.0,0.0,1.0,3.0,6.0,1.0,3.0,1.0,2.0,0.352941,0.058824,0.117647,0.176471,0.176471,0.058824,0.058824,0.0,0.0,0.0,23,133.898696,3079.67,1.782609
2025-01-05,1,6.0,0.0,6.0,0.0,0.0,182.575,178.125,2.0,2.0,12.0,1.833333,7.0,0.0,1.0,0.0,0.0,1.0,0.0,0.0,1.0,0.0,0.0,0.0,0.0,0.0,0.0,4.0,0.0,0.0,0.166667,0.666667,0.166667,0.0,0.0,0.0,0.0,0.0,0.0,0.0,0.0,0.0,0.0,1.0,0.0,0.0,2.0,1.0,0.0,1.0,1.0,0.333333,0.166667,0.166667,0.0,0.0,0.166667,0.0,0.0,0.0,0.166667,1,0.0,0.0,1.0
2025-01-06,1,2.0,0.0,2.0,0.0,0.0,167.025,167.025,1.0,1.0,2.0,1.0,2.0,0.0,1.0,0.0,0.0,0.0,0.0,0.0,0.0,0.0,0.0,0.0,0.0,0.0,0.0,2.0,0.0,0.0,0.0,1.0,0.0,0.0,0.0,0.0,0.0,0.0,0.0,0.0,0.0,0.0,1.0,0.0,0.0,0.0,0.0,0.0,0.0,1.0,0.0,0.0,0.5,0.0,0.0,0.0,0.0,0.0,0.0,0.5,0.0,1,0.0,0.0,1.0
2025-01-07,1,1.0,0.0,1.0,0.0,0.0,219.0,219.0,1.0,1.0,1.0,1.0,1.0,0.0,1.0,0.0,0.0,1.0,0.0,0.0,0.0,0.0,0.0,0.0,0.0,0.0,0.0,0.0,0.0,0.0,0.0,0.0,1.0,0.0,0.0,0.0,0.0,0.0,0.0,0.0,0.0,0.0,0.0,1.0,0.0,0.0,0.0,0.0,0.0,0.0,0.0,0.0,0.0,0.0,0.0,0.0,0.0,0.0,0.0,0.0,1.0,1,0.0,0.0,1.0
2025-01-08,1,0.0,0.0,0.0,0.0,0.0,,,,,0.0,,0.0,,,,,0.0,0.0,0.0,0.0,0.0,0.0,0.0,0.0,0.0,0.0,0.0,0.0,,,,,,,,,,,,,0.0,0.0,0.0,0.0,0.0,0.0,0.0,0.0,0.0,0.0,,,,,,,,,,,1,0.0,0.0,1.0
2025-01-09,1,1.0,0.0,1.0,0.0,0.0,219.0,219.0,1.0,1.0,1.0,1.0,1.0,0.0,1.0,0.0,0.0,1.0,0.0,0.0,0.0,0.0,0.0,0.0,0.0,0.0,0.0,0.0,0.0,0.0,0.0,0.0,1.0,0.0,0.0,0.0,0.0,0.0,0.0,0.0,0.0,0.0,0.0,1.0,0.0,0.0,0.0,0.0,0.0,0.0,0.0,0.0,0.0,0.0,0.0,0.0,0.0,0.0,0.0,0.0,1.0,1,0.0,0.0,1.0
2025-01-10,1,0.0,0.0,0.0,0.0,0.0,,,,,0.0,,0.0,,,,,0.0,0.0,0.0,0.0,0.0,0.0,0.0,0.0,0.0,0.0,0.0,0.0,,,,,,,,,,,,,0.0,0.0,0.0,0.0,0.0,0.0,0.0,0.0,0.0,0.0,,,,,,,,,,,1,0.0,0.0,1.0
2025-01-11,1,0.0,0.0,0.0,0.0,0.0,,,,,0.0,,0.0,,,,,0.0,0.0,0.0,0.0,0.0,0.0,0.0,0.0,0.0,0.0,0.0,0.0,,,,,,,,,,,,,0.0,0.0,0.0,0.0,0.0,0.0,0.0,0.0,0.0,0.0,,,,,,,,,,,1,0.0,0.0,1.0
2025-01-12,1,0.0,0.0,0.0,0.0,0.0,,,,,0.0,,0.0,,,,,0.0,0.0,0.0,0.0,0.0,0.0,0.0,0.0,0.0,0.0,0.0,0.0,,,,,,,,,,,,,0.0,0.0,0.0,0.0,0.0,0.0,0.0,0.0,0.0,0.0,,,,,,,,,,,1,0.0,0.0,1.0
2025-01-13,1,0.0,0.0,0.0,0.0,0.0,,,,,0.0,,0.0,,,,,0.0,0.0,0.0,0.0,0.0,0.0,0.0,0.0,0.0,0.0,0.0,0.0,,,,,,,,,,,,,0.0,0.0,0.0,0.0,0.0,0.0,0.0,0.0,0.0,0.0,,,,,,,,,,,1,0.0,0.0,1.0
2025-01-14,1,0.0,0.0,0.0,0.0,0.0,,,,,0.0,,0.0,,,,,0.0,0.0,0.0,0.0,0.0,0.0,0.0,0.0,0.0,0.0,0.0,0.0,,,,,,,,,,,,,0.0,0.0,0.0,0.0,0.0,0.0,0.0,0.0,0.0,0.0,,,,,,,,,,,1,0.0,0.0,1.0
2025-01-15,1,1.0,0.0,1.0,0.0,0.0,145.0,145.0,2.0,2.0,2.0,1.0,1.0,0.0,1.0,0.0,0.0,1.0,0.0,0.0,0.0,0.0,0.0,0.0,0.0,0.0,0.0,0.0,0.0,0.0,0.0,0.0,1.0,0.0,0.0,0.0,0.0,0.0,0.0,0.0,0.0,0.0,0.0,0.0,1.0,0.0,0.0,0.0,0.0,0.0,0.0,0.0,0.0,0.0,0.0,0.0,0.0,1.0,0.0,0.0,0.0,1,0.0,0.0,1.0
2025-01-16,1,1.0,1.0,0.0,0.0,0.0,109.0,109.0,2.0,2.0,2.0,1.0,1.0,1.0,0.0,0.0,0.0,0.0,0.0,0.0,0.0,1.0,0.0,0.0,0.0,0.0,0.0,0.0,0.0,0.0,0.0,0.0,0.0,0.0,0.0,0.0,0.0,0.0,0.0,1.0,0.0,0.0,0.0,0.0,0.0,0.0,0.0,1.0,0.0,0.0,0.0,0.0,0.0,0.0,0.0,0.0,1.0,0.0,0.0,0.0,0.0,2,54.5,109.0,1.0
2025-01-17,1,24.0,22.0,2.0,0.0,0.0,132.167083,125.53,1.958333,2.0,47.0,2.208333,45.0,0.916667,0.083333,0.0,0.0,1.0,0.0,0.0,5.0,0.0,0.0,0.0,0.0,0.0,0.0,0.0,18.0,0.75,0.208333,0.0,0.041667,0.0,0.0,0.0,0.0,0.0,0.0,0.0,0.0,0.0,1.0,1.0,2.0,4.0,1.0,3.0,5.0,1.0,6.0,0.041667,0.041667,0.25,0.166667,0.208333,0.125,0.083333,0.0,0.041667,0.041667,23,129.821739,2985.9,2.173913
2025-01-18,1,40.0,31.0,9.0,0.0,0.0,155.221,156.855,1.225,1.0,49.0,1.85,74.0,0.775,0.225,0.0,0.0,4.0,7.0,0.0,10.0,0.0,0.0,0.0,0.0,0.0,0.0,0.0,19.0,0.475,0.25,0.0,0.1,0.0,0.175,0.0,0.0,0.0,0.0,0.0,0.0,0.0,1.0,0.0,1.0,4.0,10.0,3.0,1.0,9.0,11.0,0.25,0.225,0.275,0.1,0.025,0.075,0.025,0.0,0.025,0.0,44,145.323409,6394.23,1.772727
2025-01-19,1,14.0,10.0,3.0,1.0,0.0,95.316429,100.78,1.785714,1.0,25.0,1.5,22.0,0.714286,0.214286,0.071429,0.0,4.0,0.0,0.0,4.0,0.0,0.0,0.0,0.0,0.0,0.0,0.0,6.0,0.428571,0.285714,0.0,0.285714,0.0,0.0,0.0,0.0,0.0,0.0,0.0,0.0,0.0,0.0,0.0,2.0,3.0,0.0,2.0,0.0,4.0,3.0,0.0,0.285714,0.214286,0.214286,0.0,0.142857,0.142857,0.0,0.0,0.0,18,93.667778,1686.02,1.555556
2025-01-20,1,3.0,1.0,2.0,0.0,0.0,130.163333,109.0,2.666667,3.0,8.0,1.666667,4.0,0.333333,0.666667,0.0,0.0,0.0,0.0,0.0,2.0,0.0,0.0,0.0,0.0,0.0,0.0,0.0,1.0,0.333333,0.666667,0.0,0.0,0.0,0.0,0.0,0.0,0.0,0.0,0.0,0.0,0.0,0.0,0.0,0.0,0.0,0.0,1.0,0.0,1.0,1.0,0.0,0.333333,0.333333,0.0,0.0,0.333333,0.0,0.0,0.0,0.0,6,115.725,694.35,1.666667
2025-01-21,1,0.0,0.0,0.0,0.0,0.0,,,,,0.0,,0.0,,,,,0.0,0.0,0.0,0.0,0.0,0.0,0.0,0.0,0.0,0.0,0.0,0.0,,,,,,,,,,,,,0.0,0.0,0.0,0.0,0.0,0.0,0.0,0.0,0.0,0.0,,,,,,,,,,,3,109.396667,328.19,1.666667
2025-01-22,1,12.0,11.0,0.0,1.0,0.0,129.286667,114.57,1.5,1.0,18.0,1.25,15.0,0.916667,0.0,0.083333,0.0,2.0,0.0,0.0,3.0,0.0,0.0,0.0,0.0,0.0,0.0,0.0,7.0,0.583333,0.25,0.0,0.166667,0.0,0.0,0.0,0.0,0.0,0.0,0.0,0.0,0.0,0.0,0.0,1.0,2.0,0.0,2.0,2.0,3.0,2.0,0.0,0.25,0.166667,0.166667,0.166667,0.166667,0.083333,0.0,0.0,0.0,14,123.545,1729.63,1.357143
2025-01-23,1,11.0,9.0,2.0,0.0,0.0,130.66,114.1,2.0,2.0,22.0,1.545455,18.0,0.818182,0.181818,0.0,0.0,0.0,0.0,0.0,3.0,0.0,0.0,0.0,0.0,0.0,0.0,0.0,8.0,0.727273,0.272727,0.0,0.0,0.0,0.0,0.0,0.0,0.0,0.0,0.0,0.0,0.0,1.0,1.0,1.0,0.0,1.0,0.0,1.0,4.0,2.0,0.090909,0.363636,0.181818,0.0,0.090909,0.0,0.090909,0.0,0.090909,0.090909,15,111.187333,1667.81,1.333333
2025-01-24,1,55.0,50.0,5.0,0.0,0.0,131.586545,122.11,1.581818,1.0,87.0,1.818182,99.0,0.909091,0.090909,0.0,0.0,3.0,0.0,0.0,12.0,0.0,0.0,0.0,0.0,0.0,1.0,0.0,39.0,0.709091,0.218182,0.0,0.054545,0.018182,0.0,0.0,0.0,0.0,0.0,0.0,0.0,1.0,0.0,0.0,2.0,6.0,15.0,5.0,5.0,10.0,11.0,0.272727,0.181818,0.2,0.109091,0.090909,0.090909,0.036364,0.018182,0.0,0.0,57,128.707368,7336.32,1.789474
2025-01-25,1,38.0,33.0,5.0,0.0,0.0,135.385789,122.11,1.184211,1.0,45.0,1.921053,82.0,0.868421,0.131579,0.0,0.0,1.0,0.0,0.0,9.0,0.0,0.0,0.0,0.0,0.0,0.0,0.0,28.0,0.736842,0.236842,0.0,0.026316,0.0,0.0,0.0,0.0,0.0,0.0,0.0,0.0,0.0,0.0,1.0,1.0,6.0,9.0,4.0,1.0,9.0,7.0,0.236842,0.236842,0.184211,0.157895,0.026316,0.105263,0.026316,0.0,0.0,0.026316,59,126.343559,7454.27,1.864407
2025-01-26,1,10.0,9.0,1.0,0.0,0.0,117.066,111.885,1.4,1.0,14.0,1.7,15.0,0.9,0.1,0.0,0.0,0.0,0.0,0.0,1.0,0.0,0.0,0.0,0.0,0.0,0.0,0.0,9.0,0.9,0.1,0.0,0.0,0.0,0.0,0.0,0.0,0.0,0.0,0.0,0.0,0.0,0.0,0.0,1.0,2.0,1.0,3.0,1.0,1.0,1.0,0.1,0.1,0.1,0.2,0.1,0.3,0.1,0.0,0.0,0.0,21,107.77381,2263.25,1.666667
2025-01-27,1,13.0,12.0,1.0,0.0,0.0,103.022308,109.0,5.615385,2.0,73.0,1.153846,18.0,0.923077,0.076923,0.0,0.0,1.0,0.0,0.0,5.0,0.0,0.0,0.0,0.0,0.0,0.0,0.0,7.0,0.538462,0.384615,0.0,0.076923,0.0,0.0,0.0,0.0,0.0,0.0,0.0,0.0,0.0,0.0,1.0,2.0,2.0,2.0,1.0,1.0,1.0,3.0,0.153846,0.076923,0.230769,0.153846,0.076923,0.076923,0.153846,0.0,0.0,0.076923,17,101.218235,1720.71,1.470588
2025-01-28,1,10.0,10.0,0.0,0.0,0.0,113.4,109.0,1.4,1.0,14.0,1.6,11.0,1.0,0.0,0.0,0.0,1.0,0.0,1.0,2.0,0.0,1.0,0.0,0.0,0.0,0.0,0.0,5.0,0.5,0.2,0.0,0.1,0.0,0.0,0.1,0.1,0.0,0.0,0.0,0.0,0.0,0.0,0.0,0.0,3.0,4.0,1.0,2.0,0.0,0.0,0.4,0.0,0.0,0.3,0.2,0.1,0.0,0.0,0.0,0.0,21,108.48619,2278.21,1.380952
2025-01-29,1,18.0,16.0,2.0,0.0,0.0,129.980556,112.19,1.5,1.0,27.0,1.277778,20.0,0.888889,0.111111,0.0,0.0,5.0,0.0,1.0,6.0,0.0,0.0,0.0,0.0,0.0,0.0,0.0,6.0,0.333333,0.333333,0.0,0.277778,0.0,0.0,0.055556,0.0,0.0,0.0,0.0,0.0,0.0,0.0,0.0,1.0,2.0,9.0,2.0,2.0,0.0,2.0,0.5,0.0,0.111111,0.111111,0.111111,0.111111,0.055556,0.0,0.0,0.0,25,119.6168,2990.42,1.28
2025-01-30,1,18.0,16.0,2.0,0.0,0.0,147.508333,158.265,1.722222,1.5,31.0,1.611111,29.0,0.888889,0.111111,0.0,0.0,0.0,0.0,0.0,10.0,0.0,2.0,0.0,0.0,0.0,0.0,1.0,5.0,0.277778,0.555556,0.055556,0.0,0.0,0.0,0.0,0.111111,0.0,0.0,0.0,0.0,1.0,0.0,0.0,0.0,4.0,3.0,2.0,2.0,4.0,2.0,0.166667,0.222222,0.111111,0.222222,0.111111,0.111111,0.0,0.055556,0.0,0.0,28,138.854286,3887.92,1.464286
2025-01-31,1,48.0,38.0,5.0,5.0,0.0,122.434167,120.41,1.645833,2.0,79.0,1.729167,70.0,0.791667,0.104167,0.104167,0.0,7.0,0.0,0.0,9.0,0.0,0.0,0.0,0.0,0.0,0.0,3.0,29.0,0.604167,0.1875,0.0625,0.145833,0.0,0.0,0.0,0.0,0.0,0.0,0.0,0.0,0.0,1.0,1.0,3.0,7.0,14.0,1.0,3.0,12.0,6.0,0.291667,0.25,0.125,0.145833,0.0625,0.020833,0.0625,0.0,0.020833,0.020833,53,132.379434,7016.11,1.679245
2025-02-01,1,34.0,30.0,3.0,1.0,0.0,135.332353,122.11,1.441176,1.0,49.0,2.058824,75.0,0.882353,0.088235,0.029412,0.0,2.0,0.0,0.0,7.0,0.0,0.0,0.0,0.0,0.0,1.0,0.0,24.0,0.705882,0.205882,0.0,0.058824,0.029412,0.0,0.0,0.0,0.0,0.0,0.0,0.0,1.0,0.0,0.0,3.0,3.0,7.0,3.0,3.0,10.0,4.0,0.205882,0.294118,0.117647,0.088235,0.088235,0.088235,0.088235,0.029412,0.0,0.0,59,132.616949,7824.4,1.881356
2025-02-02,1,11.0,10.0,0.0,1.0,0.0,81.240909,90.12,1.363636,1.0,15.0,1.363636,18.0,0.909091,0.0,0.090909,0.0,3.0,0.0,0.0,3.0,0.0,0.0,0.0,0.0,0.0,0.0,0.0,5.0,0.454545,0.272727,0.0,0.272727,0.0,0.0,0.0,0.0,0.0,0.0,0.0,0.0,0.0,0.0,0.0,1.0,1.0,4.0,0.0,1.0,3.0,1.0,0.363636,0.272727,0.090909,0.090909,0.090909,0.0,0.090909,0.0,0.0,0.0,22,103.958182,2287.08,1.454545
2025-02-03,1,15.0,14.0,1.0,0.0,0.0,115.435333,100.78,2.133333,2.0,32.0,1.4,18.0,0.933333,0.066667,0.0,0.0,2.0,0.0,0.0,6.0,0.0,0.0,0.0,0.0,0.0,0.0,0.0,7.0,0.466667,0.4,0.0,0.133333,0.0,0.0,0.0,0.0,0.0,0.0,0.0,0.0,0.0,0.0,0.0,2.0,3.0,5.0,1.0,1.0,1.0,2.0,0.333333,0.066667,0.133333,0.2,0.066667,0.066667,0.133333,0.0,0.0,0.0,23,115.61087,2659.05,1.304348
2025-02-04,1,13.0,11.0,2.0,0.0,0.0,98.716154,99.96,1.769231,1.0,23.0,1.615385,15.0,0.846154,0.153846,0.0,0.0,2.0,0.0,0.0,3.0,0.0,0.0,0.0,0.0,0.0,0.0,0.0,8.0,0.615385,0.230769,0.0,0.153846,0.0,0.0,0.0,0.0,0.0,0.0,0.0,0.0,0.0,0.0,0.0,0.0,2.0,4.0,0.0,3.0,3.0,1.0,0.307692,0.230769,0.076923,0.153846,0.230769,0.0,0.0,0.0,0.0,0.0,25,117.3564,2933.91,1.4
2025-02-05,1,16.0,13.0,2.0,1.0,0.0,120.4925,108.91,1.75,1.0,28.0,1.4375,20.0,0.8125,0.125,0.0625,0.0,7.0,0.0,0.0,6.0,0.0,0.0,0.0,0.0,0.0,0.0,0.0,3.0,0.1875,0.375,0.0,0.4375,0.0,0.0,0.0,0.0,0.0,0.0,0.0,0.0,0.0,0.0,1.0,2.0,2.0,7.0,0.0,3.0,1.0,0.0,0.4375,0.0625,0.0,0.125,0.1875,0.0,0.125,0.0,0.0,0.0625,27,128.333333,3465.0,1.407407
2025-02-06,1,13.0,12.0,1.0,0.0,0.0,113.33,109.53,1.076923,1.0,14.0,1.692308,17.0,0.923077,0.076923,0.0,0.0,1.0,0.0,0.0,5.0,0.0,0.0,0.0,0.0,0.0,0.0,0.0,7.0,0.538462,0.384615,0.0,0.076923,0.0,0.0,0.0,0.0,0.0,0.0,0.0,0.0,1.0,0.0,0.0,0.0,2.0,2.0,0.0,4.0,0.0,4.0,0.153846,0.0,0.307692,0.153846,0.307692,0.0,0.0,0.076923,0.0,0.0,27,123.326296,3329.81,1.481481
2025-02-07,1,29.0,23.0,6.0,0.0,0.0,128.907241,119.67,1.448276,1.0,42.0,1.655172,36.0,0.793103,0.206897,0.0,0.0,2.0,0.0,0.0,7.0,0.0,0.0,0.0,0.0,0.0,1.0,1.0,18.0,0.62069,0.241379,0.034483,0.068966,0.034483,0.0,0.0,0.0,0.0,0.0,0.0,0.0,1.0,0.0,0.0,2.0,3.0,6.0,1.0,4.0,11.0,1.0,0.206897,0.37931,0.034483,0.103448,0.137931,0.034483,0.068966,0.034483,0.0,0.0,32,128.269062,4104.61,1.4375
2025-02-08,1,51.0,42.0,9.0,0.0,0.0,111.907255,129.29,1.02,1.0,51.0,1.647059,91.0,0.823529,0.176471,0.0,0.0,13.0,0.0,0.0,14.0,0.0,3.0,0.0,0.0,0.0,0.0,0.0,21.0,0.411765,0.27451,0.0,0.254902,0.0,0.0,0.0,0.058824,0.0,0.0,0.0,0.0,1.0,1.0,1.0,2.0,6.0,10.0,3.0,7.0,9.0,11.0,0.196078,0.176471,0.215686,0.117647,0.137255,0.058824,0.039216,0.019608,0.019608,0.019608,56,114.4025,6406.54,1.517857
2025-02-09,1,8.0,7.0,0.0,1.0,0.0,119.685,108.885,1.5,1.0,12.0,1.5,12.0,0.875,0.0,0.125,0.0,1.0,0.0,0.0,2.0,0.0,0.0,0.0,0.0,0.0,0.0,0.0,5.0,0.625,0.25,0.0,0.125,0.0,0.0,0.0,0.0,0.0,0.0,0.0,0.0,0.0,0.0,0.0,1.0,3.0,2.0,1.0,0.0,1.0,0.0,0.25,0.125,0.0,0.375,0.0,0.125,0.125,0.0,0.0,0.0,14,126.234286,1767.28,1.285714
2025-02-10,1,14.0,14.0,0.0,0.0,0.0,120.384286,106.44,3.142857,3.0,44.0,1.5,18.0,1.0,0.0,0.0,0.0,0.0,0.0,0.0,5.0,0.0,1.0,0.0,0.0,0.0,0.0,0.0,8.0,0.571429,0.357143,0.0,0.0,0.0,0.0,0.0,0.071429,0.0,0.0,0.0,0.0,0.0,0.0,0.0,1.0,2.0,4.0,1.0,1.0,0.0,5.0,0.285714,0.0,0.357143,0.142857,0.071429,0.071429,0.071429,0.0,0.0,0.0,17,132.145882,2246.48,1.411765
2025-02-11,1,11.0,8.0,2.0,1.0,0.0,135.574545,143.1,1.363636,1.0,15.0,1.454545,12.0,0.727273,0.181818,0.090909,0.0,1.0,0.0,0.0,6.0,0.0,0.0,0.0,0.0,0.0,1.0,0.0,3.0,0.272727,0.545455,0.0,0.090909,0.090909,0.0,0.0,0.0,0.0,0.0,0.0,0.0,0.0,0.0,0.0,2.0,4.0,3.0,0.0,1.0,0.0,1.0,0.272727,0.0,0.090909,0.363636,0.090909,0.0,0.181818,0.0,0.0,0.0,22,128.107727,2818.37,1.454545
2025-02-12,1,10.0,9.0,1.0,0.0,0.0,105.673,104.89,1.3,1.0,13.0,1.4,12.0,0.9,0.1,0.0,0.0,3.0,0.0,0.0,3.0,0.0,1.0,0.0,0.0,0.0,0.0,0.0,3.0,0.3,0.3,0.0,0.3,0.0,0.0,0.0,0.1,0.0,0.0,0.0,0.0,0.0,1.0,0.0,1.0,2.0,1.0,1.0,2.0,1.0,1.0,0.1,0.1,0.1,0.2,0.2,0.1,0.1,0.0,0.1,0.0,23,126.084348,2899.94,1.434783
2025-02-13,1,18.0,15.0,2.0,1.0,0.0,169.510556,122.075,1.388889,1.0,25.0,1.722222,27.0,0.833333,0.111111,0.055556,0.0,0.0,0.0,0.0,7.0,0.0,0.0,0.0,0.0,1.0,0.0,0.0,10.0,0.555556,0.388889,0.0,0.0,0.0,0.0,0.0,0.0,0.0,0.055556,0.0,0.0,0.0,0.0,0.0,1.0,3.0,3.0,3.0,0.0,5.0,3.0,0.166667,0.277778,0.166667,0.166667,0.0,0.166667,0.055556,0.0,0.0,0.0,25,156.5668,3914.17,1.48
2025-02-14,1,59.0,53.0,6.0,0.0,0.0,163.072542,147.34,1.474576,1.0,87.0,1.881356,105.0,0.898305,0.101695,0.0,0.0,3.0,0.0,0.0,16.0,0.0,0.0,0.0,0.0,19.0,0.0,0.0,21.0,0.355932,0.271186,0.0,0.050847,0.0,0.0,0.0,0.0,0.0,0.322034,0.0,0.0,1.0,1.0,1.0,4.0,5.0,15.0,2.0,5.0,14.0,11.0,0.254237,0.237288,0.186441,0.084746,0.084746,0.033898,0.067797,0.016949,0.016949,0.016949,60,164.3505,9861.03,1.883333
2025-02-15,1,50.0,36.0,9.0,5.0,0.0,147.4494,137.995,1.16,1.0,58.0,1.66,80.0,0.72,0.18,0.1,0.0,4.0,0.0,0.0,9.0,0.0,0.0,0.0,0.0,12.0,0.0,0.0,25.0,0.5,0.18,0.0,0.08,0.0,0.0,0.0,0.0,0.0,0.24,0.0,0.0,0.0,1.0,1.0,3.0,8.0,11.0,3.0,2.0,11.0,10.0,0.22,0.22,0.2,0.16,0.04,0.06,0.06,0.0,0.02,0.02,56,148.363036,8308.33,1.767857
2025-02-16,1,31.0,22.0,4.0,5.0,0.0,131.783871,122.9,1.193548,1.0,37.0,1.870968,55.0,0.709677,0.129032,0.16129,0.0,4.0,0.0,0.0,11.0,1.0,0.0,0.0,0.0,0.0,1.0,0.0,14.0,0.451613,0.354839,0.0,0.129032,0.032258,0.0,0.0,0.0,0.0,0.0,0.032258,0.0,0.0,0.0,0.0,2.0,2.0,6.0,4.0,4.0,6.0,7.0,0.193548,0.193548,0.225806,0.064516,0.129032,0.129032,0.064516,0.0,0.0,0.0,33,126.838182,4185.66,1.909091
2025-02-17,1,19.0,18.0,1.0,0.0,0.0,114.96,109.0,2.105263,1.0,40.0,1.631579,22.0,0.947368,0.052632,0.0,0.0,0.0,0.0,0.0,7.0,0.0,0.0,0.0,0.0,0.0,0.0,1.0,11.0,0.578947,0.368421,0.052632,0.0,0.0,0.0,0.0,0.0,0.0,0.0,0.0,0.0,0.0,0.0,1.0,2.0,1.0,3.0,2.0,3.0,2.0,5.0,0.157895,0.105263,0.263158,0.052632,0.157895,0.105263,0.105263,0.0,0.0,0.052632,20,110.9335,2218.67,1.65
2025-02-18,1,23.0,21.0,2.0,0.0,0.0,106.956522,96.05,1.608696,1.0,37.0,1.608696,39.0,0.913043,0.086957,0.0,0.0,1.0,0.0,0.0,9.0,0.0,0.0,0.0,1.0,0.0,0.0,0.0,12.0,0.521739,0.391304,0.0,0.043478,0.0,0.0,0.0,0.0,0.043478,0.0,0.0,0.0,0.0,0.0,0.0,1.0,4.0,5.0,1.0,2.0,5.0,5.0,0.217391,0.217391,0.217391,0.173913,0.086957,0.043478,0.043478,0.0,0.0,0.0,31,109.506452,3394.7,1.677419
2025-02-19,1,23.0,21.0,2.0,0.0,0.0,113.203043,106.7,1.347826,1.0,31.0,1.695652,34.0,0.913043,0.086957,0.0,0.0,2.0,0.0,0.0,5.0,0.0,0.0,0.0,0.0,0.0,0.0,0.0,16.0,0.695652,0.217391,0.0,0.086957,0.0,0.0,0.0,0.0,0.0,0.0,0.0,0.0,1.0,1.0,0.0,1.0,2.0,4.0,2.0,2.0,6.0,4.0,0.173913,0.26087,0.173913,0.086957,0.086957,0.086957,0.043478,0.043478,0.043478,0.0,38,110.341842,4192.99,1.684211
2025-02-20,1,33.0,32.0,0.0,1.0,0.0,103.296667,98.66,1.575758,1.0,52.0,1.69697,64.0,0.969697,0.0,0.030303,0.0,2.0,0.0,0.0,8.0,0.0,0.0,0.0,0.0,0.0,0.0,0.0,23.0,0.69697,0.242424,0.0,0.060606,0.0,0.0,0.0,0.0,0.0,0.0,0.0,0.0,0.0,0.0,0.0,1.0,4.0,11.0,1.0,3.0,9.0,4.0,0.333333,0.272727,0.121212,0.121212,0.090909,0.030303,0.030303,0.0,0.0,0.0,46,107.829348,4960.15,1.717391
2025-02-21,1,57.0,48.0,8.0,1.0,0.0,137.418772,123.65,1.421053,1.0,81.0,1.77193,107.0,0.842105,0.140351,0.017544,0.0,2.0,0.0,0.0,22.0,0.0,0.0,0.0,0.0,0.0,1.0,0.0,32.0,0.561404,0.385965,0.0,0.035088,0.017544,0.0,0.0,0.0,0.0,0.0,0.0,0.0,1.0,1.0,1.0,2.0,7.0,10.0,9.0,4.0,13.0,9.0,0.175439,0.22807,0.157895,0.122807,0.070175,0.157895,0.035088,0.017544,0.017544,0.017544,59,135.304068,7982.94,1.762712
2025-02-22,1,49.0,42.0,6.0,1.0,0.0,138.417755,135.49,1.061224,1.0,52.0,1.979592,101.0,0.857143,0.122449,0.020408,0.0,1.0,0.0,0.0,13.0,0.0,0.0,0.0,1.0,0.0,0.0,0.0,34.0,0.693878,0.265306,0.0,0.020408,0.0,0.0,0.0,0.0,0.020408,0.0,0.0,0.0,0.0,0.0,1.0,3.0,7.0,10.0,4.0,4.0,14.0,6.0,0.204082,0.285714,0.122449,0.142857,0.081633,0.081633,0.061224,0.0,0.0,0.020408,59,135.082373,7969.86,1.932203
2025-02-23,1,8.0,8.0,0.0,0.0,0.0,105.56,88.77,1.5,1.5,12.0,1.375,11.0,1.0,0.0,0.0,0.0,0.0,0.0,0.0,3.0,0.0,0.0,0.0,0.0,0.0,0.0,0.0,5.0,0.625,0.375,0.0,0.0,0.0,0.0,0.0,0.0,0.0,0.0,0.0,0.0,0.0,0.0,0.0,1.0,1.0,3.0,1.0,0.0,1.0,1.0,0.375,0.125,0.125,0.125,0.0,0.125,0.125,0.0,0.0,0.0,11,106.08,1166.88,1.454545
2025-02-24,1,28.0,25.0,3.0,0.0,0.0,110.525,109.0,1.785714,1.0,50.0,1.321429,30.0,0.892857,0.107143,0.0,0.0,1.0,0.0,4.0,11.0,0.0,0.0,0.0,0.0,0.0,5.0,0.0,7.0,0.25,0.392857,0.0,0.035714,0.178571,0.0,0.142857,0.0,0.0,0.0,0.0,0.0,0.0,0.0,0.0,3.0,2.0,12.0,1.0,4.0,1.0,5.0,0.428571,0.035714,0.178571,0.071429,0.142857,0.035714,0.107143,0.0,0.0,0.0,29,102.765517,2980.2,1.310345
2025-02-25,1,14.0,14.0,0.0,0.0,0.0,118.605714,118.78,1.785714,1.5,25.0,1.714286,28.0,1.0,0.0,0.0,0.0,0.0,0.0,0.0,8.0,0.0,0.0,0.0,0.0,0.0,0.0,0.0,6.0,0.428571,0.571429,0.0,0.0,0.0,0.0,0.0,0.0,0.0,0.0,0.0,0.0,0.0,0.0,0.0,1.0,2.0,5.0,1.0,1.0,2.0,2.0,0.357143,0.142857,0.142857,0.142857,0.071429,0.071429,0.071429,0.0,0.0,0.0,22,111.258182,2447.68,1.636364
2025-02-26,1,21.0,21.0,0.0,0.0,0.0,108.420476,97.68,1.380952,1.0,29.0,1.428571,26.0,1.0,0.0,0.0,0.0,2.0,0.0,0.0,11.0,0.0,0.0,0.0,0.0,0.0,1.0,0.0,7.0,0.333333,0.52381,0.0,0.095238,0.047619,0.0,0.0,0.0,0.0,0.0,0.0,0.0,1.0,0.0,0.0,0.0,2.0,8.0,1.0,2.0,5.0,2.0,0.380952,0.238095,0.095238,0.095238,0.095238,0.047619,0.0,0.047619,0.0,0.0,35,106.439714,3725.39,1.485714
2025-02-27,1,21.0,18.0,3.0,0.0,0.0,102.22381,87.77,1.52381,1.0,32.0,1.52381,50.0,0.857143,0.142857,0.0,0.0,0.0,0.0,0.0,7.0,0.0,0.0,0.0,0.0,0.0,0.0,0.0,14.0,0.666667,0.333333,0.0,0.0,0.0,0.0,0.0,0.0,0.0,0.0,0.0,0.0,0.0,0.0,0.0,1.0,3.0,13.0,1.0,1.0,1.0,1.0,0.619048,0.047619,0.047619,0.142857,0.047619,0.047619,0.047619,0.0,0.0,0.0,32,107.324375,3434.38,1.5
2025-02-28,1,52.0,44.0,8.0,0.0,0.0,122.611538,115.17,1.384615,1.0,72.0,1.769231,180.0,0.846154,0.153846,0.0,0.0,1.0,0.0,0.0,21.0,0.0,0.0,0.0,1.0,0.0,1.0,1.0,27.0,0.519231,0.403846,0.019231,0.019231,0.019231,0.0,0.0,0.0,0.019231,0.0,0.0,0.0,1.0,0.0,1.0,3.0,4.0,11.0,4.0,7.0,16.0,5.0,0.211538,0.307692,0.096154,0.076923,0.134615,0.076923,0.057692,0.019231,0.0,0.019231,53,119.879245,6353.6,1.773585
2025-03-01,1,52.0,43.0,9.0,0.0,0.0,142.869615,137.7,1.019231,1.0,53.0,1.903846,107.0,0.826923,0.173077,0.0,0.0,7.0,0.0,0.0,20.0,0.0,0.0,0.0,0.0,0.0,0.0,1.0,24.0,0.461538,0.384615,0.019231,0.134615,0.0,0.0,0.0,0.0,0.0,0.0,0.0,0.0,2.0,1.0,0.0,3.0,4.0,8.0,3.0,6.0,13.0,12.0,0.153846,0.25,0.230769,0.076923,0.115385,0.057692,0.057692,0.038462,0.019231,0.0,60,130.768833,7846.13,1.833333
2025-03-02,1,8.0,8.0,0.0,0.0,0.0,99.12125,92.93,1.625,1.0,13.0,1.375,13.0,1.0,0.0,0.0,0.0,0.0,0.0,0.0,1.0,0.0,0.0,0.0,0.0,0.0,0.0,0.0,7.0,0.875,0.125,0.0,0.0,0.0,0.0,0.0,0.0,0.0,0.0,0.0,0.0,0.0,0.0,0.0,0.0,1.0,4.0,2.0,0.0,0.0,1.0,0.5,0.0,0.125,0.125,0.0,0.25,0.0,0.0,0.0,0.0,11,101.006364,1111.07,1.363636
2025-03-03,1,39.0,35.0,3.0,0.0,1.0,114.838462,106.7,2.923077,3.0,114.0,1.435897,46.0,0.897436,0.076923,0.0,0.025641,4.0,0.0,0.0,10.0,0.0,8.0,0.0,0.0,0.0,0.0,0.0,17.0,0.435897,0.25641,0.0,0.102564,0.0,0.0,0.0,0.205128,0.0,0.0,0.0,0.0,1.0,0.0,0.0,3.0,6.0,13.0,2.0,3.0,5.0,6.0,0.333333,0.128205,0.153846,0.153846,0.076923,0.051282,0.076923,0.025641,0.0,0.0,37,108.814595,4026.14,1.432432
2025-03-04,1,11.0,9.0,0.0,2.0,0.0,111.775455,108.44,2.0,2.0,22.0,1.545455,15.0,0.818182,0.0,0.181818,0.0,1.0,0.0,0.0,3.0,0.0,1.0,0.0,0.0,0.0,0.0,0.0,6.0,0.545455,0.272727,0.0,0.090909,0.0,0.0,0.0,0.090909,0.0,0.0,0.0,0.0,0.0,0.0,1.0,1.0,2.0,3.0,1.0,1.0,1.0,1.0,0.272727,0.090909,0.090909,0.181818,0.090909,0.090909,0.090909,0.0,0.0,0.090909,35,115.610571,4046.37,1.428571
2025-03-05,1,13.0,13.0,0.0,0.0,0.0,118.004615,115.17,1.461538,1.0,19.0,1.307692,20.0,1.0,0.0,0.0,0.0,1.0,0.0,0.0,3.0,0.0,0.0,0.0,0.0,0.0,0.0,3.0,6.0,0.461538,0.230769,0.230769,0.076923,0.0,0.0,0.0,0.0,0.0,0.0,0.0,0.0,0.0,0.0,0.0,1.0,1.0,1.0,0.0,2.0,6.0,2.0,0.076923,0.461538,0.153846,0.076923,0.153846,0.0,0.076923,0.0,0.0,0.0,39,117.300513,4574.72,1.333333
2025-03-06,1,9.0,9.0,0.0,0.0,0.0,118.638889,105.82,1.0,1.0,9.0,1.333333,11.0,1.0,0.0,0.0,0.0,1.0,0.0,0.0,5.0,0.0,0.0,0.0,0.0,0.0,0.0,1.0,2.0,0.222222,0.555556,0.111111,0.111111,0.0,0.0,0.0,0.0,0.0,0.0,0.0,0.0,0.0,0.0,0.0,0.0,1.0,3.0,2.0,1.0,1.0,1.0,0.333333,0.111111,0.111111,0.111111,0.111111,0.222222,0.0,0.0,0.0,0.0,35,118.398286,4143.94,1.257143
2025-03-07,1,70.0,58.0,12.0,0.0,0.0,137.493,122.27,1.314286,1.0,92.0,1.742857,119.0,0.828571,0.171429,0.0,0.0,2.0,7.0,0.0,20.0,0.0,0.0,0.0,0.0,0.0,0.0,2.0,39.0,0.557143,0.285714,0.028571,0.028571,0.0,0.1,0.0,0.0,0.0,0.0,0.0,0.0,1.0,1.0,1.0,3.0,7.0,17.0,4.0,6.0,16.0,14.0,0.242857,0.228571,0.2,0.1,0.085714,0.057143,0.042857,0.014286,0.014286,0.014286,60,135.573,8134.38,1.766667
2025-03-08,1,46.0,40.0,6.0,0.0,0.0,163.810652,173.4,1.043478,1.0,48.0,1.304348,50.0,0.869565,0.130435,0.0,0.0,1.0,26.0,0.0,9.0,0.0,0.0,0.0,0.0,0.0,0.0,0.0,10.0,0.217391,0.195652,0.0,0.021739,0.0,0.565217,0.0,0.0,0.0,0.0,0.0,0.0,1.0,1.0,1.0,0.0,5.0,12.0,4.0,3.0,7.0,12.0,0.26087,0.152174,0.26087,0.108696,0.065217,0.086957,0.0,0.021739,0.021739,0.021739,59,155.194576,9156.48,1.491525
2025-03-09,1,28.0,18.0,10.0,0.0,0.0,97.675714,84.505,1.518519,1.0,41.0,1.785714,36.0,0.642857,0.357143,0.0,0.0,4.0,0.0,0.0,3.0,0.0,0.0,0.0,0.0,0.0,0.0,1.0,20.0,0.714286,0.107143,0.035714,0.142857,0.0,0.0,0.0,0.0,0.0,0.0,0.0,0.0,2.0,0.0,0.0,1.0,2.0,11.0,2.0,3.0,4.0,3.0,0.392857,0.142857,0.107143,0.071429,0.107143,0.071429,0.035714,0.071429,0.0,0.0,19,88.476316,1681.05,1.631579
2025-03-10,1,31.0,28.0,3.0,0.0,0.0,109.69,94.85,2.419355,2.0,75.0,1.451613,44.0,0.903226,0.096774,0.0,0.0,0.0,7.0,0.0,3.0,0.0,0.0,0.0,0.0,0.0,0.0,0.0,21.0,0.677419,0.096774,0.0,0.0,0.0,0.225806,0.0,0.0,0.0,0.0,0.0,0.0,0.0,0.0,0.0,1.0,2.0,6.0,2.0,2.0,11.0,7.0,0.193548,0.354839,0.225806,0.064516,0.064516,0.064516,0.032258,0.0,0.0,0.0,32,102.680625,3285.78,1.46875
2025-03-11,1,14.0,14.0,0.0,0.0,0.0,106.021429,95.275,1.571429,1.0,22.0,1.642857,16.0,1.0,0.0,0.0,0.0,0.0,0.0,0.0,4.0,0.0,0.0,0.0,0.0,0.0,0.0,1.0,9.0,0.642857,0.285714,0.071429,0.0,0.0,0.0,0.0,0.0,0.0,0.0,0.0,0.0,0.0,0.0,1.0,1.0,2.0,5.0,1.0,2.0,2.0,0.0,0.357143,0.142857,0.0,0.142857,0.142857,0.071429,0.071429,0.0,0.0,0.071429,31,98.454516,3052.09,1.580645
2025-03-12,1,27.0,25.0,1.0,1.0,0.0,105.226296,87.77,1.888889,1.0,51.0,1.518519,45.0,0.925926,0.037037,0.037037,0.0,9.0,0.0,0.0,8.0,0.0,0.0,0.0,1.0,0.0,0.0,0.0,9.0,0.333333,0.296296,0.0,0.333333,0.0,0.0,0.0,0.0,0.037037,0.0,0.0,0.0,1.0,0.0,0.0,2.0,2.0,7.0,2.0,4.0,3.0,6.0,0.259259,0.111111,0.222222,0.074074,0.148148,0.074074,0.074074,0.037037,0.0,0.0,37,101.287027,3747.62,1.540541
2025-03-13,1,25.0,21.0,4.0,0.0,0.0,107.2596,96.05,1.88,1.0,47.0,1.48,36.0,0.84,0.16,0.0,0.0,1.0,0.0,0.0,10.0,0.0,0.0,0.0,0.0,0.0,1.0,1.0,12.0,0.48,0.4,0.04,0.04,0.04,0.0,0.0,0.0,0.0,0.0,0.0,0.0,0.0,0.0,0.0,1.0,3.0,9.0,1.0,3.0,6.0,2.0,0.36,0.24,0.08,0.12,0.12,0.04,0.04,0.0,0.0,0.0,42,93.714286,3936.0,1.5
2025-03-14,1,55.0,44.0,8.0,2.0,1.0,130.450182,118.56,1.727273,2.0,95.0,1.963636,106.0,0.8,0.145455,0.036364,0.018182,4.0,0.0,0.0,17.0,0.0,0.0,0.0,0.0,0.0,1.0,0.0,33.0,0.6,0.309091,0.0,0.072727,0.018182,0.0,0.0,0.0,0.0,0.0,0.0,0.0,1.0,1.0,1.0,2.0,5.0,11.0,3.0,4.0,16.0,11.0,0.2,0.290909,0.2,0.090909,0.072727,0.054545,0.036364,0.018182,0.018182,0.018182,58,117.657931,6824.16,1.862069
2025-03-15,1,34.0,22.0,10.0,1.0,1.0,122.452941,111.955,1.470588,1.0,50.0,2.0,61.0,0.647059,0.294118,0.029412,0.029412,1.0,0.0,0.0,7.0,0.0,0.0,0.0,0.0,0.0,3.0,0.0,23.0,0.676471,0.205882,0.0,0.029412,0.088235,0.0,0.0,0.0,0.0,0.0,0.0,0.0,0.0,0.0,1.0,2.0,3.0,7.0,2.0,2.0,13.0,4.0,0.205882,0.382353,0.117647,0.088235,0.058824,0.058824,0.058824,0.0,0.0,0.029412,59,117.459661,6930.12,1.813559
2025-03-16,1,18.0,18.0,0.0,0.0,0.0,104.617222,94.54,1.833333,1.0,33.0,1.833333,33.0,1.0,0.0,0.0,0.0,1.0,0.0,0.0,8.0,0.0,0.0,0.0,0.0,0.0,1.0,0.0,8.0,0.444444,0.444444,0.0,0.055556,0.055556,0.0,0.0,0.0,0.0,0.0,0.0,0.0,0.0,0.0,0.0,1.0,4.0,5.0,1.0,2.0,2.0,3.0,0.277778,0.111111,0.166667,0.222222,0.111111,0.055556,0.055556,0.0,0.0,0.0,34,99.495882,3382.86,1.676471
2025-03-17,1,22.0,21.0,1.0,0.0,0.0,100.594545,88.595,3.045455,1.0,67.0,1.636364,32.0,0.954545,0.045455,0.0,0.0,1.0,0.0,2.0,9.0,0.0,0.0,0.0,0.0,0.0,0.0,0.0,10.0,0.454545,0.409091,0.0,0.045455,0.0,0.0,0.090909,0.0,0.0,0.0,0.0,0.0,0.0,0.0,0.0,1.0,5.0,4.0,1.0,3.0,4.0,4.0,0.181818,0.181818,0.181818,0.227273,0.136364,0.045455,0.045455,0.0,0.0,0.0,32,94.783125,3033.06,1.6875
2025-03-18,1,20.0,18.0,1.0,1.0,0.0,114.138,102.845,1.85,1.0,37.0,1.6,28.0,0.9,0.05,0.05,0.0,2.0,0.0,0.0,7.0,0.0,0.0,0.0,0.0,0.0,0.0,0.0,11.0,0.55,0.35,0.0,0.1,0.0,0.0,0.0,0.0,0.0,0.0,0.0,0.0,0.0,0.0,0.0,1.0,3.0,5.0,2.0,3.0,3.0,3.0,0.25,0.15,0.15,0.15,0.15,0.1,0.05,0.0,0.0,0.0,32,105.751562,3384.05,1.46875
2025-03-19,1,12.0,12.0,0.0,0.0,0.0,111.530833,102.96,1.583333,1.0,19.0,1.666667,14.0,1.0,0.0,0.0,0.0,1.0,0.0,0.0,4.0,0.0,0.0,0.0,0.0,0.0,0.0,0.0,7.0,0.583333,0.333333,0.0,0.083333,0.0,0.0,0.0,0.0,0.0,0.0,0.0,0.0,1.0,0.0,0.0,0.0,2.0,3.0,0.0,4.0,1.0,1.0,0.25,0.083333,0.083333,0.166667,0.333333,0.0,0.0,0.083333,0.0,0.0,24,113.767083,2730.41,1.583333
2025-03-20,1,39.0,37.0,1.0,1.0,0.0,141.173333,126.28,1.567568,1.0,58.0,1.384615,63.0,0.948718,0.025641,0.025641,0.0,3.0,0.0,2.0,12.0,0.0,0.0,0.0,0.0,0.0,2.0,8.0,12.0,0.307692,0.307692,0.205128,0.076923,0.051282,0.0,0.051282,0.0,0.0,0.0,0.0,0.0,0.0,1.0,1.0,1.0,5.0,11.0,1.0,2.0,7.0,10.0,0.282051,0.179487,0.25641,0.128205,0.051282,0.025641,0.025641,0.0,0.025641,0.025641,47,134.040638,6299.91,1.404255
2025-03-21,1,60.0,37.0,23.0,0.0,0.0,165.4675,168.43,1.583333,1.0,95.0,1.5,97.0,0.616667,0.383333,0.0,0.0,10.0,8.0,9.0,13.0,0.0,0.0,0.0,0.0,0.0,0.0,1.0,19.0,0.316667,0.216667,0.016667,0.166667,0.0,0.133333,0.15,0.0,0.0,0.0,0.0,0.0,1.0,2.0,1.0,5.0,5.0,15.0,4.0,7.0,10.0,10.0,0.25,0.166667,0.166667,0.083333,0.116667,0.066667,0.083333,0.016667,0.033333,0.016667,58,146.018793,8469.09,1.62069
2025-03-22,1,46.0,32.0,14.0,0.0,0.0,148.543478,133.52,1.652174,1.0,76.0,1.586957,76.0,0.695652,0.304348,0.0,0.0,7.0,1.0,0.0,15.0,0.0,0.0,0.0,0.0,0.0,0.0,3.0,20.0,0.434783,0.326087,0.065217,0.152174,0.0,0.021739,0.0,0.0,0.0,0.0,0.0,0.0,0.0,0.0,0.0,2.0,5.0,11.0,3.0,4.0,7.0,14.0,0.23913,0.152174,0.304348,0.108696,0.086957,0.065217,0.043478,0.0,0.0,0.0,60,143.409167,8604.55,1.666667
2025-03-23,1,21.0,19.0,2.0,0.0,0.0,102.537143,99.0,1.142857,1.0,24.0,1.571429,35.0,0.904762,0.095238,0.0,0.0,2.0,0.0,2.0,4.0,0.0,0.0,0.0,0.0,0.0,0.0,0.0,13.0,0.619048,0.190476,0.0,0.095238,0.0,0.0,0.095238,0.0,0.0,0.0,0.0,0.0,2.0,0.0,0.0,2.0,2.0,7.0,1.0,0.0,5.0,2.0,0.333333,0.238095,0.095238,0.095238,0.0,0.047619,0.095238,0.095238,0.0,0.0,30,114.359,3430.77,1.633333
2025-03-24,1,25.0,22.0,3.0,0.0,0.0,125.8108,109.53,2.24,1.0,56.0,1.52,26.0,0.88,0.12,0.0,0.0,3.0,0.0,0.0,6.0,0.0,2.0,0.0,0.0,0.0,1.0,1.0,12.0,0.48,0.24,0.04,0.12,0.04,0.0,0.0,0.08,0.0,0.0,0.0,0.0,0.0,0.0,0.0,3.0,0.0,6.0,1.0,2.0,8.0,5.0,0.24,0.32,0.2,0.0,0.08,0.04,0.12,0.0,0.0,0.0,30,118.506333,3555.19,1.533333
2025-03-25,1,18.0,15.0,2.0,1.0,0.0,109.080556,104.105,1.388889,1.0,25.0,1.5,26.0,0.833333,0.111111,0.055556,0.0,2.0,0.0,0.0,5.0,0.0,0.0,0.0,0.0,0.0,2.0,0.0,9.0,0.5,0.277778,0.0,0.111111,0.111111,0.0,0.0,0.0,0.0,0.0,0.0,0.0,0.0,0.0,0.0,2.0,2.0,6.0,1.0,3.0,2.0,2.0,0.333333,0.111111,0.111111,0.111111,0.166667,0.055556,0.111111,0.0,0.0,0.0,30,107.271,3218.13,1.433333
2025-03-26,1,26.0,19.0,6.0,1.0,0.0,113.721923,110.03,2.0,2.0,52.0,1.461538,31.0,0.730769,0.230769,0.038462,0.0,1.0,0.0,1.0,5.0,0.0,0.0,0.0,0.0,0.0,0.0,3.0,16.0,0.615385,0.192308,0.115385,0.038462,0.0,0.0,0.038462,0.0,0.0,0.0,0.0,0.0,0.0,0.0,0.0,1.0,1.0,9.0,2.0,3.0,5.0,5.0,0.346154,0.192308,0.192308,0.038462,0.115385,0.076923,0.038462,0.0,0.0,0.0,35,110.633429,3872.17,1.457143
2025-03-27,1,27.0,23.0,4.0,0.0,0.0,120.634815,102.33,1.37037,1.0,37.0,1.592593,39.0,0.851852,0.148148,0.0,0.0,0.0,0.0,0.0,10.0,0.0,0.0,0.0,0.0,0.0,1.0,1.0,15.0,0.555556,0.37037,0.037037,0.0,0.037037,0.0,0.0,0.0,0.0,0.0,0.0,0.0,0.0,0.0,0.0,0.0,3.0,11.0,1.0,2.0,5.0,5.0,0.407407,0.185185,0.185185,0.111111,0.074074,0.037037,0.0,0.0,0.0,0.0,43,113.240233,4869.33,1.534884
2025-03-28,1,58.0,48.0,9.0,1.0,0.0,152.249828,146.455,1.586207,1.0,92.0,1.862069,107.0,0.827586,0.155172,0.017241,0.0,5.0,2.0,0.0,24.0,0.0,0.0,0.0,0.0,0.0,1.0,1.0,25.0,0.431034,0.413793,0.017241,0.086207,0.017241,0.034483,0.0,0.0,0.0,0.0,0.0,0.0,1.0,1.0,0.0,5.0,5.0,14.0,4.0,3.0,15.0,10.0,0.241379,0.258621,0.172414,0.086207,0.051724,0.068966,0.086207,0.017241,0.017241,0.0,58,146.064138,8471.72,1.844828
2025-03-29,1,34.0,31.0,2.0,1.0,0.0,130.421471,127.025,1.294118,1.0,44.0,1.882353,65.0,0.911765,0.058824,0.029412,0.0,2.0,0.0,0.0,6.0,0.0,0.0,0.0,0.0,0.0,0.0,0.0,26.0,0.764706,0.176471,0.0,0.058824,0.0,0.0,0.0,0.0,0.0,0.0,0.0,0.0,0.0,1.0,0.0,2.0,4.0,9.0,1.0,2.0,8.0,7.0,0.264706,0.235294,0.205882,0.117647,0.058824,0.029412,0.058824,0.0,0.029412,0.0,58,135.588448,7864.13,1.896552
2025-03-30,1,27.0,26.0,0.0,1.0,0.0,103.263704,98.23,1.666667,1.0,45.0,1.481481,61.0,0.962963,0.0,0.037037,0.0,1.0,0.0,2.0,11.0,0.0,0.0,0.0,0.0,0.0,1.0,0.0,12.0,0.444444,0.407407,0.0,0.037037,0.037037,0.0,0.074074,0.0,0.0,0.0,0.0,0.0,0.0,0.0,0.0,2.0,3.0,12.0,1.0,1.0,6.0,2.0,0.444444,0.222222,0.074074,0.111111,0.037037,0.037037,0.074074,0.0,0.0,0.0,41,112.708293,4621.04,1.780488
2025-03-31,1,18.0,17.0,1.0,0.0,0.0,100.897778,94.85,2.0,1.5,36.0,1.5,70.0,0.944444,0.055556,0.0,0.0,0.0,0.0,0.0,6.0,0.0,0.0,0.0,0.0,0.0,0.0,0.0,12.0,0.666667,0.333333,0.0,0.0,0.0,0.0,0.0,0.0,0.0,0.0,0.0,0.0,0.0,0.0,0.0,1.0,1.0,7.0,0.0,1.0,3.0,5.0,0.388889,0.166667,0.277778,0.055556,0.055556,0.0,0.055556,0.0,0.0,0.0,33,104.918788,3462.32,1.515152
2025-04-01,1,11.0,10.0,1.0,0.0,0.0,91.819091,99.0,1.818182,1.0,20.0,1.636364,13.0,0.909091,0.090909,0.0,0.0,1.0,0.0,0.0,3.0,0.0,0.0,0.0,1.0,0.0,0.0,0.0,6.0,0.545455,0.272727,0.0,0.090909,0.0,0.0,0.0,0.0,0.090909,0.0,0.0,0.0,0.0,0.0,0.0,1.0,4.0,1.0,1.0,1.0,2.0,1.0,0.090909,0.181818,0.090909,0.363636,0.090909,0.090909,0.090909,0.0,0.0,0.0,23,102.703043,2362.17,1.652174
2025-04-02,1,12.0,10.0,1.0,1.0,0.0,130.344167,107.79,2.166667,2.0,26.0,1.666667,20.0,0.833333,0.083333,0.083333,0.0,0.0,0.0,0.0,3.0,0.0,0.0,0.0,0.0,0.0,0.0,0.0,9.0,0.75,0.25,0.0,0.0,0.0,0.0,0.0,0.0,0.0,0.0,0.0,0.0,0.0,1.0,1.0,0.0,0.0,2.0,3.0,2.0,1.0,2.0,0.166667,0.083333,0.166667,0.0,0.166667,0.25,0.0,0.0,0.083333,0.083333,24,116.287917,2790.91,1.625
2025-04-03,1,24.0,17.0,3.0,4.0,0.0,127.559167,112.315,1.5,1.0,36.0,1.625,34.0,0.708333,0.125,0.166667,0.0,3.0,0.0,0.0,8.0,0.0,0.0,0.0,0.0,0.0,0.0,0.0,13.0,0.541667,0.333333,0.0,0.125,0.0,0.0,0.0,0.0,0.0,0.0,0.0,0.0,0.0,0.0,0.0,1.0,3.0,7.0,3.0,4.0,4.0,2.0,0.291667,0.166667,0.083333,0.125,0.166667,0.125,0.041667,0.0,0.0,0.0,33,122.093333,4029.08,1.606061
2025-04-04,1,60.0,49.0,10.0,0.0,1.0,158.9115,148.82,1.416667,1.0,85.0,1.733333,115.0,0.816667,0.166667,0.0,0.016667,1.0,0.0,0.0,20.0,0.0,0.0,0.0,0.0,0.0,1.0,3.0,35.0,0.583333,0.333333,0.05,0.016667,0.016667,0.0,0.0,0.0,0.0,0.0,0.0,0.0,1.0,1.0,0.0,2.0,7.0,13.0,4.0,5.0,18.0,9.0,0.216667,0.3,0.15,0.116667,0.083333,0.066667,0.033333,0.016667,0.016667,0.0,59,151.407119,8933.02,1.762712
2025-04-05,1,55.0,39.0,14.0,0.0,2.0,160.394,152.1,1.127273,1.0,62.0,1.890909,93.0,0.709091,0.254545,0.0,0.036364,3.0,0.0,0.0,14.0,0.0,0.0,0.0,1.0,0.0,0.0,5.0,32.0,0.581818,0.254545,0.090909,0.054545,0.0,0.0,0.0,0.0,0.018182,0.0,0.0,0.0,2.0,1.0,2.0,2.0,7.0,14.0,4.0,3.0,13.0,7.0,0.254545,0.236364,0.127273,0.127273,0.054545,0.072727,0.036364,0.036364,0.018182,0.036364,59,157.357797,9284.11,1.898305
2025-04-06,1,31.0,26.0,5.0,0.0,0.0,120.899355,109.86,1.166667,1.0,35.0,1.709677,55.0,0.83871,0.16129,0.0,0.0,2.0,0.0,0.0,11.0,1.0,0.0,0.0,0.0,0.0,0.0,0.0,17.0,0.548387,0.354839,0.0,0.064516,0.0,0.0,0.0,0.0,0.0,0.0,0.032258,0.0,0.0,0.0,0.0,2.0,1.0,7.0,3.0,3.0,10.0,5.0,0.225806,0.322581,0.16129,0.032258,0.096774,0.096774,0.064516,0.0,0.0,0.0,35,126.283429,4419.92,1.771429
2025-04-07,1,20.0,17.0,2.0,1.0,0.0,101.5765,96.05,2.4,2.0,48.0,1.65,27.0,0.85,0.1,0.05,0.0,1.0,0.0,0.0,4.0,0.0,0.0,0.0,0.0,0.0,0.0,1.0,14.0,0.7,0.2,0.05,0.05,0.0,0.0,0.0,0.0,0.0,0.0,0.0,0.0,0.0,0.0,0.0,2.0,1.0,10.0,2.0,0.0,1.0,4.0,0.5,0.05,0.2,0.05,0.0,0.1,0.1,0.0,0.0,0.0,19,106.515789,2023.8,1.631579
2025-04-08,1,13.0,12.0,1.0,0.0,0.0,112.898462,116.36,1.384615,1.0,18.0,1.615385,19.0,0.923077,0.076923,0.0,0.0,1.0,0.0,0.0,8.0,0.0,0.0,0.0,0.0,0.0,0.0,0.0,4.0,0.307692,0.615385,0.0,0.076923,0.0,0.0,0.0,0.0,0.0,0.0,0.0,0.0,0.0,0.0,0.0,0.0,2.0,6.0,0.0,2.0,2.0,1.0,0.461538,0.153846,0.076923,0.153846,0.153846,0.0,0.0,0.0,0.0,0.0,23,109.076957,2508.77,1.608696
2025-04-09,1,19.0,16.0,3.0,0.0,0.0,115.225263,95.45,1.473684,1.0,28.0,1.473684,25.0,0.842105,0.157895,0.0,0.0,1.0,2.0,0.0,3.0,0.0,0.0,0.0,0.0,0.0,0.0,0.0,13.0,0.684211,0.157895,0.0,0.052632,0.0,0.105263,0.0,0.0,0.0,0.0,0.0,0.0,0.0,0.0,0.0,2.0,2.0,6.0,3.0,2.0,2.0,2.0,0.315789,0.105263,0.105263,0.105263,0.105263,0.157895,0.105263,0.0,0.0,0.0,28,106.8025,2990.47,1.464286
2025-04-10,1,46.0,39.0,7.0,0.0,0.0,158.850435,165.25,1.586957,1.5,73.0,1.565217,66.0,0.847826,0.152174,0.0,0.0,0.0,8.0,0.0,10.0,0.0,0.0,0.0,1.0,0.0,0.0,15.0,12.0,0.26087,0.217391,0.326087,0.0,0.0,0.173913,0.0,0.0,0.021739,0.0,0.0,0.0,1.0,0.0,0.0,3.0,7.0,11.0,2.0,8.0,9.0,5.0,0.23913,0.195652,0.108696,0.152174,0.173913,0.043478,0.065217,0.021739,0.0,0.0,50,151.0062,7550.31,1.5
2025-04-11,1,46.0,39.0,5.0,0.0,2.0,180.988478,198.95,1.5,1.0,69.0,1.847826,83.0,0.847826,0.108696,0.0,0.043478,6.0,0.0,0.0,18.0,0.0,1.0,1.0,0.0,0.0,0.0,7.0,13.0,0.282609,0.391304,0.152174,0.130435,0.0,0.0,0.0,0.021739,0.0,0.0,0.0,0.021739,0.0,0.0,1.0,1.0,3.0,11.0,3.0,4.0,10.0,13.0,0.23913,0.217391,0.282609,0.065217,0.086957,0.065217,0.021739,0.0,0.0,0.021739,59,178.584746,10536.5,1.881356
2025-04-12,1,50.0,38.0,12.0,0.0,0.0,165.0662,164.37,1.28,1.0,64.0,1.8,94.0,0.76,0.24,0.0,0.0,5.0,0.0,0.0,16.0,0.0,0.0,0.0,0.0,0.0,1.0,5.0,23.0,0.46,0.32,0.1,0.1,0.02,0.0,0.0,0.0,0.0,0.0,0.0,0.0,0.0,1.0,1.0,3.0,7.0,10.0,2.0,4.0,8.0,14.0,0.2,0.16,0.28,0.14,0.08,0.04,0.06,0.0,0.02,0.02,60,162.3,9738.0,1.833333
2025-04-13,1,23.0,21.0,2.0,0.0,0.0,113.836087,106.11,1.695652,1.0,39.0,1.695652,45.0,0.913043,0.086957,0.0,0.0,4.0,0.0,0.0,3.0,0.0,1.0,0.0,0.0,0.0,0.0,0.0,15.0,0.652174,0.130435,0.0,0.173913,0.0,0.0,0.0,0.043478,0.0,0.0,0.0,0.0,0.0,0.0,0.0,0.0,1.0,8.0,3.0,0.0,5.0,6.0,0.347826,0.217391,0.26087,0.043478,0.0,0.130435,0.0,0.0,0.0,0.0,32,112.999063,3615.97,1.90625
2025-04-14,1,28.0,28.0,0.0,0.0,0.0,103.7425,103.88,1.857143,1.0,52.0,1.5,45.0,1.0,0.0,0.0,0.0,0.0,0.0,0.0,9.0,0.0,0.0,0.0,0.0,0.0,2.0,0.0,17.0,0.607143,0.321429,0.0,0.0,0.071429,0.0,0.0,0.0,0.0,0.0,0.0,0.0,1.0,0.0,0.0,1.0,5.0,6.0,1.0,3.0,6.0,5.0,0.214286,0.214286,0.178571,0.178571,0.107143,0.035714,0.035714,0.035714,0.0,0.0,39,109.654615,4276.53,1.487179
2025-04-15,1,15.0,14.0,1.0,0.0,0.0,111.052667,106.32,1.4,1.0,21.0,1.533333,21.0,0.933333,0.066667,0.0,0.0,1.0,0.0,0.0,5.0,0.0,0.0,0.0,0.0,0.0,1.0,0.0,8.0,0.533333,0.333333,0.0,0.066667,0.066667,0.0,0.0,0.0,0.0,0.0,0.0,0.0,0.0,1.0,1.0,0.0,1.0,4.0,0.0,4.0,1.0,3.0,0.266667,0.066667,0.2,0.066667,0.266667,0.0,0.0,0.0,0.066667,0.066667,33,103.843939,3426.85,1.393939
2025-04-16,1,30.0,25.0,5.0,0.0,0.0,121.037333,110.625,1.666667,1.0,50.0,1.433333,47.0,0.833333,0.166667,0.0,0.0,2.0,0.0,2.0,12.0,0.0,0.0,0.0,1.0,0.0,1.0,1.0,11.0,0.366667,0.4,0.033333,0.066667,0.033333,0.0,0.066667,0.0,0.033333,0.0,0.0,0.0,1.0,0.0,0.0,1.0,3.0,10.0,3.0,3.0,8.0,1.0,0.333333,0.266667,0.033333,0.1,0.1,0.1,0.033333,0.033333,0.0,0.0,34,116.661176,3966.48,1.411765
2025-04-17,1,36.0,31.0,5.0,0.0,0.0,123.615278,103.88,1.805556,1.0,65.0,1.75,61.0,0.861111,0.138889,0.0,0.0,2.0,0.0,0.0,17.0,0.0,0.0,0.0,0.0,0.0,0.0,0.0,17.0,0.472222,0.472222,0.0,0.055556,0.0,0.0,0.0,0.0,0.0,0.0,0.0,0.0,0.0,0.0,0.0,4.0,3.0,13.0,2.0,3.0,5.0,6.0,0.361111,0.138889,0.166667,0.083333,0.083333,0.055556,0.111111,0.0,0.0,0.0,43,122.454186,5265.53,1.744186
2025-04-18,1,49.0,47.0,2.0,0.0,0.0,149.830612,134.24,1.653061,1.0,81.0,1.836735,94.0,0.959184,0.040816,0.0,0.0,1.0,0.0,0.0,15.0,0.0,0.0,0.0,0.0,0.0,1.0,2.0,30.0,0.612245,0.306122,0.040816,0.020408,0.020408,0.0,0.0,0.0,0.0,0.0,0.0,0.0,1.0,1.0,2.0,2.0,6.0,10.0,4.0,1.0,13.0,9.0,0.204082,0.265306,0.183673,0.122449,0.020408,0.081633,0.040816,0.020408,0.020408,0.040816,60,146.357667,8781.46,1.866667
2025-04-19,1,38.0,32.0,6.0,0.0,0.0,144.992368,135.545,1.263158,1.0,48.0,1.842105,74.0,0.842105,0.157895,0.0,0.0,3.0,0.0,0.0,11.0,0.0,0.0,0.0,0.0,0.0,0.0,0.0,24.0,0.631579,0.289474,0.0,0.078947,0.0,0.0,0.0,0.0,0.0,0.0,0.0,0.0,1.0,1.0,0.0,3.0,4.0,9.0,3.0,2.0,7.0,8.0,0.236842,0.184211,0.210526,0.105263,0.052632,0.078947,0.078947,0.026316,0.026316,0.0,59,144.48661,8524.71,1.813559
2025-04-20,1,19.0,15.0,4.0,0.0,0.0,121.327368,109.86,1.368421,1.0,26.0,1.631579,34.0,0.789474,0.210526,0.0,0.0,5.0,0.0,0.0,3.0,0.0,0.0,0.0,0.0,0.0,0.0,0.0,11.0,0.578947,0.157895,0.0,0.263158,0.0,0.0,0.0,0.0,0.0,0.0,0.0,0.0,0.0,0.0,0.0,3.0,3.0,6.0,0.0,2.0,3.0,2.0,0.315789,0.157895,0.105263,0.157895,0.105263,0.0,0.157895,0.0,0.0,0.0,28,111.200714,3113.62,1.642857
2025-04-21,1,29.0,28.0,0.0,1.0,0.0,116.198621,106.7,1.827586,1.0,53.0,1.482759,54.0,0.965517,0.0,0.034483,0.0,1.0,0.0,0.0,9.0,0.0,0.0,0.0,0.0,0.0,1.0,2.0,16.0,0.551724,0.310345,0.068966,0.034483,0.034483,0.0,0.0,0.0,0.0,0.0,0.0,0.0,1.0,1.0,0.0,2.0,3.0,5.0,3.0,2.0,5.0,7.0,0.172414,0.172414,0.241379,0.103448,0.068966,0.103448,0.068966,0.034483,0.034483,0.0,39,116.922564,4559.98,1.512821
2025-04-22,1,31.0,23.0,4.0,4.0,0.0,116.233226,103.88,2.225806,2.0,69.0,1.645161,48.0,0.741935,0.129032,0.129032,0.0,0.0,0.0,0.0,11.0,0.0,0.0,0.0,1.0,0.0,0.0,0.0,19.0,0.612903,0.354839,0.0,0.0,0.0,0.0,0.0,0.0,0.032258,0.0,0.0,0.0,0.0,0.0,0.0,2.0,5.0,8.0,1.0,1.0,10.0,4.0,0.258065,0.322581,0.129032,0.16129,0.032258,0.032258,0.064516,0.0,0.0,0.0,44,115.080909,5063.56,1.5
2025-04-23,1,19.0,19.0,0.0,0.0,0.0,117.928947,112.36,1.315789,1.0,25.0,1.631579,31.0,1.0,0.0,0.0,0.0,3.0,0.0,0.0,6.0,0.0,0.0,0.0,0.0,0.0,0.0,1.0,9.0,0.473684,0.315789,0.052632,0.157895,0.0,0.0,0.0,0.0,0.0,0.0,0.0,0.0,1.0,0.0,0.0,0.0,3.0,3.0,1.0,5.0,2.0,4.0,0.157895,0.105263,0.210526,0.157895,0.263158,0.052632,0.0,0.052632,0.0,0.0,36,112.040833,4033.47,1.555556
2025-04-24,1,44.0,38.0,5.0,1.0,0.0,120.7925,118.26,1.454545,1.0,64.0,1.727273,70.0,0.863636,0.113636,0.022727,0.0,4.0,0.0,0.0,14.0,0.0,0.0,0.0,0.0,0.0,0.0,5.0,21.0,0.477273,0.318182,0.113636,0.090909,0.0,0.0,0.0,0.0,0.0,0.0,0.0,0.0,0.0,1.0,0.0,2.0,8.0,11.0,4.0,4.0,9.0,5.0,0.25,0.204545,0.113636,0.181818,0.090909,0.090909,0.045455,0.0,0.022727,0.0,52,117.872115,6129.35,1.769231
2025-04-25,1,58.0,41.0,14.0,2.0,1.0,152.173103,169.17,1.982759,2.0,115.0,1.758621,82.0,0.706897,0.241379,0.034483,0.017241,5.0,15.0,0.0,10.0,1.0,1.0,0.0,0.0,0.0,0.0,5.0,21.0,0.362069,0.172414,0.086207,0.086207,0.0,0.258621,0.0,0.017241,0.0,0.0,0.017241,0.0,1.0,0.0,1.0,1.0,6.0,18.0,4.0,4.0,11.0,12.0,0.310345,0.189655,0.206897,0.103448,0.068966,0.068966,0.017241,0.017241,0.0,0.017241,58,154.288966,8948.76,1.793103
2025-04-26,1,29.0,23.0,5.0,1.0,0.0,161.237931,179.0,1.103448,1.0,32.0,1.931034,45.0,0.793103,0.172414,0.034483,0.0,2.0,1.0,0.0,9.0,0.0,0.0,0.0,0.0,0.0,1.0,3.0,13.0,0.448276,0.310345,0.103448,0.068966,0.034483,0.034483,0.0,0.0,0.0,0.0,0.0,0.0,0.0,1.0,0.0,1.0,2.0,8.0,0.0,6.0,8.0,3.0,0.275862,0.275862,0.103448,0.068966,0.206897,0.0,0.034483,0.0,0.034483,0.0,59,166.721525,9836.57,1.847458
2025-04-27,1,15.0,13.0,2.0,0.0,0.0,125.930667,119.0,2.333333,1.0,35.0,1.6,32.0,0.866667,0.133333,0.0,0.0,2.0,0.0,0.0,5.0,0.0,0.0,0.0,1.0,0.0,0.0,0.0,7.0,0.466667,0.333333,0.0,0.133333,0.0,0.0,0.0,0.0,0.066667,0.0,0.0,0.0,0.0,0.0,0.0,0.0,0.0,6.0,0.0,3.0,3.0,3.0,0.4,0.2,0.2,0.0,0.2,0.0,0.0,0.0,0.0,0.0,21,121.845238,2558.75,1.571429
2025-04-28,1,26.0,23.0,3.0,0.0,0.0,116.958462,113.07,1.692308,1.0,44.0,1.307692,33.0,0.884615,0.115385,0.0,0.0,7.0,0.0,0.0,7.0,0.0,1.0,0.0,0.0,0.0,0.0,0.0,11.0,0.423077,0.269231,0.0,0.269231,0.0,0.0,0.0,0.038462,0.0,0.0,0.0,0.0,0.0,1.0,0.0,3.0,4.0,9.0,1.0,2.0,4.0,2.0,0.346154,0.153846,0.076923,0.153846,0.076923,0.038462,0.115385,0.0,0.038462,0.0,30,116.671,3500.13,1.333333
2025-04-29,1,25.0,24.0,1.0,0.0,0.0,142.0552,159.0,1.32,1.0,33.0,1.24,36.0,0.96,0.04,0.0,0.0,3.0,0.0,12.0,2.0,0.0,0.0,0.0,0.0,0.0,0.0,0.0,8.0,0.32,0.08,0.0,0.12,0.0,0.0,0.48,0.0,0.0,0.0,0.0,0.0,0.0,0.0,0.0,0.0,6.0,11.0,0.0,1.0,5.0,2.0,0.44,0.2,0.08,0.24,0.04,0.0,0.0,0.0,0.0,0.0,35,130.697429,4574.41,1.285714
2025-04-30,1,17.0,15.0,2.0,0.0,0.0,122.694118,109.0,1.529412,1.0,26.0,1.411765,48.0,0.882353,0.117647,0.0,0.0,3.0,0.0,0.0,5.0,0.0,0.0,0.0,1.0,0.0,1.0,0.0,7.0,0.411765,0.294118,0.0,0.176471,0.058824,0.0,0.0,0.0,0.058824,0.0,0.0,0.0,1.0,0.0,0.0,0.0,1.0,8.0,1.0,1.0,1.0,4.0,0.470588,0.058824,0.235294,0.058824,0.058824,0.058824,0.0,0.058824,0.0,0.0,29,113.004138,3277.12,1.344828
2025-05-01,1,26.0,21.0,5.0,0.0,0.0,144.099231,137.02,1.615385,1.5,42.0,1.615385,37.0,0.807692,0.192308,0.0,0.0,1.0,0.0,0.0,10.0,0.0,1.0,0.0,0.0,0.0,0.0,0.0,14.0,0.538462,0.384615,0.0,0.038462,0.0,0.0,0.0,0.038462,0.0,0.0,0.0,0.0,1.0,1.0,0.0,4.0,6.0,4.0,1.0,2.0,3.0,4.0,0.153846,0.115385,0.153846,0.230769,0.076923,0.038462,0.153846,0.038462,0.038462,0.0,30,132.286,3968.58,1.5
2025-05-02,1,58.0,43.0,14.0,1.0,0.0,159.228103,139.2,1.5,1.0,87.0,1.741379,97.0,0.741379,0.241379,0.017241,0.0,3.0,0.0,0.0,18.0,0.0,0.0,0.0,0.0,0.0,2.0,1.0,34.0,0.586207,0.310345,0.017241,0.051724,0.034483,0.0,0.0,0.0,0.0,0.0,0.0,0.0,1.0,1.0,1.0,6.0,4.0,11.0,4.0,5.0,15.0,10.0,0.189655,0.258621,0.172414,0.068966,0.086207,0.068966,0.103448,0.017241,0.017241,0.017241,58,150.885517,8751.36,1.62069
2025-05-03,1,51.0,42.0,9.0,0.0,0.0,194.593529,212.1,1.058824,1.0,54.0,1.764706,104.0,0.823529,0.176471,0.0,0.0,4.0,0.0,0.0,14.0,0.0,0.0,0.0,0.0,0.0,14.0,1.0,18.0,0.352941,0.27451,0.019608,0.078431,0.27451,0.0,0.0,0.0,0.0,0.0,0.0,0.0,1.0,1.0,2.0,2.0,5.0,12.0,2.0,3.0,13.0,10.0,0.235294,0.254902,0.196078,0.098039,0.058824,0.039216,0.039216,0.019608,0.019608,0.039216,59,189.09339,11156.51,1.762712
2025-05-04,1,14.0,12.0,2.0,0.0,0.0,128.164286,106.9,1.357143,1.0,19.0,1.571429,21.0,0.857143,0.142857,0.0,0.0,0.0,0.0,0.0,4.0,0.0,0.0,0.0,0.0,0.0,2.0,0.0,8.0,0.571429,0.285714,0.0,0.0,0.142857,0.0,0.0,0.0,0.0,0.0,0.0,0.0,0.0,0.0,0.0,0.0,0.0,9.0,0.0,2.0,2.0,1.0,0.642857,0.142857,0.071429,0.0,0.142857,0.0,0.0,0.0,0.0,0.0,19,131.987368,2507.76,1.578947
2025-05-05,1,22.0,7.0,15.0,0.0,0.0,149.145,169.0,1.619048,1.0,34.0,1.090909,26.0,0.318182,0.681818,0.0,0.0,10.0,0.0,0.0,3.0,0.0,0.0,0.0,1.0,0.0,0.0,0.0,8.0,0.363636,0.136364,0.0,0.454545,0.0,0.0,0.0,0.0,0.045455,0.0,0.0,0.0,1.0,1.0,1.0,4.0,1.0,8.0,1.0,1.0,4.0,0.0,0.363636,0.181818,0.0,0.045455,0.045455,0.045455,0.181818,0.045455,0.045455,0.045455,7,140.09,980.63,1.142857
2025-05-06,1,10.0,8.0,1.0,0.0,1.0,136.346,114.715,6.6,1.0,66.0,1.6,17.0,0.8,0.1,0.0,0.1,2.0,0.0,0.0,4.0,0.0,0.0,0.0,0.0,0.0,0.0,0.0,4.0,0.4,0.4,0.0,0.2,0.0,0.0,0.0,0.0,0.0,0.0,0.0,0.0,0.0,0.0,1.0,0.0,2.0,2.0,0.0,1.0,1.0,3.0,0.2,0.1,0.3,0.2,0.1,0.0,0.0,0.0,0.0,0.1,13,123.84,1609.92,1.461538
2025-05-07,1,47.0,36.0,11.0,0.0,0.0,209.011702,241.4,1.914894,2.0,90.0,1.106383,53.0,0.765957,0.234043,0.0,0.0,0.0,34.0,0.0,3.0,0.0,0.0,0.0,0.0,0.0,0.0,0.0,10.0,0.212766,0.06383,0.0,0.0,0.0,0.723404,0.0,0.0,0.0,0.0,0.0,0.0,1.0,0.0,1.0,1.0,6.0,14.0,3.0,5.0,13.0,3.0,0.297872,0.276596,0.06383,0.12766,0.106383,0.06383,0.021277,0.021277,0.0,0.021277,44,191.19,8412.36,1.136364
2025-05-08,1,26.0,21.0,4.0,1.0,0.0,147.368846,138.63,1.346154,1.0,35.0,1.769231,36.0,0.807692,0.153846,0.038462,0.0,1.0,0.0,0.0,6.0,0.0,0.0,0.0,0.0,0.0,0.0,1.0,18.0,0.692308,0.230769,0.038462,0.038462,0.0,0.0,0.0,0.0,0.0,0.0,0.0,0.0,1.0,0.0,0.0,2.0,0.0,8.0,3.0,0.0,7.0,5.0,0.307692,0.269231,0.192308,0.0,0.0,0.115385,0.076923,0.038462,0.0,0.0,54,189.692222,10243.38,1.333333
2025-05-09,1,59.0,53.0,6.0,0.0,0.0,204.168475,228.65,1.559322,2.0,92.0,1.949153,101.0,0.898305,0.101695,0.0,0.0,1.0,0.0,0.0,9.0,0.0,0.0,0.0,1.0,0.0,0.0,26.0,22.0,0.372881,0.152542,0.440678,0.016949,0.0,0.0,0.0,0.0,0.016949,0.0,0.0,0.0,1.0,1.0,1.0,1.0,8.0,12.0,4.0,6.0,14.0,11.0,0.20339,0.237288,0.186441,0.135593,0.101695,0.067797,0.016949,0.016949,0.016949,0.016949,60,197.5645,11853.87,1.95
2025-05-10,1,34.0,27.0,3.0,1.0,3.0,221.872353,230.75,1.058824,1.0,36.0,2.058824,65.0,0.794118,0.088235,0.029412,0.088235,3.0,0.0,0.0,6.0,0.0,0.0,0.0,0.0,0.0,0.0,16.0,9.0,0.264706,0.176471,0.470588,0.088235,0.0,0.0,0.0,0.0,0.0,0.0,0.0,0.0,0.0,1.0,0.0,1.0,7.0,7.0,0.0,3.0,7.0,8.0,0.205882,0.205882,0.235294,0.205882,0.088235,0.0,0.029412,0.0,0.029412,0.0,59,231.415932,13653.54,2.016949
2025-05-11,1,15.0,14.0,1.0,0.0,0.0,121.153333,126.47,1.733333,1.0,26.0,1.866667,27.0,0.933333,0.066667,0.0,0.0,1.0,0.0,0.0,3.0,0.0,0.0,0.0,0.0,0.0,0.0,0.0,11.0,0.733333,0.2,0.0,0.066667,0.0,0.0,0.0,0.0,0.0,0.0,0.0,0.0,0.0,0.0,0.0,2.0,0.0,7.0,0.0,0.0,4.0,2.0,0.466667,0.266667,0.133333,0.0,0.0,0.0,0.133333,0.0,0.0,0.0,16,128.115625,2049.85,1.875
2025-05-12,1,32.0,27.0,5.0,0.0,0.0,144.667188,131.94,2.25,2.0,72.0,1.5,39.0,0.84375,0.15625,0.0,0.0,3.0,0.0,0.0,4.0,0.0,0.0,0.0,0.0,0.0,0.0,0.0,25.0,0.78125,0.125,0.0,0.09375,0.0,0.0,0.0,0.0,0.0,0.0,0.0,0.0,0.0,1.0,0.0,2.0,4.0,9.0,2.0,4.0,6.0,4.0,0.28125,0.1875,0.125,0.125,0.125,0.0625,0.0625,0.0,0.03125,0.0,34,139.716176,4750.35,1.470588
2025-05-13,1,27.0,24.0,3.0,0.0,0.0,154.978889,132.11,1.666667,1.0,45.0,1.555556,37.0,0.888889,0.111111,0.0,0.0,2.0,0.0,1.0,9.0,0.0,0.0,0.0,0.0,0.0,0.0,0.0,15.0,0.555556,0.333333,0.0,0.074074,0.0,0.0,0.037037,0.0,0.0,0.0,0.0,0.0,0.0,1.0,0.0,1.0,2.0,11.0,1.0,4.0,4.0,3.0,0.407407,0.148148,0.111111,0.074074,0.148148,0.037037,0.037037,0.0,0.037037,0.0,44,153.136818,6738.02,1.5
2025-05-14,1,39.0,33.0,6.0,0.0,0.0,176.315897,154.02,1.564103,1.0,61.0,1.641026,67.0,0.846154,0.153846,0.0,0.0,2.0,0.0,0.0,14.0,0.0,0.0,0.0,0.0,0.0,0.0,0.0,23.0,0.589744,0.358974,0.0,0.051282,0.0,0.0,0.0,0.0,0.0,0.0,0.0,0.0,1.0,0.0,0.0,1.0,2.0,12.0,3.0,4.0,11.0,5.0,0.307692,0.282051,0.128205,0.051282,0.102564,0.076923,0.025641,0.025641,0.0,0.0,56,166.030179,9297.69,1.517857
2025-05-15,1,43.0,27.0,14.0,1.0,1.0,209.930465,215.92,1.255814,1.0,54.0,2.186047,53.0,0.627907,0.325581,0.023256,0.023256,2.0,0.0,0.0,14.0,0.0,0.0,0.0,0.0,0.0,0.0,0.0,27.0,0.627907,0.325581,0.0,0.046512,0.0,0.0,0.0,0.0,0.0,0.0,0.0,0.0,0.0,0.0,0.0,2.0,3.0,14.0,2.0,4.0,13.0,5.0,0.325581,0.302326,0.116279,0.069767,0.093023,0.046512,0.046512,0.0,0.0,0.0,50,200.9552,10047.76,1.86
2025-05-16,1,78.0,53.0,18.0,0.0,7.0,277.794359,255.6,1.833333,2.0,143.0,1.871795,139.0,0.679487,0.230769,0.0,0.089744,13.0,0.0,0.0,22.0,0.0,0.0,0.0,0.0,0.0,1.0,28.0,14.0,0.179487,0.282051,0.358974,0.166667,0.012821,0.0,0.0,0.0,0.0,0.0,0.0,0.0,1.0,1.0,2.0,3.0,8.0,19.0,4.0,4.0,21.0,15.0,0.24359,0.269231,0.192308,0.102564,0.051282,0.051282,0.038462,0.012821,0.012821,0.025641,59,259.902712,15334.26,2.016949
2025-05-17,1,25.0,15.0,4.0,1.0,5.0,297.0928,262.65,1.12,1.0,28.0,1.72,33.0,0.6,0.16,0.04,0.2,7.0,0.0,0.0,6.0,0.0,0.0,0.0,0.0,0.0,0.0,9.0,3.0,0.12,0.24,0.36,0.28,0.0,0.0,0.0,0.0,0.0,0.0,0.0,0.0,0.0,0.0,0.0,0.0,1.0,9.0,2.0,2.0,7.0,4.0,0.36,0.28,0.16,0.04,0.08,0.08,0.0,0.0,0.0,0.0,59,250.185932,14760.97,2.0
2025-05-18,1,36.0,28.0,8.0,0.0,0.0,149.865556,144.59,1.333333,1.0,48.0,1.638889,59.0,0.777778,0.222222,0.0,0.0,1.0,0.0,3.0,13.0,0.0,0.0,0.0,0.0,0.0,1.0,1.0,17.0,0.472222,0.361111,0.027778,0.027778,0.027778,0.0,0.083333,0.0,0.0,0.0,0.0,0.0,0.0,0.0,0.0,1.0,3.0,12.0,2.0,1.0,10.0,7.0,0.333333,0.277778,0.194444,0.083333,0.027778,0.055556,0.027778,0.0,0.0,0.0,37,167.638919,6202.64,1.72973
2025-05-19,1,16.0,15.0,1.0,0.0,0.0,135.64875,120.89,1.733333,1.0,26.0,1.4375,21.0,0.9375,0.0625,0.0,0.0,1.0,0.0,5.0,5.0,0.0,0.0,0.0,0.0,0.0,0.0,0.0,5.0,0.3125,0.3125,0.0,0.0625,0.0,0.0,0.3125,0.0,0.0,0.0,0.0,0.0,0.0,0.0,0.0,0.0,1.0,6.0,1.0,2.0,6.0,0.0,0.375,0.375,0.0,0.0625,0.125,0.0625,0.0,0.0,0.0,0.0,21,124.63,2617.23,1.47619
2025-05-20,1,24.0,17.0,7.0,0.0,0.0,152.049167,132.245,1.583333,1.5,38.0,1.625,35.0,0.708333,0.291667,0.0,0.0,2.0,0.0,4.0,11.0,0.0,0.0,0.0,0.0,0.0,0.0,0.0,7.0,0.291667,0.458333,0.0,0.083333,0.0,0.0,0.166667,0.0,0.0,0.0,0.0,0.0,0.0,0.0,0.0,1.0,2.0,14.0,1.0,3.0,0.0,3.0,0.583333,0.0,0.125,0.083333,0.125,0.041667,0.041667,0.0,0.0,0.0,26,153.788846,3998.51,1.538462
2025-05-21,1,12.0,10.0,2.0,0.0,0.0,148.134167,132.46,1.333333,1.0,16.0,1.5,16.0,0.833333,0.166667,0.0,0.0,2.0,0.0,0.0,6.0,0.0,0.0,0.0,2.0,0.0,0.0,0.0,2.0,0.166667,0.5,0.0,0.166667,0.0,0.0,0.0,0.0,0.166667,0.0,0.0,0.0,0.0,0.0,0.0,1.0,2.0,4.0,1.0,2.0,0.0,2.0,0.333333,0.0,0.166667,0.166667,0.166667,0.083333,0.083333,0.0,0.0,0.0,22,139.415909,3067.15,1.454545
2025-05-22,1,19.0,14.0,5.0,0.0,0.0,174.184211,162.88,1.421053,1.0,27.0,1.736842,27.0,0.736842,0.263158,0.0,0.0,2.0,0.0,0.0,7.0,0.0,0.0,0.0,0.0,0.0,0.0,0.0,10.0,0.526316,0.368421,0.0,0.105263,0.0,0.0,0.0,0.0,0.0,0.0,0.0,0.0,0.0,1.0,0.0,0.0,4.0,6.0,0.0,2.0,5.0,1.0,0.315789,0.263158,0.052632,0.210526,0.105263,0.0,0.0,0.0,0.052632,0.0,20,163.137,3262.74,1.65
2025-05-23,1,71.0,51.0,13.0,2.0,5.0,242.23662,241.4,1.732394,2.0,123.0,1.887324,127.0,0.71831,0.183099,0.028169,0.070423,9.0,0.0,0.0,13.0,0.0,0.0,0.0,0.0,0.0,10.0,19.0,20.0,0.28169,0.183099,0.267606,0.126761,0.140845,0.0,0.0,0.0,0.0,0.0,0.0,0.0,1.0,2.0,1.0,3.0,8.0,17.0,4.0,6.0,15.0,14.0,0.239437,0.211268,0.197183,0.112676,0.084507,0.056338,0.042254,0.014085,0.028169,0.014085,56,233.267321,13062.97,2.0
2025-05-24,1,35.0,26.0,8.0,1.0,0.0,207.826286,213.0,1.257143,1.0,44.0,1.828571,59.0,0.742857,0.228571,0.028571,0.0,2.0,0.0,0.0,8.0,0.0,0.0,0.0,0.0,0.0,1.0,12.0,12.0,0.342857,0.228571,0.342857,0.057143,0.028571,0.0,0.0,0.0,0.0,0.0,0.0,0.0,0.0,1.0,0.0,1.0,4.0,10.0,1.0,3.0,10.0,5.0,0.285714,0.285714,0.142857,0.114286,0.085714,0.028571,0.028571,0.0,0.028571,0.0,57,210.254912,11984.53,1.929825
2025-05-25,1,49.0,44.0,5.0,0.0,0.0,169.537347,156.2,1.040816,1.0,51.0,1.77551,99.0,0.897959,0.102041,0.0,0.0,2.0,0.0,0.0,12.0,0.0,0.0,0.0,0.0,0.0,0.0,9.0,26.0,0.530612,0.244898,0.183673,0.040816,0.0,0.0,0.0,0.0,0.0,0.0,0.0,0.0,2.0,0.0,0.0,1.0,6.0,14.0,4.0,4.0,10.0,8.0,0.285714,0.204082,0.163265,0.122449,0.081633,0.081633,0.020408,0.040816,0.0,0.0,54,161.016852,8694.91,1.87037
2025-05-26,1,6.0,5.0,1.0,0.0,0.0,140.363333,141.325,1.5,1.0,9.0,2.0,7.0,0.833333,0.166667,0.0,0.0,1.0,0.0,0.0,3.0,0.0,0.0,0.0,0.0,0.0,0.0,0.0,2.0,0.333333,0.5,0.0,0.166667,0.0,0.0,0.0,0.0,0.0,0.0,0.0,0.0,0.0,0.0,0.0,0.0,0.0,0.0,1.0,1.0,2.0,2.0,0.0,0.333333,0.333333,0.0,0.166667,0.166667,0.0,0.0,0.0,0.0,9,130.263333,1172.37,2.0
2025-05-27,1,9.0,9.0,0.0,0.0,0.0,148.806667,129.0,2.222222,1.0,20.0,1.555556,15.0,1.0,0.0,0.0,0.0,1.0,0.0,0.0,3.0,0.0,0.0,0.0,0.0,0.0,0.0,0.0,5.0,0.555556,0.333333,0.0,0.111111,0.0,0.0,0.0,0.0,0.0,0.0,0.0,0.0,0.0,0.0,0.0,0.0,3.0,2.0,3.0,1.0,0.0,0.0,0.222222,0.0,0.0,0.333333,0.111111,0.333333,0.0,0.0,0.0,0.0,9,148.806667,1339.26,1.555556
2025-05-28,1,13.0,13.0,0.0,0.0,0.0,139.686154,139.19,1.692308,2.0,22.0,1.538462,25.0,1.0,0.0,0.0,0.0,1.0,0.0,0.0,7.0,0.0,0.0,0.0,1.0,0.0,0.0,0.0,4.0,0.307692,0.538462,0.0,0.076923,0.0,0.0,0.0,0.0,0.076923,0.0,0.0,0.0,0.0,0.0,0.0,1.0,1.0,5.0,1.0,2.0,0.0,3.0,0.384615,0.0,0.230769,0.076923,0.153846,0.076923,0.076923,0.0,0.0,0.0,17,145.778235,2478.23,1.647059
2025-05-29,1,30.0,26.0,4.0,0.0,0.0,191.648,228.65,1.666667,2.0,50.0,1.633333,55.0,0.866667,0.133333,0.0,0.0,0.0,0.0,0.0,4.0,0.0,0.0,0.0,0.0,0.0,0.0,17.0,9.0,0.3,0.133333,0.566667,0.0,0.0,0.0,0.0,0.0,0.0,0.0,0.0,0.0,0.0,1.0,0.0,4.0,3.0,9.0,0.0,2.0,7.0,4.0,0.3,0.233333,0.133333,0.1,0.066667,0.0,0.133333,0.0,0.033333,0.0,37,175.208919,6482.73,1.621622
2025-05-30,1,51.0,37.0,10.0,3.0,1.0,201.910392,226.8,1.823529,2.0,93.0,1.803922,127.0,0.72549,0.196078,0.058824,0.019608,2.0,0.0,0.0,13.0,0.0,0.0,0.0,0.0,0.0,1.0,20.0,15.0,0.294118,0.254902,0.392157,0.039216,0.019608,0.0,0.0,0.0,0.0,0.0,0.0,0.0,2.0,0.0,0.0,0.0,6.0,12.0,4.0,3.0,12.0,12.0,0.235294,0.235294,0.235294,0.117647,0.058824,0.078431,0.0,0.039216,0.0,0.0,54,201.987037,10907.3,1.722222
2025-05-31,1,38.0,29.0,7.0,1.0,1.0,194.241053,223.245,1.473684,1.0,56.0,1.710526,124.0,0.763158,0.184211,0.026316,0.026316,4.0,0.0,0.0,14.0,0.0,0.0,0.0,0.0,0.0,0.0,10.0,10.0,0.263158,0.368421,0.263158,0.105263,0.0,0.0,0.0,0.0,0.0,0.0,0.0,0.0,0.0,1.0,1.0,4.0,3.0,9.0,1.0,5.0,8.0,6.0,0.236842,0.210526,0.157895,0.078947,0.131579,0.026316,0.105263,0.0,0.026316,0.026316,59,188.458814,11119.07,1.677966
2025-06-01,1,32.0,28.0,4.0,0.0,0.0,159.797812,150.05,1.5,1.0,48.0,1.59375,50.0,0.875,0.125,0.0,0.0,2.0,0.0,0.0,4.0,0.0,0.0,0.0,0.0,0.0,0.0,10.0,16.0,0.5,0.125,0.3125,0.0625,0.0,0.0,0.0,0.0,0.0,0.0,0.0,0.0,0.0,0.0,0.0,2.0,5.0,11.0,3.0,3.0,6.0,2.0,0.34375,0.1875,0.0625,0.15625,0.09375,0.09375,0.0625,0.0,0.0,0.0,45,152.235111,6850.58,1.533333
2025-06-02,1,21.0,15.0,6.0,0.0,0.0,121.822857,107.69,1.52381,1.0,32.0,1.571429,28.0,0.714286,0.285714,0.0,0.0,2.0,0.0,0.0,8.0,0.0,0.0,0.0,0.0,0.0,0.0,0.0,11.0,0.52381,0.380952,0.0,0.095238,0.0,0.0,0.0,0.0,0.0,0.0,0.0,0.0,0.0,1.0,0.0,0.0,0.0,11.0,2.0,2.0,3.0,2.0,0.52381,0.142857,0.095238,0.0,0.095238,0.095238,0.0,0.0,0.047619,0.0,25,115.4388,2885.97,1.52
2025-06-03,1,15.0,14.0,1.0,0.0,0.0,137.162,144.99,1.333333,1.0,20.0,1.266667,18.0,0.933333,0.066667,0.0,0.0,2.0,0.0,0.0,5.0,0.0,0.0,0.0,0.0,0.0,0.0,0.0,8.0,0.533333,0.333333,0.0,0.133333,0.0,0.0,0.0,0.0,0.0,0.0,0.0,0.0,0.0,0.0,0.0,0.0,1.0,8.0,0.0,2.0,3.0,1.0,0.533333,0.2,0.066667,0.066667,0.133333,0.0,0.0,0.0,0.0,0.0,25,122.1064,3052.66,1.32
2025-06-04,1,33.0,32.0,1.0,0.0,0.0,126.877273,115.17,1.333333,1.0,44.0,1.424242,48.0,0.969697,0.030303,0.0,0.0,8.0,0.0,1.0,4.0,0.0,0.0,0.0,0.0,0.0,0.0,0.0,20.0,0.606061,0.121212,0.0,0.242424,0.0,0.0,0.030303,0.0,0.0,0.0,0.0,0.0,1.0,0.0,0.0,3.0,5.0,10.0,0.0,1.0,8.0,5.0,0.30303,0.242424,0.151515,0.151515,0.030303,0.0,0.090909,0.030303,0.0,0.0,39,122.937179,4794.55,1.410256
2025-06-05,1,21.0,17.0,3.0,0.0,1.0,166.974762,170.1,2.095238,2.0,44.0,1.904762,36.0,0.809524,0.142857,0.0,0.047619,3.0,0.0,0.0,6.0,0.0,0.0,0.0,0.0,0.0,0.0,7.0,5.0,0.238095,0.285714,0.333333,0.142857,0.0,0.0,0.0,0.0,0.0,0.0,0.0,0.0,0.0,0.0,1.0,1.0,1.0,7.0,2.0,3.0,5.0,1.0,0.333333,0.238095,0.047619,0.047619,0.142857,0.095238,0.047619,0.0,0.0,0.047619,34,136.421176,4638.32,1.588235
2025-06-06,1,58.0,48.0,8.0,0.0,2.0,218.070517,233.75,1.689655,2.0,98.0,1.982759,120.0,0.827586,0.137931,0.0,0.034483,5.0,0.0,0.0,3.0,0.0,0.0,0.0,0.0,0.0,0.0,42.0,8.0,0.137931,0.051724,0.724138,0.086207,0.0,0.0,0.0,0.0,0.0,0.0,0.0,0.0,1.0,1.0,0.0,3.0,7.0,13.0,3.0,2.0,15.0,13.0,0.224138,0.258621,0.224138,0.12069,0.034483,0.051724,0.051724,0.017241,0.017241,0.0,59,206.139153,12162.21,2.016949
2025-06-07,1,26.0,17.0,6.0,1.0,2.0,219.151154,225.25,1.038462,1.0,27.0,1.653846,38.0,0.653846,0.230769,0.038462,0.076923,6.0,0.0,0.0,9.0,0.0,0.0,0.0,0.0,0.0,2.0,6.0,3.0,0.115385,0.346154,0.230769,0.230769,0.076923,0.0,0.0,0.0,0.0,0.0,0.0,0.0,0.0,1.0,0.0,0.0,8.0,4.0,0.0,2.0,5.0,6.0,0.153846,0.192308,0.230769,0.307692,0.076923,0.0,0.0,0.0,0.038462,0.0,58,214.433448,12437.14,1.87931
2025-06-08,1,28.0,24.0,2.0,2.0,0.0,131.345,109.265,2.071429,1.0,58.0,1.714286,38.0,0.857143,0.071429,0.071429,0.0,3.0,0.0,0.0,8.0,0.0,3.0,0.0,0.0,0.0,0.0,0.0,14.0,0.5,0.285714,0.0,0.107143,0.0,0.0,0.0,0.107143,0.0,0.0,0.0,0.0,1.0,0.0,0.0,0.0,3.0,12.0,2.0,3.0,5.0,2.0,0.428571,0.178571,0.071429,0.107143,0.107143,0.071429,0.0,0.035714,0.0,0.0,29,132.327931,3837.51,1.62069
2025-06-09,1,29.0,24.0,5.0,0.0,0.0,114.828276,104.33,3.103448,3.0,90.0,1.172414,36.0,0.827586,0.172414,0.0,0.0,1.0,0.0,0.0,4.0,0.0,16.0,0.0,0.0,0.0,0.0,0.0,8.0,0.275862,0.137931,0.0,0.034483,0.0,0.0,0.0,0.551724,0.0,0.0,0.0,0.0,0.0,0.0,0.0,1.0,5.0,14.0,2.0,2.0,5.0,0.0,0.482759,0.172414,0.0,0.172414,0.068966,0.068966,0.034483,0.0,0.0,0.0,34,124.062059,4218.11,1.323529
2025-06-10,1,24.0,21.0,3.0,0.0,0.0,140.330417,123.025,1.416667,1.0,34.0,1.291667,31.0,0.875,0.125,0.0,0.0,3.0,0.0,0.0,11.0,0.0,0.0,0.0,0.0,0.0,0.0,0.0,10.0,0.416667,0.458333,0.0,0.125,0.0,0.0,0.0,0.0,0.0,0.0,0.0,0.0,0.0,1.0,0.0,2.0,2.0,3.0,1.0,1.0,10.0,4.0,0.125,0.416667,0.166667,0.083333,0.041667,0.041667,0.083333,0.0,0.041667,0.0,48,129.303333,6206.56,1.3125
2025-06-11,1,13.0,11.0,2.0,0.0,0.0,128.979231,123.65,1.384615,1.0,18.0,1.923077,23.0,0.846154,0.153846,0.0,0.0,1.0,0.0,0.0,4.0,0.0,0.0,0.0,0.0,0.0,0.0,0.0,8.0,0.615385,0.307692,0.0,0.076923,0.0,0.0,0.0,0.0,0.0,0.0,0.0,0.0,0.0,0.0,0.0,1.0,0.0,4.0,1.0,0.0,4.0,3.0,0.307692,0.307692,0.230769,0.0,0.0,0.076923,0.076923,0.0,0.0,0.0,39,134.998718,5264.95,1.410256
2025-06-12,1,26.0,26.0,0.0,0.0,0.0,188.461538,211.44,1.769231,2.0,46.0,1.769231,50.0,1.0,0.0,0.0,0.0,2.0,0.0,0.0,4.0,0.0,0.0,0.0,1.0,0.0,3.0,9.0,7.0,0.269231,0.153846,0.346154,0.076923,0.115385,0.0,0.0,0.0,0.038462,0.0,0.0,0.0,0.0,1.0,0.0,2.0,4.0,7.0,1.0,3.0,4.0,4.0,0.269231,0.153846,0.153846,0.153846,0.115385,0.038462,0.076923,0.0,0.038462,0.0,44,172.671136,7597.53,1.568182
2025-06-13,1,58.0,38.0,18.0,0.0,2.0,198.073276,210.485,1.637931,2.0,95.0,1.775862,93.0,0.655172,0.310345,0.0,0.034483,5.0,0.0,0.0,11.0,0.0,0.0,0.0,1.0,0.0,4.0,15.0,22.0,0.37931,0.189655,0.258621,0.086207,0.068966,0.0,0.0,0.0,0.017241,0.0,0.0,0.0,2.0,0.0,1.0,2.0,4.0,10.0,4.0,5.0,20.0,10.0,0.172414,0.344828,0.172414,0.068966,0.086207,0.068966,0.034483,0.034483,0.0,0.017241,60,199.24,11954.4,1.783333
2025-06-14,1,46.0,34.0,10.0,1.0,1.0,200.743696,211.19,1.021739,1.0,47.0,1.782609,82.0,0.73913,0.217391,0.021739,0.021739,2.0,0.0,0.0,13.0,0.0,0.0,0.0,0.0,0.0,5.0,4.0,22.0,0.478261,0.282609,0.086957,0.043478,0.108696,0.0,0.0,0.0,0.0,0.0,0.0,0.0,0.0,1.0,0.0,3.0,6.0,9.0,0.0,5.0,12.0,10.0,0.195652,0.26087,0.217391,0.130435,0.108696,0.0,0.065217,0.0,0.021739,0.0,59,195.872373,11556.47,1.762712
2025-06-15,1,19.0,15.0,4.0,0.0,0.0,129.297368,119.92,1.842105,1.0,35.0,1.631579,29.0,0.789474,0.210526,0.0,0.0,1.0,0.0,1.0,5.0,0.0,0.0,0.0,0.0,0.0,0.0,0.0,12.0,0.631579,0.263158,0.0,0.052632,0.0,0.0,0.052632,0.0,0.0,0.0,0.0,0.0,1.0,0.0,0.0,1.0,0.0,11.0,1.0,0.0,3.0,2.0,0.578947,0.157895,0.105263,0.0,0.0,0.052632,0.052632,0.052632,0.0,0.0,17,122.887059,2089.08,1.647059
2025-06-16,1,8.0,7.0,1.0,0.0,0.0,102.90875,102.46,2.75,1.0,22.0,1.375,16.0,0.875,0.125,0.0,0.0,1.0,0.0,1.0,1.0,0.0,0.0,0.0,0.0,0.0,0.0,0.0,5.0,0.625,0.125,0.0,0.125,0.0,0.0,0.125,0.0,0.0,0.0,0.0,0.0,0.0,0.0,0.0,0.0,1.0,2.0,0.0,1.0,2.0,2.0,0.25,0.25,0.25,0.125,0.125,0.0,0.0,0.0,0.0,0.0,11,105.692727,1162.62,1.363636
2025-06-17,1,21.0,16.0,5.0,0.0,0.0,120.631905,109.86,1.190476,1.0,25.0,1.809524,32.0,0.761905,0.238095,0.0,0.0,0.0,0.0,0.0,10.0,0.0,0.0,0.0,0.0,0.0,0.0,0.0,11.0,0.52381,0.47619,0.0,0.0,0.0,0.0,0.0,0.0,0.0,0.0,0.0,0.0,0.0,0.0,0.0,1.0,0.0,12.0,1.0,3.0,2.0,2.0,0.571429,0.095238,0.095238,0.0,0.142857,0.047619,0.047619,0.0,0.0,0.0,22,125.302273,2756.65,1.636364
2025-06-18,1,6.0,5.0,1.0,0.0,0.0,140.3,132.13,1.5,1.5,9.0,2.0,13.0,0.833333,0.166667,0.0,0.0,1.0,0.0,0.0,3.0,0.0,0.0,0.0,0.0,0.0,0.0,0.0,2.0,0.333333,0.5,0.0,0.166667,0.0,0.0,0.0,0.0,0.0,0.0,0.0,0.0,0.0,0.0,1.0,1.0,0.0,0.0,0.0,2.0,1.0,1.0,0.0,0.166667,0.166667,0.0,0.333333,0.0,0.166667,0.0,0.0,0.166667,13,136.086923,1769.13,1.615385
2025-06-19,1,28.0,26.0,2.0,0.0,0.0,170.074286,141.465,1.821429,2.0,51.0,1.964286,61.0,0.928571,0.071429,0.0,0.0,0.0,0.0,0.0,7.0,0.0,0.0,0.0,0.0,0.0,0.0,11.0,10.0,0.357143,0.25,0.392857,0.0,0.0,0.0,0.0,0.0,0.0,0.0,0.0,0.0,0.0,0.0,1.0,2.0,1.0,4.0,3.0,1.0,9.0,7.0,0.142857,0.321429,0.25,0.035714,0.035714,0.107143,0.071429,0.0,0.0,0.035714,31,164.404516,5096.54,1.870968
2025-06-20,1,56.0,39.0,15.0,0.0,2.0,194.382857,211.435,1.5,1.0,84.0,1.714286,98.0,0.696429,0.267857,0.0,0.035714,6.0,0.0,0.0,14.0,0.0,0.0,0.0,0.0,0.0,0.0,16.0,20.0,0.357143,0.25,0.285714,0.107143,0.0,0.0,0.0,0.0,0.0,0.0,0.0,0.0,1.0,2.0,0.0,2.0,6.0,11.0,4.0,7.0,14.0,9.0,0.196429,0.25,0.160714,0.107143,0.125,0.071429,0.035714,0.017857,0.035714,0.0,60,188.166,11289.96,1.783333
2025-06-21,1,38.0,33.0,4.0,1.0,0.0,196.753684,211.55,1.342105,1.0,51.0,1.947368,75.0,0.868421,0.105263,0.026316,0.0,3.0,0.0,0.0,7.0,0.0,0.0,0.0,0.0,0.0,0.0,7.0,21.0,0.552632,0.184211,0.184211,0.078947,0.0,0.0,0.0,0.0,0.0,0.0,0.0,0.0,0.0,0.0,0.0,3.0,5.0,8.0,2.0,1.0,10.0,9.0,0.210526,0.263158,0.236842,0.131579,0.026316,0.052632,0.078947,0.0,0.0,0.0,59,190.112203,11216.62,1.898305
2025-06-22,1,13.0,10.0,3.0,0.0,0.0,125.663077,118.0,1.538462,1.0,20.0,1.615385,21.0,0.769231,0.230769,0.0,0.0,1.0,0.0,0.0,5.0,0.0,0.0,0.0,0.0,0.0,0.0,0.0,7.0,0.538462,0.384615,0.0,0.076923,0.0,0.0,0.0,0.0,0.0,0.0,0.0,0.0,0.0,0.0,0.0,1.0,0.0,6.0,0.0,2.0,2.0,2.0,0.461538,0.153846,0.153846,0.0,0.153846,0.0,0.076923,0.0,0.0,0.0,19,165.360526,3141.85,1.842105
2025-06-23,1,13.0,12.0,0.0,1.0,0.0,129.080769,115.17,1.461538,1.0,19.0,1.692308,20.0,0.923077,0.0,0.076923,0.0,1.0,0.0,0.0,6.0,0.0,0.0,0.0,0.0,0.0,0.0,0.0,6.0,0.461538,0.461538,0.0,0.076923,0.0,0.0,0.0,0.0,0.0,0.0,0.0,0.0,0.0,0.0,1.0,0.0,1.0,5.0,0.0,3.0,3.0,0.0,0.384615,0.230769,0.0,0.076923,0.230769,0.0,0.0,0.0,0.0,0.076923,19,146.05,2774.95,1.684211
2025-06-24,1,36.0,27.0,9.0,0.0,0.0,146.407222,128.785,1.666667,2.0,60.0,1.333333,44.0,0.75,0.25,0.0,0.0,1.0,0.0,0.0,19.0,0.0,0.0,0.0,1.0,0.0,0.0,0.0,15.0,0.416667,0.527778,0.0,0.027778,0.0,0.0,0.0,0.0,0.027778,0.0,0.0,0.0,0.0,0.0,0.0,0.0,4.0,17.0,0.0,4.0,9.0,2.0,0.472222,0.25,0.055556,0.111111,0.111111,0.0,0.0,0.0,0.0,0.0,34,157.586765,5357.95,1.441176
2025-06-25,1,26.0,17.0,7.0,2.0,0.0,157.383077,164.945,1.384615,1.0,36.0,1.423077,31.0,0.653846,0.269231,0.076923,0.0,7.0,0.0,0.0,6.0,0.0,0.0,3.0,2.0,0.0,1.0,0.0,7.0,0.269231,0.230769,0.0,0.269231,0.038462,0.0,0.0,0.0,0.076923,0.0,0.0,0.115385,0.0,1.0,0.0,3.0,5.0,7.0,3.0,2.0,4.0,1.0,0.269231,0.153846,0.038462,0.192308,0.076923,0.115385,0.115385,0.0,0.038462,0.0,36,165.259722,5949.35,1.361111
2025-06-26,1,25.0,20.0,3.0,1.0,1.0,169.4572,171.2,1.56,1.0,39.0,1.6,41.0,0.8,0.12,0.04,0.04,3.0,0.0,0.0,10.0,0.0,0.0,0.0,0.0,0.0,0.0,6.0,6.0,0.24,0.4,0.24,0.12,0.0,0.0,0.0,0.0,0.0,0.0,0.0,0.0,0.0,1.0,0.0,2.0,3.0,7.0,2.0,3.0,3.0,4.0,0.28,0.12,0.16,0.12,0.12,0.08,0.08,0.0,0.04,0.0,31,158.999032,4928.97,1.548387
2025-06-27,1,62.0,51.0,6.0,0.0,5.0,216.013548,225.25,1.790323,2.0,111.0,1.870968,125.0,0.822581,0.096774,0.0,0.080645,6.0,0.0,0.0,11.0,0.0,0.0,0.0,0.0,0.0,0.0,38.0,7.0,0.112903,0.177419,0.612903,0.096774,0.0,0.0,0.0,0.0,0.0,0.0,0.0,0.0,1.0,1.0,1.0,2.0,4.0,15.0,4.0,6.0,16.0,12.0,0.241935,0.258065,0.193548,0.064516,0.096774,0.064516,0.032258,0.016129,0.016129,0.016129,59,214.375763,12648.17,1.813559
2025-06-28,1,23.0,16.0,3.0,0.0,4.0,205.976957,212.5,1.0,1.0,23.0,1.73913,37.0,0.695652,0.130435,0.0,0.173913,2.0,0.0,0.0,3.0,0.0,0.0,0.0,0.0,0.0,0.0,12.0,6.0,0.26087,0.130435,0.521739,0.086957,0.0,0.0,0.0,0.0,0.0,0.0,0.0,0.0,0.0,1.0,0.0,1.0,2.0,5.0,1.0,3.0,6.0,4.0,0.217391,0.26087,0.173913,0.086957,0.130435,0.043478,0.043478,0.0,0.043478,0.0,60,209.752833,12585.17,1.833333
2025-06-29,1,34.0,31.0,3.0,0.0,0.0,137.4,120.82,1.735294,1.0,59.0,1.794118,86.0,0.911765,0.088235,0.0,0.0,3.0,0.0,2.0,10.0,0.0,0.0,0.0,0.0,0.0,0.0,0.0,19.0,0.558824,0.294118,0.0,0.088235,0.0,0.0,0.058824,0.0,0.0,0.0,0.0,0.0,1.0,0.0,0.0,3.0,1.0,10.0,3.0,4.0,7.0,5.0,0.294118,0.205882,0.147059,0.029412,0.117647,0.088235,0.088235,0.029412,0.0,0.0,32,126.585312,4050.73,1.75
2025-06-30,1,14.0,14.0,0.0,0.0,0.0,116.817857,106.11,1.714286,2.0,24.0,1.785714,38.0,1.0,0.0,0.0,0.0,0.0,0.0,0.0,3.0,0.0,0.0,0.0,0.0,0.0,0.0,1.0,10.0,0.714286,0.214286,0.071429,0.0,0.0,0.0,0.0,0.0,0.0,0.0,0.0,0.0,0.0,0.0,0.0,1.0,0.0,8.0,1.0,3.0,1.0,0.0,0.571429,0.071429,0.0,0.0,0.214286,0.071429,0.071429,0.0,0.0,0.0,25,120.2156,3005.39,1.76
2025-07-01,1,21.0,15.0,6.0,0.0,0.0,130.805714,121.15,1.809524,2.0,38.0,1.952381,36.0,0.714286,0.285714,0.0,0.0,1.0,0.0,0.0,10.0,0.0,0.0,0.0,0.0,0.0,0.0,0.0,10.0,0.47619,0.47619,0.0,0.047619,0.0,0.0,0.0,0.0,0.0,0.0,0.0,0.0,0.0,0.0,0.0,1.0,2.0,10.0,0.0,2.0,4.0,2.0,0.47619,0.190476,0.095238,0.095238,0.095238,0.0,0.047619,0.0,0.0,0.0,29,125.411034,3636.92,1.827586
2025-07-02,1,14.0,12.0,2.0,0.0,0.0,136.192143,114.24,1.928571,1.0,27.0,1.785714,26.0,0.857143,0.142857,0.0,0.0,2.0,0.0,0.0,3.0,0.0,0.0,0.0,0.0,0.0,0.0,0.0,9.0,0.642857,0.214286,0.0,0.142857,0.0,0.0,0.0,0.0,0.0,0.0,0.0,0.0,0.0,0.0,0.0,2.0,0.0,6.0,0.0,2.0,2.0,2.0,0.428571,0.142857,0.142857,0.0,0.142857,0.0,0.142857,0.0,0.0,0.0,23,127.51913,2932.94,1.782609
2025-07-03,1,26.0,23.0,3.0,0.0,0.0,147.031154,143.59,1.5,1.0,39.0,1.807692,46.0,0.884615,0.115385,0.0,0.0,1.0,0.0,0.0,16.0,0.0,0.0,0.0,0.0,0.0,0.0,1.0,8.0,0.307692,0.615385,0.038462,0.038462,0.0,0.0,0.0,0.0,0.0,0.0,0.0,0.0,0.0,0.0,1.0,0.0,3.0,9.0,4.0,3.0,3.0,3.0,0.346154,0.115385,0.115385,0.115385,0.115385,0.153846,0.0,0.0,0.0,0.038462,30,151.079,4532.37,1.9
2025-07-04,1,58.0,47.0,11.0,0.0,0.0,144.310517,140.58,1.689655,2.0,98.0,1.517241,100.0,0.810345,0.189655,0.0,0.0,4.0,0.0,0.0,24.0,0.0,0.0,0.0,0.0,0.0,0.0,2.0,28.0,0.482759,0.413793,0.034483,0.068966,0.0,0.0,0.0,0.0,0.0,0.0,0.0,0.0,2.0,1.0,0.0,4.0,6.0,14.0,4.0,4.0,13.0,10.0,0.241379,0.224138,0.172414,0.103448,0.068966,0.068966,0.068966,0.034483,0.017241,0.0,58,145.669483,8448.83,1.568966
2025-07-05,1,47.0,31.0,16.0,0.0,0.0,159.78617,140.58,1.702128,1.0,80.0,1.765957,77.0,0.659574,0.340426,0.0,0.0,1.0,0.0,0.0,17.0,0.0,0.0,0.0,0.0,0.0,0.0,1.0,28.0,0.595745,0.361702,0.021277,0.021277,0.0,0.0,0.0,0.0,0.0,0.0,0.0,0.0,0.0,1.0,0.0,3.0,2.0,18.0,2.0,3.0,13.0,5.0,0.382979,0.276596,0.106383,0.042553,0.06383,0.042553,0.06383,0.0,0.021277,0.0,59,156.722373,9246.62,1.644068
2025-07-06,1,27.0,21.0,6.0,0.0,0.0,126.93,109.0,2.62963,1.0,71.0,1.851852,48.0,0.777778,0.222222,0.0,0.0,0.0,0.0,0.0,12.0,0.0,0.0,0.0,1.0,0.0,0.0,1.0,13.0,0.481481,0.444444,0.037037,0.0,0.0,0.0,0.0,0.0,0.037037,0.0,0.0,0.0,1.0,0.0,0.0,3.0,1.0,10.0,0.0,3.0,3.0,6.0,0.37037,0.111111,0.222222,0.037037,0.111111,0.0,0.111111,0.037037,0.0,0.0,32,132.82875,4250.52,1.84375
2025-07-07,1,13.0,12.0,0.0,1.0,0.0,150.623846,143.44,2.461538,2.0,32.0,1.307692,20.0,0.923077,0.0,0.076923,0.0,0.0,0.0,0.0,5.0,0.0,0.0,0.0,0.0,0.0,0.0,0.0,8.0,0.615385,0.384615,0.0,0.0,0.0,0.0,0.0,0.0,0.0,0.0,0.0,0.0,0.0,0.0,0.0,1.0,0.0,6.0,1.0,1.0,2.0,2.0,0.461538,0.153846,0.153846,0.0,0.076923,0.076923,0.076923,0.0,0.0,0.0,23,155.041739,3565.96,1.608696
2025-07-08,1,37.0,25.0,11.0,1.0,0.0,171.411622,186.0,1.945946,2.0,72.0,1.405405,49.0,0.675676,0.297297,0.027027,0.0,11.0,0.0,0.0,11.0,0.0,0.0,0.0,0.0,0.0,0.0,1.0,14.0,0.378378,0.297297,0.027027,0.297297,0.0,0.0,0.0,0.0,0.0,0.0,0.0,0.0,0.0,0.0,0.0,1.0,2.0,13.0,1.0,4.0,12.0,4.0,0.351351,0.324324,0.108108,0.054054,0.108108,0.027027,0.027027,0.0,0.0,0.0,39,162.480513,6336.74,1.615385
2025-07-09,1,19.0,17.0,2.0,0.0,0.0,148.133158,144.8,1.421053,1.0,27.0,1.631579,33.0,0.894737,0.105263,0.0,0.0,3.0,0.0,0.0,8.0,0.0,0.0,0.0,0.0,0.0,0.0,0.0,8.0,0.421053,0.421053,0.0,0.157895,0.0,0.0,0.0,0.0,0.0,0.0,0.0,0.0,0.0,0.0,1.0,1.0,1.0,5.0,2.0,1.0,6.0,2.0,0.263158,0.315789,0.105263,0.052632,0.052632,0.105263,0.052632,0.0,0.0,0.052632,44,153.523636,6755.04,1.659091
2025-07-10,1,29.0,23.0,5.0,1.0,0.0,168.792414,159.39,2.0,2.0,58.0,1.724138,49.0,0.793103,0.172414,0.034483,0.0,1.0,0.0,0.0,7.0,0.0,0.0,0.0,0.0,0.0,0.0,6.0,15.0,0.517241,0.241379,0.206897,0.034483,0.0,0.0,0.0,0.0,0.0,0.0,0.0,0.0,0.0,1.0,0.0,1.0,3.0,6.0,1.0,3.0,10.0,4.0,0.206897,0.344828,0.137931,0.103448,0.103448,0.034483,0.034483,0.0,0.034483,0.0,45,172.795111,7775.78,1.622222
2025-07-11,1,41.0,36.0,5.0,0.0,0.0,183.192439,186.15,1.341463,1.0,55.0,1.878049,87.0,0.878049,0.121951,0.0,0.0,1.0,0.0,0.0,18.0,0.0,0.0,0.0,0.0,0.0,0.0,8.0,14.0,0.341463,0.439024,0.195122,0.02439,0.0,0.0,0.0,0.0,0.0,0.0,0.0,0.0,0.0,1.0,1.0,3.0,3.0,10.0,3.0,5.0,9.0,6.0,0.243902,0.219512,0.146341,0.073171,0.121951,0.073171,0.073171,0.0,0.02439,0.02439,60,189.902,11394.12,1.883333
2025-07-12,1,50.0,38.0,12.0,0.0,0.0,174.5506,173.21,1.18,1.0,59.0,1.94,90.0,0.76,0.24,0.0,0.0,3.0,0.0,0.0,22.0,0.0,0.0,0.0,0.0,0.0,0.0,1.0,24.0,0.48,0.44,0.02,0.06,0.0,0.0,0.0,0.0,0.0,0.0,0.0,0.0,0.0,1.0,1.0,3.0,4.0,12.0,2.0,4.0,14.0,9.0,0.24,0.28,0.18,0.08,0.08,0.04,0.06,0.0,0.02,0.02,59,170.987627,10088.27,1.949153
2025-07-13,1,31.0,27.0,3.0,1.0,0.0,129.114839,118.0,2.032258,1.0,63.0,1.903226,52.0,0.870968,0.096774,0.032258,0.0,2.0,0.0,0.0,13.0,0.0,0.0,0.0,1.0,0.0,0.0,0.0,15.0,0.483871,0.419355,0.0,0.064516,0.0,0.0,0.0,0.0,0.032258,0.0,0.0,0.0,0.0,0.0,0.0,3.0,2.0,11.0,1.0,3.0,7.0,4.0,0.354839,0.225806,0.129032,0.064516,0.096774,0.032258,0.096774,0.0,0.0,0.0,30,125.312667,3759.38,1.9
2025-07-14,1,23.0,20.0,3.0,0.0,0.0,128.718696,118.0,2.173913,2.0,50.0,1.521739,31.0,0.869565,0.130435,0.0,0.0,1.0,0.0,0.0,7.0,0.0,0.0,0.0,0.0,0.0,0.0,0.0,15.0,0.652174,0.304348,0.0,0.043478,0.0,0.0,0.0,0.0,0.0,0.0,0.0,0.0,0.0,0.0,0.0,2.0,2.0,10.0,0.0,3.0,4.0,2.0,0.434783,0.173913,0.086957,0.086957,0.130435,0.0,0.086957,0.0,0.0,0.0,29,132.227241,3834.59,1.551724
2025-07-15,1,13.0,13.0,0.0,0.0,0.0,123.511538,123.66,1.307692,1.0,17.0,1.692308,27.0,1.0,0.0,0.0,0.0,0.0,0.0,0.0,3.0,0.0,0.0,0.0,0.0,0.0,1.0,0.0,9.0,0.692308,0.230769,0.0,0.0,0.076923,0.0,0.0,0.0,0.0,0.0,0.0,0.0,0.0,0.0,0.0,0.0,1.0,4.0,0.0,1.0,4.0,3.0,0.307692,0.307692,0.230769,0.076923,0.076923,0.0,0.0,0.0,0.0,0.0,30,126.510667,3795.32,1.666667
2025-07-16,1,18.0,15.0,2.0,1.0,0.0,140.3,126.47,1.666667,1.0,30.0,1.888889,32.0,0.833333,0.111111,0.055556,0.0,2.0,0.0,0.0,4.0,0.0,0.0,0.0,1.0,0.0,0.0,1.0,10.0,0.555556,0.222222,0.055556,0.111111,0.0,0.0,0.0,0.0,0.055556,0.0,0.0,0.0,0.0,0.0,0.0,2.0,0.0,6.0,2.0,1.0,5.0,2.0,0.333333,0.277778,0.111111,0.0,0.055556,0.111111,0.111111,0.0,0.0,0.0,26,134.559615,3498.55,1.961538
2025-07-17,1,35.0,23.0,12.0,0.0,0.0,136.307143,122.66,1.6,1.0,56.0,1.742857,53.0,0.657143,0.342857,0.0,0.0,1.0,0.0,0.0,7.0,0.0,0.0,0.0,1.0,0.0,0.0,4.0,22.0,0.628571,0.2,0.114286,0.028571,0.0,0.0,0.0,0.0,0.028571,0.0,0.0,0.0,1.0,0.0,0.0,1.0,1.0,13.0,0.0,2.0,13.0,4.0,0.371429,0.371429,0.114286,0.028571,0.057143,0.0,0.028571,0.028571,0.0,0.0,36,137.461111,4948.6,1.861111
2025-07-18,1,58.0,50.0,8.0,0.0,0.0,195.928793,212.5,1.62069,2.0,94.0,1.827586,110.0,0.862069,0.137931,0.0,0.0,6.0,0.0,0.0,15.0,0.0,0.0,0.0,0.0,0.0,0.0,19.0,18.0,0.310345,0.258621,0.327586,0.103448,0.0,0.0,0.0,0.0,0.0,0.0,0.0,0.0,0.0,1.0,1.0,2.0,6.0,9.0,3.0,5.0,17.0,14.0,0.155172,0.293103,0.241379,0.103448,0.086207,0.051724,0.034483,0.0,0.017241,0.017241,60,190.960333,11457.62,1.816667
2025-07-19,1,30.0,22.0,8.0,0.0,0.0,172.340333,163.73,1.133333,1.0,34.0,1.6,49.0,0.733333,0.266667,0.0,0.0,1.0,0.0,0.0,5.0,0.0,0.0,0.0,0.0,0.0,0.0,6.0,18.0,0.6,0.166667,0.2,0.033333,0.0,0.0,0.0,0.0,0.0,0.0,0.0,0.0,0.0,0.0,0.0,0.0,4.0,1.0,0.0,4.0,15.0,6.0,0.033333,0.5,0.2,0.133333,0.133333,0.0,0.0,0.0,0.0,0.0,60,202.282167,12136.93,1.783333
2025-07-20,1,48.0,35.0,10.0,3.0,0.0,125.10875,112.775,3.375,2.0,162.0,1.666667,76.0,0.729167,0.208333,0.0625,0.0,3.0,0.0,0.0,12.0,0.0,0.0,0.0,0.0,0.0,1.0,0.0,32.0,0.666667,0.25,0.0,0.0625,0.020833,0.0,0.0,0.0,0.0,0.0,0.0,0.0,1.0,1.0,0.0,3.0,4.0,21.0,2.0,4.0,7.0,5.0,0.4375,0.145833,0.104167,0.083333,0.083333,0.041667,0.0625,0.020833,0.020833,0.0,37,126.121351,4666.49,1.675676
2025-07-21,1,33.0,28.0,5.0,0.0,0.0,151.11697,134.94,1.69697,1.0,56.0,1.818182,49.0,0.848485,0.151515,0.0,0.0,2.0,0.0,0.0,15.0,0.0,0.0,0.0,0.0,0.0,0.0,0.0,16.0,0.484848,0.454545,0.0,0.060606,0.0,0.0,0.0,0.0,0.0,0.0,0.0,0.0,1.0,1.0,0.0,1.0,3.0,8.0,1.0,6.0,10.0,2.0,0.242424,0.30303,0.060606,0.090909,0.181818,0.030303,0.030303,0.030303,0.030303,0.0,43,142.098605,6110.24,1.837209
2025-07-22,1,13.0,13.0,0.0,0.0,0.0,116.977692,115.38,1.769231,1.0,23.0,1.692308,24.0,1.0,0.0,0.0,0.0,1.0,0.0,0.0,2.0,0.0,0.0,0.0,0.0,0.0,0.0,1.0,9.0,0.692308,0.153846,0.076923,0.076923,0.0,0.0,0.0,0.0,0.0,0.0,0.0,0.0,0.0,0.0,0.0,1.0,1.0,7.0,1.0,0.0,2.0,1.0,0.538462,0.153846,0.076923,0.076923,0.0,0.076923,0.076923,0.0,0.0,0.0,28,130.455714,3652.76,1.714286
2025-07-23,1,19.0,16.0,3.0,0.0,0.0,141.637895,136.8,1.315789,1.0,25.0,1.684211,32.0,0.842105,0.157895,0.0,0.0,2.0,0.0,1.0,6.0,0.0,0.0,0.0,1.0,0.0,0.0,0.0,9.0,0.473684,0.315789,0.0,0.105263,0.0,0.0,0.052632,0.0,0.052632,0.0,0.0,0.0,0.0,0.0,1.0,2.0,2.0,7.0,1.0,0.0,4.0,2.0,0.368421,0.210526,0.105263,0.105263,0.0,0.052632,0.105263,0.0,0.0,0.052632,32,142.651562,4564.85,1.625
2025-07-24,1,28.0,26.0,2.0,0.0,0.0,145.355,131.94,1.607143,1.0,45.0,1.785714,54.0,0.928571,0.071429,0.0,0.0,0.0,0.0,0.0,9.0,0.0,0.0,0.0,1.0,0.0,1.0,0.0,17.0,0.607143,0.321429,0.0,0.0,0.035714,0.0,0.0,0.0,0.035714,0.0,0.0,0.0,1.0,1.0,0.0,0.0,4.0,5.0,2.0,4.0,8.0,3.0,0.178571,0.285714,0.107143,0.142857,0.142857,0.071429,0.0,0.035714,0.035714,0.0,42,136.640952,5738.92,1.666667
2025-07-25,1,69.0,43.0,22.0,0.0,4.0,198.21058,212.5,1.608696,2.0,111.0,1.710145,124.0,0.623188,0.318841,0.0,0.057971,7.0,0.0,0.0,29.0,0.0,0.0,0.0,0.0,0.0,2.0,11.0,20.0,0.289855,0.42029,0.15942,0.101449,0.028986,0.0,0.0,0.0,0.0,0.0,0.0,0.0,0.0,1.0,1.0,3.0,8.0,14.0,8.0,5.0,15.0,14.0,0.202899,0.217391,0.202899,0.115942,0.072464,0.115942,0.043478,0.0,0.014493,0.014493,58,178.070345,10328.08,1.862069
2025-07-26,1,34.0,32.0,2.0,0.0,0.0,204.667059,212.5,1.117647,1.0,38.0,1.794118,68.0,0.941176,0.058824,0.0,0.0,0.0,0.0,0.0,16.0,0.0,0.0,0.0,0.0,0.0,0.0,8.0,10.0,0.294118,0.470588,0.235294,0.0,0.0,0.0,0.0,0.0,0.0,0.0,0.0,0.0,0.0,1.0,1.0,2.0,3.0,7.0,4.0,3.0,6.0,7.0,0.205882,0.176471,0.205882,0.088235,0.088235,0.117647,0.058824,0.0,0.029412,0.029412,60,194.731667,11683.9,1.833333
2025-07-27,1,29.0,23.0,5.0,1.0,0.0,115.37,106.22,2.137931,1.0,62.0,1.724138,50.0,0.793103,0.172414,0.034483,0.0,1.0,0.0,0.0,14.0,0.0,0.0,0.0,0.0,0.0,0.0,0.0,14.0,0.482759,0.482759,0.0,0.034483,0.0,0.0,0.0,0.0,0.0,0.0,0.0,0.0,0.0,0.0,0.0,3.0,1.0,10.0,0.0,3.0,8.0,4.0,0.344828,0.275862,0.137931,0.034483,0.103448,0.0,0.103448,0.0,0.0,0.0,29,128.223793,3718.49,1.793103
2025-07-28,1,22.0,18.0,4.0,0.0,0.0,154.445,160.645,1.772727,1.0,39.0,1.590909,43.0,0.818182,0.181818,0.0,0.0,2.0,0.0,0.0,14.0,0.0,0.0,0.0,0.0,0.0,0.0,0.0,6.0,0.272727,0.636364,0.0,0.090909,0.0,0.0,0.0,0.0,0.0,0.0,0.0,0.0,0.0,1.0,0.0,0.0,4.0,5.0,1.0,3.0,5.0,3.0,0.227273,0.227273,0.136364,0.181818,0.136364,0.045455,0.0,0.0,0.045455,0.0,27,154.64963,4175.54,1.592593
2025-07-29,1,14.0,12.0,2.0,0.0,0.0,122.702857,119.68,1.928571,1.0,27.0,1.428571,28.0,0.857143,0.142857,0.0,0.0,1.0,0.0,0.0,6.0,0.0,0.0,0.0,0.0,0.0,0.0,0.0,7.0,0.5,0.428571,0.0,0.071429,0.0,0.0,0.0,0.0,0.0,0.0,0.0,0.0,0.0,0.0,0.0,0.0,2.0,6.0,2.0,1.0,2.0,1.0,0.428571,0.142857,0.071429,0.142857,0.071429,0.142857,0.0,0.0,0.0,0.0,28,135.407857,3791.42,1.535714
2025-07-30,1,17.0,12.0,4.0,1.0,0.0,118.271765,119.44,1.529412,1.0,26.0,1.235294,23.0,0.705882,0.235294,0.058824,0.0,3.0,0.0,0.0,5.0,0.0,0.0,0.0,0.0,0.0,0.0,0.0,9.0,0.529412,0.294118,0.0,0.176471,0.0,0.0,0.0,0.0,0.0,0.0,0.0,0.0,0.0,1.0,0.0,1.0,1.0,8.0,0.0,1.0,2.0,3.0,0.470588,0.117647,0.176471,0.058824,0.058824,0.0,0.058824,0.0,0.058824,0.0,26,133.89,3481.14,1.307692
2025-07-31,1,30.0,27.0,3.0,0.0,0.0,194.845667,225.25,1.833333,2.0,55.0,1.733333,106.0,0.9,0.1,0.0,0.0,0.0,0.0,0.0,7.0,0.0,0.0,0.0,0.0,0.0,0.0,15.0,8.0,0.266667,0.233333,0.5,0.0,0.0,0.0,0.0,0.0,0.0,0.0,0.0,0.0,1.0,0.0,0.0,1.0,3.0,7.0,1.0,4.0,7.0,6.0,0.233333,0.233333,0.2,0.1,0.133333,0.033333,0.033333,0.033333,0.0,0.0,39,180.582308,7042.71,1.641026
2025-08-01,1,41.0,34.0,6.0,1.0,0.0,196.341463,212.5,1.439024,1.0,59.0,2.04878,81.0,0.829268,0.146341,0.02439,0.0,2.0,0.0,0.0,8.0,0.0,0.0,0.0,0.0,0.0,1.0,18.0,12.0,0.292683,0.195122,0.439024,0.04878,0.02439,0.0,0.0,0.0,0.0,0.0,0.0,0.0,0.0,1.0,1.0,1.0,4.0,11.0,2.0,5.0,10.0,6.0,0.268293,0.243902,0.146341,0.097561,0.121951,0.04878,0.02439,0.0,0.02439,0.02439,59,196.288983,11581.05,1.898305
2025-08-02,1,49.0,41.0,8.0,0.0,0.0,175.777551,173.45,1.102041,1.0,54.0,1.857143,98.0,0.836735,0.163265,0.0,0.0,2.0,0.0,0.0,20.0,0.0,0.0,0.0,0.0,0.0,0.0,1.0,26.0,0.530612,0.408163,0.020408,0.040816,0.0,0.0,0.0,0.0,0.0,0.0,0.0,0.0,1.0,1.0,2.0,1.0,4.0,14.0,1.0,6.0,10.0,9.0,0.285714,0.204082,0.183673,0.081633,0.122449,0.020408,0.020408,0.020408,0.020408,0.040816,60,176.513167,10590.79,1.85
2025-08-03,1,20.0,17.0,3.0,0.0,0.0,105.9385,97.06,1.3,1.0,26.0,1.65,30.0,0.85,0.15,0.0,0.0,0.0,0.0,0.0,7.0,0.0,0.0,0.0,1.0,0.0,0.0,0.0,12.0,0.6,0.35,0.0,0.0,0.0,0.0,0.0,0.0,0.05,0.0,0.0,0.0,0.0,0.0,0.0,1.0,2.0,5.0,2.0,0.0,7.0,3.0,0.25,0.35,0.15,0.1,0.0,0.1,0.05,0.0,0.0,0.0,19,101.736316,1932.99,1.578947
2025-08-04,1,20.0,18.0,2.0,0.0,0.0,114.3365,102.975,2.1,2.0,42.0,1.95,37.0,0.9,0.1,0.0,0.0,0.0,0.0,0.0,7.0,0.0,0.0,0.0,0.0,0.0,0.0,0.0,13.0,0.65,0.35,0.0,0.0,0.0,0.0,0.0,0.0,0.0,0.0,0.0,0.0,0.0,0.0,0.0,2.0,0.0,6.0,0.0,2.0,8.0,2.0,0.3,0.4,0.1,0.0,0.1,0.0,0.1,0.0,0.0,0.0,21,112.542857,2363.4,1.857143
2025-08-05,1,10.0,7.0,3.0,0.0,0.0,167.819,168.68,2.0,1.5,20.0,1.7,17.0,0.7,0.3,0.0,0.0,0.0,0.0,0.0,5.0,0.0,0.0,0.0,0.0,0.0,0.0,0.0,5.0,0.5,0.5,0.0,0.0,0.0,0.0,0.0,0.0,0.0,0.0,0.0,0.0,0.0,0.0,0.0,1.0,1.0,2.0,1.0,2.0,2.0,1.0,0.2,0.2,0.1,0.1,0.2,0.1,0.1,0.0,0.0,0.0,18,129.768889,2335.84,1.833333
2025-08-06,1,14.0,10.0,3.0,1.0,0.0,146.61,138.375,1.5,1.0,21.0,1.571429,17.0,0.714286,0.214286,0.071429,0.0,2.0,0.0,0.0,3.0,0.0,0.0,0.0,0.0,0.0,1.0,0.0,8.0,0.571429,0.214286,0.0,0.142857,0.071429,0.0,0.0,0.0,0.0,0.0,0.0,0.0,0.0,0.0,0.0,2.0,2.0,6.0,0.0,1.0,2.0,1.0,0.428571,0.142857,0.071429,0.142857,0.071429,0.0,0.142857,0.0,0.0,0.0,18,130.568889,2350.24,1.611111
2025-08-07,1,11.0,10.0,0.0,1.0,0.0,132.668182,140.79,1.454545,1.0,16.0,1.454545,23.0,0.909091,0.0,0.090909,0.0,2.0,0.0,0.0,5.0,0.0,0.0,0.0,0.0,0.0,0.0,0.0,4.0,0.363636,0.454545,0.0,0.181818,0.0,0.0,0.0,0.0,0.0,0.0,0.0,0.0,0.0,0.0,0.0,0.0,2.0,2.0,0.0,3.0,1.0,3.0,0.181818,0.090909,0.272727,0.181818,0.272727,0.0,0.0,0.0,0.0,0.0,19,134.696842,2559.24,1.473684
2025-08-08,1,60.0,50.0,10.0,0.0,0.0,154.0765,137.495,1.633333,1.0,98.0,1.9,107.0,0.833333,0.166667,0.0,0.0,4.0,0.0,0.0,18.0,0.0,0.0,0.0,0.0,0.0,0.0,5.0,33.0,0.55,0.3,0.083333,0.066667,0.0,0.0,0.0,0.0,0.0,0.0,0.0,0.0,1.0,0.0,1.0,3.0,5.0,16.0,4.0,5.0,15.0,10.0,0.266667,0.25,0.166667,0.083333,0.083333,0.066667,0.05,0.016667,0.0,0.016667,54,145.227963,7842.31,1.833333
2025-08-09,1,43.0,37.0,6.0,0.0,0.0,177.735814,181.92,1.837209,2.0,79.0,1.767442,73.0,0.860465,0.139535,0.0,0.0,0.0,0.0,0.0,14.0,0.0,0.0,0.0,0.0,0.0,0.0,12.0,17.0,0.395349,0.325581,0.27907,0.0,0.0,0.0,0.0,0.0,0.0,0.0,0.0,0.0,1.0,1.0,0.0,1.0,5.0,9.0,1.0,6.0,13.0,6.0,0.209302,0.302326,0.139535,0.116279,0.139535,0.023256,0.023256,0.023256,0.023256,0.0,60,162.158333,9729.5,1.816667
2025-08-10,1,19.0,16.0,2.0,1.0,0.0,157.436842,152.1,2.052632,1.0,39.0,1.684211,32.0,0.842105,0.105263,0.052632,0.0,0.0,0.0,0.0,12.0,0.0,0.0,0.0,0.0,0.0,0.0,1.0,6.0,0.315789,0.631579,0.052632,0.0,0.0,0.0,0.0,0.0,0.0,0.0,0.0,0.0,0.0,0.0,0.0,1.0,2.0,6.0,1.0,3.0,4.0,2.0,0.315789,0.210526,0.105263,0.105263,0.157895,0.052632,0.052632,0.0,0.0,0.0,42,174.51119,7329.47,1.785714
2025-08-11,1,14.0,14.0,0.0,0.0,0.0,133.980714,109.105,1.785714,2.0,25.0,1.5,27.0,1.0,0.0,0.0,0.0,0.0,0.0,1.0,5.0,0.0,0.0,0.0,0.0,0.0,0.0,0.0,8.0,0.571429,0.357143,0.0,0.0,0.0,0.0,0.071429,0.0,0.0,0.0,0.0,0.0,0.0,0.0,0.0,0.0,0.0,9.0,1.0,0.0,3.0,1.0,0.642857,0.214286,0.071429,0.0,0.0,0.071429,0.0,0.0,0.0,0.0,22,135.518182,2981.4,1.590909
2025-08-12,1,24.0,23.0,1.0,0.0,0.0,123.576667,111.07,1.708333,1.0,41.0,1.583333,40.0,0.958333,0.041667,0.0,0.0,0.0,0.0,0.0,8.0,0.0,0.0,0.0,0.0,0.0,0.0,0.0,16.0,0.666667,0.333333,0.0,0.0,0.0,0.0,0.0,0.0,0.0,0.0,0.0,0.0,0.0,0.0,0.0,0.0,3.0,7.0,2.0,4.0,2.0,6.0,0.291667,0.083333,0.25,0.125,0.166667,0.083333,0.0,0.0,0.0,0.0,36,128.311944,4619.23,1.555556
2025-08-13,1,28.0,25.0,3.0,0.0,0.0,142.478571,119.495,1.928571,1.5,54.0,1.75,49.0,0.892857,0.107143,0.0,0.0,3.0,0.0,0.0,12.0,0.0,0.0,0.0,0.0,0.0,1.0,0.0,12.0,0.428571,0.428571,0.0,0.107143,0.035714,0.0,0.0,0.0,0.0,0.0,0.0,0.0,0.0,1.0,0.0,3.0,3.0,5.0,1.0,2.0,6.0,7.0,0.178571,0.214286,0.25,0.107143,0.071429,0.035714,0.107143,0.0,0.035714,0.0,39,131.674872,5135.32,1.717949
2025-08-14,1,31.0,25.0,6.0,0.0,0.0,162.471935,146.79,1.709677,2.0,53.0,1.709677,52.0,0.806452,0.193548,0.0,0.0,2.0,0.0,0.0,12.0,0.0,0.0,0.0,0.0,0.0,0.0,1.0,16.0,0.516129,0.387097,0.032258,0.064516,0.0,0.0,0.0,0.0,0.0,0.0,0.0,0.0,0.0,0.0,1.0,1.0,3.0,11.0,1.0,3.0,6.0,5.0,0.354839,0.193548,0.16129,0.096774,0.096774,0.032258,0.032258,0.0,0.0,0.032258,46,151.066304,6949.05,1.695652
2025-08-15,1,57.0,41.0,15.0,0.0,1.0,202.573333,212.5,1.807018,2.0,103.0,1.859649,97.0,0.719298,0.263158,0.0,0.017544,2.0,0.0,0.0,21.0,0.0,0.0,0.0,0.0,0.0,1.0,19.0,14.0,0.245614,0.368421,0.333333,0.035088,0.017544,0.0,0.0,0.0,0.0,0.0,0.0,0.0,2.0,3.0,1.0,3.0,6.0,11.0,3.0,4.0,15.0,9.0,0.192982,0.263158,0.157895,0.105263,0.070175,0.052632,0.052632,0.035088,0.052632,0.017544,60,193.457833,11607.47,1.966667
2025-08-16,1,36.0,25.0,10.0,1.0,0.0,177.524722,188.995,1.055556,1.0,38.0,1.888889,68.0,0.694444,0.277778,0.027778,0.0,1.0,0.0,0.0,10.0,0.0,0.0,0.0,0.0,0.0,1.0,4.0,20.0,0.555556,0.277778,0.111111,0.027778,0.027778,0.0,0.0,0.0,0.0,0.0,0.0,0.0,1.0,0.0,1.0,3.0,5.0,6.0,1.0,2.0,8.0,9.0,0.166667,0.222222,0.25,0.138889,0.055556,0.027778,0.083333,0.027778,0.0,0.027778,60,188.948333,11336.9,1.9
2025-08-17,1,26.0,25.0,1.0,0.0,0.0,92.965,86.705,1.346154,1.0,35.0,1.730769,48.0,0.961538,0.038462,0.0,0.0,0.0,0.0,1.0,9.0,0.0,0.0,0.0,0.0,0.0,0.0,0.0,16.0,0.615385,0.346154,0.0,0.0,0.0,0.0,0.038462,0.0,0.0,0.0,0.0,0.0,0.0,0.0,0.0,2.0,1.0,9.0,3.0,2.0,5.0,4.0,0.346154,0.192308,0.153846,0.038462,0.076923,0.115385,0.076923,0.0,0.0,0.0,26,91.401154,2376.43,1.730769
2025-08-18,1,34.0,32.0,2.0,0.0,0.0,107.159706,101.73,1.470588,1.0,50.0,1.823529,55.0,0.941176,0.058824,0.0,0.0,1.0,0.0,5.0,9.0,0.0,0.0,0.0,0.0,0.0,2.0,0.0,17.0,0.5,0.264706,0.0,0.029412,0.058824,0.0,0.147059,0.0,0.0,0.0,0.0,0.0,0.0,1.0,0.0,3.0,5.0,11.0,0.0,2.0,9.0,3.0,0.323529,0.264706,0.088235,0.147059,0.058824,0.0,0.088235,0.0,0.029412,0.0,36,101.8475,3666.51,1.777778
2025-08-19,1,18.0,15.0,3.0,0.0,0.0,136.25,111.865,1.611111,2.0,29.0,1.666667,35.0,0.833333,0.166667,0.0,0.0,2.0,0.0,0.0,10.0,0.0,0.0,0.0,0.0,0.0,0.0,0.0,6.0,0.333333,0.555556,0.0,0.111111,0.0,0.0,0.0,0.0,0.0,0.0,0.0,0.0,0.0,0.0,0.0,1.0,3.0,2.0,3.0,3.0,0.0,6.0,0.111111,0.0,0.333333,0.166667,0.166667,0.166667,0.055556,0.0,0.0,0.0,25,117.2948,2932.37,1.64
2025-08-20,1,23.0,21.0,2.0,0.0,0.0,135.039565,119.92,1.478261,1.0,34.0,1.652174,44.0,0.913043,0.086957,0.0,0.0,2.0,0.0,5.0,7.0,0.0,0.0,0.0,1.0,0.0,0.0,0.0,8.0,0.347826,0.304348,0.0,0.086957,0.0,0.0,0.217391,0.0,0.043478,0.0,0.0,0.0,0.0,0.0,0.0,1.0,0.0,9.0,0.0,3.0,2.0,8.0,0.391304,0.086957,0.347826,0.0,0.130435,0.0,0.043478,0.0,0.0,0.0,32,136.01875,4352.6,1.65625
2025-08-21,1,31.0,28.0,3.0,0.0,0.0,193.319677,225.25,1.645161,2.0,51.0,1.645161,62.0,0.903226,0.096774,0.0,0.0,0.0,0.0,3.0,2.0,0.0,0.0,0.0,0.0,0.0,0.0,21.0,5.0,0.16129,0.064516,0.677419,0.0,0.0,0.0,0.096774,0.0,0.0,0.0,0.0,0.0,1.0,0.0,1.0,2.0,3.0,8.0,2.0,3.0,5.0,6.0,0.258065,0.16129,0.193548,0.096774,0.096774,0.064516,0.064516,0.032258,0.0,0.032258,42,175.12,7355.04,1.571429
2025-08-22,1,48.0,40.0,6.0,0.0,2.0,209.831458,225.25,1.9375,2.0,93.0,1.895833,85.0,0.833333,0.125,0.0,0.041667,3.0,0.0,0.0,5.0,0.0,0.0,0.0,0.0,0.0,3.0,28.0,9.0,0.1875,0.104167,0.583333,0.0625,0.0625,0.0,0.0,0.0,0.0,0.0,0.0,0.0,1.0,0.0,0.0,1.0,5.0,11.0,4.0,4.0,11.0,11.0,0.229167,0.229167,0.229167,0.104167,0.083333,0.083333,0.020833,0.020833,0.0,0.0,60,216.092833,12965.57,1.816667
2025-08-23,1,30.0,26.0,4.0,0.0,0.0,173.574333,171.715,1.482759,1.0,43.0,1.966667,56.0,0.866667,0.133333,0.0,0.0,3.0,0.0,1.0,3.0,0.0,0.0,0.0,0.0,0.0,0.0,11.0,12.0,0.4,0.1,0.366667,0.1,0.0,0.0,0.033333,0.0,0.0,0.0,0.0,0.0,0.0,0.0,2.0,1.0,2.0,5.0,2.0,3.0,9.0,6.0,0.166667,0.3,0.2,0.066667,0.1,0.066667,0.033333,0.0,0.0,0.066667,59,199.095932,11746.66,2.0
2025-08-24,1,42.0,40.0,2.0,0.0,0.0,108.522857,102.625,1.714286,1.0,72.0,1.904762,87.0,0.952381,0.047619,0.0,0.0,1.0,0.0,1.0,14.0,0.0,0.0,0.0,0.0,0.0,0.0,1.0,25.0,0.595238,0.333333,0.02381,0.02381,0.0,0.0,0.02381,0.0,0.0,0.0,0.0,0.0,1.0,0.0,0.0,3.0,2.0,13.0,2.0,3.0,10.0,8.0,0.309524,0.238095,0.190476,0.047619,0.071429,0.047619,0.071429,0.02381,0.0,0.0,48,116.200208,5577.61,1.958333
2025-08-25,1,53.0,41.0,12.0,0.0,0.0,123.646604,117.51,1.566038,1.0,83.0,1.924528,93.0,0.773585,0.226415,0.0,0.0,0.0,0.0,1.0,27.0,0.0,0.0,0.0,0.0,0.0,0.0,0.0,25.0,0.471698,0.509434,0.0,0.0,0.0,0.0,0.018868,0.0,0.0,0.0,0.0,0.0,0.0,0.0,0.0,2.0,6.0,12.0,3.0,7.0,18.0,5.0,0.226415,0.339623,0.09434,0.113208,0.132075,0.056604,0.037736,0.0,0.0,0.0,55,112.341091,6178.76,1.963636
2025-08-26,1,50.0,43.0,7.0,0.0,0.0,134.506,119.09,1.86,2.0,93.0,2.1,94.0,0.86,0.14,0.0,0.0,1.0,0.0,2.0,17.0,0.0,0.0,0.0,1.0,0.0,0.0,0.0,29.0,0.58,0.34,0.0,0.02,0.0,0.0,0.04,0.0,0.02,0.0,0.0,0.0,1.0,0.0,1.0,1.0,6.0,14.0,3.0,3.0,15.0,6.0,0.28,0.3,0.12,0.12,0.06,0.06,0.02,0.02,0.0,0.02,59,130.467119,7697.56,2.101695
2025-08-27,1,37.0,30.0,6.0,0.0,1.0,160.651622,145.0,1.513514,1.0,56.0,2.135135,68.0,0.810811,0.162162,0.0,0.027027,4.0,0.0,1.0,11.0,0.0,0.0,0.0,0.0,0.0,1.0,0.0,20.0,0.540541,0.297297,0.0,0.108108,0.027027,0.0,0.027027,0.0,0.0,0.0,0.0,0.0,1.0,1.0,1.0,2.0,2.0,7.0,3.0,3.0,8.0,9.0,0.189189,0.216216,0.243243,0.054054,0.081081,0.081081,0.054054,0.027027,0.027027,0.027027,60,146.0165,8760.99,2.2
2025-08-28,1,49.0,38.0,10.0,0.0,1.0,174.157755,163.73,1.510204,1.0,74.0,2.22449,99.0,0.77551,0.204082,0.0,0.020408,1.0,0.0,0.0,15.0,0.0,0.0,0.0,0.0,0.0,0.0,1.0,32.0,0.653061,0.306122,0.020408,0.020408,0.0,0.0,0.0,0.0,0.0,0.0,0.0,0.0,0.0,0.0,1.0,3.0,4.0,7.0,3.0,5.0,19.0,7.0,0.142857,0.387755,0.142857,0.081633,0.102041,0.061224,0.061224,0.0,0.0,0.020408,60,167.097833,10025.87,2.2
2025-08-29,1,42.0,34.0,8.0,0.0,0.0,201.299286,211.55,1.404762,1.0,59.0,1.761905,66.0,0.809524,0.190476,0.0,0.0,4.0,0.0,1.0,10.0,0.0,0.0,0.0,0.0,0.0,0.0,13.0,14.0,0.333333,0.238095,0.309524,0.095238,0.0,0.0,0.02381,0.0,0.0,0.0,0.0,0.0,1.0,1.0,0.0,2.0,4.0,14.0,2.0,5.0,11.0,2.0,0.333333,0.261905,0.047619,0.095238,0.119048,0.047619,0.047619,0.02381,0.02381,0.0,57,193.791754,11046.13,2.0
2025-08-30,1,53.0,40.0,8.0,0.0,5.0,222.61434,238.0,1.415094,1.0,75.0,1.716981,131.0,0.754717,0.150943,0.0,0.09434,10.0,0.0,1.0,1.0,0.0,0.0,0.0,0.0,0.0,0.0,37.0,4.0,0.075472,0.018868,0.698113,0.188679,0.0,0.0,0.018868,0.0,0.0,0.0,0.0,0.0,0.0,0.0,1.0,2.0,5.0,11.0,3.0,5.0,12.0,14.0,0.207547,0.226415,0.264151,0.09434,0.09434,0.056604,0.037736,0.0,0.0,0.018868,59,222.714068,13140.13,1.830508
2025-08-31,1,51.0,40.0,10.0,1.0,0.0,167.363725,164.7,1.333333,1.0,68.0,1.882353,186.0,0.784314,0.196078,0.019608,0.0,0.0,0.0,1.0,16.0,0.0,0.0,0.0,0.0,0.0,1.0,11.0,22.0,0.431373,0.313725,0.215686,0.0,0.019608,0.0,0.019608,0.0,0.0,0.0,0.0,0.0,1.0,0.0,0.0,2.0,6.0,13.0,2.0,3.0,12.0,12.0,0.254902,0.235294,0.235294,0.117647,0.058824,0.039216,0.039216,0.019608,0.0,0.0,59,179.551186,10593.52,1.949153
2025-09-01,1,21.0,17.0,4.0,0.0,0.0,136.959524,138.01,1.333333,1.0,28.0,1.952381,40.0,0.809524,0.190476,0.0,0.0,0.0,0.0,0.0,7.0,0.0,0.0,0.0,0.0,0.0,0.0,0.0,14.0,0.666667,0.333333,0.0,0.0,0.0,0.0,0.0,0.0,0.0,0.0,0.0,0.0,0.0,0.0,0.0,0.0,0.0,6.0,2.0,2.0,6.0,5.0,0.285714,0.285714,0.238095,0.0,0.095238,0.095238,0.0,0.0,0.0,0.0,25,139.9316,3498.29,1.96
2025-09-02,1,18.0,18.0,0.0,0.0,0.0,115.857222,100.425,1.277778,1.0,23.0,1.5,28.0,1.0,0.0,0.0,0.0,0.0,0.0,0.0,8.0,0.0,0.0,0.0,0.0,0.0,0.0,0.0,10.0,0.555556,0.444444,0.0,0.0,0.0,0.0,0.0,0.0,0.0,0.0,0.0,0.0,0.0,0.0,0.0,0.0,1.0,11.0,4.0,1.0,0.0,1.0,0.611111,0.0,0.055556,0.055556,0.055556,0.222222,0.0,0.0,0.0,0.0,24,115.17625,2764.23,1.541667
2025-09-03,1,14.0,13.0,1.0,0.0,0.0,118.112143,105.44,1.285714,1.0,18.0,1.714286,18.0,0.928571,0.071429,0.0,0.0,1.0,0.0,0.0,7.0,0.0,0.0,0.0,0.0,0.0,0.0,0.0,6.0,0.428571,0.5,0.0,0.071429,0.0,0.0,0.0,0.0,0.0,0.0,0.0,0.0,0.0,0.0,0.0,1.0,2.0,2.0,1.0,4.0,2.0,2.0,0.142857,0.142857,0.142857,0.142857,0.285714,0.071429,0.071429,0.0,0.0,0.0,22,110.645909,2434.21,1.681818
2025-09-04,1,35.0,26.0,8.0,0.0,1.0,185.215714,212.5,1.714286,2.0,60.0,1.6,58.0,0.742857,0.228571,0.0,0.028571,3.0,0.0,0.0,9.0,0.0,0.0,0.0,0.0,0.0,1.0,15.0,7.0,0.2,0.257143,0.428571,0.085714,0.028571,0.0,0.0,0.0,0.0,0.0,0.0,0.0,0.0,1.0,0.0,1.0,2.0,15.0,2.0,6.0,5.0,3.0,0.428571,0.142857,0.085714,0.057143,0.171429,0.057143,0.028571,0.0,0.028571,0.0,33,178.819091,5901.03,1.636364
2025-09-05,1,48.0,39.0,8.0,0.0,1.0,205.39875,221.0,1.708333,2.0,82.0,1.8125,71.0,0.8125,0.166667,0.0,0.020833,3.0,0.0,0.0,5.0,0.0,0.0,0.0,0.0,0.0,0.0,27.0,13.0,0.270833,0.104167,0.5625,0.0625,0.0,0.0,0.0,0.0,0.0,0.0,0.0,0.0,1.0,0.0,2.0,2.0,4.0,10.0,3.0,4.0,11.0,11.0,0.208333,0.229167,0.229167,0.083333,0.083333,0.0625,0.041667,0.020833,0.0,0.041667,60,206.638167,12398.29,1.783333
2025-09-06,1,36.0,28.0,6.0,0.0,2.0,210.241667,215.75,1.027778,1.0,37.0,1.833333,57.0,0.777778,0.166667,0.0,0.055556,4.0,0.0,1.0,5.0,0.0,0.0,0.0,0.0,0.0,0.0,18.0,8.0,0.222222,0.138889,0.5,0.111111,0.0,0.0,0.027778,0.0,0.0,0.0,0.0,0.0,0.0,1.0,1.0,1.0,3.0,9.0,3.0,2.0,12.0,4.0,0.25,0.333333,0.111111,0.083333,0.055556,0.083333,0.027778,0.0,0.027778,0.027778,60,205.013833,12300.83,1.783333
2025-09-07,1,14.0,12.0,2.0,0.0,0.0,118.072143,104.91,2.0,1.5,28.0,1.428571,19.0,0.857143,0.142857,0.0,0.0,2.0,0.0,1.0,3.0,0.0,0.0,0.0,0.0,0.0,0.0,0.0,8.0,0.571429,0.214286,0.0,0.142857,0.0,0.0,0.071429,0.0,0.0,0.0,0.0,0.0,0.0,0.0,0.0,3.0,1.0,6.0,1.0,1.0,1.0,1.0,0.428571,0.071429,0.071429,0.071429,0.071429,0.071429,0.214286,0.0,0.0,0.0,13,115.74,1504.62,1.384615
2025-09-08,1,17.0,17.0,0.0,0.0,0.0,123.638235,108.44,1.705882,1.0,29.0,1.235294,19.0,1.0,0.0,0.0,0.0,3.0,0.0,1.0,4.0,0.0,1.0,0.0,0.0,0.0,0.0,0.0,8.0,0.470588,0.235294,0.0,0.176471,0.0,0.0,0.058824,0.058824,0.0,0.0,0.0,0.0,0.0,0.0,0.0,1.0,4.0,7.0,0.0,3.0,1.0,1.0,0.411765,0.058824,0.058824,0.235294,0.176471,0.0,0.058824,0.0,0.0,0.0,22,121.228636,2667.03,1.227273
2025-09-09,1,11.0,11.0,0.0,0.0,0.0,123.23,101.77,1.818182,1.0,20.0,1.363636,15.0,1.0,0.0,0.0,0.0,0.0,0.0,0.0,3.0,0.0,0.0,0.0,0.0,0.0,0.0,0.0,8.0,0.727273,0.272727,0.0,0.0,0.0,0.0,0.0,0.0,0.0,0.0,0.0,0.0,0.0,0.0,0.0,0.0,1.0,4.0,3.0,0.0,2.0,1.0,0.363636,0.181818,0.090909,0.090909,0.0,0.272727,0.0,0.0,0.0,0.0,18,111.917778,2014.52,1.277778
2025-09-10,1,18.0,11.0,7.0,0.0,0.0,138.317778,125.025,1.555556,1.0,28.0,1.388889,23.0,0.611111,0.388889,0.0,0.0,3.0,0.0,1.0,4.0,0.0,0.0,0.0,1.0,0.0,0.0,0.0,9.0,0.5,0.222222,0.0,0.166667,0.0,0.0,0.055556,0.0,0.055556,0.0,0.0,0.0,0.0,0.0,0.0,0.0,0.0,11.0,2.0,2.0,2.0,1.0,0.611111,0.111111,0.055556,0.0,0.111111,0.111111,0.0,0.0,0.0,0.0,20,121.2075,2424.15,1.3
2025-09-11,1,23.0,20.0,3.0,0.0,0.0,119.747391,112.65,2.217391,1.0,51.0,1.608696,37.0,0.869565,0.130435,0.0,0.0,4.0,0.0,1.0,5.0,0.0,0.0,0.0,0.0,0.0,0.0,0.0,13.0,0.565217,0.217391,0.0,0.173913,0.0,0.0,0.043478,0.0,0.0,0.0,0.0,0.0,0.0,0.0,0.0,1.0,3.0,5.0,1.0,3.0,5.0,5.0,0.217391,0.217391,0.217391,0.130435,0.130435,0.043478,0.043478,0.0,0.0,0.0,30,111.589333,3347.68,1.533333
2025-09-12,1,56.0,46.0,10.0,0.0,0.0,181.713036,186.27,1.446429,1.0,81.0,1.821429,96.0,0.821429,0.178571,0.0,0.0,1.0,0.0,1.0,19.0,0.0,0.0,0.0,0.0,0.0,0.0,14.0,21.0,0.375,0.339286,0.25,0.017857,0.0,0.0,0.017857,0.0,0.0,0.0,0.0,0.0,1.0,1.0,1.0,4.0,5.0,16.0,2.0,3.0,15.0,8.0,0.285714,0.267857,0.142857,0.089286,0.053571,0.035714,0.071429,0.017857,0.017857,0.017857,60,167.389167,10043.35,1.766667
2025-09-13,1,40.0,32.0,5.0,0.0,3.0,209.68825,215.15,1.05,1.0,42.0,1.775,73.0,0.8,0.125,0.0,0.075,8.0,0.0,0.0,10.0,0.0,0.0,0.0,0.0,0.0,0.0,13.0,9.0,0.225,0.25,0.325,0.2,0.0,0.0,0.0,0.0,0.0,0.0,0.0,0.0,0.0,2.0,1.0,2.0,5.0,11.0,3.0,3.0,6.0,7.0,0.275,0.15,0.175,0.125,0.075,0.075,0.05,0.0,0.05,0.025,60,191.493167,11489.59,1.8
2025-09-14,1,20.0,16.0,4.0,0.0,0.0,103.3905,97.55,2.1,2.0,42.0,1.75,34.0,0.8,0.2,0.0,0.0,1.0,0.0,0.0,3.0,0.0,1.0,0.0,0.0,0.0,0.0,0.0,15.0,0.75,0.15,0.0,0.05,0.0,0.0,0.0,0.05,0.0,0.0,0.0,0.0,0.0,0.0,0.0,2.0,0.0,5.0,2.0,3.0,4.0,4.0,0.25,0.2,0.2,0.0,0.15,0.1,0.1,0.0,0.0,0.0,22,101.975455,2243.46,1.681818
2025-09-15,1,31.0,27.0,4.0,0.0,0.0,116.254667,101.91,2.193548,2.0,68.0,1.483871,40.0,0.870968,0.129032,0.0,0.0,1.0,0.0,1.0,6.0,0.0,10.0,0.0,0.0,0.0,1.0,2.0,10.0,0.322581,0.193548,0.064516,0.032258,0.032258,0.0,0.032258,0.322581,0.0,0.0,0.0,0.0,0.0,1.0,0.0,1.0,2.0,10.0,4.0,4.0,6.0,3.0,0.322581,0.193548,0.096774,0.064516,0.129032,0.129032,0.032258,0.0,0.032258,0.0,37,113.387838,4195.35,1.567568
2025-09-16,1,24.0,21.0,2.0,1.0,0.0,137.61875,113.515,1.25,1.0,30.0,1.291667,34.0,0.875,0.083333,0.041667,0.0,2.0,0.0,0.0,11.0,0.0,0.0,0.0,0.0,0.0,0.0,0.0,11.0,0.458333,0.458333,0.0,0.083333,0.0,0.0,0.0,0.0,0.0,0.0,0.0,0.0,1.0,0.0,1.0,1.0,6.0,7.0,1.0,1.0,3.0,3.0,0.291667,0.125,0.125,0.25,0.041667,0.041667,0.041667,0.041667,0.0,0.041667,42,117.453095,4933.03,1.380952
2025-09-17,1,22.0,20.0,2.0,0.0,0.0,126.505,117.995,1.363636,1.0,30.0,1.454545,29.0,0.909091,0.090909,0.0,0.0,2.0,0.0,0.0,10.0,0.0,0.0,0.0,0.0,0.0,0.0,0.0,10.0,0.454545,0.454545,0.0,0.090909,0.0,0.0,0.0,0.0,0.0,0.0,0.0,0.0,0.0,1.0,0.0,2.0,2.0,6.0,2.0,1.0,5.0,3.0,0.272727,0.227273,0.136364,0.090909,0.045455,0.090909,0.090909,0.0,0.045455,0.0,39,118.53,4622.67,1.358974
2025-09-18,1,18.0,16.0,2.0,0.0,0.0,140.479444,130.425,1.388889,1.0,25.0,1.611111,30.0,0.888889,0.111111,0.0,0.0,0.0,0.0,1.0,11.0,0.0,0.0,0.0,0.0,0.0,0.0,0.0,6.0,0.333333,0.611111,0.0,0.0,0.0,0.0,0.055556,0.0,0.0,0.0,0.0,0.0,0.0,1.0,0.0,1.0,3.0,5.0,0.0,2.0,4.0,2.0,0.277778,0.222222,0.111111,0.166667,0.111111,0.0,0.055556,0.0,0.055556,0.0,36,127.207222,4579.46,1.416667
2025-09-19,1,62.0,51.0,9.0,0.0,2.0,204.338387,218.7,1.467742,1.0,91.0,1.741935,117.0,0.822581,0.145161,0.0,0.032258,2.0,0.0,0.0,18.0,0.0,0.0,0.0,0.0,0.0,1.0,29.0,12.0,0.193548,0.290323,0.467742,0.032258,0.016129,0.0,0.0,0.0,0.0,0.0,0.0,0.0,1.0,0.0,2.0,4.0,7.0,13.0,4.0,6.0,13.0,12.0,0.209677,0.209677,0.193548,0.112903,0.096774,0.064516,0.064516,0.016129,0.0,0.032258,59,198.087966,11687.19,1.728814
2025-09-20,1,42.0,34.0,2.0,0.0,6.0,222.429762,225.25,1.047619,1.0,44.0,1.666667,71.0,0.809524,0.047619,0.0,0.142857,7.0,0.0,0.0,3.0,0.0,0.0,0.0,0.0,0.0,0.0,32.0,0.0,0.0,0.071429,0.761905,0.166667,0.0,0.0,0.0,0.0,0.0,0.0,0.0,0.0,0.0,1.0,1.0,2.0,4.0,14.0,1.0,2.0,9.0,8.0,0.333333,0.214286,0.190476,0.095238,0.047619,0.02381,0.047619,0.0,0.02381,0.02381,60,223.1585,13389.51,1.716667
2025-09-21,1,39.0,38.0,1.0,0.0,0.0,170.928718,185.4,1.564103,1.0,61.0,1.589744,66.0,0.974359,0.025641,0.0,0.0,2.0,0.0,2.0,14.0,0.0,0.0,0.0,0.0,0.0,0.0,13.0,8.0,0.205128,0.358974,0.333333,0.051282,0.0,0.0,0.051282,0.0,0.0,0.0,0.0,0.0,0.0,1.0,0.0,2.0,3.0,14.0,2.0,2.0,14.0,1.0,0.358974,0.358974,0.025641,0.076923,0.051282,0.051282,0.051282,0.0,0.025641,0.0,40,173.243,6929.72,1.6
2025-09-22,1,26.0,22.0,4.0,0.0,0.0,115.027308,106.08,2.192308,2.0,57.0,1.807692,38.0,0.846154,0.153846,0.0,0.0,0.0,0.0,3.0,6.0,0.0,0.0,0.0,0.0,0.0,0.0,0.0,17.0,0.653846,0.230769,0.0,0.0,0.0,0.0,0.115385,0.0,0.0,0.0,0.0,0.0,0.0,1.0,0.0,0.0,5.0,11.0,3.0,4.0,1.0,1.0,0.423077,0.038462,0.038462,0.192308,0.153846,0.115385,0.0,0.0,0.038462,0.0,33,118.83,3921.39,1.727273
2025-09-23,1,26.0,23.0,3.0,0.0,0.0,122.355,109.0,1.615385,1.0,42.0,1.461538,41.0,0.884615,0.115385,0.0,0.0,0.0,0.0,1.0,10.0,0.0,0.0,0.0,0.0,0.0,1.0,0.0,14.0,0.538462,0.384615,0.0,0.0,0.038462,0.0,0.038462,0.0,0.0,0.0,0.0,0.0,0.0,0.0,1.0,3.0,4.0,8.0,2.0,2.0,3.0,3.0,0.307692,0.115385,0.115385,0.153846,0.076923,0.076923,0.115385,0.0,0.0,0.038462,42,120.726667,5070.52,1.547619
2025-09-24,1,14.0,10.0,4.0,0.0,0.0,130.74,106.45,1.5,1.0,21.0,1.571429,19.0,0.714286,0.285714,0.0,0.0,2.0,0.0,0.0,6.0,0.0,1.0,0.0,0.0,0.0,0.0,0.0,5.0,0.357143,0.428571,0.0,0.142857,0.0,0.0,0.0,0.071429,0.0,0.0,0.0,0.0,0.0,0.0,0.0,3.0,3.0,6.0,0.0,0.0,2.0,0.0,0.428571,0.142857,0.0,0.214286,0.0,0.0,0.214286,0.0,0.0,0.0,32,122.4575,3918.64,1.5
2025-09-25,1,33.0,25.0,8.0,0.0,0.0,137.387879,124.88,2.181818,1.0,72.0,1.484848,53.0,0.757576,0.242424,0.0,0.0,5.0,0.0,1.0,11.0,0.0,0.0,0.0,0.0,0.0,1.0,3.0,12.0,0.363636,0.333333,0.090909,0.151515,0.030303,0.0,0.030303,0.0,0.0,0.0,0.0,0.0,0.0,0.0,1.0,1.0,7.0,8.0,2.0,3.0,9.0,2.0,0.242424,0.272727,0.060606,0.212121,0.090909,0.060606,0.030303,0.0,0.0,0.030303,39,138.447179,5399.44,1.615385
2025-09-26,1,57.0,48.0,3.0,2.0,4.0,187.177193,212.4,1.596491,2.0,91.0,1.929825,105.0,0.842105,0.052632,0.035088,0.070175,5.0,0.0,0.0,13.0,0.0,0.0,0.0,1.0,0.0,0.0,22.0,16.0,0.280702,0.22807,0.385965,0.087719,0.0,0.0,0.0,0.0,0.017544,0.0,0.0,0.0,1.0,1.0,0.0,4.0,6.0,15.0,2.0,4.0,14.0,10.0,0.263158,0.245614,0.175439,0.105263,0.070175,0.035088,0.070175,0.017544,0.017544,0.0,58,182.30431,10573.65,1.948276
2025-09-27,1,38.0,25.0,11.0,0.0,2.0,188.614211,208.35,1.210526,1.0,46.0,1.552632,61.0,0.657895,0.289474,0.0,0.052632,6.0,0.0,0.0,6.0,0.0,0.0,0.0,0.0,0.0,0.0,11.0,15.0,0.394737,0.157895,0.289474,0.157895,0.0,0.0,0.0,0.0,0.0,0.0,0.0,0.0,2.0,0.0,0.0,1.0,3.0,12.0,1.0,8.0,6.0,5.0,0.315789,0.157895,0.131579,0.078947,0.210526,0.026316,0.026316,0.052632,0.0,0.0,60,188.818,11329.08,1.783333
2025-09-28,1,40.0,32.0,7.0,1.0,0.0,123.146,116.325,1.675,1.0,67.0,1.975,72.0,0.8,0.175,0.025,0.0,2.0,0.0,0.0,13.0,0.0,0.0,0.0,0.0,0.0,1.0,0.0,24.0,0.6,0.325,0.0,0.05,0.025,0.0,0.0,0.0,0.0,0.0,0.0,0.0,1.0,0.0,0.0,3.0,4.0,17.0,3.0,4.0,6.0,2.0,0.425,0.15,0.05,0.1,0.1,0.075,0.075,0.025,0.0,0.0,36,123.458889,4444.52,1.944444
2025-09-29,1,36.0,28.0,7.0,1.0,0.0,141.420833,166.6,1.666667,2.0,60.0,1.361111,134.0,0.777778,0.194444,0.027778,0.0,2.0,0.0,0.0,11.0,0.0,0.0,0.0,1.0,0.0,0.0,16.0,6.0,0.166667,0.305556,0.444444,0.055556,0.0,0.0,0.0,0.0,0.027778,0.0,0.0,0.0,0.0,0.0,0.0,1.0,2.0,6.0,0.0,4.0,11.0,12.0,0.166667,0.305556,0.333333,0.055556,0.111111,0.0,0.027778,0.0,0.0,0.0,44,129.871591,5714.35,1.522727
2025-09-30,1,16.0,15.0,1.0,0.0,0.0,109.625,100.53,1.125,1.0,18.0,1.4375,52.0,0.9375,0.0625,0.0,0.0,2.0,0.0,0.0,3.0,0.0,0.0,0.0,0.0,0.0,1.0,0.0,10.0,0.625,0.1875,0.0,0.125,0.0625,0.0,0.0,0.0,0.0,0.0,0.0,0.0,0.0,0.0,0.0,0.0,1.0,6.0,2.0,1.0,5.0,1.0,0.375,0.3125,0.0625,0.0625,0.0625,0.125,0.0,0.0,0.0,0.0,35,127.843143,4474.51,1.371429
2025-10-01,1,18.0,17.0,1.0,0.0,0.0,118.734444,95.01,1.277778,1.0,23.0,1.555556,28.0,0.944444,0.055556,0.0,0.0,0.0,0.0,0.0,10.0,0.0,0.0,0.0,1.0,0.0,0.0,0.0,7.0,0.388889,0.555556,0.0,0.0,0.0,0.0,0.0,0.0,0.055556,0.0,0.0,0.0,1.0,1.0,1.0,1.0,0.0,8.0,0.0,5.0,1.0,0.0,0.444444,0.055556,0.0,0.0,0.277778,0.0,0.055556,0.055556,0.055556,0.055556,23,115.266087,2651.12,1.521739
2025-10-02,1,42.0,27.0,15.0,0.0,0.0,183.531429,212.5,1.666667,1.0,70.0,1.595238,64.0,0.642857,0.357143,0.0,0.0,2.0,0.0,0.0,12.0,0.0,0.0,0.0,0.0,0.0,0.0,18.0,10.0,0.238095,0.285714,0.428571,0.047619,0.0,0.0,0.0,0.0,0.0,0.0,0.0,0.0,1.0,1.0,1.0,4.0,4.0,13.0,0.0,8.0,8.0,2.0,0.309524,0.190476,0.047619,0.095238,0.190476,0.0,0.095238,0.02381,0.02381,0.02381,33,164.64303,5433.22,1.606061
2025-10-03,1,71.0,49.0,18.0,0.0,4.0,207.935352,225.25,1.830986,2.0,130.0,1.746479,134.0,0.690141,0.253521,0.0,0.056338,6.0,0.0,2.0,15.0,0.0,0.0,0.0,0.0,0.0,0.0,33.0,15.0,0.211268,0.211268,0.464789,0.084507,0.0,0.0,0.028169,0.0,0.0,0.0,0.0,0.0,2.0,1.0,0.0,1.0,5.0,20.0,4.0,3.0,17.0,18.0,0.28169,0.239437,0.253521,0.070423,0.042254,0.056338,0.014085,0.028169,0.014085,0.0,60,202.781167,12166.87,1.8
2025-10-04,1,30.0,21.0,7.0,0.0,2.0,202.660333,221.875,1.033333,1.0,31.0,1.6,48.0,0.7,0.233333,0.0,0.066667,4.0,0.0,0.0,4.0,0.0,0.0,0.0,0.0,0.0,0.0,14.0,8.0,0.266667,0.133333,0.466667,0.133333,0.0,0.0,0.0,0.0,0.0,0.0,0.0,0.0,0.0,2.0,2.0,1.0,1.0,10.0,1.0,2.0,8.0,3.0,0.333333,0.266667,0.1,0.033333,0.066667,0.033333,0.033333,0.0,0.066667,0.066667,60,200.188167,12011.29,1.85
2025-10-05,1,30.0,27.0,3.0,0.0,0.0,111.384333,98.75,1.5,1.0,45.0,1.8,47.0,0.9,0.1,0.0,0.0,3.0,0.0,0.0,13.0,0.0,0.0,0.0,0.0,0.0,0.0,0.0,14.0,0.466667,0.433333,0.0,0.1,0.0,0.0,0.0,0.0,0.0,0.0,0.0,0.0,1.0,0.0,0.0,2.0,3.0,10.0,1.0,4.0,8.0,1.0,0.333333,0.266667,0.033333,0.1,0.133333,0.033333,0.066667,0.033333,0.0,0.0,29,106.383103,3085.11,1.793103
2025-10-06,1,27.0,25.0,1.0,1.0,0.0,110.524074,96.42,1.666667,1.0,45.0,1.703704,43.0,0.925926,0.037037,0.037037,0.0,0.0,0.0,4.0,9.0,0.0,0.0,0.0,0.0,0.0,0.0,0.0,14.0,0.518519,0.333333,0.0,0.0,0.0,0.0,0.148148,0.0,0.0,0.0,0.0,0.0,1.0,0.0,0.0,0.0,3.0,10.0,2.0,4.0,4.0,3.0,0.37037,0.148148,0.111111,0.111111,0.148148,0.074074,0.0,0.037037,0.0,0.0,34,102.670294,3490.79,1.647059
2025-10-07,1,25.0,23.0,1.0,1.0,0.0,118.9516,97.23,1.32,1.0,33.0,1.68,36.0,0.92,0.04,0.04,0.0,1.0,0.0,0.0,11.0,0.0,0.0,0.0,0.0,0.0,0.0,0.0,13.0,0.52,0.44,0.0,0.04,0.0,0.0,0.0,0.0,0.0,0.0,0.0,0.0,0.0,0.0,1.0,0.0,3.0,9.0,1.0,2.0,5.0,4.0,0.36,0.2,0.16,0.12,0.08,0.04,0.0,0.0,0.0,0.04,34,113.292647,3851.95,1.676471
2025-10-08,1,30.0,28.0,2.0,0.0,0.0,127.531667,104.375,1.533333,1.0,46.0,1.666667,52.0,0.933333,0.066667,0.0,0.0,2.0,0.0,0.0,14.0,0.0,0.0,0.0,0.0,0.0,0.0,2.0,12.0,0.4,0.466667,0.066667,0.066667,0.0,0.0,0.0,0.0,0.0,0.0,0.0,0.0,1.0,0.0,0.0,1.0,5.0,7.0,1.0,3.0,11.0,1.0,0.233333,0.366667,0.033333,0.166667,0.1,0.033333,0.033333,0.033333,0.0,0.0,41,122.675366,5029.69,1.634146
2025-10-09,1,38.0,34.0,4.0,0.0,0.0,140.441316,108.5,1.315789,1.0,50.0,1.710526,60.0,0.894737,0.105263,0.0,0.0,2.0,0.0,1.0,18.0,0.0,0.0,0.0,0.0,0.0,0.0,7.0,10.0,0.263158,0.473684,0.184211,0.052632,0.0,0.0,0.026316,0.0,0.0,0.0,0.0,0.0,2.0,1.0,1.0,3.0,4.0,8.0,2.0,4.0,11.0,2.0,0.210526,0.289474,0.052632,0.105263,0.105263,0.052632,0.078947,0.052632,0.026316,0.026316,49,129.818571,6361.11,1.632653
2025-10-10,1,54.0,49.0,1.0,0.0,4.0,189.810556,209.5,1.5,1.0,81.0,1.777778,99.0,0.907407,0.018519,0.0,0.074074,3.0,0.0,1.0,15.0,0.0,0.0,0.0,0.0,0.0,0.0,27.0,8.0,0.148148,0.277778,0.5,0.055556,0.0,0.0,0.018519,0.0,0.0,0.0,0.0,0.0,0.0,1.0,0.0,2.0,4.0,14.0,3.0,4.0,15.0,11.0,0.259259,0.277778,0.203704,0.074074,0.074074,0.055556,0.037037,0.0,0.018519,0.0,60,188.748167,11324.89,1.816667
2025-10-11,1,37.0,34.0,3.0,0.0,0.0,199.254595,212.5,1.567568,2.0,58.0,1.72973,65.0,0.918919,0.081081,0.0,0.0,0.0,0.0,0.0,5.0,0.0,0.0,0.0,0.0,0.0,0.0,26.0,6.0,0.162162,0.135135,0.702703,0.0,0.0,0.0,0.0,0.0,0.0,0.0,0.0,0.0,1.0,2.0,0.0,1.0,4.0,8.0,2.0,3.0,9.0,7.0,0.216216,0.243243,0.189189,0.108108,0.081081,0.054054,0.027027,0.027027,0.054054,0.0,60,203.367167,12202.03,1.716667
2025-10-12,1,48.0,39.0,9.0,0.0,0.0,170.854583,170.5,1.25,1.0,60.0,1.729167,89.0,0.8125,0.1875,0.0,0.0,0.0,0.0,4.0,18.0,0.0,0.0,0.0,1.0,0.0,0.0,12.0,13.0,0.270833,0.375,0.25,0.0,0.0,0.0,0.083333,0.0,0.020833,0.0,0.0,0.0,0.0,1.0,1.0,3.0,5.0,7.0,3.0,3.0,12.0,13.0,0.145833,0.25,0.270833,0.104167,0.0625,0.0625,0.0625,0.0,0.020833,0.020833,60,183.569,11014.14,1.75
2025-10-13,1,24.0,17.0,7.0,0.0,0.0,109.82,99.375,2.083333,2.0,50.0,1.833333,39.0,0.708333,0.291667,0.0,0.0,1.0,0.0,0.0,6.0,0.0,0.0,0.0,0.0,0.0,0.0,0.0,17.0,0.708333,0.25,0.0,0.041667,0.0,0.0,0.0,0.0,0.0,0.0,0.0,0.0,0.0,0.0,0.0,2.0,2.0,5.0,2.0,3.0,7.0,3.0,0.208333,0.291667,0.125,0.083333,0.125,0.083333,0.083333,0.0,0.0,0.0,22,106.403182,2340.87,1.681818
2025-10-14,1,30.0,25.0,5.0,0.0,0.0,128.875333,115.865,1.6,1.0,48.0,1.666667,48.0,0.833333,0.166667,0.0,0.0,0.0,0.0,0.0,10.0,0.0,0.0,0.0,0.0,0.0,0.0,2.0,18.0,0.6,0.333333,0.066667,0.0,0.0,0.0,0.0,0.0,0.0,0.0,0.0,0.0,0.0,0.0,0.0,4.0,4.0,7.0,4.0,3.0,6.0,2.0,0.233333,0.2,0.066667,0.133333,0.1,0.133333,0.133333,0.0,0.0,0.0,37,115.625946,4278.16,1.594595
2025-10-15,1,46.0,38.0,7.0,1.0,0.0,159.518261,147.705,1.804348,2.0,83.0,1.608696,74.0,0.826087,0.152174,0.021739,0.0,0.0,0.0,0.0,10.0,0.0,0.0,0.0,0.0,0.0,0.0,19.0,17.0,0.369565,0.217391,0.413043,0.0,0.0,0.0,0.0,0.0,0.0,0.0,0.0,0.0,1.0,2.0,1.0,1.0,2.0,12.0,2.0,3.0,17.0,5.0,0.26087,0.369565,0.108696,0.043478,0.065217,0.043478,0.021739,0.021739,0.043478,0.021739,53,156.123019,8274.52,1.603774
2025-10-16,1,23.0,19.0,3.0,0.0,1.0,163.872174,143.0,1.434783,1.0,33.0,1.652174,39.0,0.826087,0.130435,0.0,0.043478,2.0,0.0,1.0,8.0,0.0,0.0,0.0,0.0,0.0,1.0,3.0,8.0,0.347826,0.347826,0.130435,0.086957,0.043478,0.0,0.043478,0.0,0.0,0.0,0.0,0.0,0.0,0.0,0.0,2.0,2.0,2.0,2.0,3.0,6.0,6.0,0.086957,0.26087,0.26087,0.086957,0.130435,0.086957,0.086957,0.0,0.0,0.0,57,166.493684,9490.14,1.631579
2025-10-17,1,67.0,51.0,6.0,1.0,9.0,218.097015,233.75,1.835821,2.0,123.0,1.656716,119.0,0.761194,0.089552,0.014925,0.134328,9.0,0.0,7.0,5.0,0.0,0.0,0.0,0.0,0.0,0.0,46.0,0.0,0.0,0.074627,0.686567,0.134328,0.0,0.0,0.104478,0.0,0.0,0.0,0.0,0.0,1.0,1.0,2.0,3.0,5.0,20.0,4.0,5.0,16.0,10.0,0.298507,0.238806,0.149254,0.074627,0.074627,0.059701,0.044776,0.014925,0.014925,0.029851,55,218.25,12003.75,1.818182
2025-10-18,1,21.0,13.0,2.0,0.0,6.0,217.603333,225.25,1.047619,1.0,22.0,1.619048,32.0,0.619048,0.095238,0.0,0.285714,6.0,0.0,1.0,3.0,0.0,0.0,0.0,0.0,0.0,0.0,8.0,3.0,0.142857,0.142857,0.380952,0.285714,0.0,0.0,0.047619,0.0,0.0,0.0,0.0,0.0,0.0,1.0,0.0,0.0,1.0,6.0,0.0,1.0,8.0,4.0,0.285714,0.380952,0.190476,0.047619,0.047619,0.0,0.0,0.0,0.047619,0.0,60,219.6895,13181.37,1.8
2025-10-19,1,55.0,45.0,10.0,0.0,0.0,152.353636,136.94,1.709091,2.0,94.0,1.927273,102.0,0.818182,0.181818,0.0,0.0,1.0,0.0,1.0,21.0,0.0,0.0,0.0,0.0,0.0,2.0,12.0,18.0,0.327273,0.381818,0.218182,0.018182,0.036364,0.0,0.018182,0.0,0.0,0.0,0.0,0.0,1.0,0.0,1.0,3.0,6.0,15.0,4.0,9.0,8.0,8.0,0.272727,0.145455,0.145455,0.109091,0.163636,0.072727,0.054545,0.018182,0.0,0.018182,46,151.776087,6981.7,2.0
2025-10-20,1,19.0,18.0,1.0,0.0,0.0,115.108421,109.0,1.736842,1.0,33.0,1.368421,27.0,0.947368,0.052632,0.0,0.0,0.0,0.0,0.0,6.0,0.0,0.0,0.0,2.0,0.0,1.0,0.0,10.0,0.526316,0.315789,0.0,0.0,0.052632,0.0,0.0,0.0,0.105263,0.0,0.0,0.0,0.0,0.0,0.0,0.0,6.0,4.0,1.0,4.0,2.0,2.0,0.210526,0.105263,0.105263,0.315789,0.210526,0.052632,0.0,0.0,0.0,0.0,42,152.989524,6425.56,1.809524
2025-10-21,1,35.0,32.0,2.0,1.0,0.0,109.931429,98.61,1.542857,1.0,54.0,1.571429,46.0,0.914286,0.057143,0.028571,0.0,0.0,0.0,0.0,10.0,0.0,0.0,0.0,1.0,0.0,3.0,0.0,21.0,0.6,0.285714,0.0,0.0,0.085714,0.0,0.0,0.0,0.028571,0.0,0.0,0.0,0.0,1.0,0.0,3.0,3.0,9.0,3.0,5.0,5.0,6.0,0.257143,0.142857,0.171429,0.085714,0.142857,0.085714,0.085714,0.0,0.028571,0.0,46,114.859565,5283.54,1.565217
2025-10-22,1,20.0,16.0,4.0,0.0,0.0,101.1795,96.465,1.368421,1.0,26.0,1.55,29.0,0.8,0.2,0.0,0.0,2.0,0.0,0.0,6.0,0.0,0.0,0.0,0.0,0.0,0.0,0.0,12.0,0.6,0.3,0.0,0.1,0.0,0.0,0.0,0.0,0.0,0.0,0.0,0.0,0.0,0.0,0.0,2.0,1.0,6.0,1.0,4.0,2.0,4.0,0.3,0.1,0.2,0.05,0.2,0.05,0.1,0.0,0.0,0.0,28,95.229643,2666.43,1.678571
2025-10-23,1,38.0,32.0,6.0,0.0,0.0,142.642895,121.385,1.394737,1.0,53.0,1.736842,61.0,0.842105,0.157895,0.0,0.0,4.0,0.0,0.0,10.0,0.0,0.0,0.0,0.0,0.0,1.0,5.0,18.0,0.473684,0.263158,0.131579,0.105263,0.026316,0.0,0.0,0.0,0.0,0.0,0.0,0.0,1.0,1.0,1.0,3.0,4.0,11.0,2.0,2.0,8.0,5.0,0.289474,0.210526,0.131579,0.105263,0.052632,0.052632,0.078947,0.026316,0.026316,0.026316,47,122.818936,5772.49,1.659574
2025-10-24,1,65.0,50.0,10.0,3.0,2.0,210.004308,225.25,1.6,2.0,104.0,1.923077,115.0,0.769231,0.153846,0.046154,0.030769,4.0,0.0,0.0,10.0,0.0,0.0,0.0,1.0,0.0,1.0,36.0,13.0,0.2,0.153846,0.553846,0.061538,0.015385,0.0,0.0,0.0,0.015385,0.0,0.0,0.0,1.0,0.0,1.0,3.0,7.0,14.0,5.0,7.0,14.0,13.0,0.215385,0.215385,0.2,0.107692,0.107692,0.076923,0.046154,0.015385,0.0,0.015385,57,204.831053,11675.37,2.017544
2025-10-25,1,32.0,22.0,9.0,0.0,1.0,215.218438,225.25,1.25,1.0,40.0,1.59375,51.0,0.6875,0.28125,0.0,0.03125,4.0,0.0,0.0,7.0,0.0,0.0,0.0,0.0,0.0,0.0,17.0,4.0,0.125,0.21875,0.53125,0.125,0.0,0.0,0.0,0.0,0.0,0.0,0.0,0.0,4.0,2.0,0.0,1.0,3.0,5.0,2.0,1.0,9.0,5.0,0.15625,0.28125,0.15625,0.09375,0.03125,0.0625,0.03125,0.125,0.0625,0.0,60,215.0655,12903.93,1.916667
2025-10-26,1,37.0,22.0,14.0,1.0,0.0,132.016757,114.08,1.378378,1.0,51.0,1.783784,53.0,0.594595,0.378378,0.027027,0.0,2.0,1.0,0.0,11.0,0.0,0.0,0.0,0.0,0.0,0.0,4.0,19.0,0.513514,0.297297,0.108108,0.054054,0.0,0.027027,0.0,0.0,0.0,0.0,0.0,0.0,2.0,0.0,1.0,0.0,1.0,17.0,3.0,8.0,4.0,1.0,0.459459,0.108108,0.027027,0.027027,0.216216,0.081081,0.0,0.054054,0.0,0.027027,29,154.083448,4468.42,1.724138
2025-10-27,1,22.0,20.0,2.0,0.0,0.0,138.691364,109.0,2.090909,1.5,46.0,1.409091,29.0,0.909091,0.090909,0.0,0.0,0.0,6.0,3.0,3.0,0.0,0.0,0.0,0.0,0.0,0.0,0.0,10.0,0.454545,0.136364,0.0,0.0,0.0,0.272727,0.136364,0.0,0.0,0.0,0.0,0.0,0.0,0.0,0.0,2.0,5.0,8.0,1.0,2.0,2.0,2.0,0.363636,0.090909,0.090909,0.227273,0.090909,0.045455,0.090909,0.0,0.0,0.0,27,138.741481,3746.02,1.481481
2025-10-28,1,28.0,26.0,2.0,0.0,0.0,199.309643,225.25,2.321429,2.0,65.0,1.107143,30.0,0.928571,0.071429,0.0,0.0,0.0,23.0,1.0,2.0,0.0,0.0,0.0,0.0,0.0,0.0,0.0,2.0,0.071429,0.071429,0.0,0.0,0.0,0.821429,0.035714,0.0,0.0,0.0,0.0,0.0,0.0,0.0,1.0,0.0,2.0,8.0,2.0,5.0,9.0,1.0,0.285714,0.321429,0.035714,0.071429,0.178571,0.071429,0.0,0.0,0.0,0.035714,40,186.5995,7463.98,1.175
2025-10-29,1,18.0,15.0,3.0,0.0,0.0,122.826111,101.31,1.222222,1.0,22.0,1.5,25.0,0.833333,0.166667,0.0,0.0,1.0,3.0,0.0,5.0,0.0,0.0,0.0,0.0,0.0,0.0,0.0,9.0,0.5,0.277778,0.0,0.055556,0.0,0.166667,0.0,0.0,0.0,0.0,0.0,0.0,1.0,0.0,0.0,2.0,2.0,4.0,3.0,2.0,2.0,2.0,0.222222,0.111111,0.111111,0.111111,0.111111,0.166667,0.111111,0.055556,0.0,0.0,46,180.639348,8309.41,1.23913
2025-10-30,1,28.0,24.0,4.0,0.0,0.0,148.038929,139.97,1.535714,1.0,43.0,1.571429,61.0,0.857143,0.142857,0.0,0.0,2.0,0.0,0.0,9.0,0.0,0.0,0.0,0.0,0.0,1.0,4.0,12.0,0.428571,0.321429,0.142857,0.071429,0.035714,0.0,0.0,0.0,0.0,0.0,0.0,0.0,0.0,0.0,0.0,3.0,5.0,4.0,0.0,2.0,3.0,11.0,0.142857,0.107143,0.392857,0.178571,0.071429,0.0,0.107143,0.0,0.0,0.0,45,166.884667,7509.81,1.422222
2025-10-31,1,70.0,51.0,17.0,0.0,2.0,192.351286,212.5,1.492754,1.0,103.0,1.857143,249.0,0.728571,0.242857,0.0,0.028571,2.0,0.0,0.0,16.0,0.0,0.0,0.0,0.0,0.0,2.0,29.0,21.0,0.3,0.228571,0.414286,0.028571,0.028571,0.0,0.0,0.0,0.0,0.0,0.0,0.0,2.0,1.0,1.0,4.0,7.0,17.0,5.0,7.0,15.0,11.0,0.242857,0.214286,0.157143,0.1,0.1,0.071429,0.057143,0.028571,0.014286,0.014286,59,190.460678,11237.18,1.983051
2025-11-01,1,50.0,36.0,11.0,0.0,3.0,220.1918,225.25,1.28,1.0,64.0,1.64,89.0,0.72,0.22,0.0,0.06,3.0,0.0,0.0,4.0,0.0,0.0,0.0,0.0,0.0,0.0,36.0,7.0,0.14,0.08,0.72,0.06,0.0,0.0,0.0,0.0,0.0,0.0,0.0,0.0,0.0,1.0,0.0,2.0,4.0,10.0,3.0,6.0,12.0,12.0,0.2,0.24,0.24,0.08,0.12,0.06,0.04,0.0,0.02,0.0,60,208.499667,12509.98,1.9
2025-11-02,1,32.0,25.0,7.0,0.0,0.0,135.3575,134.445,2.25,2.0,72.0,1.4375,44.0,0.78125,0.21875,0.0,0.0,3.0,0.0,0.0,7.0,0.0,0.0,0.0,0.0,0.0,5.0,0.0,17.0,0.53125,0.21875,0.0,0.09375,0.15625,0.0,0.0,0.0,0.0,0.0,0.0,0.0,0.0,0.0,0.0,1.0,4.0,13.0,2.0,6.0,3.0,3.0,0.40625,0.09375,0.09375,0.125,0.1875,0.0625,0.03125,0.0,0.0,0.0,38,161.213947,6126.13,1.631579
2025-11-03,1,9.0,9.0,0.0,0.0,0.0,97.866667,90.86,1.888889,1.0,17.0,1.666667,19.0,1.0,0.0,0.0,0.0,0.0,0.0,0.0,3.0,0.0,0.0,0.0,0.0,0.0,0.0,0.0,6.0,0.666667,0.333333,0.0,0.0,0.0,0.0,0.0,0.0,0.0,0.0,0.0,0.0,0.0,0.0,0.0,1.0,0.0,2.0,0.0,1.0,3.0,2.0,0.222222,0.333333,0.222222,0.0,0.111111,0.0,0.111111,0.0,0.0,0.0,21,119.038095,2499.8,1.428571
2025-11-04,1,15.0,15.0,0.0,0.0,0.0,116.258667,101.33,1.466667,1.0,22.0,1.4,18.0,1.0,0.0,0.0,0.0,1.0,0.0,0.0,5.0,0.0,0.0,0.0,0.0,0.0,2.0,0.0,7.0,0.466667,0.333333,0.0,0.066667,0.133333,0.0,0.0,0.0,0.0,0.0,0.0,0.0,0.0,0.0,0.0,1.0,3.0,6.0,2.0,2.0,1.0,0.0,0.4,0.066667,0.0,0.2,0.133333,0.133333,0.066667,0.0,0.0,0.0,27,120.201481,3245.44,1.333333
2025-11-05,1,13.0,10.0,3.0,0.0,0.0,117.529231,102.84,1.416667,1.0,17.0,1.461538,17.0,0.769231,0.230769,0.0,0.0,3.0,0.0,0.0,4.0,0.0,0.0,0.0,0.0,0.0,0.0,0.0,6.0,0.461538,0.307692,0.0,0.230769,0.0,0.0,0.0,0.0,0.0,0.0,0.0,0.0,0.0,0.0,0.0,0.0,2.0,4.0,0.0,2.0,4.0,1.0,0.307692,0.307692,0.076923,0.153846,0.153846,0.0,0.0,0.0,0.0,0.0,20,99.2115,1984.23,1.35
2025-11-06,1,26.0,22.0,4.0,0.0,0.0,127.854231,125.17,1.4,1.0,35.0,1.653846,38.0,0.846154,0.153846,0.0,0.0,3.0,0.0,0.0,5.0,0.0,0.0,0.0,0.0,0.0,0.0,0.0,18.0,0.692308,0.192308,0.0,0.115385,0.0,0.0,0.0,0.0,0.0,0.0,0.0,0.0,0.0,0.0,0.0,2.0,8.0,6.0,3.0,4.0,2.0,1.0,0.230769,0.076923,0.038462,0.307692,0.153846,0.115385,0.076923,0.0,0.0,0.0,28,111.943571,3134.42,1.464286
2025-11-07,1,67.0,54.0,10.0,0.0,3.0,204.089403,218.7,1.656716,2.0,111.0,1.746269,131.0,0.80597,0.149254,0.0,0.044776,8.0,0.0,0.0,22.0,0.0,0.0,0.0,0.0,0.0,0.0,18.0,19.0,0.283582,0.328358,0.268657,0.119403,0.0,0.0,0.0,0.0,0.0,0.0,0.0,0.0,1.0,1.0,1.0,3.0,6.0,22.0,4.0,3.0,14.0,12.0,0.328358,0.208955,0.179104,0.089552,0.044776,0.059701,0.044776,0.014925,0.014925,0.014925,60,195.170667,11710.24,1.85
2025-11-08,1,39.0,23.0,11.0,0.0,5.0,190.035128,189.0,1.179487,1.0,46.0,1.641026,56.0,0.589744,0.282051,0.0,0.128205,7.0,0.0,1.0,6.0,0.0,0.0,0.0,1.0,0.0,0.0,5.0,19.0,0.487179,0.153846,0.128205,0.179487,0.0,0.0,0.025641,0.0,0.025641,0.0,0.0,0.0,0.0,1.0,0.0,3.0,6.0,13.0,5.0,2.0,5.0,4.0,0.333333,0.128205,0.102564,0.153846,0.051282,0.128205,0.076923,0.0,0.025641,0.0,60,197.171333,11830.28,1.833333
2025-11-09,1,20.0,19.0,1.0,0.0,0.0,125.246,98.61,1.25,1.0,25.0,1.65,34.0,0.95,0.05,0.0,0.0,2.0,0.0,0.0,9.0,0.0,0.0,0.0,0.0,0.0,0.0,0.0,9.0,0.45,0.45,0.0,0.1,0.0,0.0,0.0,0.0,0.0,0.0,0.0,0.0,1.0,0.0,0.0,2.0,1.0,8.0,1.0,2.0,5.0,0.0,0.4,0.25,0.0,0.05,0.1,0.05,0.1,0.05,0.0,0.0,32,142.125312,4548.01,1.78125
2025-11-10,1,34.0,31.0,3.0,0.0,0.0,110.919118,99.0,2.0625,2.0,66.0,1.323529,44.0,0.911765,0.088235,0.0,0.0,3.0,0.0,0.0,5.0,0.0,11.0,0.0,0.0,0.0,0.0,0.0,15.0,0.441176,0.147059,0.0,0.088235,0.0,0.0,0.0,0.323529,0.0,0.0,0.0,0.0,1.0,1.0,1.0,2.0,4.0,13.0,4.0,4.0,2.0,2.0,0.382353,0.058824,0.058824,0.117647,0.117647,0.117647,0.058824,0.029412,0.029412,0.029412,33,107.68697,3553.67,1.333333
2025-11-11,1,13.0,12.0,1.0,0.0,0.0,110.883846,99.0,2.0,2.0,24.0,1.384615,15.0,0.923077,0.076923,0.0,0.0,2.0,0.0,0.0,2.0,0.0,1.0,0.0,1.0,0.0,1.0,0.0,6.0,0.461538,0.153846,0.0,0.153846,0.076923,0.0,0.0,0.076923,0.076923,0.0,0.0,0.0,0.0,0.0,0.0,0.0,2.0,4.0,0.0,4.0,2.0,1.0,0.307692,0.153846,0.076923,0.153846,0.307692,0.0,0.0,0.0,0.0,0.0,28,108.533929,3038.95,1.25
2025-11-12,1,12.0,11.0,0.0,1.0,0.0,102.350833,96.42,1.666667,1.0,20.0,1.333333,13.0,0.916667,0.0,0.083333,0.0,1.0,0.0,0.0,7.0,0.0,0.0,0.0,0.0,0.0,0.0,0.0,4.0,0.333333,0.583333,0.0,0.083333,0.0,0.0,0.0,0.0,0.0,0.0,0.0,0.0,0.0,0.0,0.0,1.0,3.0,2.0,2.0,2.0,1.0,1.0,0.166667,0.083333,0.083333,0.25,0.166667,0.166667,0.083333,0.0,0.0,0.0,29,100.763793,2922.15,1.241379
2025-11-13,1,20.0,13.0,7.0,0.0,0.0,154.4885,154.235,3.95,3.0,79.0,1.35,29.0,0.65,0.35,0.0,0.0,3.0,0.0,0.0,8.0,0.0,0.0,0.0,0.0,0.0,0.0,1.0,8.0,0.4,0.4,0.05,0.15,0.0,0.0,0.0,0.0,0.0,0.0,0.0,0.0,0.0,0.0,0.0,2.0,7.0,4.0,1.0,1.0,3.0,2.0,0.2,0.15,0.1,0.35,0.05,0.05,0.1,0.0,0.0,0.0,25,127.5744,3189.36,1.28
2025-11-14,1,49.0,40.0,8.0,1.0,0.0,141.608163,125.12,1.816327,2.0,89.0,1.938776,95.0,0.816327,0.163265,0.020408,0.0,0.0,0.0,0.0,10.0,0.0,0.0,0.0,0.0,0.0,1.0,2.0,36.0,0.734694,0.204082,0.040816,0.0,0.020408,0.0,0.0,0.0,0.0,0.0,0.0,0.0,0.0,1.0,1.0,2.0,3.0,14.0,2.0,1.0,14.0,11.0,0.285714,0.285714,0.22449,0.061224,0.020408,0.040816,0.040816,0.0,0.020408,0.020408,54,143.912037,7771.25,1.796296
2025-11-15,1,30.0,24.0,5.0,1.0,0.0,185.53,186.0,1.033333,1.0,31.0,1.933333,55.0,0.8,0.166667,0.033333,0.0,1.0,0.0,0.0,11.0,0.0,0.0,0.0,0.0,0.0,0.0,7.0,11.0,0.366667,0.366667,0.233333,0.033333,0.0,0.0,0.0,0.0,0.0,0.0,0.0,0.0,2.0,0.0,1.0,0.0,2.0,8.0,1.0,4.0,5.0,7.0,0.266667,0.166667,0.233333,0.066667,0.133333,0.033333,0.0,0.066667,0.0,0.033333,59,163.264237,9632.59,1.915254
2025-11-16,1,8.0,8.0,0.0,0.0,0.0,115.905,110.145,2.0,1.0,16.0,1.625,13.0,1.0,0.0,0.0,0.0,1.0,0.0,0.0,3.0,0.0,0.0,0.0,0.0,0.0,0.0,0.0,4.0,0.5,0.375,0.0,0.125,0.0,0.0,0.0,0.0,0.0,0.0,0.0,0.0,0.0,0.0,0.0,2.0,1.0,2.0,0.0,2.0,0.0,1.0,0.25,0.0,0.125,0.125,0.25,0.0,0.25,0.0,0.0,0.0,19,139.223684,2645.25,1.631579
2025-11-17,1,13.0,7.0,6.0,0.0,0.0,103.083077,91.14,3.0,2.0,39.0,1.307692,15.0,0.538462,0.461538,0.0,0.0,2.0,0.0,0.0,2.0,0.0,0.0,0.0,0.0,0.0,0.0,0.0,9.0,0.692308,0.153846,0.0,0.153846,0.0,0.0,0.0,0.0,0.0,0.0,0.0,0.0,0.0,0.0,0.0,0.0,1.0,4.0,1.0,2.0,5.0,0.0,0.307692,0.384615,0.0,0.076923,0.153846,0.076923,0.0,0.0,0.0,0.0,11,121.669091,1338.36,1.454545
2025-11-18,1,11.0,10.0,1.0,0.0,0.0,124.821818,93.31,1.636364,1.0,18.0,1.363636,13.0,0.909091,0.090909,0.0,0.0,2.0,0.0,0.0,4.0,0.0,0.0,0.0,0.0,0.0,0.0,0.0,5.0,0.454545,0.363636,0.0,0.181818,0.0,0.0,0.0,0.0,0.0,0.0,0.0,0.0,0.0,0.0,0.0,0.0,0.0,4.0,1.0,2.0,2.0,2.0,0.363636,0.181818,0.181818,0.0,0.181818,0.090909,0.0,0.0,0.0,0.0,16,110.09375,1761.5,1.5
2025-11-19,1,21.0,21.0,0.0,0.0,0.0,130.479524,126.75,1.142857,1.0,24.0,1.428571,38.0,1.0,0.0,0.0,0.0,1.0,0.0,0.0,3.0,0.0,0.0,0.0,0.0,0.0,13.0,0.0,4.0,0.190476,0.142857,0.0,0.047619,0.619048,0.0,0.0,0.0,0.0,0.0,0.0,0.0,1.0,0.0,0.0,2.0,1.0,7.0,2.0,4.0,3.0,1.0,0.333333,0.142857,0.047619,0.047619,0.190476,0.095238,0.095238,0.047619,0.0,0.0,27,132.43,3575.61,1.444444
2025-11-20,1,24.0,19.0,3.0,2.0,0.0,131.1475,120.7,1.625,1.0,39.0,1.75,38.0,0.791667,0.125,0.083333,0.0,2.0,0.0,0.0,12.0,0.0,0.0,0.0,1.0,0.0,0.0,0.0,9.0,0.375,0.5,0.0,0.083333,0.0,0.0,0.0,0.0,0.041667,0.0,0.0,0.0,1.0,0.0,0.0,3.0,4.0,7.0,2.0,3.0,2.0,2.0,0.291667,0.083333,0.083333,0.166667,0.125,0.083333,0.125,0.041667,0.0,0.0,26,122.905769,3195.55,1.653846
2025-11-21,1,54.0,48.0,5.0,1.0,0.0,150.24,132.69,1.648148,2.0,89.0,1.796296,91.0,0.888889,0.092593,0.018519,0.0,2.0,0.0,0.0,20.0,0.0,0.0,0.0,0.0,0.0,2.0,9.0,21.0,0.388889,0.37037,0.166667,0.037037,0.037037,0.0,0.0,0.0,0.0,0.0,0.0,0.0,0.0,1.0,1.0,3.0,5.0,13.0,3.0,7.0,10.0,11.0,0.240741,0.185185,0.203704,0.092593,0.12963,0.055556,0.055556,0.0,0.018519,0.018519,58,145.962069,8465.8,1.758621
2025-11-22,1,38.0,32.0,5.0,1.0,0.0,148.611316,142.55,1.078947,1.0,41.0,1.921053,67.0,0.842105,0.131579,0.026316,0.0,3.0,0.0,0.0,12.0,0.0,0.0,0.0,0.0,0.0,0.0,0.0,23.0,0.605263,0.315789,0.0,0.078947,0.0,0.0,0.0,0.0,0.0,0.0,0.0,0.0,1.0,0.0,1.0,1.0,4.0,5.0,4.0,3.0,12.0,7.0,0.131579,0.315789,0.184211,0.105263,0.078947,0.105263,0.026316,0.026316,0.0,0.026316,59,155.561864,9178.15,1.864407
2025-11-23,1,23.0,20.0,3.0,0.0,0.0,108.984783,94.37,1.782609,1.0,41.0,1.652174,35.0,0.869565,0.130435,0.0,0.0,1.0,0.0,1.0,12.0,0.0,0.0,0.0,0.0,0.0,0.0,0.0,9.0,0.391304,0.521739,0.0,0.043478,0.0,0.0,0.043478,0.0,0.0,0.0,0.0,0.0,1.0,0.0,1.0,0.0,5.0,5.0,2.0,3.0,3.0,3.0,0.217391,0.130435,0.130435,0.217391,0.130435,0.086957,0.0,0.043478,0.0,0.043478,27,120.950741,3265.67,1.666667
2025-11-24,1,24.0,18.0,5.0,1.0,0.0,106.165417,102.635,1.583333,1.0,38.0,1.666667,32.0,0.75,0.208333,0.041667,0.0,1.0,0.0,1.0,12.0,0.0,0.0,0.0,0.0,0.0,1.0,0.0,9.0,0.375,0.5,0.0,0.041667,0.041667,0.0,0.041667,0.0,0.0,0.0,0.0,0.0,0.0,0.0,0.0,2.0,1.0,11.0,2.0,4.0,3.0,1.0,0.458333,0.125,0.041667,0.041667,0.166667,0.083333,0.083333,0.0,0.0,0.0,30,108.065667,3241.97,1.7
2025-11-25,1,21.0,20.0,0.0,1.0,0.0,121.591429,94.48,1.809524,1.0,38.0,1.52381,34.0,0.952381,0.0,0.047619,0.0,1.0,0.0,0.0,10.0,0.0,0.0,0.0,0.0,0.0,0.0,0.0,10.0,0.47619,0.47619,0.0,0.047619,0.0,0.0,0.0,0.0,0.0,0.0,0.0,0.0,0.0,0.0,0.0,1.0,3.0,8.0,1.0,3.0,3.0,2.0,0.380952,0.142857,0.095238,0.142857,0.142857,0.047619,0.047619,0.0,0.0,0.0,28,116.350357,3257.81,1.464286
2025-11-26,1,37.0,34.0,3.0,0.0,0.0,147.896486,125.32,1.945946,2.0,72.0,1.810811,72.0,0.918919,0.081081,0.0,0.0,1.0,0.0,0.0,25.0,0.0,0.0,0.0,0.0,0.0,1.0,0.0,10.0,0.27027,0.675676,0.0,0.027027,0.027027,0.0,0.0,0.0,0.0,0.0,0.0,0.0,0.0,0.0,1.0,0.0,5.0,9.0,4.0,5.0,7.0,6.0,0.243243,0.189189,0.162162,0.135135,0.135135,0.108108,0.0,0.0,0.0,0.027027,42,145.613333,6115.76,1.785714
2025-11-27,1,36.0,31.0,5.0,0.0,0.0,145.931667,118.015,1.416667,1.0,51.0,1.944444,60.0,0.861111,0.138889,0.0,0.0,1.0,0.0,0.0,9.0,0.0,0.0,0.0,0.0,0.0,2.0,0.0,24.0,0.666667,0.25,0.0,0.027778,0.055556,0.0,0.0,0.0,0.0,0.0,0.0,0.0,1.0,1.0,0.0,2.0,6.0,5.0,2.0,3.0,9.0,7.0,0.138889,0.25,0.194444,0.166667,0.083333,0.055556,0.055556,0.027778,0.027778,0.0,58,151.20569,8769.93,1.931034
2025-11-28,1,39.0,34.0,4.0,1.0,0.0,131.903077,124.35,1.512821,1.0,59.0,1.871795,86.0,0.871795,0.102564,0.025641,0.0,2.0,0.0,0.0,11.0,0.0,0.0,0.0,0.0,0.0,0.0,2.0,24.0,0.615385,0.282051,0.051282,0.051282,0.0,0.0,0.0,0.0,0.0,0.0,0.0,0.0,1.0,1.0,1.0,1.0,5.0,6.0,3.0,2.0,9.0,10.0,0.153846,0.230769,0.25641,0.128205,0.051282,0.076923,0.025641,0.025641,0.025641,0.025641,59,133.460678,7874.18,1.898305
2025-11-29,1,41.0,37.0,3.0,1.0,0.0,129.010488,118.2,1.243902,1.0,51.0,1.780488,81.0,0.902439,0.073171,0.02439,0.0,4.0,0.0,1.0,12.0,0.0,0.0,0.0,0.0,0.0,0.0,2.0,22.0,0.536585,0.292683,0.04878,0.097561,0.0,0.0,0.02439,0.0,0.0,0.0,0.0,0.0,0.0,0.0,0.0,2.0,4.0,12.0,5.0,4.0,8.0,6.0,0.292683,0.195122,0.146341,0.097561,0.097561,0.121951,0.04878,0.0,0.0,0.0,57,125.823333,7171.93,1.859649
2025-11-30,1,22.0,21.0,0.0,1.0,0.0,82.099545,77.335,1.863636,2.0,41.0,1.545455,66.0,0.954545,0.0,0.045455,0.0,1.0,0.0,0.0,7.0,0.0,0.0,0.0,0.0,0.0,0.0,0.0,14.0,0.636364,0.318182,0.0,0.045455,0.0,0.0,0.0,0.0,0.0,0.0,0.0,0.0,1.0,0.0,0.0,3.0,1.0,9.0,3.0,3.0,1.0,1.0,0.409091,0.045455,0.045455,0.045455,0.136364,0.136364,0.136364,0.045455,0.0,0.0,28,79.582143,2228.3,1.571429
2025-12-01,1,19.0,16.0,2.0,1.0,0.0,86.566316,65.74,2.222222,2.0,40.0,1.368421,24.0,0.842105,0.105263,0.052632,0.0,2.0,0.0,1.0,3.0,0.0,0.0,0.0,0.0,0.0,0.0,0.0,13.0,0.684211,0.157895,0.0,0.105263,0.0,0.0,0.052632,0.0,0.0,0.0,0.0,0.0,0.0,0.0,0.0,1.0,6.0,7.0,0.0,0.0,3.0,2.0,0.368421,0.157895,0.105263,0.315789,0.0,0.0,0.052632,0.0,0.0,0.0,29,74.164483,2150.77,1.517241
2025-12-02,1,23.0,19.0,4.0,0.0,0.0,67.068696,74.55,1.272727,1.0,28.0,1.26087,28.0,0.826087,0.173913,0.0,0.0,0.0,0.0,0.0,13.0,0.0,0.0,0.0,0.0,0.0,0.0,0.0,10.0,0.434783,0.565217,0.0,0.0,0.0,0.0,0.0,0.0,0.0,0.0,0.0,0.0,0.0,0.0,0.0,1.0,3.0,8.0,1.0,2.0,2.0,6.0,0.347826,0.086957,0.26087,0.130435,0.086957,0.043478,0.043478,0.0,0.0,0.0,33,71.09,2345.97,1.424242
2025-12-03,1,17.0,15.0,2.0,0.0,0.0,89.733529,82.01,1.294118,1.0,22.0,1.235294,21.0,0.882353,0.117647,0.0,0.0,4.0,0.0,0.0,0.0,0.0,0.0,0.0,0.0,0.0,0.0,0.0,13.0,0.764706,0.0,0.0,0.235294,0.0,0.0,0.0,0.0,0.0,0.0,0.0,0.0,0.0,0.0,0.0,1.0,1.0,10.0,2.0,1.0,0.0,2.0,0.588235,0.0,0.117647,0.058824,0.058824,0.117647,0.058824,0.0,0.0,0.0,28,78.052143,2185.46,1.392857
2025-12-04,1,27.0,26.0,1.0,0.0,0.0,99.167778,96.42,1.37037,1.0,37.0,1.444444,41.0,0.962963,0.037037,0.0,0.0,1.0,0.0,0.0,11.0,0.0,0.0,0.0,0.0,0.0,0.0,0.0,15.0,0.555556,0.407407,0.0,0.037037,0.0,0.0,0.0,0.0,0.0,0.0,0.0,0.0,0.0,0.0,0.0,1.0,3.0,9.0,1.0,1.0,10.0,2.0,0.333333,0.37037,0.074074,0.111111,0.037037,0.037037,0.037037,0.0,0.0,0.0,37,92.036216,3405.34,1.513514
2025-12-05,1,49.0,41.0,8.0,0.0,0.0,147.529592,135.5,1.816327,2.0,89.0,1.918367,94.0,0.836735,0.163265,0.0,0.0,3.0,0.0,0.0,10.0,0.0,0.0,0.0,0.0,0.0,0.0,10.0,26.0,0.530612,0.204082,0.204082,0.061224,0.0,0.0,0.0,0.0,0.0,0.0,0.0,0.0,1.0,1.0,1.0,6.0,6.0,13.0,4.0,3.0,7.0,7.0,0.265306,0.142857,0.142857,0.122449,0.061224,0.081633,0.122449,0.020408,0.020408,0.020408,50,133.0778,6653.89,1.88
2025-12-06,1,40.0,36.0,4.0,0.0,0.0,164.76925,149.375,1.375,1.0,55.0,2.075,84.0,0.9,0.1,0.0,0.0,2.0,0.0,0.0,11.0,0.0,0.0,0.0,0.0,0.0,0.0,5.0,22.0,0.55,0.275,0.125,0.05,0.0,0.0,0.0,0.0,0.0,0.0,0.0,0.0,1.0,0.0,1.0,1.0,4.0,9.0,2.0,2.0,12.0,8.0,0.225,0.3,0.2,0.1,0.05,0.05,0.025,0.025,0.0,0.025,60,157.894333,9473.66,1.966667
2025-12-07,1,17.0,16.0,1.0,0.0,0.0,110.301176,98.17,1.529412,1.0,26.0,1.411765,26.0,0.941176,0.058824,0.0,0.0,1.0,0.0,2.0,7.0,0.0,0.0,0.0,0.0,0.0,0.0,0.0,7.0,0.411765,0.411765,0.0,0.058824,0.0,0.0,0.117647,0.0,0.0,0.0,0.0,0.0,0.0,0.0,0.0,2.0,4.0,7.0,1.0,0.0,1.0,2.0,0.411765,0.058824,0.117647,0.235294,0.0,0.058824,0.117647,0.0,0.0,0.0,36,149.797778,5392.72,1.722222
2025-12-08,1,23.0,21.0,1.0,1.0,0.0,84.463043,87.65,1.913043,2.0,44.0,1.434783,26.0,0.913043,0.043478,0.043478,0.0,1.0,0.0,1.0,10.0,0.0,0.0,0.0,1.0,0.0,0.0,0.0,10.0,0.434783,0.434783,0.0,0.043478,0.0,0.0,0.043478,0.0,0.043478,0.0,0.0,0.0,1.0,0.0,0.0,2.0,2.0,7.0,2.0,5.0,3.0,1.0,0.304348,0.130435,0.043478,0.086957,0.217391,0.086957,0.086957,0.043478,0.0,0.0,27,94.01,2538.27,1.407407
2025-12-09,1,27.0,26.0,1.0,0.0,0.0,85.952963,88.35,1.259259,1.0,34.0,1.37037,46.0,0.962963,0.037037,0.0,0.0,0.0,0.0,0.0,11.0,0.0,0.0,0.0,1.0,0.0,0.0,0.0,15.0,0.555556,0.407407,0.0,0.0,0.0,0.0,0.0,0.0,0.037037,0.0,0.0,0.0,0.0,1.0,0.0,0.0,2.0,11.0,2.0,1.0,9.0,1.0,0.407407,0.333333,0.037037,0.074074,0.037037,0.074074,0.0,0.0,0.037037,0.0,40,88.148,3525.92,1.425
2025-12-10,1,15.0,11.0,3.0,1.0,0.0,111.82,90.5,1.2,1.0,18.0,1.4,21.0,0.733333,0.2,0.066667,0.0,1.0,0.0,0.0,2.0,0.0,0.0,0.0,0.0,0.0,0.0,6.0,6.0,0.4,0.133333,0.4,0.066667,0.0,0.0,0.0,0.0,0.0,0.0,0.0,0.0,0.0,0.0,0.0,2.0,3.0,2.0,2.0,3.0,0.0,3.0,0.133333,0.0,0.2,0.2,0.2,0.133333,0.133333,0.0,0.0,0.0,21,98.450476,2067.46,1.52381
2025-12-11,1,20.0,18.0,2.0,0.0,0.0,101.0905,80.8,2.15,1.5,43.0,1.6,31.0,0.9,0.1,0.0,0.0,2.0,0.0,0.0,5.0,0.0,0.0,0.0,0.0,0.0,0.0,0.0,13.0,0.65,0.25,0.0,0.1,0.0,0.0,0.0,0.0,0.0,0.0,0.0,0.0,0.0,0.0,0.0,1.0,4.0,6.0,1.0,4.0,2.0,2.0,0.3,0.1,0.1,0.2,0.2,0.05,0.05,0.0,0.0,0.0,24,93.43,2242.32,1.5
2025-12-12,1,43.0,40.0,3.0,0.0,0.0,129.114884,118.22,1.651163,1.0,71.0,1.581395,77.0,0.930233,0.069767,0.0,0.0,2.0,0.0,0.0,9.0,1.0,0.0,0.0,0.0,0.0,7.0,0.0,24.0,0.55814,0.209302,0.0,0.046512,0.162791,0.0,0.0,0.0,0.0,0.0,0.023256,0.0,1.0,1.0,1.0,0.0,7.0,10.0,4.0,1.0,9.0,9.0,0.232558,0.209302,0.209302,0.162791,0.023256,0.093023,0.0,0.023256,0.023256,0.023256,50,120.6066,6030.33,1.62
2025-12-13,1,37.0,32.0,2.0,3.0,0.0,119.54027,108.34,1.162162,1.0,43.0,1.864865,68.0,0.864865,0.054054,0.081081,0.0,7.0,0.0,0.0,7.0,1.0,0.0,0.0,0.0,0.0,1.0,5.0,16.0,0.432432,0.189189,0.135135,0.189189,0.027027,0.0,0.0,0.0,0.0,0.0,0.027027,0.0,0.0,0.0,0.0,1.0,5.0,11.0,4.0,4.0,9.0,3.0,0.297297,0.243243,0.081081,0.135135,0.108108,0.108108,0.027027,0.0,0.0,0.0,54,117.686481,6355.07,1.87037
2025-12-14,1,15.0,11.0,4.0,0.0,0.0,94.644,79.08,2.066667,1.0,31.0,1.533333,19.0,0.733333,0.266667,0.0,0.0,2.0,0.0,0.0,2.0,0.0,0.0,0.0,0.0,0.0,0.0,0.0,11.0,0.733333,0.133333,0.0,0.133333,0.0,0.0,0.0,0.0,0.0,0.0,0.0,0.0,1.0,0.0,0.0,1.0,3.0,7.0,2.0,0.0,1.0,0.0,0.466667,0.066667,0.0,0.2,0.0,0.133333,0.066667,0.066667,0.0,0.0,24,83.528333,2004.68,1.625
2025-12-15,1,15.0,13.0,1.0,1.0,0.0,93.575333,87.57,1.733333,1.0,26.0,1.533333,22.0,0.866667,0.066667,0.066667,0.0,4.0,0.0,0.0,1.0,0.0,0.0,0.0,0.0,0.0,0.0,0.0,10.0,0.666667,0.066667,0.0,0.266667,0.0,0.0,0.0,0.0,0.0,0.0,0.0,0.0,1.0,0.0,0.0,2.0,1.0,5.0,2.0,1.0,3.0,0.0,0.333333,0.2,0.0,0.066667,0.066667,0.133333,0.133333,0.066667,0.0,0.0,18,89.45,1610.1,1.5
2025-12-16,1,21.0,17.0,3.0,1.0,0.0,94.183333,88.24,1.428571,1.0,30.0,1.761905,28.0,0.809524,0.142857,0.047619,0.0,0.0,0.0,0.0,6.0,0.0,0.0,0.0,1.0,0.0,0.0,0.0,14.0,0.666667,0.285714,0.0,0.0,0.0,0.0,0.0,0.0,0.047619,0.0,0.0,0.0,0.0,0.0,0.0,0.0,4.0,8.0,1.0,2.0,4.0,2.0,0.380952,0.190476,0.095238,0.190476,0.095238,0.047619,0.0,0.0,0.0,0.0,23,88.858261,2043.74,1.608696
2025-12-17,1,29.0,25.0,4.0,0.0,0.0,106.103448,84.82,2.62069,2.0,76.0,1.689655,49.0,0.862069,0.137931,0.0,0.0,4.0,0.0,0.0,7.0,0.0,0.0,0.0,0.0,0.0,0.0,0.0,18.0,0.62069,0.241379,0.0,0.137931,0.0,0.0,0.0,0.0,0.0,0.0,0.0,0.0,1.0,0.0,0.0,1.0,3.0,14.0,1.0,4.0,2.0,3.0,0.482759,0.068966,0.103448,0.103448,0.137931,0.034483,0.034483,0.034483,0.0,0.0,34,101.167647,3439.7,1.647059
2025-12-18,1,29.0,25.0,3.0,1.0,0.0,119.934138,117.51,2.344828,1.0,68.0,1.896552,51.0,0.862069,0.103448,0.034483,0.0,2.0,0.0,0.0,14.0,0.0,0.0,0.0,1.0,0.0,0.0,0.0,12.0,0.413793,0.482759,0.0,0.068966,0.0,0.0,0.0,0.0,0.034483,0.0,0.0,0.0,0.0,1.0,0.0,1.0,3.0,7.0,1.0,2.0,6.0,8.0,0.241379,0.206897,0.275862,0.103448,0.068966,0.034483,0.034483,0.0,0.034483,0.0,43,116.141395,4994.08,1.697674
2025-12-19,1,34.0,30.0,3.0,1.0,0.0,124.645588,106.98,1.558824,1.0,53.0,1.647059,52.0,0.882353,0.088235,0.029412,0.0,4.0,0.0,0.0,13.0,0.0,0.0,0.0,2.0,0.0,0.0,0.0,15.0,0.441176,0.382353,0.0,0.117647,0.0,0.0,0.0,0.0,0.058824,0.0,0.0,0.0,0.0,0.0,0.0,2.0,3.0,9.0,3.0,1.0,12.0,4.0,0.264706,0.352941,0.117647,0.088235,0.029412,0.088235,0.058824,0.0,0.0,0.0,49,127.086939,6227.26,1.653061
2025-12-20,1,30.0,28.0,1.0,1.0,0.0,125.960667,105.54,1.166667,1.0,35.0,1.9,51.0,0.933333,0.033333,0.033333,0.0,0.0,0.0,0.0,14.0,0.0,0.0,0.0,0.0,0.0,0.0,1.0,15.0,0.5,0.466667,0.033333,0.0,0.0,0.0,0.0,0.0,0.0,0.0,0.0,0.0,0.0,0.0,1.0,0.0,4.0,6.0,4.0,1.0,8.0,6.0,0.2,0.266667,0.2,0.133333,0.033333,0.133333,0.0,0.0,0.0,0.033333,57,122.274211,6969.63,1.754386
2025-12-21,1,18.0,15.0,3.0,0.0,0.0,87.053333,73.76,2.722222,2.0,49.0,1.666667,23.0,0.833333,0.166667,0.0,0.0,3.0,0.0,1.0,3.0,0.0,0.0,0.0,1.0,0.0,0.0,0.0,10.0,0.555556,0.166667,0.0,0.166667,0.0,0.0,0.055556,0.0,0.055556,0.0,0.0,0.0,0.0,0.0,0.0,2.0,0.0,6.0,2.0,1.0,3.0,4.0,0.333333,0.166667,0.222222,0.0,0.055556,0.111111,0.111111,0.0,0.0,0.0,35,104.248571,3648.7,1.571429
2025-12-22,1,13.0,13.0,0.0,0.0,0.0,109.130769,109.0,1.923077,1.0,25.0,1.923077,23.0,1.0,0.0,0.0,0.0,2.0,0.0,0.0,4.0,0.0,0.0,0.0,0.0,0.0,0.0,1.0,6.0,0.461538,0.307692,0.076923,0.153846,0.0,0.0,0.0,0.0,0.0,0.0,0.0,0.0,0.0,0.0,1.0,0.0,0.0,2.0,3.0,0.0,4.0,3.0,0.153846,0.307692,0.230769,0.0,0.0,0.230769,0.0,0.0,0.0,0.076923,28,109.958929,3078.85,1.785714
2025-12-23,1,19.0,16.0,3.0,0.0,0.0,125.423684,130.05,2.368421,2.0,45.0,1.736842,28.0,0.842105,0.157895,0.0,0.0,1.0,0.0,0.0,7.0,0.0,0.0,0.0,1.0,0.0,0.0,0.0,10.0,0.526316,0.368421,0.0,0.052632,0.0,0.0,0.0,0.0,0.052632,0.0,0.0,0.0,1.0,1.0,0.0,1.0,2.0,3.0,0.0,2.0,4.0,5.0,0.157895,0.210526,0.263158,0.105263,0.105263,0.0,0.052632,0.052632,0.052632,0.0,27,113.228148,3057.16,1.777778
2025-12-24,1,29.0,23.0,5.0,1.0,0.0,118.289655,112.38,1.793103,2.0,52.0,1.965517,51.0,0.793103,0.172414,0.034483,0.0,2.0,0.0,0.0,13.0,0.0,0.0,0.0,0.0,0.0,0.0,1.0,13.0,0.448276,0.448276,0.034483,0.068966,0.0,0.0,0.0,0.0,0.0,0.0,0.0,0.0,0.0,0.0,0.0,2.0,4.0,10.0,3.0,3.0,3.0,4.0,0.344828,0.103448,0.137931,0.137931,0.103448,0.103448,0.068966,0.0,0.0,0.0,40,113.2465,4529.86,1.85
2025-12-25,1,8.0,6.0,2.0,0.0,0.0,107.32125,100.255,2.0,2.0,16.0,1.75,12.0,0.75,0.25,0.0,0.0,1.0,0.0,0.0,2.0,0.0,0.0,0.0,0.0,0.0,0.0,0.0,5.0,0.625,0.25,0.0,0.125,0.0,0.0,0.0,0.0,0.0,0.0,0.0,0.0,0.0,0.0,0.0,2.0,1.0,1.0,1.0,1.0,0.0,2.0,0.125,0.0,0.25,0.125,0.125,0.125,0.25,0.0,0.0,0.0,31,110.528065,3426.37,1.83871
2025-12-26,1,38.0,29.0,8.0,1.0,0.0,149.752105,144.275,1.789474,2.0,68.0,1.842105,63.0,0.763158,0.210526,0.026316,0.0,3.0,0.0,0.0,15.0,0.0,0.0,0.0,1.0,0.0,0.0,4.0,15.0,0.394737,0.394737,0.105263,0.078947,0.0,0.0,0.0,0.0,0.026316,0.0,0.0,0.0,1.0,0.0,0.0,2.0,5.0,7.0,4.0,4.0,8.0,7.0,0.184211,0.210526,0.184211,0.131579,0.105263,0.105263,0.052632,0.026316,0.0,0.0,42,135.403571,5686.95,1.785714
2025-12-27,1,28.0,20.0,6.0,2.0,0.0,142.733929,131.235,1.357143,1.0,38.0,1.678571,52.0,0.714286,0.214286,0.071429,0.0,0.0,0.0,0.0,11.0,0.0,0.0,0.0,0.0,0.0,0.0,3.0,14.0,0.5,0.392857,0.107143,0.0,0.0,0.0,0.0,0.0,0.0,0.0,0.0,0.0,0.0,0.0,0.0,1.0,4.0,8.0,1.0,2.0,7.0,5.0,0.285714,0.25,0.178571,0.142857,0.071429,0.035714,0.035714,0.0,0.0,0.0,44,139.607273,6142.72,1.818182
2025-12-28,1,19.0,18.0,1.0,0.0,0.0,120.378947,112.38,1.473684,1.0,28.0,1.684211,31.0,0.947368,0.052632,0.0,0.0,2.0,0.0,0.0,8.0,0.0,0.0,0.0,0.0,0.0,0.0,0.0,9.0,0.473684,0.421053,0.0,0.105263,0.0,0.0,0.0,0.0,0.0,0.0,0.0,0.0,0.0,1.0,1.0,2.0,4.0,4.0,1.0,2.0,3.0,1.0,0.210526,0.157895,0.052632,0.210526,0.105263,0.052632,0.105263,0.0,0.052632,0.052632,30,111.578667,3347.36,1.8
2025-12-29,1,21.0,13.0,8.0,0.0,0.0,127.173333,106.02,1.571429,1.0,33.0,1.761905,38.0,0.619048,0.380952,0.0,0.0,1.0,0.0,1.0,3.0,0.0,0.0,0.0,0.0,0.0,0.0,0.0,16.0,0.761905,0.142857,0.0,0.047619,0.0,0.0,0.047619,0.0,0.0,0.0,0.0,0.0,0.0,0.0,0.0,5.0,4.0,4.0,2.0,0.0,3.0,3.0,0.190476,0.142857,0.142857,0.190476,0.0,0.095238,0.238095,0.0,0.0,0.0,28,110.771786,3101.61,1.857143
2025-12-30,1,32.0,27.0,5.0,0.0,0.0,171.565312,198.05,1.59375,2.0,51.0,1.75,48.0,0.84375,0.15625,0.0,0.0,2.0,0.0,0.0,5.0,0.0,0.0,0.0,0.0,0.0,0.0,16.0,9.0,0.28125,0.15625,0.5,0.0625,0.0,0.0,0.0,0.0,0.0,0.0,0.0,0.0,0.0,0.0,0.0,4.0,5.0,9.0,2.0,4.0,6.0,2.0,0.28125,0.1875,0.0625,0.15625,0.125,0.0625,0.125,0.0,0.0,0.0,36,154.611389,5566.01,1.888889
2025-12-31,1,52.0,39.0,11.0,2.0,0.0,174.476731,197.1,1.115385,1.0,58.0,1.730769,87.0,0.75,0.211538,0.038462,0.0,4.0,0.0,0.0,18.0,0.0,0.0,0.0,0.0,0.0,0.0,18.0,11.0,0.211538,0.346154,0.346154,0.076923,0.0,0.0,0.0,0.0,0.0,0.0,0.0,0.0,1.0,1.0,1.0,1.0,3.0,11.0,7.0,4.0,12.0,11.0,0.211538,0.230769,0.211538,0.057692,0.076923,0.134615,0.019231,0.019231,0.019231,0.019231,57,180.934386,10313.26,1.736842
