source_file,source_sheet,source_row,report_period_start,report_period_end,property_total_rooms,business_date,occupancy_rate_reported,rooms_sold,transient_rooms,group_rooms,day_use_rooms,comp_rooms,out_of_order_rooms,on_market_rooms,room_revenue_gross,adr_gross,revpar_gross,room_revenue_net,adr_net,revpar_net,room_class
Block12023roomtypes.xls,RoomSales,12,2023-01-01,2023-04-02,60,2023-01-01,0.4412,15,15,0,0,0,10,24,1461.4,97.4267,60.8917,1461.4,97.4267,60.8917,Standard
Block12023roomtypes.xls,RoomSales,17,2023-01-01,2023-04-02,60,2023-01-01,0.3077,8,8,0,0,0,18,8,997.03,124.6287,124.6287,997.03,124.6287,124.6287,Suite
Block12023roomtypes.xls,RoomSales,25,2023-01-01,2023-04-02,60,2023-01-02,0.3235,11,11,0,0,0,10,24,1039.01,94.4555,43.2921,1039.01,94.4555,43.2921,Standard
Block12023roomtypes.xls,RoomSales,30,2023-01-01,2023-04-02,60,2023-01-02,0.0769,2,2,0,0,0,14,12,230.69,115.345,19.2242,230.69,115.345,19.2242,Suite
Block12023roomtypes.xls,RoomSales,38,2023-01-01,2023-04-02,60,2023-01-03,0.5588,19,19,0,0,0,6,28,2092.12,110.1116,74.7186,2092.12,110.1116,74.7186,Standard
Block12023roomtypes.xls,RoomSales,43,2023-01-01,2023-04-02,60,2023-01-03,0.2692,7,7,0,0,0,14,12,881.67,125.9529,73.4725,881.67,125.9529,73.4725,Suite
Block12023roomtypes.xls,RoomSales,51,2023-01-01,2023-04-02,60,2023-01-04,0.4706,16,16,0,0,0,1,33,1685.37,105.3356,51.0718,1685.37,105.3356,51.0718,Standard
Block12023roomtypes.xls,RoomSales,56,2023-01-01,2023-04-02,60,2023-01-04,0.3462,9,9,0,0,0,6,20,1021.34,113.4822,51.067,1021.34,113.4822,51.067,Suite
Block12023roomtypes.xls,RoomSales,64,2023-01-01,2023-04-02,60,2023-01-05,0.5588,19,19,0,0,0,1,33,2115.78,111.3568,64.1145,2115.78,111.3568,64.1145,Standard
Block12023roomtypes.xls,RoomSales,69,2023-01-01,2023-04-02,60,2023-01-05,0.3462,9,9,0,0,0,0,26,968.85,107.65,37.2635,968.85,107.65,37.2635,Suite
Block12023roomtypes.xls,RoomSales,77,2023-01-01,2023-04-02,60,2023-01-06,0.7059,24,24,0,0,0,1,33,2763.96,115.165,83.7564,2763.96,115.165,83.7564,Standard
Block12023roomtypes.xls,RoomSales,82,2023-01-01,2023-04-02,60,2023-01-06,0.8846,23,23,0,0,0,1,25,2608.14,113.3974,104.3256,2608.14,113.3974,104.3256,Suite
Block12023roomtypes.xls,RoomSales,90,2023-01-01,2023-04-02,60,2023-01-07,0.8824,30,30,0,0,0,1,33,3535.43,117.8477,107.1342,3535.43,117.8477,107.1342,Standard
Block12023roomtypes.xls,RoomSales,95,2023-01-01,2023-04-02,60,2023-01-07,0.9231,24,24,0,0,0,0,26,2710.28,112.9283,104.2415,2710.28,112.9283,104.2415,Suite
Block12023roomtypes.xls,RoomSales,103,2023-01-01,2023-04-02,60,2023-01-08,0.4118,14,14,0,0,0,5,29,1474.96,105.3543,50.8607,1474.96,105.3543,50.8607,Standard
Block12023roomtypes.xls,RoomSales,108,2023-01-01,2023-04-02,60,2023-01-08,0.3077,8,8,0,0,0,3,23,942.96,117.87,40.9983,942.96,117.87,40.9983,Suite
Block12023roomtypes.xls,RoomSales,116,2023-01-01,2023-04-02,60,2023-01-09,0.5588,19,19,0,0,0,5,29,1911.81,100.6216,65.9245,1911.81,100.6216,65.9245,Standard
Block12023roomtypes.xls,RoomSales,121,2023-01-01,2023-04-02,60,2023-01-09,0.2692,7,7,0,0,0,3,23,897.35,128.1929,39.0152,897.35,128.1929,39.0152,Suite
Block12023roomtypes.xls,RoomSales,129,2023-01-01,2023-04-02,60,2023-01-10,0.4706,16,16,0,0,0,5,29,1782.17,111.3856,61.4541,1782.17,111.3856,61.4541,Standard
Block12023roomtypes.xls,RoomSales,134,2023-01-01,2023-04-02,60,2023-01-10,0.3077,8,8,0,0,0,4,22,876.36,109.545,39.8345,876.36,109.545,39.8345,Suite
Block12023roomtypes.xls,RoomSales,142,2023-01-01,2023-04-02,60,2023-01-11,0.5882,20,20,0,0,0,2,32,2262.8,113.14,70.7125,2262.8,113.14,70.7125,Standard
Block12023roomtypes.xls,RoomSales,147,2023-01-01,2023-04-02,60,2023-01-11,0.4615,12,12,0,0,0,1,25,1269.86,105.8217,50.7944,1269.86,105.8217,50.7944,Suite
Block12023roomtypes.xls,RoomSales,155,2023-01-01,2023-04-02,60,2023-01-12,0.7647,26,26,0,0,0,1,33,2815.21,108.2773,85.3094,2815.21,108.2773,85.3094,Standard
Block12023roomtypes.xls,RoomSales,160,2023-01-01,2023-04-02,60,2023-01-12,0.3462,9,9,0,0,0,0,26,849.24,94.36,32.6631,849.24,94.36,32.6631,Suite
Block12023roomtypes.xls,RoomSales,168,2023-01-01,2023-04-02,60,2023-01-13,0.9706,33,33,0,0,0,0,34,3412.98,103.4236,100.3818,3412.98,103.4236,100.3818,Standard
Block12023roomtypes.xls,RoomSales,173,2023-01-01,2023-04-02,60,2023-01-13,1.0,26,26,0,0,0,0,26,3229.63,124.2165,124.2165,3229.63,124.2165,124.2165,Suite
Block12023roomtypes.xls,RoomSales,181,2023-01-01,2023-04-02,60,2023-01-14,0.9118,31,31,0,0,0,0,34,2991.83,96.5106,87.995,2991.83,96.5106,87.995,Standard
Block12023roomtypes.xls,RoomSales,186,2023-01-01,2023-04-02,60,2023-01-14,1.0,26,26,0,0,0,0,26,3484.87,134.0335,134.0335,3484.87,134.0335,134.0335,Suite
Block12023roomtypes.xls,RoomSales,194,2023-01-01,2023-04-02,60,2023-01-15,0.9118,31,31,0,0,0,3,31,3142.88,101.3832,101.3832,3063.88,98.8348,98.8348,Standard
Block12023roomtypes.xls,RoomSales,199,2023-01-01,2023-04-02,60,2023-01-15,0.7308,19,19,0,0,0,0,26,2199.51,115.7637,84.5965,2199.51,115.7637,84.5965,Suite
Block12023roomtypes.xls,RoomSales,207,2023-01-01,2023-04-02,60,2023-01-16,0.6176,21,12,9,0,0,12,22,2123.37,101.1129,96.5168,2123.37,101.1129,96.5168,Standard
Block12023roomtypes.xls,RoomSales,212,2023-01-01,2023-04-02,60,2023-01-16,0.1923,5,4,1,0,0,16,10,645.79,129.158,64.579,645.79,129.158,64.579,Suite
Block12023roomtypes.xls,RoomSales,220,2023-01-01,2023-04-02,60,2023-01-17,0.7941,27,18,9,0,0,3,31,2736.96,101.3689,88.289,2736.96,101.3689,88.289,Standard
Block12023roomtypes.xls,RoomSales,225,2023-01-01,2023-04-02,60,2023-01-17,0.6154,16,15,1,0,0,0,26,1999.86,124.9912,76.9177,1999.86,124.9912,76.9177,Suite
Block12023roomtypes.xls,RoomSales,233,2023-01-01,2023-04-02,60,2023-01-18,0.6765,23,23,0,0,0,1,33,2386.69,103.7691,72.3239,2386.69,103.7691,72.3239,Standard
Block12023roomtypes.xls,RoomSales,238,2023-01-01,2023-04-02,60,2023-01-18,0.5,13,13,0,0,0,1,25,1597.03,122.8485,63.8812,1597.03,122.8485,63.8812,Suite
Block12023roomtypes.xls,RoomSales,246,2023-01-01,2023-04-02,60,2023-01-19,1.0,34,14,20,0,0,0,34,3549.16,104.3871,104.3871,3549.16,104.3871,104.3871,Standard
Block12023roomtypes.xls,RoomSales,251,2023-01-01,2023-04-02,60,2023-01-19,0.9615,25,10,15,0,0,0,26,3171.01,126.8404,121.9619,3171.01,126.8404,121.9619,Suite
Block12023roomtypes.xls,RoomSales,259,2023-01-01,2023-04-02,60,2023-01-20,1.0,34,23,11,0,0,0,34,3680.12,108.2388,108.2388,3680.12,108.2388,108.2388,Standard
Block12023roomtypes.xls,RoomSales,264,2023-01-01,2023-04-02,60,2023-01-20,,27,25,2,1,0,0,26,3208.98,118.8511,123.4223,3208.98,118.8511,123.4223,Suite
Block12023roomtypes.xls,RoomSales,272,2023-01-01,2023-04-02,60,2023-01-21,1.0,34,23,11,0,0,0,34,3779.65,111.1662,111.1662,3779.65,111.1662,111.1662,Standard
Block12023roomtypes.xls,RoomSales,277,2023-01-01,2023-04-02,60,2023-01-21,0.9615,25,23,2,0,1,0,26,2779.64,111.1856,106.9092,2779.64,111.1856,106.9092,Suite
Block12023roomtypes.xls,RoomSales,285,2023-01-01,2023-04-02,60,2023-01-22,0.7353,25,13,12,0,0,1,33,2848.76,113.9504,86.3261,2848.76,113.9504,86.3261,Standard
Block12023roomtypes.xls,RoomSales,290,2023-01-01,2023-04-02,60,2023-01-22,0.3077,8,8,0,0,0,10,16,789.04,98.63,49.315,789.04,98.63,49.315,Suite
Block12023roomtypes.xls,RoomSales,298,2023-01-01,2023-04-02,60,2023-01-23,0.7647,26,14,12,0,0,0,34,2653.31,102.0504,78.0385,2653.31,102.0504,78.0385,Standard
Block12023roomtypes.xls,RoomSales,303,2023-01-01,2023-04-02,60,2023-01-23,0.3077,8,8,0,0,0,1,25,771.28,96.41,30.8512,771.28,96.41,30.8512,Suite
Block12023roomtypes.xls,RoomSales,311,2023-01-01,2023-04-02,60,2023-01-24,0.8824,30,15,15,0,0,0,34,3217.2,107.24,94.6235,3217.2,107.24,94.6235,Standard
Block12023roomtypes.xls,RoomSales,316,2023-01-01,2023-04-02,60,2023-01-24,0.8077,21,13,8,0,0,0,26,2397.37,114.1605,92.2065,2397.37,114.1605,92.2065,Suite
Block12023roomtypes.xls,RoomSales,324,2023-01-01,2023-04-02,60,2023-01-25,1.0,34,13,21,0,0,0,34,3564.57,104.8403,104.8403,3564.57,104.8403,104.8403,Standard
Block12023roomtypes.xls,RoomSales,329,2023-01-01,2023-04-02,60,2023-01-25,0.8462,22,15,7,0,1,0,26,2368.35,107.6523,91.0904,2368.35,107.6523,91.0904,Suite
Block12023roomtypes.xls,RoomSales,337,2023-01-01,2023-04-02,60,2023-01-26,0.6176,21,21,0,0,0,0,34,2338.8,111.3714,68.7882,2338.8,111.3714,68.7882,Standard
Block12023roomtypes.xls,RoomSales,342,2023-01-01,2023-04-02,60,2023-01-26,0.5385,14,14,0,0,0,1,25,1780.7,127.1929,71.228,1780.7,127.1929,71.228,Suite
Block12023roomtypes.xls,RoomSales,350,2023-01-01,2023-04-02,60,2023-01-27,0.9412,32,32,0,0,0,1,33,3590.45,112.2016,108.8015,3590.45,112.2016,108.8015,Standard
Block12023roomtypes.xls,RoomSales,355,2023-01-01,2023-04-02,60,2023-01-27,0.9615,25,25,0,0,1,0,26,3106.76,124.2704,119.4908,3106.76,124.2704,119.4908,Suite
Block12023roomtypes.xls,RoomSales,363,2023-01-01,2023-04-02,60,2023-01-28,0.9706,33,33,0,0,0,0,34,4011.43,121.5585,117.9832,4011.43,121.5585,117.9832,Standard
Block12023roomtypes.xls,RoomSales,368,2023-01-01,2023-04-02,60,2023-01-28,1.0,26,26,0,0,0,0,26,3671.24,141.2015,141.2015,3671.24,141.2015,141.2015,Suite
Block12023roomtypes.xls,RoomSales,376,2023-01-01,2023-04-02,60,2023-01-29,0.3824,13,13,0,0,0,1,33,1427.1,109.7769,43.2455,1427.1,109.7769,43.2455,Standard
Block12023roomtypes.xls,RoomSales,381,2023-01-01,2023-04-02,60,2023-01-29,0.3846,10,10,0,0,0,0,26,1083.56,108.356,41.6754,1083.56,108.356,41.6754,Suite
Block12023roomtypes.xls,RoomSales,389,2023-01-01,2023-04-02,60,2023-01-30,0.3529,12,12,0,0,0,1,33,1156.17,96.3475,35.0355,1038.02,86.5017,31.4552,Standard
Block12023roomtypes.xls,RoomSales,394,2023-01-01,2023-04-02,60,2023-01-30,0.3462,9,9,0,0,0,0,26,941.61,104.6233,36.2158,941.61,104.6233,36.2158,Suite
Block12023roomtypes.xls,RoomSales,402,2023-01-01,2023-04-02,60,2023-01-31,0.4118,14,14,0,0,0,1,33,1439.88,102.8486,43.6327,1374.25,98.1607,41.6439,Standard
Block12023roomtypes.xls,RoomSales,407,2023-01-01,2023-04-02,60,2023-01-31,0.2308,6,6,0,0,0,0,26,592.32,98.72,22.7815,521.69,86.9483,20.065,Suite
Block12023roomtypes.xls,RoomSales,415,2023-01-01,2023-04-02,60,2023-02-01,0.5588,19,19,0,0,0,1,33,1940.31,102.1216,58.7973,1940.31,102.1216,58.7973,Standard
Block12023roomtypes.xls,RoomSales,420,2023-01-01,2023-04-02,60,2023-02-01,0.3077,8,8,0,0,0,0,26,792.35,99.0438,30.475,792.35,99.0438,30.475,Suite
Block12023roomtypes.xls,RoomSales,428,2023-01-01,2023-04-02,60,2023-02-02,0.6471,22,22,0,0,0,1,33,2234.97,101.5895,67.7264,2234.97,101.5895,67.7264,Standard
Block12023roomtypes.xls,RoomSales,433,2023-01-01,2023-04-02,60,2023-02-02,0.4231,11,11,0,0,0,1,25,1108.51,100.7736,44.3404,1108.51,100.7736,44.3404,Suite
Block12023roomtypes.xls,RoomSales,441,2023-01-01,2023-04-02,60,2023-02-03,0.9412,32,32,0,0,0,0,34,3542.09,110.6903,104.1791,3542.09,110.6903,104.1791,Standard
Block12023roomtypes.xls,RoomSales,446,2023-01-01,2023-04-02,60,2023-02-03,0.9231,24,24,0,0,0,2,24,2711.31,112.9712,112.9712,2711.31,112.9712,112.9712,Suite
Block12023roomtypes.xls,RoomSales,454,2023-01-01,2023-04-02,60,2023-02-04,1.0,34,34,0,0,0,0,34,3932.33,115.6568,115.6568,3932.33,115.6568,115.6568,Standard
Block12023roomtypes.xls,RoomSales,459,2023-01-01,2023-04-02,60,2023-02-04,0.9615,25,25,0,0,0,1,25,3296.49,131.8596,131.8596,3296.49,131.8596,131.8596,Suite
Block12023roomtypes.xls,RoomSales,467,2023-01-01,2023-04-02,60,2023-02-05,0.4412,15,15,0,0,0,1,33,1634.97,108.998,49.5445,1634.97,108.998,49.5445,Standard
Block12023roomtypes.xls,RoomSales,472,2023-01-01,2023-04-02,60,2023-02-05,0.1538,4,4,0,0,0,3,23,501.78,125.445,21.8165,501.78,125.445,21.8165,Suite
Block12023roomtypes.xls,RoomSales,480,2023-01-01,2023-04-02,60,2023-02-06,0.5294,18,18,0,0,0,1,33,2086.62,115.9233,63.2309,2086.62,115.9233,63.2309,Standard
Block12023roomtypes.xls,RoomSales,485,2023-01-01,2023-04-02,60,2023-02-06,0.1538,4,4,0,0,0,2,24,595.24,148.81,24.8017,444.79,111.1975,18.5329,Suite
Block12023roomtypes.xls,RoomSales,493,2023-01-01,2023-04-02,60,2023-02-07,0.8529,29,27,2,0,0,1,33,3142.26,108.3538,95.22,3024.11,104.2797,91.6397,Standard
Block12023roomtypes.xls,RoomSales,498,2023-01-01,2023-04-02,60,2023-02-07,0.2692,7,7,0,0,0,2,24,1159.05,165.5786,48.2938,1159.05,165.5786,48.2938,Suite
Block12023roomtypes.xls,RoomSales,506,2023-01-01,2023-04-02,60,2023-02-08,0.7647,26,24,2,0,0,2,32,2748.0,105.6923,85.875,2748.0,105.6923,85.875,Standard
Block12023roomtypes.xls,RoomSales,511,2023-01-01,2023-04-02,60,2023-02-08,0.5,13,13,0,0,0,2,24,1452.93,111.7638,60.5388,1452.93,111.7638,60.5388,Suite
Block12023roomtypes.xls,RoomSales,519,2023-01-01,2023-04-02,60,2023-02-09,0.7647,26,24,2,0,0,2,32,2803.52,107.8277,87.61,2803.52,107.8277,87.61,Standard
Block12023roomtypes.xls,RoomSales,524,2023-01-01,2023-04-02,60,2023-02-09,0.4615,12,12,0,0,0,1,25,1605.25,133.7708,64.21,1605.25,133.7708,64.21,Suite
Block12023roomtypes.xls,RoomSales,532,2023-01-01,2023-04-02,60,2023-02-10,0.7647,26,22,4,0,0,2,32,3631.58,139.6762,113.4869,3591.58,138.1377,112.2369,Standard
Block12023roomtypes.xls,RoomSales,537,2023-01-01,2023-04-02,60,2023-02-10,0.7308,19,17,2,0,0,2,24,3314.96,174.4716,138.1233,3236.21,170.3268,134.8421,Suite
Block12023roomtypes.xls,RoomSales,545,2023-01-01,2023-04-02,60,2023-02-11,1.0,34,30,4,0,0,0,34,4966.57,146.0756,146.0756,4966.57,146.0756,146.0756,Standard
Block12023roomtypes.xls,RoomSales,550,2023-01-01,2023-04-02,60,2023-02-11,0.9615,25,23,2,0,0,1,25,4333.1,173.324,173.324,4333.1,173.324,173.324,Suite
Block12023roomtypes.xls,RoomSales,558,2023-01-01,2023-04-02,60,2023-02-12,0.2941,10,10,0,0,0,1,33,1096.99,109.699,33.2421,1096.99,109.699,33.2421,Standard
Block12023roomtypes.xls,RoomSales,563,2023-01-01,2023-04-02,60,2023-02-12,0.1538,4,4,0,0,0,3,23,494.38,123.595,21.4948,494.38,123.595,21.4948,Suite
Block12023roomtypes.xls,RoomSales,571,2023-01-01,2023-04-02,60,2023-02-13,0.4706,16,16,0,0,0,0,34,2113.89,132.1181,62.1732,2113.89,132.1181,62.1732,Standard
Block12023roomtypes.xls,RoomSales,576,2023-01-01,2023-04-02,60,2023-02-13,0.2308,6,6,0,0,0,2,24,820.15,136.6917,34.1729,820.15,136.6917,34.1729,Suite
Block12023roomtypes.xls,RoomSales,584,2023-01-01,2023-04-02,60,2023-02-14,0.7059,24,24,0,0,0,0,34,2846.24,118.5933,83.7129,2846.24,118.5933,83.7129,Standard
Block12023roomtypes.xls,RoomSales,589,2023-01-01,2023-04-02,60,2023-02-14,0.6154,16,16,0,0,0,1,25,2069.11,129.3194,82.7644,1890.11,118.1319,75.6044,Suite
Block12023roomtypes.xls,RoomSales,597,2023-01-01,2023-04-02,60,2023-02-15,0.3529,12,11,1,0,0,1,33,2241.02,186.7517,67.9097,642.6,53.55,19.4727,Standard
Block12023roomtypes.xls,RoomSales,602,2023-01-01,2023-04-02,60,2023-02-15,0.3462,9,9,0,0,0,5,21,2696.41,299.6011,128.4005,1680.95,186.7722,80.0452,Suite
Block12023roomtypes.xls,RoomSales,610,2023-01-01,2023-04-02,60,2023-02-16,0.5,17,16,1,0,0,0,34,2286.57,134.5041,67.2521,2286.57,134.5041,67.2521,Standard
Block12023roomtypes.xls,RoomSales,615,2023-01-01,2023-04-02,60,2023-02-16,0.3846,10,10,0,0,0,2,24,1250.81,125.081,52.1171,1250.81,125.081,52.1171,Suite
Block12023roomtypes.xls,RoomSales,623,2023-01-01,2023-04-02,60,2023-02-17,0.9706,33,30,3,0,0,0,34,4156.61,125.9579,122.2532,4156.61,125.9579,122.2532,Standard
Block12023roomtypes.xls,RoomSales,628,2023-01-01,2023-04-02,60,2023-02-17,0.9615,25,22,3,0,0,0,26,3572.47,142.8988,137.4027,3572.47,142.8988,137.4027,Suite
Block12023roomtypes.xls,RoomSales,636,2023-01-01,2023-04-02,60,2023-02-18,0.9706,33,24,9,0,0,0,34,4101.37,124.2839,120.6285,4101.37,124.2839,120.6285,Standard
Block12023roomtypes.xls,RoomSales,641,2023-01-01,2023-04-02,60,2023-02-18,1.0,26,22,4,0,0,0,26,3933.05,151.2712,151.2712,3933.05,151.2712,151.2712,Suite
Block12023roomtypes.xls,RoomSales,649,2023-01-01,2023-04-02,60,2023-02-19,0.8529,29,29,0,0,0,0,34,3763.39,129.7721,110.6879,3763.39,129.7721,110.6879,Standard
Block12023roomtypes.xls,RoomSales,654,2023-01-01,2023-04-02,60,2023-02-19,0.8846,23,23,0,0,0,0,26,3427.51,149.0222,131.8273,2999.51,130.4135,115.3658,Suite
Block12023roomtypes.xls,RoomSales,662,2023-01-01,2023-04-02,60,2023-02-20,0.5882,20,20,0,0,0,2,32,2545.74,127.287,79.5544,2545.74,127.287,79.5544,Standard
Block12023roomtypes.xls,RoomSales,667,2023-01-01,2023-04-02,60,2023-02-20,0.6154,16,16,0,0,0,1,25,2357.72,147.3575,94.3088,2357.72,147.3575,94.3088,Suite
Block12023roomtypes.xls,RoomSales,675,2023-01-01,2023-04-02,60,2023-02-21,0.3824,13,13,0,0,0,0,34,1612.19,124.0146,47.4174,1612.19,124.0146,47.4174,Standard
Block12023roomtypes.xls,RoomSales,680,2023-01-01,2023-04-02,60,2023-02-21,0.5769,15,15,0,0,0,0,26,2054.03,136.9353,79.0012,2054.03,136.9353,79.0012,Suite
Block12023roomtypes.xls,RoomSales,688,2023-01-01,2023-04-02,60,2023-02-22,0.5588,19,19,0,0,1,1,33,3065.79,161.3574,92.9027,2833.23,149.1174,85.8555,Standard
Block12023roomtypes.xls,RoomSales,693,2023-01-01,2023-04-02,60,2023-02-22,0.7308,19,19,0,0,0,0,26,2561.97,134.8405,98.5373,2198.27,115.6984,84.5488,Suite
Block12023roomtypes.xls,RoomSales,701,2023-01-01,2023-04-02,60,2023-02-23,0.4412,15,15,0,0,0,0,34,2318.63,154.5753,68.195,2318.63,154.5753,68.195,Standard
Block12023roomtypes.xls,RoomSales,706,2023-01-01,2023-04-02,60,2023-02-23,0.4615,12,12,0,0,0,4,22,1532.63,127.7192,69.665,1532.63,127.7192,69.665,Suite
Block12023roomtypes.xls,RoomSales,714,2023-01-01,2023-04-02,60,2023-02-24,0.9706,33,26,7,0,0,0,34,4298.51,130.2579,126.4268,4298.51,130.2579,126.4268,Standard
Block12023roomtypes.xls,RoomSales,719,2023-01-01,2023-04-02,60,2023-02-24,1.0,26,22,4,0,0,0,26,3875.48,149.0569,149.0569,3875.48,149.0569,149.0569,Suite
Block12023roomtypes.xls,RoomSales,727,2023-01-01,2023-04-02,60,2023-02-25,1.0,34,34,0,0,0,0,34,4935.53,145.1626,145.1626,4935.53,145.1626,145.1626,Standard
Block12023roomtypes.xls,RoomSales,732,2023-01-01,2023-04-02,60,2023-02-25,0.8846,23,23,0,0,0,0,26,3408.74,148.2061,131.1054,3265.87,141.9943,125.6104,Suite
Block12023roomtypes.xls,RoomSales,740,2023-01-01,2023-04-02,60,2023-02-26,0.2353,8,8,0,0,0,5,29,1135.02,141.8775,39.1386,1008.37,126.0463,34.7714,Standard
Block12023roomtypes.xls,RoomSales,745,2023-01-01,2023-04-02,60,2023-02-26,0.2308,6,6,0,0,0,14,12,1125.68,187.6133,93.8067,1125.68,187.6133,93.8067,Suite
Block12023roomtypes.xls,RoomSales,753,2023-01-01,2023-04-02,60,2023-02-27,0.1471,5,5,0,0,1,5,29,994.73,198.946,34.301,644.76,128.952,22.2331,Standard
Block12023roomtypes.xls,RoomSales,758,2023-01-01,2023-04-02,60,2023-02-27,0.2692,7,7,0,0,1,8,18,785.88,112.2686,43.66,785.88,112.2686,43.66,Suite
Block12023roomtypes.xls,RoomSales,766,2023-01-01,2023-04-02,60,2023-02-28,0.1471,5,5,0,0,1,3,31,697.08,139.416,22.4865,697.08,139.416,22.4865,Standard
Block12023roomtypes.xls,RoomSales,771,2023-01-01,2023-04-02,60,2023-02-28,0.1923,5,5,0,0,0,2,24,534.11,106.822,22.2546,534.11,106.822,22.2546,Suite
Block12023roomtypes.xls,RoomSales,779,2023-01-01,2023-04-02,60,2023-03-01,0.2647,9,9,0,0,0,2,32,1869.97,207.7744,58.4366,1869.97,207.7744,58.4366,Standard
Block12023roomtypes.xls,RoomSales,784,2023-01-01,2023-04-02,60,2023-03-01,0.3462,9,9,0,2,0,1,25,840.58,93.3978,33.6232,840.58,93.3978,33.6232,Suite
Block12023roomtypes.xls,RoomSales,792,2023-01-01,2023-04-02,60,2023-03-02,0.4118,14,13,1,0,0,2,32,2120.28,151.4486,66.2588,2120.28,151.4486,66.2588,Standard
Block12023roomtypes.xls,RoomSales,797,2023-01-01,2023-04-02,60,2023-03-02,0.2692,7,6,1,0,0,1,25,787.1,112.4429,31.484,787.1,112.4429,31.484,Suite
Block12023roomtypes.xls,RoomSales,805,2023-01-01,2023-04-02,60,2023-03-03,0.9118,31,13,18,0,1,0,34,3972.32,128.1394,116.8329,3972.32,128.1394,116.8329,Standard
Block12023roomtypes.xls,RoomSales,810,2023-01-01,2023-04-02,60,2023-03-03,0.9231,24,11,13,0,1,1,25,3249.87,135.4112,129.9948,3249.87,135.4112,129.9948,Suite
Block12023roomtypes.xls,RoomSales,818,2023-01-01,2023-04-02,60,2023-03-04,0.9118,31,13,18,0,0,0,34,3913.35,126.2371,115.0985,3913.35,126.2371,115.0985,Standard
Block12023roomtypes.xls,RoomSales,823,2023-01-01,2023-04-02,60,2023-03-04,1.0,26,10,16,0,0,0,26,3612.22,138.9315,138.9315,3612.22,138.9315,138.9315,Suite
Block12023roomtypes.xls,RoomSales,831,2023-01-01,2023-04-02,60,2023-03-05,0.0882,3,3,0,0,0,0,34,326.52,108.84,9.6035,326.52,108.84,9.6035,Standard
Block12023roomtypes.xls,RoomSales,836,2023-01-01,2023-04-02,60,2023-03-05,0.1154,3,3,0,0,0,2,24,417.49,139.1633,17.3954,417.49,139.1633,17.3954,Suite
Block12023roomtypes.xls,RoomSales,844,2023-01-01,2023-04-02,60,2023-03-06,0.4118,14,14,0,0,0,1,33,1586.94,113.3529,48.0891,1586.94,113.3529,48.0891,Standard
Block12023roomtypes.xls,RoomSales,849,2023-01-01,2023-04-02,60,2023-03-06,0.3846,10,10,0,0,0,2,24,1220.77,122.077,50.8654,1220.77,122.077,50.8654,Suite
Block12023roomtypes.xls,RoomSales,857,2023-01-01,2023-04-02,60,2023-03-07,0.5294,18,18,0,0,0,0,34,2032.67,112.9261,59.7844,2032.67,112.9261,59.7844,Standard
Block12023roomtypes.xls,RoomSales,862,2023-01-01,2023-04-02,60,2023-03-07,0.4615,12,12,0,0,0,2,24,1500.52,125.0433,62.5217,1500.52,125.0433,62.5217,Suite
Block12023roomtypes.xls,RoomSales,870,2023-01-01,2023-04-02,60,2023-03-08,0.3529,12,12,0,0,0,1,33,1551.12,129.26,47.0036,1551.12,129.26,47.0036,Standard
Block12023roomtypes.xls,RoomSales,875,2023-01-01,2023-04-02,60,2023-03-08,0.4615,12,12,0,0,0,1,25,1435.69,119.6408,57.4276,1435.69,119.6408,57.4276,Suite
Block12023roomtypes.xls,RoomSales,883,2023-01-01,2023-04-02,60,2023-03-09,0.5,17,17,0,0,0,0,34,2164.52,127.3247,63.6624,2164.52,127.3247,63.6624,Standard
Block12023roomtypes.xls,RoomSales,888,2023-01-01,2023-04-02,60,2023-03-09,0.4231,11,11,0,0,0,2,24,1449.53,131.7755,60.3971,1449.53,131.7755,60.3971,Suite
Block12023roomtypes.xls,RoomSales,896,2023-01-01,2023-04-02,60,2023-03-10,0.8235,28,25,3,0,0,0,34,3894.41,139.0861,114.5415,3894.41,139.0861,114.5415,Standard
Block12023roomtypes.xls,RoomSales,901,2023-01-01,2023-04-02,60,2023-03-10,0.6923,18,17,1,0,0,1,25,2934.73,163.0406,117.3892,2934.73,163.0406,117.3892,Suite
Block12023roomtypes.xls,RoomSales,909,2023-01-01,2023-04-02,60,2023-03-11,0.9412,32,26,6,0,0,0,34,4545.69,142.0528,133.6968,4545.69,142.0528,133.6968,Standard
Block12023roomtypes.xls,RoomSales,914,2023-01-01,2023-04-02,60,2023-03-11,0.9615,25,24,1,0,0,1,25,4340.52,173.6208,173.6208,4340.52,173.6208,173.6208,Suite
Block12023roomtypes.xls,RoomSales,922,2023-01-01,2023-04-02,60,2023-03-12,0.0882,3,3,0,0,0,4,30,428.17,142.7233,14.2723,428.17,142.7233,14.2723,Standard
Block12023roomtypes.xls,RoomSales,927,2023-01-01,2023-04-02,60,2023-03-12,0.1538,4,4,0,0,0,12,14,487.22,121.805,34.8014,472.22,118.055,33.73,Suite
Block12023roomtypes.xls,RoomSales,935,2023-01-01,2023-04-02,60,2023-03-13,0.2353,8,8,0,0,1,0,34,1215.09,151.8862,35.7379,1215.09,151.8862,35.7379,Standard
Block12023roomtypes.xls,RoomSales,940,2023-01-01,2023-04-02,60,2023-03-13,0.2692,7,7,0,0,0,2,24,876.34,125.1914,36.5142,876.34,125.1914,36.5142,Suite
Block12023roomtypes.xls,RoomSales,948,2023-01-01,2023-04-02,60,2023-03-14,0.3235,11,11,0,1,1,2,32,1359.52,123.5927,42.485,1359.52,123.5927,42.485,Standard
Block12023roomtypes.xls,RoomSales,953,2023-01-01,2023-04-02,60,2023-03-14,0.3462,9,9,0,0,0,2,24,1272.41,141.3789,53.0171,1272.41,141.3789,53.0171,Suite
Block12023roomtypes.xls,RoomSales,961,2023-01-01,2023-04-02,60,2023-03-15,0.7353,25,12,13,0,0,1,33,9352.43,374.0972,283.407,9352.43,374.0972,283.407,Standard
Block12023roomtypes.xls,RoomSales,966,2023-01-01,2023-04-02,60,2023-03-15,0.5,13,11,2,0,0,1,25,3072.78,236.3677,122.9112,3072.78,236.3677,122.9112,Suite
Block12023roomtypes.xls,RoomSales,974,2023-01-01,2023-04-02,60,2023-03-16,0.9706,33,14,19,0,0,0,34,6043.68,183.1418,177.7553,6043.68,183.1418,177.7553,Standard
Block12023roomtypes.xls,RoomSales,979,2023-01-01,2023-04-02,60,2023-03-16,0.9615,25,19,6,0,0,1,25,3792.01,151.6804,151.6804,3792.01,151.6804,151.6804,Suite
Block12023roomtypes.xls,RoomSales,987,2023-01-01,2023-04-02,60,2023-03-17,0.5294,18,18,0,0,0,0,34,2798.71,155.4839,82.315,2798.71,155.4839,82.315,Standard
Block12023roomtypes.xls,RoomSales,992,2023-01-01,2023-04-02,60,2023-03-17,0.4615,12,12,0,0,0,1,25,1976.88,164.74,79.0752,1976.88,164.74,79.0752,Suite
Block12023roomtypes.xls,RoomSales,1000,2023-01-01,2023-04-02,60,2023-03-18,0.9412,32,27,5,0,0,0,34,5528.26,172.7581,162.5959,5528.26,172.7581,162.5959,Standard
Block12023roomtypes.xls,RoomSales,1005,2023-01-01,2023-04-02,60,2023-03-18,0.8846,23,19,4,0,0,2,24,4224.92,183.6922,176.0383,4224.92,183.6922,176.0383,Suite
Block12023roomtypes.xls,RoomSales,1013,2023-01-01,2023-04-02,60,2023-03-19,0.4412,15,15,0,0,0,0,34,1739.97,115.998,51.1756,1739.97,115.998,51.1756,Standard
Block12023roomtypes.xls,RoomSales,1018,2023-01-01,2023-04-02,60,2023-03-19,0.5,13,13,0,0,0,1,25,1668.24,128.3262,66.7296,1668.24,128.3262,66.7296,Suite
Block12023roomtypes.xls,RoomSales,1026,2023-01-01,2023-04-02,60,2023-03-20,0.5882,20,20,0,0,0,0,34,2629.59,131.4795,77.3409,2629.59,131.4795,77.3409,Standard
Block12023roomtypes.xls,RoomSales,1031,2023-01-01,2023-04-02,60,2023-03-20,0.5,13,13,0,0,0,3,23,1443.51,111.0392,62.7613,1443.51,111.0392,62.7613,Suite
Block12023roomtypes.xls,RoomSales,1039,2023-01-01,2023-04-02,60,2023-03-21,0.6471,22,22,0,0,0,0,34,2733.49,124.2495,80.3968,2733.49,124.2495,80.3968,Standard
Block12023roomtypes.xls,RoomSales,1044,2023-01-01,2023-04-02,60,2023-03-21,0.8077,21,21,0,0,0,2,24,2226.93,106.0443,92.7887,2226.93,106.0443,92.7887,Suite
Block12023roomtypes.xls,RoomSales,1052,2023-01-01,2023-04-02,60,2023-03-22,0.5588,19,18,1,0,0,0,34,2314.76,121.8295,68.0812,2314.76,121.8295,68.0812,Standard
Block12023roomtypes.xls,RoomSales,1057,2023-01-01,2023-04-02,60,2023-03-22,0.5769,15,15,0,0,0,3,23,1604.42,106.9613,69.7574,1604.42,106.9613,69.7574,Suite
Block12023roomtypes.xls,RoomSales,1065,2023-01-01,2023-04-02,60,2023-03-23,1.0,34,21,13,0,0,0,34,4110.45,120.8956,120.8956,4110.45,120.8956,120.8956,Standard
Block12023roomtypes.xls,RoomSales,1070,2023-01-01,2023-04-02,60,2023-03-23,0.7308,19,18,1,0,0,3,23,2150.05,113.1605,93.4804,2150.05,113.1605,93.4804,Suite
Block12023roomtypes.xls,RoomSales,1078,2023-01-01,2023-04-02,60,2023-03-24,1.0,34,21,13,0,0,0,34,4696.0,138.1176,138.1176,4696.0,138.1176,138.1176,Standard
Block12023roomtypes.xls,RoomSales,1083,2023-01-01,2023-04-02,60,2023-03-24,0.9615,25,23,2,0,0,1,25,3696.28,147.8512,147.8512,3696.28,147.8512,147.8512,Suite
Block12023roomtypes.xls,RoomSales,1091,2023-01-01,2023-04-02,60,2023-03-25,0.9706,33,33,0,0,0,1,33,4161.16,126.0958,126.0958,4161.16,126.0958,126.0958,Standard
Block12023roomtypes.xls,RoomSales,1096,2023-01-01,2023-04-02,60,2023-03-25,0.9231,24,23,1,0,0,1,25,3507.84,146.16,140.3136,3507.84,146.16,140.3136,Suite
Block12023roomtypes.xls,RoomSales,1104,2023-01-01,2023-04-02,60,2023-03-26,0.5882,20,20,0,0,0,7,27,2069.06,103.453,76.6319,2069.06,103.453,76.6319,Standard
Block12023roomtypes.xls,RoomSales,1109,2023-01-01,2023-04-02,60,2023-03-26,0.3462,9,9,0,0,0,4,22,1086.8,120.7556,49.4,1086.8,120.7556,49.4,Suite
Block12023roomtypes.xls,RoomSales,1117,2023-01-01,2023-04-02,60,2023-03-27,0.4706,16,16,0,0,0,3,31,1518.17,94.8856,48.9732,1518.17,94.8856,48.9732,Standard
Block12023roomtypes.xls,RoomSales,1122,2023-01-01,2023-04-02,60,2023-03-27,0.3077,8,8,0,0,0,2,24,1009.08,126.135,42.045,1009.08,126.135,42.045,Suite
Block12023roomtypes.xls,RoomSales,1130,2023-01-01,2023-04-02,60,2023-03-28,0.6176,21,21,0,0,0,1,33,2322.7,110.6048,70.3848,2187.88,104.1848,66.2994,Standard
Block12023roomtypes.xls,RoomSales,1135,2023-01-01,2023-04-02,60,2023-03-28,0.6154,16,16,0,0,0,3,23,1898.1,118.6312,82.5261,1710.43,106.9019,74.3665,Suite
Block12023roomtypes.xls,RoomSales,1143,2023-01-01,2023-04-02,60,2023-03-29,0.2647,9,9,0,0,0,8,26,1015.62,112.8467,39.0623,1015.62,112.8467,39.0623,Standard
Block12023roomtypes.xls,RoomSales,1148,2023-01-01,2023-04-02,60,2023-03-29,0.6538,17,17,0,0,0,7,19,1731.13,101.8312,91.1121,1731.13,101.8312,91.1121,Suite
Block12023roomtypes.xls,RoomSales,1156,2023-01-01,2023-04-02,60,2023-03-30,0.7647,26,26,0,0,0,2,32,2862.73,110.105,89.4603,2862.73,110.105,89.4603,Standard
Block12023roomtypes.xls,RoomSales,1161,2023-01-01,2023-04-02,60,2023-03-30,0.6154,16,16,0,0,0,7,19,1802.51,112.6569,94.8689,1802.51,112.6569,94.8689,Suite
Block12023roomtypes.xls,RoomSales,1169,2023-01-01,2023-04-02,60,2023-03-31,0.8824,30,26,4,0,0,0,34,3947.88,131.596,116.1141,3947.88,131.596,116.1141,Standard
Block12023roomtypes.xls,RoomSales,1174,2023-01-01,2023-04-02,60,2023-03-31,1.0,26,24,2,0,0,0,26,3458.09,133.0035,133.0035,3458.09,133.0035,133.0035,Suite
Block12023roomtypes.xls,RoomSales,1182,2023-01-01,2023-04-02,60,2023-04-01,1.0,34,30,4,0,0,0,34,5069.82,149.1124,149.1124,5069.82,149.1124,149.1124,Standard
Block12023roomtypes.xls,RoomSales,1187,2023-01-01,2023-04-02,60,2023-04-01,1.0,26,24,2,0,0,0,26,3434.27,132.0873,132.0873,3434.27,132.0873,132.0873,Suite
Block12023roomtypes.xls,RoomSales,1195,2023-01-01,2023-04-02,60,2023-04-02,0.5882,20,20,0,0,0,0,34,2222.3,111.115,65.3618,2222.3,111.115,65.3618,Standard
Block12023roomtypes.xls,RoomSales,1200,2023-01-01,2023-04-02,60,2023-04-02,0.5769,15,15,0,0,1,0,26,1616.44,107.7627,62.1708,1616.44,107.7627,62.1708,Suite
Block22023roomtypes.xls,RoomSales,12,2023-04-03,2023-07-03,60,2023-04-03,0.6765,23,23,0,0,0,0,34,2453.67,106.6813,72.1668,2453.67,106.6813,72.1668,Standard
Block22023roomtypes.xls,RoomSales,17,2023-04-03,2023-07-03,60,2023-04-03,0.6538,17,17,0,0,0,1,25,1979.05,116.4147,79.162,1979.05,116.4147,79.162,Suite
Block22023roomtypes.xls,RoomSales,25,2023-04-03,2023-07-03,60,2023-04-04,0.6471,22,22,0,0,0,1,33,2354.15,107.0068,71.3379,2354.15,107.0068,71.3379,Standard
Block22023roomtypes.xls,RoomSales,30,2023-04-03,2023-07-03,60,2023-04-04,0.4615,12,12,0,0,0,2,24,1236.11,103.0092,51.5046,1236.11,103.0092,51.5046,Suite
Block22023roomtypes.xls,RoomSales,38,2023-04-03,2023-07-03,60,2023-04-05,0.9118,31,31,0,0,0,0,34,3855.17,124.3603,113.3874,3855.17,124.3603,113.3874,Standard
Block22023roomtypes.xls,RoomSales,43,2023-04-03,2023-07-03,60,2023-04-05,0.7692,20,20,0,0,0,1,25,2332.34,116.617,93.2936,2332.34,116.617,93.2936,Suite
Block22023roomtypes.xls,RoomSales,51,2023-04-03,2023-07-03,60,2023-04-06,1.0,34,34,0,1,0,0,34,4060.12,119.4153,119.4153,3777.92,111.1153,111.1153,Standard
Block22023roomtypes.xls,RoomSales,56,2023-04-03,2023-07-03,60,2023-04-06,1.0,26,25,1,0,0,0,26,3260.59,125.4073,125.4073,3260.59,125.4073,125.4073,Suite
Block22023roomtypes.xls,RoomSales,64,2023-04-03,2023-07-03,60,2023-04-07,1.0,34,31,3,0,0,0,34,4451.52,130.9271,130.9271,4451.52,130.9271,130.9271,Standard
Block22023roomtypes.xls,RoomSales,69,2023-04-03,2023-07-03,60,2023-04-07,1.0,26,22,4,0,0,0,26,3647.91,140.3042,140.3042,3647.91,140.3042,140.3042,Suite
Block22023roomtypes.xls,RoomSales,77,2023-04-03,2023-07-03,60,2023-04-08,1.0,34,32,2,0,0,0,34,4294.19,126.2997,126.2997,4294.19,126.2997,126.2997,Standard
Block22023roomtypes.xls,RoomSales,82,2023-04-03,2023-07-03,60,2023-04-08,1.0,26,23,3,0,0,0,26,3519.86,135.3792,135.3792,3519.86,135.3792,135.3792,Suite
Block22023roomtypes.xls,RoomSales,90,2023-04-03,2023-07-03,60,2023-04-09,0.6765,23,23,0,0,0,0,34,2426.28,105.4904,71.3612,2426.28,105.4904,71.3612,Standard
Block22023roomtypes.xls,RoomSales,95,2023-04-03,2023-07-03,60,2023-04-09,0.6154,16,16,0,0,0,0,26,1972.61,123.2881,75.8696,1972.61,123.2881,75.8696,Suite
Block22023roomtypes.xls,RoomSales,103,2023-04-03,2023-07-03,60,2023-04-10,0.9706,33,26,7,0,0,1,33,3904.59,118.3209,118.3209,3904.59,118.3209,118.3209,Standard
Block22023roomtypes.xls,RoomSales,108,2023-04-03,2023-07-03,60,2023-04-10,1.0,26,21,5,0,0,0,26,3449.44,132.6708,132.6708,3449.44,132.6708,132.6708,Suite
Block22023roomtypes.xls,RoomSales,116,2023-04-03,2023-07-03,60,2023-04-11,1.0,34,25,9,0,0,0,34,3904.56,114.84,114.84,3904.56,114.84,114.84,Standard
Block22023roomtypes.xls,RoomSales,121,2023-04-03,2023-07-03,60,2023-04-11,0.9615,25,21,4,0,0,0,26,3249.88,129.9952,124.9954,3129.26,125.1704,120.3562,Suite
Block22023roomtypes.xls,RoomSales,129,2023-04-03,2023-07-03,60,2023-04-12,0.7941,27,27,0,0,0,1,33,2968.91,109.9596,89.967,2968.91,109.9596,89.967,Standard
Block22023roomtypes.xls,RoomSales,134,2023-04-03,2023-07-03,60,2023-04-12,0.6538,17,17,0,0,0,1,25,1907.19,112.1876,76.2876,1907.19,112.1876,76.2876,Suite
Block22023roomtypes.xls,RoomSales,142,2023-04-03,2023-07-03,60,2023-04-13,0.9706,33,33,0,0,0,0,34,3634.81,110.1458,106.9062,3634.81,110.1458,106.9062,Standard
Block22023roomtypes.xls,RoomSales,147,2023-04-03,2023-07-03,60,2023-04-13,0.8846,23,23,0,0,0,2,24,2713.12,117.9617,113.0467,2713.12,117.9617,113.0467,Suite
Block22023roomtypes.xls,RoomSales,155,2023-04-03,2023-07-03,60,2023-04-14,1.0,34,28,6,0,0,0,34,4548.96,133.7929,133.7929,4548.96,133.7929,133.7929,Standard
Block22023roomtypes.xls,RoomSales,160,2023-04-03,2023-07-03,60,2023-04-14,1.0,26,21,5,0,0,0,26,3439.18,132.2762,132.2762,3439.18,132.2762,132.2762,Suite
Block22023roomtypes.xls,RoomSales,168,2023-04-03,2023-07-03,60,2023-04-15,1.0,34,28,6,0,0,0,34,4506.39,132.5409,132.5409,4506.39,132.5409,132.5409,Standard
Block22023roomtypes.xls,RoomSales,173,2023-04-03,2023-07-03,60,2023-04-15,1.0,26,21,5,0,0,0,26,3393.09,130.5035,130.5035,3393.09,130.5035,130.5035,Suite
Block22023roomtypes.xls,RoomSales,181,2023-04-03,2023-07-03,60,2023-04-16,0.9118,31,31,0,0,0,0,34,3563.97,114.9668,104.8226,3563.97,114.9668,104.8226,Standard
Block22023roomtypes.xls,RoomSales,186,2023-04-03,2023-07-03,60,2023-04-16,0.9231,24,24,0,1,0,1,25,2790.55,116.2729,111.622,2790.55,116.2729,111.622,Suite
Block22023roomtypes.xls,RoomSales,194,2023-04-03,2023-07-03,60,2023-04-17,0.7059,24,24,0,0,0,8,26,2367.88,98.6617,91.0723,2367.88,98.6617,91.0723,Standard
Block22023roomtypes.xls,RoomSales,199,2023-04-03,2023-07-03,60,2023-04-17,0.7692,20,20,0,0,0,5,21,2243.38,112.169,106.8276,2243.38,112.169,106.8276,Suite
Block22023roomtypes.xls,RoomSales,207,2023-04-03,2023-07-03,60,2023-04-18,0.8529,29,29,0,0,0,0,34,3179.45,109.6362,93.5132,3179.45,109.6362,93.5132,Standard
Block22023roomtypes.xls,RoomSales,212,2023-04-03,2023-07-03,60,2023-04-18,0.8077,21,21,0,0,0,2,24,2403.22,114.439,100.1342,2403.22,114.439,100.1342,Suite
Block22023roomtypes.xls,RoomSales,220,2023-04-03,2023-07-03,60,2023-04-19,1.0,34,34,0,0,0,0,34,3895.34,114.5688,114.5688,3895.34,114.5688,114.5688,Standard
Block22023roomtypes.xls,RoomSales,225,2023-04-03,2023-07-03,60,2023-04-19,1.0,26,26,0,0,0,0,26,2943.78,113.2223,113.2223,2943.78,113.2223,113.2223,Suite
Block22023roomtypes.xls,RoomSales,233,2023-04-03,2023-07-03,60,2023-04-20,1.0,34,34,0,0,0,0,34,3858.78,113.4935,113.4935,3858.78,113.4935,113.4935,Standard
Block22023roomtypes.xls,RoomSales,238,2023-04-03,2023-07-03,60,2023-04-20,0.9615,25,23,2,0,0,0,26,3040.19,121.6076,116.9304,3040.19,121.6076,116.9304,Suite
Block22023roomtypes.xls,RoomSales,246,2023-04-03,2023-07-03,60,2023-04-21,0.9412,32,25,7,0,0,0,34,4324.44,135.1387,127.1894,4057.32,126.7913,119.3329,Standard
Block22023roomtypes.xls,RoomSales,251,2023-04-03,2023-07-03,60,2023-04-21,1.0,26,17,9,0,0,0,26,3689.22,141.8931,141.8931,3689.22,141.8931,141.8931,Suite
Block22023roomtypes.xls,RoomSales,259,2023-04-03,2023-07-03,60,2023-04-22,1.0,34,25,9,0,0,0,34,4343.25,127.7426,127.7426,4343.25,127.7426,127.7426,Standard
Block22023roomtypes.xls,RoomSales,264,2023-04-03,2023-07-03,60,2023-04-22,1.0,26,18,8,0,0,0,26,3526.73,135.6435,135.6435,3526.73,135.6435,135.6435,Suite
Block22023roomtypes.xls,RoomSales,272,2023-04-03,2023-07-03,60,2023-04-23,0.3529,12,11,1,0,0,18,16,1221.74,101.8117,76.3588,1221.74,101.8117,76.3588,Standard
Block22023roomtypes.xls,RoomSales,277,2023-04-03,2023-07-03,60,2023-04-23,0.4231,11,10,1,0,0,10,16,1641.57,149.2336,102.5981,1641.57,149.2336,102.5981,Suite
Block22023roomtypes.xls,RoomSales,285,2023-04-03,2023-07-03,60,2023-04-24,0.2059,7,7,0,0,0,0,34,652.39,93.1986,19.1879,652.39,93.1986,19.1879,Standard
Block22023roomtypes.xls,RoomSales,290,2023-04-03,2023-07-03,60,2023-04-24,0.5385,14,14,0,0,0,0,26,1698.45,121.3179,65.325,1520.8,108.6286,58.4923,Suite
Block22023roomtypes.xls,RoomSales,298,2023-04-03,2023-07-03,60,2023-04-25,0.3529,12,12,0,0,0,0,34,1240.07,103.3392,36.4726,1240.07,103.3392,36.4726,Standard
Block22023roomtypes.xls,RoomSales,303,2023-04-03,2023-07-03,60,2023-04-25,0.5385,14,14,0,0,0,0,26,1825.81,130.415,70.2235,1825.81,130.415,70.2235,Suite
Block22023roomtypes.xls,RoomSales,311,2023-04-03,2023-07-03,60,2023-04-26,0.3529,12,11,1,0,0,2,32,1332.34,111.0283,41.6356,1332.34,111.0283,41.6356,Standard
Block22023roomtypes.xls,RoomSales,316,2023-04-03,2023-07-03,60,2023-04-26,0.5,13,11,2,0,0,0,26,1688.5,129.8846,64.9423,1688.5,129.8846,64.9423,Suite
Block22023roomtypes.xls,RoomSales,324,2023-04-03,2023-07-03,60,2023-04-27,1.0,34,19,15,0,0,0,34,4088.78,120.2582,120.2582,4088.78,120.2582,120.2582,Standard
Block22023roomtypes.xls,RoomSales,329,2023-04-03,2023-07-03,60,2023-04-27,1.0,26,18,8,0,0,0,26,3335.69,128.2958,128.2958,3101.69,119.2958,119.2958,Suite
Block22023roomtypes.xls,RoomSales,337,2023-04-03,2023-07-03,60,2023-04-28,1.0,34,7,27,0,0,0,34,4462.27,131.2432,131.2432,4462.27,131.2432,131.2432,Standard
Block22023roomtypes.xls,RoomSales,342,2023-04-03,2023-07-03,60,2023-04-28,0.9615,25,11,14,0,0,1,25,3361.48,134.4592,134.4592,3361.48,134.4592,134.4592,Suite
Block22023roomtypes.xls,RoomSales,350,2023-04-03,2023-07-03,60,2023-04-29,0.9118,31,17,14,0,2,0,34,4234.99,136.6126,124.5585,4232.99,136.5481,124.4997,Standard
Block22023roomtypes.xls,RoomSales,355,2023-04-03,2023-07-03,60,2023-04-29,1.0,26,14,12,0,0,0,26,3965.89,152.5342,152.5342,3965.89,152.5342,152.5342,Suite
Block22023roomtypes.xls,RoomSales,363,2023-04-03,2023-07-03,60,2023-04-30,0.2059,7,7,0,0,0,3,31,858.2,122.6,27.6839,760.78,108.6829,24.5413,Standard
Block22023roomtypes.xls,RoomSales,368,2023-04-03,2023-07-03,60,2023-04-30,0.2692,7,7,0,0,0,3,23,912.64,130.3771,39.68,753.09,107.5843,32.743,Suite
Block22023roomtypes.xls,RoomSales,376,2023-04-03,2023-07-03,60,2023-05-01,0.2647,9,9,0,0,0,2,32,1024.26,113.8067,32.0081,1024.26,113.8067,32.0081,Standard
Block22023roomtypes.xls,RoomSales,381,2023-04-03,2023-07-03,60,2023-05-01,0.3077,8,8,0,0,0,0,26,1031.74,128.9675,39.6823,1031.74,128.9675,39.6823,Suite
Block22023roomtypes.xls,RoomSales,389,2023-04-03,2023-07-03,60,2023-05-02,0.4118,14,14,0,0,0,1,33,1556.83,111.2021,47.1767,1556.83,111.2021,47.1767,Standard
Block22023roomtypes.xls,RoomSales,394,2023-04-03,2023-07-03,60,2023-05-02,0.2308,6,6,0,0,0,0,26,833.89,138.9817,32.0727,833.89,138.9817,32.0727,Suite
Block22023roomtypes.xls,RoomSales,402,2023-04-03,2023-07-03,60,2023-05-03,0.2059,7,7,0,0,0,0,34,779.11,111.3014,22.915,779.11,111.3014,22.915,Standard
Block22023roomtypes.xls,RoomSales,407,2023-04-03,2023-07-03,60,2023-05-03,0.3462,9,7,2,0,0,0,26,1130.12,125.5689,43.4662,1130.12,125.5689,43.4662,Suite
Block22023roomtypes.xls,RoomSales,415,2023-04-03,2023-07-03,60,2023-05-04,0.3824,13,10,3,0,0,0,34,2205.34,169.6415,64.8629,2205.34,169.6415,64.8629,Standard
Block22023roomtypes.xls,RoomSales,420,2023-04-03,2023-07-03,60,2023-05-04,0.2692,7,5,2,0,0,0,26,1272.39,181.77,48.9381,1272.39,181.77,48.9381,Suite
Block22023roomtypes.xls,RoomSales,428,2023-04-03,2023-07-03,60,2023-05-05,1.0,34,23,11,0,0,0,34,6691.05,196.7956,196.7956,6691.05,196.7956,196.7956,Standard
Block22023roomtypes.xls,RoomSales,433,2023-04-03,2023-07-03,60,2023-05-05,1.0,26,16,10,0,0,0,26,5732.05,220.4635,220.4635,5732.05,220.4635,220.4635,Suite
Block22023roomtypes.xls,RoomSales,441,2023-04-03,2023-07-03,60,2023-05-06,1.0,34,16,18,0,0,0,34,7035.48,206.9259,206.9259,7035.48,206.9259,206.9259,Standard
Block22023roomtypes.xls,RoomSales,446,2023-04-03,2023-07-03,60,2023-05-06,1.0,26,14,12,0,0,0,26,5864.94,225.5746,225.5746,5864.94,225.5746,225.5746,Suite
Block22023roomtypes.xls,RoomSales,454,2023-04-03,2023-07-03,60,2023-05-07,0.3824,13,13,0,0,0,9,25,1816.62,139.74,72.6648,1816.62,139.74,72.6648,Standard
Block22023roomtypes.xls,RoomSales,459,2023-04-03,2023-07-03,60,2023-05-07,0.4231,11,11,0,0,0,5,21,1415.17,128.6518,67.389,1383.92,125.8109,65.901,Suite
Block22023roomtypes.xls,RoomSales,467,2023-04-03,2023-07-03,60,2023-05-08,0.7353,25,25,0,0,0,0,34,3423.68,136.9472,100.6965,3423.68,136.9472,100.6965,Standard
Block22023roomtypes.xls,RoomSales,472,2023-04-03,2023-07-03,60,2023-05-08,0.5385,14,14,0,0,0,2,24,1651.57,117.9693,68.8154,1651.57,117.9693,68.8154,Suite
Block22023roomtypes.xls,RoomSales,480,2023-04-03,2023-07-03,60,2023-05-09,0.5294,18,18,0,0,0,0,34,2283.02,126.8344,67.1476,2283.02,126.8344,67.1476,Standard
Block22023roomtypes.xls,RoomSales,485,2023-04-03,2023-07-03,60,2023-05-09,0.5769,15,15,0,0,0,2,24,1820.79,121.386,75.8662,1820.79,121.386,75.8662,Suite
Block22023roomtypes.xls,RoomSales,493,2023-04-03,2023-07-03,60,2023-05-10,0.3824,13,13,0,0,1,1,33,1703.92,131.0708,51.6339,1703.92,131.0708,51.6339,Standard
Block22023roomtypes.xls,RoomSales,498,2023-04-03,2023-07-03,60,2023-05-10,0.6154,16,16,0,0,0,2,24,2071.55,129.4719,86.3146,2071.55,129.4719,86.3146,Suite
Block22023roomtypes.xls,RoomSales,506,2023-04-03,2023-07-03,60,2023-05-11,0.2941,10,8,2,0,0,0,34,1526.54,152.654,44.8982,1526.54,152.654,44.8982,Standard
Block22023roomtypes.xls,RoomSales,511,2023-04-03,2023-07-03,60,2023-05-11,0.5769,15,13,2,0,0,3,23,2710.42,180.6947,117.8443,2710.42,180.6947,117.8443,Suite
Block22023roomtypes.xls,RoomSales,519,2023-04-03,2023-07-03,60,2023-05-12,0.9706,33,20,13,0,0,0,34,6708.16,203.2776,197.2988,6708.16,203.2776,197.2988,Standard
Block22023roomtypes.xls,RoomSales,524,2023-04-03,2023-07-03,60,2023-05-12,0.9615,25,13,12,0,0,1,25,5474.52,218.9808,218.9808,5474.52,218.9808,218.9808,Suite
Block22023roomtypes.xls,RoomSales,532,2023-04-03,2023-07-03,60,2023-05-13,1.0,34,18,16,0,0,0,34,6623.58,194.8112,194.8112,6623.58,194.8112,194.8112,Standard
Block22023roomtypes.xls,RoomSales,537,2023-04-03,2023-07-03,60,2023-05-13,0.9615,25,13,12,0,0,1,25,5509.79,220.3916,220.3916,5509.79,220.3916,220.3916,Suite
Block22023roomtypes.xls,RoomSales,545,2023-04-03,2023-07-03,60,2023-05-14,0.5294,18,18,0,0,0,0,34,2160.45,120.025,63.5426,2160.45,120.025,63.5426,Standard
Block22023roomtypes.xls,RoomSales,550,2023-04-03,2023-07-03,60,2023-05-14,0.3462,9,9,0,0,0,1,25,1263.27,140.3633,50.5308,1263.27,140.3633,50.5308,Suite
Block22023roomtypes.xls,RoomSales,558,2023-04-03,2023-07-03,60,2023-05-15,0.7941,27,27,0,0,0,0,34,3124.71,115.73,91.9032,3124.71,115.73,91.9032,Standard
Block22023roomtypes.xls,RoomSales,563,2023-04-03,2023-07-03,60,2023-05-15,0.4231,11,11,0,0,0,1,25,1423.19,129.3809,56.9276,1423.19,129.3809,56.9276,Suite
Block22023roomtypes.xls,RoomSales,571,2023-04-03,2023-07-03,60,2023-05-16,0.6471,22,22,0,0,0,1,33,2881.74,130.9882,87.3255,2881.74,130.9882,87.3255,Standard
Block22023roomtypes.xls,RoomSales,576,2023-04-03,2023-07-03,60,2023-05-16,0.8462,22,22,0,0,0,1,25,2561.26,116.4209,102.4504,2561.26,116.4209,102.4504,Suite
Block22023roomtypes.xls,RoomSales,584,2023-04-03,2023-07-03,60,2023-05-17,0.7647,26,26,0,0,0,1,33,3355.28,129.0492,101.6752,3355.28,129.0492,101.6752,Standard
Block22023roomtypes.xls,RoomSales,589,2023-04-03,2023-07-03,60,2023-05-17,0.5769,15,15,0,0,0,1,25,1817.16,121.144,72.6864,1817.16,121.144,72.6864,Suite
Block22023roomtypes.xls,RoomSales,597,2023-04-03,2023-07-03,60,2023-05-18,0.7059,24,24,0,0,0,1,33,3137.51,130.7296,95.0761,3137.51,130.7296,95.0761,Standard
Block22023roomtypes.xls,RoomSales,602,2023-04-03,2023-07-03,60,2023-05-18,0.3846,10,10,0,0,0,2,24,1899.44,189.944,79.1433,1899.44,189.944,79.1433,Suite
Block22023roomtypes.xls,RoomSales,610,2023-04-03,2023-07-03,60,2023-05-19,1.0,34,24,10,0,0,0,34,7273.25,213.9191,213.9191,7273.25,213.9191,213.9191,Standard
Block22023roomtypes.xls,RoomSales,615,2023-04-03,2023-07-03,60,2023-05-19,1.0,26,21,5,0,0,0,26,6210.08,238.8492,238.8492,6210.08,238.8492,238.8492,Suite
Block22023roomtypes.xls,RoomSales,623,2023-04-03,2023-07-03,60,2023-05-20,0.9706,33,12,21,0,0,0,34,7293.13,221.0039,214.5038,7293.13,221.0039,214.5038,Standard
Block22023roomtypes.xls,RoomSales,628,2023-04-03,2023-07-03,60,2023-05-20,0.9231,24,16,8,0,0,0,26,5442.11,226.7546,209.3119,5442.11,226.7546,209.3119,Suite
Block22023roomtypes.xls,RoomSales,636,2023-04-03,2023-07-03,60,2023-05-21,0.8529,29,29,0,0,0,1,33,3713.27,128.0438,112.5233,3713.27,128.0438,112.5233,Standard
Block22023roomtypes.xls,RoomSales,641,2023-04-03,2023-07-03,60,2023-05-21,0.6538,17,17,0,2,0,0,26,2347.28,138.0753,90.28,2347.28,138.0753,90.28,Suite
Block22023roomtypes.xls,RoomSales,649,2023-04-03,2023-07-03,60,2023-05-22,0.5882,20,20,0,0,0,1,33,2327.23,116.3615,70.5221,2327.23,116.3615,70.5221,Standard
Block22023roomtypes.xls,RoomSales,654,2023-04-03,2023-07-03,60,2023-05-22,0.3846,10,10,0,0,0,0,26,1296.62,129.662,49.87,1296.62,129.662,49.87,Suite
Block22023roomtypes.xls,RoomSales,662,2023-04-03,2023-07-03,60,2023-05-23,0.5588,19,19,0,0,0,0,34,1989.79,104.7258,58.5232,1989.79,104.7258,58.5232,Standard
Block22023roomtypes.xls,RoomSales,667,2023-04-03,2023-07-03,60,2023-05-23,0.3462,9,9,0,0,1,0,26,1195.02,132.78,45.9623,1195.02,132.78,45.9623,Suite
Block22023roomtypes.xls,RoomSales,675,2023-04-03,2023-07-03,60,2023-05-24,0.8529,29,29,0,0,0,0,34,3446.01,118.8279,101.3532,3446.01,118.8279,101.3532,Standard
Block22023roomtypes.xls,RoomSales,680,2023-04-03,2023-07-03,60,2023-05-24,0.5385,14,14,0,0,0,1,25,1962.37,140.1693,78.4948,1962.37,140.1693,78.4948,Suite
Block22023roomtypes.xls,RoomSales,688,2023-04-03,2023-07-03,60,2023-05-25,1.0,34,29,5,0,0,0,34,6614.13,194.5332,194.5332,6614.13,194.5332,194.5332,Standard
Block22023roomtypes.xls,RoomSales,693,2023-04-03,2023-07-03,60,2023-05-25,0.9615,25,18,7,0,0,0,26,5771.11,230.8444,221.9658,5253.46,210.1384,202.0562,Suite
Block22023roomtypes.xls,RoomSales,701,2023-04-03,2023-07-03,60,2023-05-26,1.0,34,26,8,0,0,0,34,7491.77,220.3462,220.3462,7234.77,212.7874,212.7874,Standard
Block22023roomtypes.xls,RoomSales,706,2023-04-03,2023-07-03,60,2023-05-26,1.0,26,19,7,0,0,0,26,5726.73,220.2588,220.2588,5726.73,220.2588,220.2588,Suite
Block22023roomtypes.xls,RoomSales,714,2023-04-03,2023-07-03,60,2023-05-27,1.0,34,23,11,0,0,0,34,7546.13,221.945,221.945,6731.03,197.9715,197.9715,Standard
Block22023roomtypes.xls,RoomSales,719,2023-04-03,2023-07-03,60,2023-05-27,1.0,26,15,11,0,0,0,26,6238.54,239.9438,239.9438,5989.49,230.365,230.365,Suite
Block22023roomtypes.xls,RoomSales,727,2023-04-03,2023-07-03,60,2023-05-28,1.0,34,19,15,0,0,0,34,4543.98,133.6465,133.6465,4543.98,133.6465,133.6465,Standard
Block22023roomtypes.xls,RoomSales,732,2023-04-03,2023-07-03,60,2023-05-28,1.0,26,19,7,0,0,0,26,3483.38,133.9762,133.9762,2959.78,113.8377,113.8377,Suite
Block22023roomtypes.xls,RoomSales,740,2023-04-03,2023-07-03,60,2023-05-29,0.4412,15,15,0,0,0,10,24,1944.43,129.6287,81.0179,1944.43,129.6287,81.0179,Standard
Block22023roomtypes.xls,RoomSales,745,2023-04-03,2023-07-03,60,2023-05-29,0.4231,11,11,0,0,0,3,23,1586.51,144.2282,68.9787,1391.86,126.5327,60.5157,Suite
Block22023roomtypes.xls,RoomSales,753,2023-04-03,2023-07-03,60,2023-05-30,0.8529,29,21,8,0,0,0,34,3592.47,123.8783,105.6609,3592.47,123.8783,105.6609,Standard
Block22023roomtypes.xls,RoomSales,758,2023-04-03,2023-07-03,60,2023-05-30,0.4615,12,3,9,0,0,0,26,1731.73,144.3108,66.605,1731.73,144.3108,66.605,Suite
Block22023roomtypes.xls,RoomSales,766,2023-04-03,2023-07-03,60,2023-05-31,1.0,34,6,28,0,0,0,34,4856.19,142.8291,142.8291,4689.59,137.9291,137.9291,Standard
Block22023roomtypes.xls,RoomSales,771,2023-04-03,2023-07-03,60,2023-05-31,0.9615,25,6,19,0,0,0,26,3595.03,143.8012,138.2704,3595.03,143.8012,138.2704,Suite
Block22023roomtypes.xls,RoomSales,779,2023-04-03,2023-07-03,60,2023-06-01,0.8529,29,24,5,0,0,0,34,3931.13,135.5562,115.6215,3931.13,135.5562,115.6215,Standard
Block22023roomtypes.xls,RoomSales,784,2023-04-03,2023-07-03,60,2023-06-01,0.8462,22,16,6,0,0,0,26,3540.3,160.9227,136.1654,3540.3,160.9227,136.1654,Suite
Block22023roomtypes.xls,RoomSales,792,2023-04-03,2023-07-03,60,2023-06-02,1.0,34,27,7,0,0,0,34,6413.81,188.6415,188.6415,6413.81,188.6415,188.6415,Standard
Block22023roomtypes.xls,RoomSales,797,2023-04-03,2023-07-03,60,2023-06-02,1.0,26,18,8,0,0,0,26,5063.17,194.7373,194.7373,5063.17,194.7373,194.7373,Suite
Block22023roomtypes.xls,RoomSales,805,2023-04-03,2023-07-03,60,2023-06-03,1.0,34,15,19,0,0,0,34,6681.68,196.52,196.52,6681.68,196.52,196.52,Standard
Block22023roomtypes.xls,RoomSales,810,2023-04-03,2023-07-03,60,2023-06-03,0.9615,25,11,14,0,0,0,26,4968.37,198.7348,191.0912,4968.37,198.7348,191.0912,Suite
Block22023roomtypes.xls,RoomSales,818,2023-04-03,2023-07-03,60,2023-06-04,0.7647,26,25,1,0,0,8,26,3047.9,117.2269,117.2269,3047.9,117.2269,117.2269,Standard
Block22023roomtypes.xls,RoomSales,823,2023-04-03,2023-07-03,60,2023-06-04,0.6538,17,12,5,0,0,3,23,1904.81,112.0476,82.8178,1904.81,112.0476,82.8178,Suite
Block22023roomtypes.xls,RoomSales,831,2023-04-03,2023-07-03,60,2023-06-05,0.7353,25,25,0,0,0,0,34,2814.67,112.5868,82.7844,2814.67,112.5868,82.7844,Standard
Block22023roomtypes.xls,RoomSales,836,2023-04-03,2023-07-03,60,2023-06-05,0.4231,11,6,5,0,0,1,25,1232.89,112.0809,49.3156,1232.89,112.0809,49.3156,Suite
Block22023roomtypes.xls,RoomSales,844,2023-04-03,2023-07-03,60,2023-06-06,1.0,34,34,0,0,0,0,34,4013.44,118.0424,118.0424,4013.44,118.0424,118.0424,Standard
Block22023roomtypes.xls,RoomSales,849,2023-04-03,2023-07-03,60,2023-06-06,0.8077,21,16,5,0,0,0,26,2319.19,110.4376,89.1996,2319.19,110.4376,89.1996,Suite
Block22023roomtypes.xls,RoomSales,857,2023-04-03,2023-07-03,60,2023-06-07,1.0,34,30,4,0,0,0,34,4585.64,134.8718,134.8718,4585.64,134.8718,134.8718,Standard
Block22023roomtypes.xls,RoomSales,862,2023-04-03,2023-07-03,60,2023-06-07,0.9231,24,19,5,0,0,0,26,2870.31,119.5962,110.3965,2870.31,119.5962,110.3965,Suite
Block22023roomtypes.xls,RoomSales,870,2023-04-03,2023-07-03,60,2023-06-08,1.0,34,21,13,0,0,0,34,5434.03,159.8244,159.8244,5434.03,159.8244,159.8244,Standard
Block22023roomtypes.xls,RoomSales,875,2023-04-03,2023-07-03,60,2023-06-08,1.0,26,16,10,0,0,0,26,3910.56,150.4062,150.4062,3894.06,149.7715,149.7715,Suite
Block22023roomtypes.xls,RoomSales,883,2023-04-03,2023-07-03,60,2023-06-09,1.0,34,10,24,0,0,0,34,6485.58,190.7524,190.7524,6485.58,190.7524,190.7524,Standard
Block22023roomtypes.xls,RoomSales,888,2023-04-03,2023-07-03,60,2023-06-09,0.9615,25,7,18,0,0,0,26,4746.25,189.85,182.5481,4746.25,189.85,182.5481,Suite
Block22023roomtypes.xls,RoomSales,896,2023-04-03,2023-07-03,60,2023-06-10,0.9706,33,17,16,0,0,0,34,6041.26,183.0685,177.6841,5848.51,177.2276,172.015,Standard
Block22023roomtypes.xls,RoomSales,901,2023-04-03,2023-07-03,60,2023-06-10,1.0,26,14,12,0,0,0,26,4796.57,184.4835,184.4835,4796.57,184.4835,184.4835,Suite
Block22023roomtypes.xls,RoomSales,909,2023-04-03,2023-07-03,60,2023-06-11,0.6176,21,21,0,1,0,7,27,2113.64,100.6495,78.283,2113.64,100.6495,78.283,Standard
Block22023roomtypes.xls,RoomSales,914,2023-04-03,2023-07-03,60,2023-06-11,0.3462,9,9,0,0,0,11,15,1042.0,115.7778,69.4667,1042.0,115.7778,69.4667,Suite
Block22023roomtypes.xls,RoomSales,922,2023-04-03,2023-07-03,60,2023-06-12,0.9412,32,32,0,0,0,2,32,3623.64,113.2387,113.2387,3623.64,113.2387,113.2387,Standard
Block22023roomtypes.xls,RoomSales,927,2023-04-03,2023-07-03,60,2023-06-12,0.5,13,13,0,0,0,2,24,1519.31,116.87,63.3046,1519.31,116.87,63.3046,Suite
Block22023roomtypes.xls,RoomSales,935,2023-04-03,2023-07-03,60,2023-06-13,0.9412,32,32,0,0,0,1,33,3886.93,121.4666,117.7858,3787.93,118.3728,114.7858,Standard
Block22023roomtypes.xls,RoomSales,940,2023-04-03,2023-07-03,60,2023-06-13,0.9231,24,24,0,0,0,2,24,2769.7,115.4042,115.4042,2769.7,115.4042,115.4042,Suite
Block22023roomtypes.xls,RoomSales,948,2023-04-03,2023-07-03,60,2023-06-14,0.8824,30,30,0,0,0,1,33,3357.37,111.9123,101.7385,3357.37,111.9123,101.7385,Standard
Block22023roomtypes.xls,RoomSales,953,2023-04-03,2023-07-03,60,2023-06-14,0.8077,21,21,0,0,0,3,23,2400.74,114.321,104.38,2400.74,114.321,104.38,Suite
Block22023roomtypes.xls,RoomSales,961,2023-04-03,2023-07-03,60,2023-06-15,0.9412,32,32,0,0,0,0,34,3545.29,110.7903,104.2732,3545.29,110.7903,104.2732,Standard
Block22023roomtypes.xls,RoomSales,966,2023-04-03,2023-07-03,60,2023-06-15,0.8846,23,21,2,0,0,2,24,3058.78,132.9904,127.4492,3058.78,132.9904,127.4492,Suite
Block22023roomtypes.xls,RoomSales,974,2023-04-03,2023-07-03,60,2023-06-16,0.9412,32,13,19,0,1,0,34,5723.37,178.8553,168.3344,5541.47,173.1709,162.9844,Standard
Block22023roomtypes.xls,RoomSales,979,2023-04-03,2023-07-03,60,2023-06-16,0.9615,25,13,12,0,1,0,26,4498.32,179.9328,173.0123,4320.67,172.8268,166.1796,Suite
Block22023roomtypes.xls,RoomSales,987,2023-04-03,2023-07-03,60,2023-06-17,0.9412,32,3,29,0,2,0,34,6226.16,194.5675,183.1224,6226.16,194.5675,183.1224,Standard
Block22023roomtypes.xls,RoomSales,992,2023-04-03,2023-07-03,60,2023-06-17,0.9615,25,6,19,0,1,0,26,4809.77,192.3908,184.9912,4706.34,188.2536,181.0131,Suite
Block22023roomtypes.xls,RoomSales,1000,2023-04-03,2023-07-03,60,2023-06-18,0.7059,24,24,0,0,0,0,34,2648.68,110.3617,77.9024,2648.68,110.3617,77.9024,Standard
Block22023roomtypes.xls,RoomSales,1005,2023-04-03,2023-07-03,60,2023-06-18,0.7692,20,20,0,0,0,1,25,2357.6,117.88,94.304,2357.6,117.88,94.304,Suite
Block22023roomtypes.xls,RoomSales,1013,2023-04-03,2023-07-03,60,2023-06-19,0.7647,26,26,0,0,0,6,28,2708.77,104.1835,96.7418,2708.77,104.1835,96.7418,Standard
Block22023roomtypes.xls,RoomSales,1018,2023-04-03,2023-07-03,60,2023-06-19,0.5769,15,15,0,0,0,7,19,1840.21,122.6807,96.8532,1840.21,122.6807,96.8532,Suite
Block22023roomtypes.xls,RoomSales,1026,2023-04-03,2023-07-03,60,2023-06-20,0.9118,31,31,0,0,0,2,32,3439.07,110.9377,107.4709,3439.07,110.9377,107.4709,Standard
Block22023roomtypes.xls,RoomSales,1031,2023-04-03,2023-07-03,60,2023-06-20,1.0,26,25,1,0,0,0,26,3308.81,127.2619,127.2619,3308.81,127.2619,127.2619,Suite
Block22023roomtypes.xls,RoomSales,1039,2023-04-03,2023-07-03,60,2023-06-21,0.9706,33,33,0,0,0,1,33,3828.97,116.0294,116.0294,3828.97,116.0294,116.0294,Standard
Block22023roomtypes.xls,RoomSales,1044,2023-04-03,2023-07-03,60,2023-06-21,0.9615,25,23,2,0,0,0,26,3329.41,133.1764,128.0542,3329.41,133.1764,128.0542,Suite
Block22023roomtypes.xls,RoomSales,1052,2023-04-03,2023-07-03,60,2023-06-22,0.9706,33,29,4,0,0,1,33,3932.98,119.1812,119.1812,3932.98,119.1812,119.1812,Standard
Block22023roomtypes.xls,RoomSales,1057,2023-04-03,2023-07-03,60,2023-06-22,1.0,26,22,4,1,0,1,25,3635.33,139.8204,145.4132,3635.33,139.8204,145.4132,Suite
Block22023roomtypes.xls,RoomSales,1065,2023-04-03,2023-07-03,60,2023-06-23,0.9706,33,6,27,0,0,0,34,6206.52,188.0764,182.5447,6206.52,188.0764,182.5447,Standard
Block22023roomtypes.xls,RoomSales,1070,2023-04-03,2023-07-03,60,2023-06-23,1.0,26,6,20,0,0,0,26,5026.14,193.3131,193.3131,5026.14,193.3131,193.3131,Suite
Block22023roomtypes.xls,RoomSales,1078,2023-04-03,2023-07-03,60,2023-06-24,1.0,34,14,20,0,0,0,34,6314.18,185.7112,185.7112,6314.18,185.7112,185.7112,Standard
Block22023roomtypes.xls,RoomSales,1083,2023-04-03,2023-07-03,60,2023-06-24,1.0,26,6,20,0,0,0,26,5171.55,198.9058,198.9058,5171.55,198.9058,198.9058,Suite
Block22023roomtypes.xls,RoomSales,1091,2023-04-03,2023-07-03,60,2023-06-25,0.6176,21,21,0,0,0,3,31,2338.25,111.3452,75.4274,2338.25,111.3452,75.4274,Standard
Block22023roomtypes.xls,RoomSales,1096,2023-04-03,2023-07-03,60,2023-06-25,0.7308,19,19,0,0,0,2,24,2037.92,107.2589,84.9133,2037.92,107.2589,84.9133,Suite
Block22023roomtypes.xls,RoomSales,1104,2023-04-03,2023-07-03,60,2023-06-26,0.9118,31,31,0,0,0,2,32,3175.46,102.4342,99.2331,2987.96,96.3858,93.3738,Standard
Block22023roomtypes.xls,RoomSales,1109,2023-04-03,2023-07-03,60,2023-06-26,0.9231,24,24,0,0,0,1,25,2839.39,118.3079,113.5756,2839.39,118.3079,113.5756,Suite
Block22023roomtypes.xls,RoomSales,1117,2023-04-03,2023-07-03,60,2023-06-27,0.8529,29,29,0,0,0,3,31,3364.88,116.0303,108.5445,3364.88,116.0303,108.5445,Standard
Block22023roomtypes.xls,RoomSales,1122,2023-04-03,2023-07-03,60,2023-06-27,0.8846,23,23,0,0,0,2,24,2554.53,111.0665,106.4387,2554.53,111.0665,106.4387,Suite
Block22023roomtypes.xls,RoomSales,1130,2023-04-03,2023-07-03,60,2023-06-28,0.9118,31,31,0,0,0,3,31,3713.72,119.7974,119.7974,3713.72,119.7974,119.7974,Standard
Block22023roomtypes.xls,RoomSales,1135,2023-04-03,2023-07-03,60,2023-06-28,1.0,26,26,0,0,0,0,26,2994.4,115.1692,115.1692,2994.4,115.1692,115.1692,Suite
Block22023roomtypes.xls,RoomSales,1143,2023-04-03,2023-07-03,60,2023-06-29,0.9118,31,18,13,0,0,2,32,4459.59,143.8577,139.3622,4459.59,143.8577,139.3622,Standard
Block22023roomtypes.xls,RoomSales,1148,2023-04-03,2023-07-03,60,2023-06-29,0.9615,25,15,10,0,0,0,26,3957.49,158.2996,152.2112,3957.49,158.2996,152.2112,Suite
Block22023roomtypes.xls,RoomSales,1156,2023-04-03,2023-07-03,60,2023-06-30,1.0,34,9,25,0,0,0,34,6305.96,185.4694,185.4694,6305.96,185.4694,185.4694,Standard
Block22023roomtypes.xls,RoomSales,1161,2023-04-03,2023-07-03,60,2023-06-30,1.0,26,10,16,0,0,0,26,4842.11,186.235,186.235,4842.11,186.235,186.235,Suite
Block22023roomtypes.xls,RoomSales,1169,2023-04-03,2023-07-03,60,2023-07-01,1.0,34,12,22,0,0,0,34,6207.44,182.5718,182.5718,6207.44,182.5718,182.5718,Standard
Block22023roomtypes.xls,RoomSales,1174,2023-04-03,2023-07-03,60,2023-07-01,0.9615,25,15,10,0,0,0,26,4724.54,188.9816,181.7131,4724.54,188.9816,181.7131,Suite
Block22023roomtypes.xls,RoomSales,1182,2023-04-03,2023-07-03,60,2023-07-02,0.7941,27,27,0,0,0,1,33,2840.26,105.1948,86.0685,2640.01,97.7781,80.0003,Standard
Block22023roomtypes.xls,RoomSales,1187,2023-04-03,2023-07-03,60,2023-07-02,0.7308,19,19,0,0,0,0,26,2222.66,116.9821,85.4869,2222.66,116.9821,85.4869,Suite
Block22023roomtypes.xls,RoomSales,1195,2023-04-03,2023-07-03,60,2023-07-03,0.9118,31,31,0,0,0,1,33,3033.32,97.849,91.9188,3033.32,97.849,91.9188,Standard
Block22023roomtypes.xls,RoomSales,1200,2023-04-03,2023-07-03,60,2023-07-03,0.8462,22,22,0,0,0,1,25,2684.52,122.0236,107.3808,2684.52,122.0236,107.3808,Suite
Block32023roomtypes.xls,RoomSales,12,2023-07-04,2023-10-03,60,2023-07-04,0.7059,24,24,0,0,0,6,28,2535.02,105.6258,90.5364,2535.02,105.6258,90.5364,Standard
Block32023roomtypes.xls,RoomSales,17,2023-07-04,2023-10-03,60,2023-07-04,0.5385,14,14,0,0,0,5,21,1717.95,122.7107,81.8071,1603.89,114.5636,76.3757,Suite
Block32023roomtypes.xls,RoomSales,25,2023-07-04,2023-10-03,60,2023-07-05,0.8529,29,29,0,0,0,3,31,3210.48,110.7062,103.5639,3210.48,110.7062,103.5639,Standard
Block32023roomtypes.xls,RoomSales,30,2023-07-04,2023-10-03,60,2023-07-05,0.6923,18,18,0,0,0,2,24,2219.79,123.3217,92.4912,2219.79,123.3217,92.4912,Suite
Block32023roomtypes.xls,RoomSales,38,2023-07-04,2023-10-03,60,2023-07-06,1.0,34,34,0,0,0,0,34,3992.09,117.4144,117.4144,3992.09,117.4144,117.4144,Standard
Block32023roomtypes.xls,RoomSales,43,2023-07-04,2023-10-03,60,2023-07-06,0.9231,24,24,0,0,0,1,25,3252.66,135.5275,130.1064,3252.66,135.5275,130.1064,Suite
Block32023roomtypes.xls,RoomSales,51,2023-07-04,2023-10-03,60,2023-07-07,1.0,34,30,4,0,0,0,34,5737.96,168.7635,168.7635,5737.96,168.7635,168.7635,Standard
Block32023roomtypes.xls,RoomSales,56,2023-07-04,2023-10-03,60,2023-07-07,0.9615,25,18,7,0,1,0,26,4360.93,174.4372,167.7281,4360.93,174.4372,167.7281,Suite
Block32023roomtypes.xls,RoomSales,64,2023-07-04,2023-10-03,60,2023-07-08,1.0,34,25,9,0,0,0,34,6413.1,188.6206,188.6206,6413.1,188.6206,188.6206,Standard
Block32023roomtypes.xls,RoomSales,69,2023-07-04,2023-10-03,60,2023-07-08,0.9231,24,14,10,0,2,0,26,4883.04,203.46,187.8092,4671.39,194.6413,179.6688,Suite
Block32023roomtypes.xls,RoomSales,77,2023-07-04,2023-10-03,60,2023-07-09,0.8824,30,30,0,0,0,0,34,3275.12,109.1707,96.3271,3275.12,109.1707,96.3271,Standard
Block32023roomtypes.xls,RoomSales,82,2023-07-04,2023-10-03,60,2023-07-09,0.3462,9,9,0,0,0,3,23,1090.04,121.1156,47.393,1090.04,121.1156,47.393,Suite
Block32023roomtypes.xls,RoomSales,90,2023-07-04,2023-10-03,60,2023-07-10,1.0,34,34,0,0,0,0,34,3808.57,112.0168,112.0168,3639.42,107.0418,107.0418,Standard
Block32023roomtypes.xls,RoomSales,95,2023-07-04,2023-10-03,60,2023-07-10,0.6923,18,18,0,0,0,2,24,2453.04,136.28,102.21,2453.04,136.28,102.21,Suite
Block32023roomtypes.xls,RoomSales,103,2023-07-04,2023-10-03,60,2023-07-11,1.0,34,34,0,0,0,0,34,3900.41,114.7179,114.7179,3900.41,114.7179,114.7179,Standard
Block32023roomtypes.xls,RoomSales,108,2023-07-04,2023-10-03,60,2023-07-11,0.6923,18,18,0,0,0,2,24,2289.47,127.1928,95.3946,2082.07,115.6706,86.7529,Suite
Block32023roomtypes.xls,RoomSales,116,2023-07-04,2023-10-03,60,2023-07-12,0.9412,32,32,0,0,0,0,34,3935.99,122.9997,115.7644,3935.99,122.9997,115.7644,Standard
Block32023roomtypes.xls,RoomSales,121,2023-07-04,2023-10-03,60,2023-07-12,0.5385,14,14,0,0,0,1,25,1891.99,135.1421,75.6796,1891.99,135.1421,75.6796,Suite
Block32023roomtypes.xls,RoomSales,129,2023-07-04,2023-10-03,60,2023-07-13,0.9706,33,32,1,0,0,0,34,4263.05,129.1833,125.3838,4040.77,122.4476,118.8462,Standard
Block32023roomtypes.xls,RoomSales,134,2023-07-04,2023-10-03,60,2023-07-13,0.8077,21,16,5,0,0,1,25,2987.34,142.2543,119.4936,2987.34,142.2543,119.4936,Suite
Block32023roomtypes.xls,RoomSales,142,2023-07-04,2023-10-03,60,2023-07-14,1.0,34,13,21,0,0,0,34,5918.6,174.0765,174.0765,5918.6,174.0765,174.0765,Standard
Block32023roomtypes.xls,RoomSales,147,2023-07-04,2023-10-03,60,2023-07-14,0.9615,25,5,20,0,0,1,25,4789.9,191.596,191.596,4789.9,191.596,191.596,Suite
Block32023roomtypes.xls,RoomSales,155,2023-07-04,2023-10-03,60,2023-07-15,1.0,34,12,22,0,0,0,34,6095.9,179.2912,179.2912,6095.9,179.2912,179.2912,Standard
Block32023roomtypes.xls,RoomSales,160,2023-07-04,2023-10-03,60,2023-07-15,0.9615,25,8,17,0,0,1,25,4546.01,181.8404,181.8404,4546.01,181.8404,181.8404,Suite
Block32023roomtypes.xls,RoomSales,168,2023-07-04,2023-10-03,60,2023-07-16,0.7353,25,25,0,0,0,1,33,3260.07,130.4028,98.79,2835.07,113.4028,85.9112,Standard
Block32023roomtypes.xls,RoomSales,173,2023-07-04,2023-10-03,60,2023-07-16,0.5,13,13,0,0,0,2,24,1772.07,136.3131,73.8363,1772.07,136.3131,73.8363,Suite
Block32023roomtypes.xls,RoomSales,181,2023-07-04,2023-10-03,60,2023-07-17,0.5588,19,19,0,0,0,1,33,2103.47,110.7089,63.7415,2103.47,110.7089,63.7415,Standard
Block32023roomtypes.xls,RoomSales,186,2023-07-04,2023-10-03,60,2023-07-17,0.6154,16,16,0,0,0,0,26,2028.82,126.8012,78.0315,2028.82,126.8012,78.0315,Suite
Block32023roomtypes.xls,RoomSales,194,2023-07-04,2023-10-03,60,2023-07-18,0.8529,29,29,0,0,0,0,34,3419.04,117.8979,100.56,3419.04,117.8979,100.56,Standard
Block32023roomtypes.xls,RoomSales,199,2023-07-04,2023-10-03,60,2023-07-18,0.8846,23,23,0,0,0,0,26,3656.4,158.9739,140.6308,3656.4,158.9739,140.6308,Suite
Block32023roomtypes.xls,RoomSales,207,2023-07-04,2023-10-03,60,2023-07-19,0.8824,30,25,5,0,0,0,34,4503.42,150.114,132.4535,4503.42,150.114,132.4535,Standard
Block32023roomtypes.xls,RoomSales,212,2023-07-04,2023-10-03,60,2023-07-19,0.9231,24,24,0,0,0,0,26,3321.37,138.3904,127.745,3321.37,138.3904,127.745,Suite
Block32023roomtypes.xls,RoomSales,220,2023-07-04,2023-10-03,60,2023-07-20,0.9412,32,26,6,0,0,0,34,4768.85,149.0266,140.2603,4768.85,149.0266,140.2603,Standard
Block32023roomtypes.xls,RoomSales,225,2023-07-04,2023-10-03,60,2023-07-20,0.9231,24,24,0,0,0,0,26,3546.19,147.7579,136.3919,3546.19,147.7579,136.3919,Suite
Block32023roomtypes.xls,RoomSales,233,2023-07-04,2023-10-03,60,2023-07-21,0.9706,33,26,7,0,0,0,34,5111.97,154.9082,150.3521,5111.97,154.9082,150.3521,Standard
Block32023roomtypes.xls,RoomSales,238,2023-07-04,2023-10-03,60,2023-07-21,1.0,26,20,6,0,0,0,26,4354.49,167.4804,167.4804,4354.49,167.4804,167.4804,Suite
Block32023roomtypes.xls,RoomSales,246,2023-07-04,2023-10-03,60,2023-07-22,1.0,34,22,12,0,0,0,34,5001.87,147.1138,147.1138,5001.87,147.1138,147.1138,Standard
Block32023roomtypes.xls,RoomSales,251,2023-07-04,2023-10-03,60,2023-07-22,1.0,26,13,13,0,0,0,26,4886.26,187.9331,187.9331,4597.48,176.8262,176.8262,Suite
Block32023roomtypes.xls,RoomSales,259,2023-07-04,2023-10-03,60,2023-07-23,0.8235,28,24,4,0,0,1,33,3547.65,126.7018,107.5045,3547.65,126.7018,107.5045,Standard
Block32023roomtypes.xls,RoomSales,264,2023-07-04,2023-10-03,60,2023-07-23,0.8077,21,20,1,0,0,0,26,3289.67,156.651,126.5258,3241.22,154.3438,124.6623,Suite
Block32023roomtypes.xls,RoomSales,272,2023-07-04,2023-10-03,60,2023-07-24,0.9412,32,32,0,0,1,0,34,3632.38,113.5119,106.8347,2961.48,92.5463,87.1024,Standard
Block32023roomtypes.xls,RoomSales,277,2023-07-04,2023-10-03,60,2023-07-24,0.9231,24,24,0,0,0,1,25,3356.75,139.8646,134.27,3356.75,139.8646,134.27,Suite
Block32023roomtypes.xls,RoomSales,285,2023-07-04,2023-10-03,60,2023-07-25,0.9118,31,31,0,0,1,1,33,3669.92,118.3845,111.2097,3669.92,118.3845,111.2097,Standard
Block32023roomtypes.xls,RoomSales,290,2023-07-04,2023-10-03,60,2023-07-25,0.9231,24,24,0,0,0,0,26,3648.49,152.0204,140.3265,3648.49,152.0204,140.3265,Suite
Block32023roomtypes.xls,RoomSales,300,2023-07-04,2023-10-03,60,2023-07-26,0.9706,33,33,0,0,0,0,34,4237.53,128.41,124.6332,4237.53,128.41,124.6332,Standard
Block32023roomtypes.xls,RoomSales,305,2023-07-04,2023-10-03,60,2023-07-26,0.9615,25,25,0,1,0,0,26,3569.11,142.7644,137.2735,3569.11,142.7644,137.2735,Suite
Block32023roomtypes.xls,RoomSales,313,2023-07-04,2023-10-03,60,2023-07-27,1.0,34,32,2,0,0,0,34,4319.45,127.0426,127.0426,4319.45,127.0426,127.0426,Standard
Block32023roomtypes.xls,RoomSales,318,2023-07-04,2023-10-03,60,2023-07-27,0.9615,25,24,1,0,0,0,26,3558.71,142.3484,136.8735,3558.71,142.3484,136.8735,Suite
Block32023roomtypes.xls,RoomSales,326,2023-07-04,2023-10-03,60,2023-07-28,1.0,34,27,7,0,0,0,34,5029.91,147.9385,147.9385,4645.11,136.6209,136.6209,Standard
Block32023roomtypes.xls,RoomSales,331,2023-07-04,2023-10-03,60,2023-07-28,1.0,26,20,6,0,0,0,26,4279.63,164.6012,164.6012,4279.63,164.6012,164.6012,Suite
Block32023roomtypes.xls,RoomSales,339,2023-07-04,2023-10-03,60,2023-07-29,1.0,34,22,12,0,0,0,34,5412.22,159.1829,159.1829,5412.22,159.1829,159.1829,Standard
Block32023roomtypes.xls,RoomSales,344,2023-07-04,2023-10-03,60,2023-07-29,0.9615,25,16,9,0,0,1,25,4506.04,180.2416,180.2416,4506.04,180.2416,180.2416,Suite
Block32023roomtypes.xls,RoomSales,352,2023-07-04,2023-10-03,60,2023-07-30,0.8235,28,25,3,0,0,2,32,3555.79,126.9925,111.1184,3555.79,126.9925,111.1184,Standard
Block32023roomtypes.xls,RoomSales,357,2023-07-04,2023-10-03,60,2023-07-30,0.5385,14,14,0,0,0,6,20,2148.96,153.4971,107.448,2148.96,153.4971,107.448,Suite
Block32023roomtypes.xls,RoomSales,365,2023-07-04,2023-10-03,60,2023-07-31,0.9118,31,26,5,0,0,0,34,4166.3,134.3968,122.5382,3802.5,122.6613,111.8382,Standard
Block32023roomtypes.xls,RoomSales,370,2023-07-04,2023-10-03,60,2023-07-31,0.6154,16,16,0,0,0,2,24,2409.29,150.5806,100.3871,2409.29,150.5806,100.3871,Suite
Block32023roomtypes.xls,RoomSales,378,2023-07-04,2023-10-03,60,2023-08-01,0.7059,24,19,5,0,0,0,34,3481.47,145.0613,102.3962,3481.47,145.0613,102.3962,Standard
Block32023roomtypes.xls,RoomSales,383,2023-07-04,2023-10-03,60,2023-08-01,0.3462,9,9,0,0,0,0,26,1706.86,189.6511,65.6485,1706.86,189.6511,65.6485,Suite
Block32023roomtypes.xls,RoomSales,391,2023-07-04,2023-10-03,60,2023-08-02,0.8235,28,24,4,0,0,0,34,4040.25,144.2946,118.8309,4040.25,144.2946,118.8309,Standard
Block32023roomtypes.xls,RoomSales,396,2023-07-04,2023-10-03,60,2023-08-02,0.5,13,13,0,0,0,0,26,2138.03,164.4638,82.2319,2138.03,164.4638,82.2319,Suite
Block32023roomtypes.xls,RoomSales,404,2023-07-04,2023-10-03,60,2023-08-03,0.7353,25,21,4,0,0,2,32,3575.87,143.0348,111.7459,3575.87,143.0348,111.7459,Standard
Block32023roomtypes.xls,RoomSales,409,2023-07-04,2023-10-03,60,2023-08-03,0.5769,15,15,0,0,0,0,26,2486.01,165.734,95.6158,2486.01,165.734,95.6158,Suite
Block32023roomtypes.xls,RoomSales,417,2023-07-04,2023-10-03,60,2023-08-04,1.0,34,20,14,0,0,0,34,5587.58,164.3406,164.3406,5587.58,164.3406,164.3406,Standard
Block32023roomtypes.xls,RoomSales,422,2023-07-04,2023-10-03,60,2023-08-04,1.0,26,19,7,0,0,0,26,4437.63,170.6781,170.6781,4437.63,170.6781,170.6781,Suite
Block32023roomtypes.xls,RoomSales,430,2023-07-04,2023-10-03,60,2023-08-05,1.0,34,8,26,0,0,0,34,6486.66,190.7841,190.7841,6486.66,190.7841,190.7841,Standard
Block32023roomtypes.xls,RoomSales,435,2023-07-04,2023-10-03,60,2023-08-05,1.0,26,13,13,0,0,0,26,5199.36,199.9754,199.9754,4966.46,191.0177,191.0177,Suite
Block32023roomtypes.xls,RoomSales,443,2023-07-04,2023-10-03,60,2023-08-06,0.3235,11,11,0,0,0,8,26,1960.02,178.1836,75.3854,1960.02,178.1836,75.3854,Standard
Block32023roomtypes.xls,RoomSales,448,2023-07-04,2023-10-03,60,2023-08-06,0.2692,7,7,0,0,0,11,15,1214.19,173.4557,80.946,1214.19,173.4557,80.946,Suite
Block32023roomtypes.xls,RoomSales,456,2023-07-04,2023-10-03,60,2023-08-07,0.4118,14,14,0,0,0,1,33,2120.34,151.4529,64.2527,2120.34,151.4529,64.2527,Standard
Block32023roomtypes.xls,RoomSales,461,2023-07-04,2023-10-03,60,2023-08-07,0.3846,10,10,0,0,0,2,24,1698.99,169.899,70.7913,1223.99,122.399,50.9996,Suite
Block32023roomtypes.xls,RoomSales,469,2023-07-04,2023-10-03,60,2023-08-08,0.6176,21,21,0,0,0,1,33,3398.77,161.8462,102.993,3398.77,161.8462,102.993,Standard
Block32023roomtypes.xls,RoomSales,474,2023-07-04,2023-10-03,60,2023-08-08,0.3846,10,10,0,0,0,1,25,1874.7,187.47,74.988,1610.7,161.07,64.428,Suite
Block32023roomtypes.xls,RoomSales,482,2023-07-04,2023-10-03,60,2023-08-09,0.4706,16,16,0,0,0,1,33,2550.28,159.3925,77.2812,2550.28,159.3925,77.2812,Standard
Block32023roomtypes.xls,RoomSales,487,2023-07-04,2023-10-03,60,2023-08-09,0.4231,11,11,0,0,0,1,25,1632.94,148.4491,65.3176,1632.94,148.4491,65.3176,Suite
Block32023roomtypes.xls,RoomSales,495,2023-07-04,2023-10-03,60,2023-08-10,0.5588,19,18,1,0,0,0,34,2849.06,149.9505,83.7959,2849.06,149.9505,83.7959,Standard
Block32023roomtypes.xls,RoomSales,500,2023-07-04,2023-10-03,60,2023-08-10,0.5385,14,12,2,0,0,1,25,2238.35,159.8821,89.534,2238.35,159.8821,89.534,Suite
Block32023roomtypes.xls,RoomSales,508,2023-07-04,2023-10-03,60,2023-08-11,1.0,34,17,17,0,0,0,34,6149.52,180.8682,180.8682,5959.12,175.2682,175.2682,Standard
Block32023roomtypes.xls,RoomSales,513,2023-07-04,2023-10-03,60,2023-08-11,1.0,26,12,14,0,0,0,26,5045.43,194.055,194.055,5045.43,194.055,194.055,Suite
Block32023roomtypes.xls,RoomSales,521,2023-07-04,2023-10-03,60,2023-08-12,1.0,34,13,21,0,0,0,34,6307.55,185.5162,185.5162,6235.75,183.4044,183.4044,Standard
Block32023roomtypes.xls,RoomSales,526,2023-07-04,2023-10-03,60,2023-08-12,1.0,26,10,16,0,0,0,26,5063.11,194.735,194.735,5023.44,193.2092,193.2092,Suite
Block32023roomtypes.xls,RoomSales,534,2023-07-04,2023-10-03,60,2023-08-13,0.3824,13,8,5,0,0,0,34,2403.89,184.9146,70.7026,2403.89,184.9146,70.7026,Standard
Block32023roomtypes.xls,RoomSales,539,2023-07-04,2023-10-03,60,2023-08-13,0.5,13,8,5,0,0,1,25,2439.33,187.6408,97.5732,2439.33,187.6408,97.5732,Suite
Block32023roomtypes.xls,RoomSales,547,2023-07-04,2023-10-03,60,2023-08-14,0.6176,21,21,0,0,0,1,33,2818.84,134.2305,85.4194,2818.84,134.2305,85.4194,Standard
Block32023roomtypes.xls,RoomSales,552,2023-07-04,2023-10-03,60,2023-08-14,0.3462,9,9,0,0,0,2,24,1303.24,144.8044,54.3017,1303.24,144.8044,54.3017,Suite
Block32023roomtypes.xls,RoomSales,560,2023-07-04,2023-10-03,60,2023-08-15,0.4412,15,15,0,0,0,0,34,2092.4,139.4933,61.5412,2092.4,139.4933,61.5412,Standard
Block32023roomtypes.xls,RoomSales,565,2023-07-04,2023-10-03,60,2023-08-15,0.5385,14,14,0,0,0,3,23,1961.03,140.0736,85.2622,1961.03,140.0736,85.2622,Suite
Block32023roomtypes.xls,RoomSales,573,2023-07-04,2023-10-03,60,2023-08-16,0.7353,25,25,0,0,0,0,34,3412.73,136.5092,100.3744,3412.73,136.5092,100.3744,Standard
Block32023roomtypes.xls,RoomSales,578,2023-07-04,2023-10-03,60,2023-08-16,0.4231,11,11,0,0,0,4,22,1630.32,148.2109,74.1055,1630.32,148.2109,74.1055,Suite
Block32023roomtypes.xls,RoomSales,586,2023-07-04,2023-10-03,60,2023-08-17,0.7647,26,24,2,0,0,1,33,4554.51,175.1735,138.0155,4113.71,158.2196,124.6579,Standard
Block32023roomtypes.xls,RoomSales,591,2023-07-04,2023-10-03,60,2023-08-17,0.1923,5,3,2,0,0,2,24,1051.55,210.31,43.8146,827.15,165.43,34.4646,Suite
Block32023roomtypes.xls,RoomSales,599,2023-07-04,2023-10-03,60,2023-08-18,1.0,34,23,11,0,0,0,34,5801.79,170.6409,170.6409,5801.79,170.6409,170.6409,Standard
Block32023roomtypes.xls,RoomSales,604,2023-07-04,2023-10-03,60,2023-08-18,1.0,26,16,10,0,0,0,26,4894.45,188.2481,188.2481,4894.45,188.2481,188.2481,Suite
Block32023roomtypes.xls,RoomSales,612,2023-07-04,2023-10-03,60,2023-08-19,1.0,34,22,12,0,0,0,34,6256.54,184.0159,184.0159,6256.54,184.0159,184.0159,Standard
Block32023roomtypes.xls,RoomSales,617,2023-07-04,2023-10-03,60,2023-08-19,1.0,26,15,11,0,0,0,26,5027.82,193.3777,193.3777,5027.82,193.3777,193.3777,Suite
Block32023roomtypes.xls,RoomSales,625,2023-07-04,2023-10-03,60,2023-08-20,0.6176,21,20,1,0,0,1,33,2862.71,136.3195,86.7488,2862.71,136.3195,86.7488,Standard
Block32023roomtypes.xls,RoomSales,630,2023-07-04,2023-10-03,60,2023-08-20,0.3462,9,8,1,0,0,3,23,1525.1,169.4556,66.3087,1525.1,169.4556,66.3087,Suite
Block32023roomtypes.xls,RoomSales,638,2023-07-04,2023-10-03,60,2023-08-21,0.5588,19,19,0,0,0,5,29,2526.63,132.9805,87.1252,2526.63,132.9805,87.1252,Standard
Block32023roomtypes.xls,RoomSales,643,2023-07-04,2023-10-03,60,2023-08-21,0.1923,5,5,0,0,0,4,22,723.59,144.718,32.8905,723.59,144.718,32.8905,Suite
Block32023roomtypes.xls,RoomSales,651,2023-07-04,2023-10-03,60,2023-08-22,0.5,17,17,0,0,0,1,33,2241.7,131.8647,67.9303,2241.7,131.8647,67.9303,Standard
Block32023roomtypes.xls,RoomSales,656,2023-07-04,2023-10-03,60,2023-08-22,0.3846,10,10,0,0,0,0,26,1212.56,121.256,46.6369,1212.56,121.256,46.6369,Suite
Block32023roomtypes.xls,RoomSales,664,2023-07-04,2023-10-03,60,2023-08-23,0.4706,16,16,0,0,0,3,31,2100.21,131.2631,67.7487,1922.56,120.16,62.0181,Standard
Block32023roomtypes.xls,RoomSales,669,2023-07-04,2023-10-03,60,2023-08-23,0.2308,6,3,3,0,3,0,26,837.74,139.6233,32.2208,837.74,139.6233,32.2208,Suite
Block32023roomtypes.xls,RoomSales,677,2023-07-04,2023-10-03,60,2023-08-24,0.2941,10,-11,21,0,21,1,33,1081.73,108.173,32.7797,1081.73,108.173,32.7797,Standard
Block32023roomtypes.xls,RoomSales,682,2023-07-04,2023-10-03,60,2023-08-24,0.0,0,-19,19,0,19,0,26,113.28,0.0,4.3569,113.28,0.0,4.3569,Suite
Block32023roomtypes.xls,RoomSales,690,2023-07-04,2023-10-03,60,2023-08-25,0.0294,1,-32,33,1,33,1,33,433.95,433.95,13.15,128.65,128.65,3.8985,Standard
Block32023roomtypes.xls,RoomSales,695,2023-07-04,2023-10-03,60,2023-08-25,0.0,0,-26,26,0,26,0,26,0.0,0.0,0.0,0.0,0.0,0.0,Suite
Block32023roomtypes.xls,RoomSales,703,2023-07-04,2023-10-03,60,2023-08-26,0.0,0,-34,34,0,34,0,34,0.0,0.0,0.0,0.0,0.0,0.0,Standard
Block32023roomtypes.xls,RoomSales,708,2023-07-04,2023-10-03,60,2023-08-26,0.0,0,-26,26,0,26,0,26,0.0,0.0,0.0,0.0,0.0,0.0,Suite
Block32023roomtypes.xls,RoomSales,716,2023-07-04,2023-10-03,60,2023-08-27,0.3235,11,6,5,0,5,1,33,1243.8,113.0727,37.6909,1243.8,113.0727,37.6909,Standard
Block32023roomtypes.xls,RoomSales,721,2023-07-04,2023-10-03,60,2023-08-27,0.0769,2,-5,7,0,8,1,25,324.94,162.47,12.9976,324.94,162.47,12.9976,Suite
Block32023roomtypes.xls,RoomSales,729,2023-07-04,2023-10-03,60,2023-08-28,0.8529,29,29,0,0,0,4,30,3744.94,129.1359,124.8313,3744.94,129.1359,124.8313,Standard
Block32023roomtypes.xls,RoomSales,734,2023-07-04,2023-10-03,60,2023-08-28,0.6923,18,18,0,0,1,1,25,2527.7,140.4278,101.108,2527.7,140.4278,101.108,Suite
Block32023roomtypes.xls,RoomSales,742,2023-07-04,2023-10-03,60,2023-08-29,0.8529,29,29,0,0,0,3,31,4071.19,140.3859,131.3287,4071.19,140.3859,131.3287,Standard
Block32023roomtypes.xls,RoomSales,747,2023-07-04,2023-10-03,60,2023-08-29,0.4231,11,11,0,0,0,1,25,1398.04,127.0945,55.9216,1398.04,127.0945,55.9216,Suite
Block32023roomtypes.xls,RoomSales,755,2023-07-04,2023-10-03,60,2023-08-30,0.9412,32,32,0,0,0,2,32,4490.84,140.3388,140.3388,4490.84,140.3388,140.3388,Standard
Block32023roomtypes.xls,RoomSales,760,2023-07-04,2023-10-03,60,2023-08-30,0.8846,23,23,0,0,0,1,25,3077.5,133.8043,123.1,3077.5,133.8043,123.1,Suite
Block32023roomtypes.xls,RoomSales,768,2023-07-04,2023-10-03,60,2023-08-31,1.0,34,20,14,0,0,0,34,5903.77,173.6403,173.6403,5903.77,173.6403,173.6403,Standard
Block32023roomtypes.xls,RoomSales,773,2023-07-04,2023-10-03,60,2023-08-31,1.0,26,16,10,0,0,0,26,4843.86,186.3023,186.3023,4843.86,186.3023,186.3023,Suite
Block32023roomtypes.xls,RoomSales,781,2023-07-04,2023-10-03,60,2023-09-01,1.0,34,8,26,0,0,0,34,6588.3,193.7735,193.7735,6588.3,193.7735,193.7735,Standard
Block32023roomtypes.xls,RoomSales,786,2023-07-04,2023-10-03,60,2023-09-01,1.0,26,6,20,0,0,0,26,4998.63,192.255,192.255,4998.63,192.255,192.255,Suite
Block32023roomtypes.xls,RoomSales,794,2023-07-04,2023-10-03,60,2023-09-02,1.0,34,8,26,0,0,0,34,6319.68,185.8729,185.8729,6319.68,185.8729,185.8729,Standard
Block32023roomtypes.xls,RoomSales,799,2023-07-04,2023-10-03,60,2023-09-02,1.0,26,4,22,0,0,0,26,4948.62,190.3315,190.3315,4948.62,190.3315,190.3315,Suite
Block32023roomtypes.xls,RoomSales,807,2023-07-04,2023-10-03,60,2023-09-03,1.0,34,19,15,0,0,0,34,5765.49,169.5732,169.5732,5765.49,169.5732,169.5732,Standard
Block32023roomtypes.xls,RoomSales,812,2023-07-04,2023-10-03,60,2023-09-03,1.0,26,14,12,0,0,0,26,4286.77,164.8758,164.8758,4286.77,164.8758,164.8758,Suite
Block32023roomtypes.xls,RoomSales,820,2023-07-04,2023-10-03,60,2023-09-04,0.6176,21,21,0,0,0,0,34,3023.34,143.9686,88.9218,3023.34,143.9686,88.9218,Standard
Block32023roomtypes.xls,RoomSales,825,2023-07-04,2023-10-03,60,2023-09-04,0.3846,10,10,0,0,0,0,26,1439.53,143.953,55.3665,1439.53,143.953,55.3665,Suite
Block32023roomtypes.xls,RoomSales,833,2023-07-04,2023-10-03,60,2023-09-05,0.5294,18,18,0,0,0,1,33,2320.61,128.9228,70.3215,2320.61,128.9228,70.3215,Standard
Block32023roomtypes.xls,RoomSales,838,2023-07-04,2023-10-03,60,2023-09-05,0.4231,11,11,0,0,0,4,22,1318.39,119.8536,59.9268,1318.39,119.8536,59.9268,Suite
Block32023roomtypes.xls,RoomSales,846,2023-07-04,2023-10-03,60,2023-09-06,0.6765,23,16,7,0,0,1,33,3330.09,144.7865,100.9118,3139.62,136.5052,95.14,Standard
Block32023roomtypes.xls,RoomSales,851,2023-07-04,2023-10-03,60,2023-09-06,0.3462,9,8,1,0,0,0,26,1182.81,131.4233,45.4927,1182.81,131.4233,45.4927,Suite
Block32023roomtypes.xls,RoomSales,859,2023-07-04,2023-10-03,60,2023-09-07,0.9412,32,14,18,0,0,0,34,5518.81,172.4628,162.3179,5518.81,172.4628,162.3179,Standard
Block32023roomtypes.xls,RoomSales,864,2023-07-04,2023-10-03,60,2023-09-07,0.6923,18,12,6,0,0,0,26,2732.22,151.79,105.0854,2732.22,151.79,105.0854,Suite
Block32023roomtypes.xls,RoomSales,872,2023-07-04,2023-10-03,60,2023-09-08,1.0,34,9,25,0,0,0,34,6904.99,203.0879,203.0879,6660.98,195.9112,195.9112,Standard
Block32023roomtypes.xls,RoomSales,877,2023-07-04,2023-10-03,60,2023-09-08,1.0,26,11,15,0,0,0,26,4874.33,187.4742,187.4742,4874.33,187.4742,187.4742,Suite
Block32023roomtypes.xls,RoomSales,885,2023-07-04,2023-10-03,60,2023-09-09,0.9706,33,14,19,0,0,1,33,6321.19,191.5512,191.5512,6113.79,185.2664,185.2664,Standard
Block32023roomtypes.xls,RoomSales,890,2023-07-04,2023-10-03,60,2023-09-09,0.9615,25,13,12,0,0,1,25,5129.48,205.1792,205.1792,4909.33,196.3732,196.3732,Suite
Block32023roomtypes.xls,RoomSales,898,2023-07-04,2023-10-03,60,2023-09-10,0.3235,11,11,0,0,0,1,33,1573.94,143.0855,47.6952,1573.94,143.0855,47.6952,Standard
Block32023roomtypes.xls,RoomSales,903,2023-07-04,2023-10-03,60,2023-09-10,0.2308,6,6,0,0,0,1,25,815.14,135.8567,32.6056,815.14,135.8567,32.6056,Suite
Block32023roomtypes.xls,RoomSales,911,2023-07-04,2023-10-03,60,2023-09-11,0.4412,15,15,0,0,0,1,33,1973.37,131.558,59.7991,1973.37,131.558,59.7991,Standard
Block32023roomtypes.xls,RoomSales,916,2023-07-04,2023-10-03,60,2023-09-11,0.1923,5,5,0,0,0,2,24,588.03,117.606,24.5012,588.03,117.606,24.5012,Suite
Block32023roomtypes.xls,RoomSales,924,2023-07-04,2023-10-03,60,2023-09-12,0.6765,23,21,2,0,0,1,33,2837.7,123.3783,85.9909,2837.7,123.3783,85.9909,Standard
Block32023roomtypes.xls,RoomSales,929,2023-07-04,2023-10-03,60,2023-09-12,0.6538,17,7,10,0,0,1,25,2750.6,161.8,110.024,2750.6,161.8,110.024,Suite
Block32023roomtypes.xls,RoomSales,937,2023-07-04,2023-10-03,60,2023-09-13,0.9412,32,21,11,0,0,0,34,4049.33,126.5416,119.0979,4049.33,126.5416,119.0979,Standard
Block32023roomtypes.xls,RoomSales,942,2023-07-04,2023-10-03,60,2023-09-13,0.9615,25,9,16,0,0,1,25,4017.56,160.7024,160.7024,4017.56,160.7024,160.7024,Suite
Block32023roomtypes.xls,RoomSales,950,2023-07-04,2023-10-03,60,2023-09-14,0.8235,28,11,17,0,1,0,34,3374.67,120.5239,99.255,3374.67,120.5239,99.255,Standard
Block32023roomtypes.xls,RoomSales,955,2023-07-04,2023-10-03,60,2023-09-14,0.7308,19,7,12,0,2,0,26,2611.99,137.4732,100.4612,2611.99,137.4732,100.4612,Suite
Block32023roomtypes.xls,RoomSales,963,2023-07-04,2023-10-03,60,2023-09-15,0.9706,33,25,8,0,0,0,34,5948.37,180.2536,174.9521,5770.72,174.8703,169.7271,Standard
Block32023roomtypes.xls,RoomSales,968,2023-07-04,2023-10-03,60,2023-09-15,1.0,26,19,7,0,0,0,26,4994.66,192.1023,192.1023,4994.66,192.1023,192.1023,Suite
Block32023roomtypes.xls,RoomSales,976,2023-07-04,2023-10-03,60,2023-09-16,1.0,34,17,17,0,0,0,34,6102.41,179.4826,179.4826,6102.41,179.4826,179.4826,Standard
Block32023roomtypes.xls,RoomSales,981,2023-07-04,2023-10-03,60,2023-09-16,1.0,26,11,15,0,0,0,26,5257.75,202.2212,202.2212,5257.75,202.2212,202.2212,Suite
Block32023roomtypes.xls,RoomSales,989,2023-07-04,2023-10-03,60,2023-09-17,0.7353,25,25,0,0,0,0,34,3036.76,121.4704,89.3165,3036.76,121.4704,89.3165,Standard
Block32023roomtypes.xls,RoomSales,994,2023-07-04,2023-10-03,60,2023-09-17,0.4615,12,12,0,0,0,1,25,1566.8,130.5667,62.672,1566.8,130.5667,62.672,Suite
Block32023roomtypes.xls,RoomSales,1004,2023-07-04,2023-10-03,60,2023-09-18,0.7059,24,24,0,0,0,0,34,3105.75,129.4062,91.3456,2646.75,110.2812,77.8456,Standard
Block32023roomtypes.xls,RoomSales,1009,2023-07-04,2023-10-03,60,2023-09-18,0.7692,20,20,0,0,0,1,25,2740.5,137.025,109.62,2740.5,137.025,109.62,Suite
Block32023roomtypes.xls,RoomSales,1017,2023-07-04,2023-10-03,60,2023-09-19,0.8235,28,27,1,0,0,2,32,4041.2,144.3286,126.2875,4041.2,144.3286,126.2875,Standard
Block32023roomtypes.xls,RoomSales,1022,2023-07-04,2023-10-03,60,2023-09-19,0.9231,24,22,2,0,0,1,25,3289.56,137.065,131.5824,3289.56,137.065,131.5824,Suite
Block32023roomtypes.xls,RoomSales,1030,2023-07-04,2023-10-03,60,2023-09-20,0.9706,33,22,11,0,0,0,34,4584.48,138.9236,134.8376,4584.48,138.9236,134.8376,Standard
Block32023roomtypes.xls,RoomSales,1035,2023-07-04,2023-10-03,60,2023-09-20,0.9615,25,16,9,0,0,1,25,3169.97,126.7988,126.7988,3169.97,126.7988,126.7988,Suite
Block32023roomtypes.xls,RoomSales,1043,2023-07-04,2023-10-03,60,2023-09-21,0.9412,32,14,18,0,2,0,34,4810.94,150.3419,141.4982,4810.94,150.3419,141.4982,Standard
Block32023roomtypes.xls,RoomSales,1048,2023-07-04,2023-10-03,60,2023-09-21,0.9615,25,11,14,0,0,0,26,4330.84,173.2336,166.5708,4330.84,173.2336,166.5708,Suite
Block32023roomtypes.xls,RoomSales,1056,2023-07-04,2023-10-03,60,2023-09-22,1.0,34,3,31,0,0,0,34,6390.33,187.9509,187.9509,6251.33,183.8626,183.8626,Standard
Block32023roomtypes.xls,RoomSales,1061,2023-07-04,2023-10-03,60,2023-09-22,1.0,26,2,24,0,0,0,26,5105.0,196.3462,196.3462,5105.0,196.3462,196.3462,Suite
Block32023roomtypes.xls,RoomSales,1069,2023-07-04,2023-10-03,60,2023-09-23,1.0,34,18,16,0,0,0,34,7184.99,211.3232,211.3232,7184.99,211.3232,211.3232,Standard
Block32023roomtypes.xls,RoomSales,1074,2023-07-04,2023-10-03,60,2023-09-23,0.9615,25,14,11,0,0,1,25,5586.21,223.4484,223.4484,5388.21,215.5284,215.5284,Suite
Block32023roomtypes.xls,RoomSales,1082,2023-07-04,2023-10-03,60,2023-09-24,0.5882,20,20,0,0,0,0,34,2580.27,129.0135,75.8903,2580.27,129.0135,75.8903,Standard
Block32023roomtypes.xls,RoomSales,1087,2023-07-04,2023-10-03,60,2023-09-24,0.5,13,13,0,0,0,2,24,1407.54,108.2723,58.6475,1407.54,108.2723,58.6475,Suite
Block32023roomtypes.xls,RoomSales,1095,2023-07-04,2023-10-03,60,2023-09-25,0.7647,26,26,0,0,0,0,34,3005.5,115.5962,88.3971,3005.5,115.5962,88.3971,Standard
Block32023roomtypes.xls,RoomSales,1100,2023-07-04,2023-10-03,60,2023-09-25,0.5769,15,15,0,0,0,3,23,1845.22,123.0147,80.227,1845.22,123.0147,80.227,Suite
Block32023roomtypes.xls,RoomSales,1108,2023-07-04,2023-10-03,60,2023-09-26,0.8824,30,30,0,0,0,0,34,3619.96,120.6653,106.4694,3619.96,120.6653,106.4694,Standard
Block32023roomtypes.xls,RoomSales,1113,2023-07-04,2023-10-03,60,2023-09-26,0.6923,18,18,0,0,0,2,24,2158.2,119.9,89.925,2158.2,119.9,89.925,Suite
Block32023roomtypes.xls,RoomSales,1121,2023-07-04,2023-10-03,60,2023-09-27,0.9412,32,32,0,0,0,0,34,3844.51,120.1409,113.0738,3844.51,120.1409,113.0738,Standard
Block32023roomtypes.xls,RoomSales,1126,2023-07-04,2023-10-03,60,2023-09-27,0.7308,19,19,0,0,0,2,24,2571.97,135.3668,107.1654,2571.97,135.3668,107.1654,Suite
Block32023roomtypes.xls,RoomSales,1134,2023-07-04,2023-10-03,60,2023-09-28,1.0,34,29,5,0,0,0,34,4769.0,140.2647,140.2647,4769.0,140.2647,140.2647,Standard
Block32023roomtypes.xls,RoomSales,1139,2023-07-04,2023-10-03,60,2023-09-28,0.9231,24,19,5,0,0,1,25,4313.71,179.7379,172.5484,4313.71,179.7379,172.5484,Suite
Block32023roomtypes.xls,RoomSales,1147,2023-07-04,2023-10-03,60,2023-09-29,1.0,34,8,26,0,0,0,34,6340.24,186.4776,186.4776,6340.24,186.4776,186.4776,Standard
Block32023roomtypes.xls,RoomSales,1152,2023-07-04,2023-10-03,60,2023-09-29,1.0,26,7,19,0,0,0,26,5464.9,210.1885,210.1885,5270.25,202.7019,202.7019,Suite
Block32023roomtypes.xls,RoomSales,1160,2023-07-04,2023-10-03,60,2023-09-30,1.0,34,15,19,0,0,0,34,6066.16,178.4165,178.4165,6066.16,178.4165,178.4165,Standard
Block32023roomtypes.xls,RoomSales,1165,2023-07-04,2023-10-03,60,2023-09-30,1.0,26,11,15,0,0,0,26,5572.65,214.3327,214.3327,5364.15,206.3135,206.3135,Suite
Block32023roomtypes.xls,RoomSales,1173,2023-07-04,2023-10-03,60,2023-10-01,0.9706,33,29,4,0,0,1,33,5313.18,161.0055,161.0055,5313.18,161.0055,161.0055,Standard
Block32023roomtypes.xls,RoomSales,1178,2023-07-04,2023-10-03,60,2023-10-01,0.8462,22,20,2,0,0,4,22,3369.38,153.1536,153.1536,3369.38,153.1536,153.1536,Suite
Block32023roomtypes.xls,RoomSales,1186,2023-07-04,2023-10-03,60,2023-10-02,0.8824,30,30,0,0,0,1,33,4153.34,138.4447,125.8588,4153.34,138.4447,125.8588,Standard
Block32023roomtypes.xls,RoomSales,1191,2023-07-04,2023-10-03,60,2023-10-02,0.4615,12,11,1,0,0,5,21,1827.73,152.3108,87.0348,1827.73,152.3108,87.0348,Suite
Block32023roomtypes.xls,RoomSales,1199,2023-07-04,2023-10-03,60,2023-10-03,0.8235,28,28,0,0,0,1,33,3839.02,137.1079,116.3339,3839.02,137.1079,116.3339,Standard
Block32023roomtypes.xls,RoomSales,1204,2023-07-04,2023-10-03,60,2023-10-03,0.6538,17,17,0,0,0,2,24,2261.98,133.0576,94.2492,2063.98,121.4106,85.9992,Suite
Block 4 October 4 to December 31.xls,RoomSales,12,2023-10-04,2023-12-31,60,2023-10-04,0.7647,26,26,0,0,0,1,33,3665.21,140.9696,111.067,3665.21,140.9696,111.067,Standard
Block 4 October 4 to December 31.xls,RoomSales,17,2023-10-04,2023-12-31,60,2023-10-04,0.6923,18,18,0,0,0,2,24,2598.64,144.3689,108.2767,2598.64,144.3689,108.2767,Suite
Block 4 October 4 to December 31.xls,RoomSales,25,2023-10-04,2023-12-31,60,2023-10-05,0.9706,33,18,15,0,0,1,33,5558.49,168.4391,168.4391,5558.49,168.4391,168.4391,Standard
Block 4 October 4 to December 31.xls,RoomSales,30,2023-10-04,2023-12-31,60,2023-10-05,0.8846,23,13,10,0,0,2,24,4007.24,174.2278,166.9683,4007.24,174.2278,166.9683,Suite
Block 4 October 4 to December 31.xls,RoomSales,38,2023-10-04,2023-12-31,60,2023-10-06,1.0,34,5,29,0,0,0,34,6767.7,199.05,199.05,6767.7,199.05,199.05,Standard
Block 4 October 4 to December 31.xls,RoomSales,43,2023-10-04,2023-12-31,60,2023-10-06,0.9615,25,4,21,0,0,0,26,5444.68,217.7872,209.4108,5021.38,200.8552,193.13,Suite
Block 4 October 4 to December 31.xls,RoomSales,53,2023-10-04,2023-12-31,60,2023-10-07,1.0,34,6,28,0,0,0,34,6231.56,183.2812,183.2812,6231.56,183.2812,183.2812,Standard
Block 4 October 4 to December 31.xls,RoomSales,58,2023-10-04,2023-12-31,60,2023-10-07,1.0,26,3,23,0,0,0,26,5212.74,200.49,200.49,5212.74,200.49,200.49,Suite
Block 4 October 4 to December 31.xls,RoomSales,66,2023-10-04,2023-12-31,60,2023-10-08,0.9706,33,11,22,0,0,0,34,5762.15,174.6106,169.475,5762.15,174.6106,169.475,Standard
Block 4 October 4 to December 31.xls,RoomSales,71,2023-10-04,2023-12-31,60,2023-10-08,1.0,26,11,15,0,0,0,26,4904.01,188.6158,188.6158,4904.01,188.6158,188.6158,Suite
Block 4 October 4 to December 31.xls,RoomSales,79,2023-10-04,2023-12-31,60,2023-10-09,0.7941,27,19,8,0,0,1,33,3382.8,125.2889,102.5091,3382.8,125.2889,102.5091,Standard
Block 4 October 4 to December 31.xls,RoomSales,84,2023-10-04,2023-12-31,60,2023-10-09,0.6538,17,16,1,0,0,0,26,2279.04,134.0612,87.6554,2279.04,134.0612,87.6554,Suite
Block 4 October 4 to December 31.xls,RoomSales,92,2023-10-04,2023-12-31,60,2023-10-10,0.7353,25,25,0,0,0,2,32,3172.44,126.8976,99.1388,3172.44,126.8976,99.1388,Standard
Block 4 October 4 to December 31.xls,RoomSales,97,2023-10-04,2023-12-31,60,2023-10-10,0.6923,18,18,0,0,0,1,25,2541.42,141.19,101.6568,2541.42,141.19,101.6568,Suite
Block 4 October 4 to December 31.xls,RoomSales,105,2023-10-04,2023-12-31,60,2023-10-11,0.7941,27,27,0,0,0,1,33,3483.84,129.0311,105.5709,3483.84,129.0311,105.5709,Standard
Block 4 October 4 to December 31.xls,RoomSales,110,2023-10-04,2023-12-31,60,2023-10-11,0.8846,23,23,0,0,0,1,25,3423.67,148.8552,136.9468,3423.67,148.8552,136.9468,Suite
Block 4 October 4 to December 31.xls,RoomSales,118,2023-10-04,2023-12-31,60,2023-10-12,1.0,34,22,12,0,0,0,34,5512.19,162.1232,162.1232,5512.19,162.1232,162.1232,Standard
Block 4 October 4 to December 31.xls,RoomSales,123,2023-10-04,2023-12-31,60,2023-10-12,1.0,26,18,8,0,0,0,26,4130.48,158.8646,158.8646,4130.48,158.8646,158.8646,Suite
Block 4 October 4 to December 31.xls,RoomSales,131,2023-10-04,2023-12-31,60,2023-10-13,1.0,34,10,24,0,0,0,34,6510.41,191.4826,191.4826,6483.85,190.7015,190.7015,Standard
Block 4 October 4 to December 31.xls,RoomSales,136,2023-10-04,2023-12-31,60,2023-10-13,0.9615,25,8,17,0,1,0,26,5433.96,217.3584,208.9985,5433.96,217.3584,208.9985,Suite
Block 4 October 4 to December 31.xls,RoomSales,144,2023-10-04,2023-12-31,60,2023-10-14,0.9706,33,10,23,0,0,0,34,6268.93,189.9676,184.3803,6268.93,189.9676,184.3803,Standard
Block 4 October 4 to December 31.xls,RoomSales,149,2023-10-04,2023-12-31,60,2023-10-14,0.9615,25,7,18,0,0,0,26,5499.4,219.976,211.5154,5499.4,219.976,211.5154,Suite
Block 4 October 4 to December 31.xls,RoomSales,157,2023-10-04,2023-12-31,60,2023-10-15,0.8235,28,19,9,0,0,0,34,4639.51,165.6968,136.4562,4639.51,165.6968,136.4562,Standard
Block 4 October 4 to December 31.xls,RoomSales,162,2023-10-04,2023-12-31,60,2023-10-15,0.6538,17,13,4,0,0,2,24,3027.72,178.1012,126.155,2841.4,167.1412,118.3917,Suite
Block 4 October 4 to December 31.xls,RoomSales,170,2023-10-04,2023-12-31,60,2023-10-16,0.8824,30,30,0,0,0,3,31,4374.05,145.8017,141.0984,4374.05,145.8017,141.0984,Standard
Block 4 October 4 to December 31.xls,RoomSales,175,2023-10-04,2023-12-31,60,2023-10-16,0.6154,16,16,0,0,0,7,19,2341.52,146.345,123.2379,2341.52,146.345,123.2379,Suite
Block 4 October 4 to December 31.xls,RoomSales,183,2023-10-04,2023-12-31,60,2023-10-17,0.8529,29,29,0,0,0,3,31,3572.42,123.1869,115.2394,3572.42,123.1869,115.2394,Standard
Block 4 October 4 to December 31.xls,RoomSales,188,2023-10-04,2023-12-31,60,2023-10-17,0.6923,18,18,0,0,0,7,19,2612.31,145.1283,137.49,2612.31,145.1283,137.49,Suite
Block 4 October 4 to December 31.xls,RoomSales,196,2023-10-04,2023-12-31,60,2023-10-18,0.8529,29,29,0,0,0,0,34,4229.6,145.8483,124.4,4229.6,145.8483,124.4,Standard
Block 4 October 4 to December 31.xls,RoomSales,201,2023-10-04,2023-12-31,60,2023-10-18,0.7692,20,20,0,0,0,1,25,3164.12,158.206,126.5648,3164.12,158.206,126.5648,Suite
Block 4 October 4 to December 31.xls,RoomSales,209,2023-10-04,2023-12-31,60,2023-10-19,1.0,34,21,13,0,0,0,34,5434.69,159.8438,159.8438,5434.69,159.8438,159.8438,Standard
Block 4 October 4 to December 31.xls,RoomSales,214,2023-10-04,2023-12-31,60,2023-10-19,0.9615,25,11,14,0,0,0,26,4482.95,179.318,172.4212,4482.95,179.318,172.4212,Suite
Block 4 October 4 to December 31.xls,RoomSales,222,2023-10-04,2023-12-31,60,2023-10-20,1.0,34,17,17,0,0,0,34,6259.15,184.0926,184.0926,6259.15,184.0926,184.0926,Standard
Block 4 October 4 to December 31.xls,RoomSales,227,2023-10-04,2023-12-31,60,2023-10-20,1.0,26,9,17,0,0,0,26,4859.82,186.9162,186.9162,4859.82,186.9162,186.9162,Suite
Block 4 October 4 to December 31.xls,RoomSales,235,2023-10-04,2023-12-31,60,2023-10-21,1.0,34,16,18,0,0,0,34,5875.77,172.8168,172.8168,5875.77,172.8168,172.8168,Standard
Block 4 October 4 to December 31.xls,RoomSales,240,2023-10-04,2023-12-31,60,2023-10-21,1.0,26,11,15,0,0,0,26,4887.23,187.9704,187.9704,4887.23,187.9704,187.9704,Suite
Block 4 October 4 to December 31.xls,RoomSales,248,2023-10-04,2023-12-31,60,2023-10-22,0.9118,31,13,18,0,0,1,33,5255.85,169.5435,159.2682,5255.85,169.5435,159.2682,Standard
Block 4 October 4 to December 31.xls,RoomSales,253,2023-10-04,2023-12-31,60,2023-10-22,0.9231,24,15,9,0,0,0,26,4394.39,183.0996,169.015,4190.16,174.59,161.16,Suite
Block 4 October 4 to December 31.xls,RoomSales,261,2023-10-04,2023-12-31,60,2023-10-23,0.7353,25,20,5,0,0,1,33,3977.28,159.0912,120.5236,3977.28,159.0912,120.5236,Standard
Block 4 October 4 to December 31.xls,RoomSales,266,2023-10-04,2023-12-31,60,2023-10-23,0.4615,12,9,3,0,0,2,24,1668.48,139.04,69.52,1668.48,139.04,69.52,Suite
Block 4 October 4 to December 31.xls,RoomSales,274,2023-10-04,2023-12-31,60,2023-10-24,0.7647,26,22,4,0,0,1,33,3801.91,146.2273,115.2094,3801.91,146.2273,115.2094,Standard
Block 4 October 4 to December 31.xls,RoomSales,279,2023-10-04,2023-12-31,60,2023-10-24,0.5385,14,12,2,0,0,1,25,1945.89,138.9921,77.8356,1727.89,123.4207,69.1156,Suite
Block 4 October 4 to December 31.xls,RoomSales,287,2023-10-04,2023-12-31,60,2023-10-25,0.5882,20,19,1,1,0,2,32,2631.11,131.5555,82.2222,2631.11,131.5555,82.2222,Standard
Block 4 October 4 to December 31.xls,RoomSales,292,2023-10-04,2023-12-31,60,2023-10-25,0.3846,10,7,3,0,0,1,25,1352.19,135.219,54.0876,1352.19,135.219,54.0876,Suite
Block 4 October 4 to December 31.xls,RoomSales,300,2023-10-04,2023-12-31,60,2023-10-26,0.8235,28,24,4,0,0,1,33,3809.33,136.0475,115.4342,3809.33,136.0475,115.4342,Standard
Block 4 October 4 to December 31.xls,RoomSales,305,2023-10-04,2023-12-31,60,2023-10-26,0.6154,16,8,8,0,0,0,26,2969.39,185.5869,114.2073,2969.39,185.5869,114.2073,Suite
Block 4 October 4 to December 31.xls,RoomSales,313,2023-10-04,2023-12-31,60,2023-10-27,1.0,34,18,16,0,0,0,34,5473.57,160.9874,160.9874,5473.57,160.9874,160.9874,Standard
Block 4 October 4 to December 31.xls,RoomSales,318,2023-10-04,2023-12-31,60,2023-10-27,1.0,26,14,12,0,0,0,26,4809.97,184.9988,184.9988,4809.97,184.9988,184.9988,Suite
Block 4 October 4 to December 31.xls,RoomSales,326,2023-10-04,2023-12-31,60,2023-10-28,1.0,34,21,13,0,0,0,34,5536.94,162.8512,162.8512,5536.94,162.8512,162.8512,Standard
Block 4 October 4 to December 31.xls,RoomSales,331,2023-10-04,2023-12-31,60,2023-10-28,1.0,26,16,10,0,0,0,26,4851.04,186.5785,186.5785,4851.04,186.5785,186.5785,Suite
Block 4 October 4 to December 31.xls,RoomSales,339,2023-10-04,2023-12-31,60,2023-10-29,0.5588,19,19,0,0,1,2,32,2347.02,123.5274,73.3444,2347.02,123.5274,73.3444,Standard
Block 4 October 4 to December 31.xls,RoomSales,344,2023-10-04,2023-12-31,60,2023-10-29,0.5,13,13,0,0,0,3,23,1884.05,144.9269,81.9152,1884.05,144.9269,81.9152,Suite
Block 4 October 4 to December 31.xls,RoomSales,352,2023-10-04,2023-12-31,60,2023-10-30,0.2647,9,9,0,0,0,2,32,1059.7,117.7444,33.1156,980.7,108.9667,30.6469,Standard
Block 4 October 4 to December 31.xls,RoomSales,357,2023-10-04,2023-12-31,60,2023-10-30,0.3846,10,10,0,0,0,0,26,1065.02,106.502,40.9623,1065.02,106.502,40.9623,Suite
Block 4 October 4 to December 31.xls,RoomSales,365,2023-10-04,2023-12-31,60,2023-10-31,0.3235,11,11,0,0,0,2,32,1525.0,138.6364,47.6562,1304.0,118.5455,40.75,Standard
Block 4 October 4 to December 31.xls,RoomSales,370,2023-10-04,2023-12-31,60,2023-10-31,0.3077,8,8,0,0,0,0,26,813.71,101.7138,31.2965,813.71,101.7138,31.2965,Suite
Block 4 October 4 to December 31.xls,RoomSales,378,2023-10-04,2023-12-31,60,2023-11-01,0.4706,16,16,0,0,0,2,32,2006.43,125.4019,62.7009,2006.43,125.4019,62.7009,Standard
Block 4 October 4 to December 31.xls,RoomSales,383,2023-10-04,2023-12-31,60,2023-11-01,0.4231,11,11,0,0,0,0,26,1270.29,115.4809,48.8573,1270.29,115.4809,48.8573,Suite
Block 4 October 4 to December 31.xls,RoomSales,391,2023-10-04,2023-12-31,60,2023-11-02,0.8529,29,24,5,0,0,1,33,4292.67,148.0231,130.0809,4292.67,148.0231,130.0809,Standard
Block 4 October 4 to December 31.xls,RoomSales,396,2023-10-04,2023-12-31,60,2023-11-02,0.6923,18,16,2,0,0,0,26,3248.78,180.4878,124.9531,3009.78,167.21,115.7608,Suite
Block 4 October 4 to December 31.xls,RoomSales,404,2023-10-04,2023-12-31,60,2023-11-03,1.0,34,27,7,0,0,0,34,5518.27,162.3021,162.3021,5518.27,162.3021,162.3021,Standard
Block 4 October 4 to December 31.xls,RoomSales,409,2023-10-04,2023-12-31,60,2023-11-03,1.0,26,22,4,0,0,0,26,4326.94,166.4208,166.4208,4326.94,166.4208,166.4208,Suite
Block 4 October 4 to December 31.xls,RoomSales,417,2023-10-04,2023-12-31,60,2023-11-04,1.0,34,31,3,0,0,0,34,5662.73,166.5509,166.5509,5662.73,166.5509,166.5509,Standard
Block 4 October 4 to December 31.xls,RoomSales,422,2023-10-04,2023-12-31,60,2023-11-04,1.0,26,20,6,0,0,0,26,4825.71,185.6042,185.6042,4626.71,177.9504,177.9504,Suite
Block 4 October 4 to December 31.xls,RoomSales,430,2023-10-04,2023-12-31,60,2023-11-05,0.3529,12,12,0,0,0,5,29,1742.11,145.1758,60.0728,1742.11,145.1758,60.0728,Standard
Block 4 October 4 to December 31.xls,RoomSales,435,2023-10-04,2023-12-31,60,2023-11-05,0.3462,9,9,0,0,0,7,19,1449.65,161.0722,76.2974,1449.65,161.0722,76.2974,Suite
Block 4 October 4 to December 31.xls,RoomSales,443,2023-10-04,2023-12-31,60,2023-11-06,0.7647,26,23,3,0,0,3,31,2949.39,113.4381,95.1416,2949.39,113.4381,95.1416,Standard
Block 4 October 4 to December 31.xls,RoomSales,448,2023-10-04,2023-12-31,60,2023-11-06,0.6923,18,15,3,0,0,2,24,2343.31,130.1839,97.6379,2343.31,130.1839,97.6379,Suite
Block 4 October 4 to December 31.xls,RoomSales,456,2023-10-04,2023-12-31,60,2023-11-07,0.9412,32,24,8,0,0,1,33,3877.78,121.1806,117.5085,3665.28,114.54,111.0691,Standard
Block 4 October 4 to December 31.xls,RoomSales,461,2023-10-04,2023-12-31,60,2023-11-07,0.9231,24,20,4,0,0,0,26,3188.22,132.8425,122.6238,3188.22,132.8425,122.6238,Suite
Block 4 October 4 to December 31.xls,RoomSales,469,2023-10-04,2023-12-31,60,2023-11-08,0.9706,33,33,0,0,0,1,33,3959.68,119.9903,119.9903,3959.68,119.9903,119.9903,Standard
Block 4 October 4 to December 31.xls,RoomSales,474,2023-10-04,2023-12-31,60,2023-11-08,0.9231,24,24,0,0,0,0,26,3416.87,142.3696,131.4181,3416.87,142.3696,131.4181,Suite
Block 4 October 4 to December 31.xls,RoomSales,482,2023-10-04,2023-12-31,60,2023-11-09,1.0,34,31,3,0,0,0,34,4805.8,141.3471,141.3471,4805.8,141.3471,141.3471,Standard
Block 4 October 4 to December 31.xls,RoomSales,487,2023-10-04,2023-12-31,60,2023-11-09,1.0,26,23,3,0,0,0,26,3896.8,149.8769,149.8769,3896.8,149.8769,149.8769,Suite
Block 4 October 4 to December 31.xls,RoomSales,495,2023-10-04,2023-12-31,60,2023-11-10,1.0,34,23,11,0,0,0,34,5958.38,175.2465,175.2465,5780.73,170.0215,170.0215,Standard
Block 4 October 4 to December 31.xls,RoomSales,500,2023-10-04,2023-12-31,60,2023-11-10,0.9615,25,17,8,0,0,0,26,4526.78,181.0712,174.1069,4526.78,181.0712,174.1069,Suite
Block 4 October 4 to December 31.xls,RoomSales,508,2023-10-04,2023-12-31,60,2023-11-11,1.0,34,20,14,0,0,0,34,5980.08,175.8847,175.8847,5980.08,175.8847,175.8847,Standard
Block 4 October 4 to December 31.xls,RoomSales,513,2023-10-04,2023-12-31,60,2023-11-11,1.0,26,13,13,0,0,0,26,4700.65,180.7942,180.7942,4700.65,180.7942,180.7942,Suite
Block 4 October 4 to December 31.xls,RoomSales,521,2023-10-04,2023-12-31,60,2023-11-12,0.6471,22,19,3,0,0,0,34,3509.13,159.5059,103.2097,3114.23,141.5559,91.595,Standard
Block 4 October 4 to December 31.xls,RoomSales,526,2023-10-04,2023-12-31,60,2023-11-12,0.3462,9,6,3,0,0,0,26,1293.05,143.6722,49.7327,1293.05,143.6722,49.7327,Suite
Block 4 October 4 to December 31.xls,RoomSales,534,2023-10-04,2023-12-31,60,2023-11-13,0.4412,15,15,0,0,0,2,32,2022.83,134.8553,63.2134,2022.83,134.8553,63.2134,Standard
Block 4 October 4 to December 31.xls,RoomSales,539,2023-10-04,2023-12-31,60,2023-11-13,0.1538,4,4,0,0,0,1,25,404.05,101.0125,16.162,404.05,101.0125,16.162,Suite
Block 4 October 4 to December 31.xls,RoomSales,547,2023-10-04,2023-12-31,60,2023-11-14,0.4706,16,16,0,0,0,1,33,1983.49,123.9681,60.1058,1770.99,110.6869,53.6664,Standard
Block 4 October 4 to December 31.xls,RoomSales,552,2023-10-04,2023-12-31,60,2023-11-14,0.3462,9,9,0,0,0,0,26,894.66,99.4067,34.41,894.66,99.4067,34.41,Suite
Block 4 October 4 to December 31.xls,RoomSales,560,2023-10-04,2023-12-31,60,2023-11-15,0.3824,13,13,0,0,0,1,33,1578.06,121.3892,47.82,1578.06,121.3892,47.82,Standard
Block 4 October 4 to December 31.xls,RoomSales,565,2023-10-04,2023-12-31,60,2023-11-15,0.3846,10,10,0,0,0,2,24,1017.11,101.711,42.3796,1017.11,101.711,42.3796,Suite
Block 4 October 4 to December 31.xls,RoomSales,573,2023-10-04,2023-12-31,60,2023-11-16,0.5,17,13,4,0,0,0,34,2131.07,125.3571,62.6785,2131.07,125.3571,62.6785,Standard
Block 4 October 4 to December 31.xls,RoomSales,578,2023-10-04,2023-12-31,60,2023-11-16,0.4231,11,9,2,0,0,2,24,1401.18,127.38,58.3825,1401.18,127.38,58.3825,Suite
Block 4 October 4 to December 31.xls,RoomSales,586,2023-10-04,2023-12-31,60,2023-11-17,1.0,34,25,9,0,0,0,34,4790.59,140.8997,140.8997,4790.59,140.8997,140.8997,Standard
Block 4 October 4 to December 31.xls,RoomSales,591,2023-10-04,2023-12-31,60,2023-11-17,1.0,26,22,4,0,0,0,26,4001.62,153.9085,153.9085,4001.62,153.9085,153.9085,Suite
Block 4 October 4 to December 31.xls,RoomSales,599,2023-10-04,2023-12-31,60,2023-11-18,0.9706,33,26,7,0,0,0,34,5217.71,158.1124,153.4621,5217.71,158.1124,153.4621,Standard
Block 4 October 4 to December 31.xls,RoomSales,604,2023-10-04,2023-12-31,60,2023-11-18,0.9615,25,23,2,0,0,0,26,3521.02,140.8408,135.4238,3521.02,140.8408,135.4238,Suite
Block 4 October 4 to December 31.xls,RoomSales,612,2023-10-04,2023-12-31,60,2023-11-19,0.2941,10,9,1,0,0,9,25,1175.67,117.567,47.0268,1175.67,117.567,47.0268,Standard
Block 4 October 4 to December 31.xls,RoomSales,617,2023-10-04,2023-12-31,60,2023-11-19,0.3077,8,8,0,0,0,5,21,1074.39,134.2988,51.1614,1074.39,134.2988,51.1614,Suite
Block 4 October 4 to December 31.xls,RoomSales,625,2023-10-04,2023-12-31,60,2023-11-20,0.4412,15,15,0,0,0,3,31,1660.21,110.6807,53.5552,1660.21,110.6807,53.5552,Standard
Block 4 October 4 to December 31.xls,RoomSales,630,2023-10-04,2023-12-31,60,2023-11-20,0.3846,10,10,0,0,0,0,26,1329.99,132.999,51.1535,1329.99,132.999,51.1535,Suite
Block 4 October 4 to December 31.xls,RoomSales,638,2023-10-04,2023-12-31,60,2023-11-21,0.4706,16,16,0,0,0,2,32,1572.55,98.2844,49.1422,1363.55,85.2219,42.6109,Standard
Block 4 October 4 to December 31.xls,RoomSales,643,2023-10-04,2023-12-31,60,2023-11-21,0.4615,12,12,0,0,0,1,25,1513.69,126.1408,60.5476,1513.69,126.1408,60.5476,Suite
Block 4 October 4 to December 31.xls,RoomSales,651,2023-10-04,2023-12-31,60,2023-11-22,0.6176,21,21,0,0,0,1,33,2296.86,109.3743,69.6018,2296.86,109.3743,69.6018,Standard
Block 4 October 4 to December 31.xls,RoomSales,656,2023-10-04,2023-12-31,60,2023-11-22,0.8462,22,22,0,0,0,0,26,2924.66,132.9391,112.4869,2924.66,132.9391,112.4869,Suite
Block 4 October 4 to December 31.xls,RoomSales,664,2023-10-04,2023-12-31,60,2023-11-23,1.0,34,34,0,0,0,0,34,3928.33,115.5391,115.5391,3928.33,115.5391,115.5391,Standard
Block 4 October 4 to December 31.xls,RoomSales,669,2023-10-04,2023-12-31,60,2023-11-23,1.0,26,26,0,0,0,0,26,3486.41,134.0927,134.0927,3486.41,134.0927,134.0927,Suite
Block 4 October 4 to December 31.xls,RoomSales,677,2023-10-04,2023-12-31,60,2023-11-24,0.9706,33,33,0,0,0,0,34,4471.27,135.493,131.5079,4471.27,135.493,131.5079,Standard
Block 4 October 4 to December 31.xls,RoomSales,682,2023-10-04,2023-12-31,60,2023-11-24,0.9615,25,25,0,0,1,0,26,3626.66,145.0664,139.4869,3626.66,145.0664,139.4869,Suite
Block 4 October 4 to December 31.xls,RoomSales,690,2023-10-04,2023-12-31,60,2023-11-25,0.9412,32,32,0,0,0,0,34,3723.59,116.3622,109.5174,3723.59,116.3622,109.5174,Standard
Block 4 October 4 to December 31.xls,RoomSales,695,2023-10-04,2023-12-31,60,2023-11-25,1.0,26,26,0,0,0,0,26,3456.24,132.9323,132.9323,3456.24,132.9323,132.9323,Suite
Block 4 October 4 to December 31.xls,RoomSales,703,2023-10-04,2023-12-31,60,2023-11-26,0.2941,10,10,0,0,0,4,30,1217.22,121.722,40.574,1217.22,121.722,40.574,Standard
Block 4 October 4 to December 31.xls,RoomSales,708,2023-10-04,2023-12-31,60,2023-11-26,0.3462,9,9,0,0,0,1,25,965.84,107.3156,38.6336,965.84,107.3156,38.6336,Suite
Block 4 October 4 to December 31.xls,RoomSales,716,2023-10-04,2023-12-31,60,2023-11-27,0.4706,16,16,0,0,0,1,33,1788.65,111.7906,54.2015,1788.65,111.7906,54.2015,Standard
Block 4 October 4 to December 31.xls,RoomSales,721,2023-10-04,2023-12-31,60,2023-11-27,0.2308,6,6,0,0,0,1,25,716.87,119.4783,28.6748,716.87,119.4783,28.6748,Suite
Block 4 October 4 to December 31.xls,RoomSales,729,2023-10-04,2023-12-31,60,2023-11-28,0.4412,15,15,0,0,0,1,33,1438.21,95.8807,43.5821,1438.21,95.8807,43.5821,Standard
Block 4 October 4 to December 31.xls,RoomSales,734,2023-10-04,2023-12-31,60,2023-11-28,0.3077,8,8,0,0,0,1,25,912.82,114.1025,36.5128,912.82,114.1025,36.5128,Suite
Block 4 October 4 to December 31.xls,RoomSales,742,2023-10-04,2023-12-31,60,2023-11-29,0.3529,12,12,0,0,0,1,33,1396.71,116.3925,42.3245,1396.71,116.3925,42.3245,Standard
Block 4 October 4 to December 31.xls,RoomSales,747,2023-10-04,2023-12-31,60,2023-11-29,0.4231,11,11,0,0,0,0,26,1244.36,113.1236,47.86,1244.36,113.1236,47.86,Suite
Block 4 October 4 to December 31.xls,RoomSales,755,2023-10-04,2023-12-31,60,2023-11-30,0.2059,7,7,0,0,0,0,34,632.33,90.3329,18.5979,632.33,90.3329,18.5979,Standard
Block 4 October 4 to December 31.xls,RoomSales,760,2023-10-04,2023-12-31,60,2023-11-30,0.4615,12,10,2,0,1,1,25,1479.7,123.3083,59.188,1479.7,123.3083,59.188,Suite
Block 4 October 4 to December 31.xls,RoomSales,768,2023-10-04,2023-12-31,60,2023-12-01,0.9118,31,20,11,0,0,1,33,4462.97,143.9668,135.2415,4462.97,143.9668,135.2415,Standard
Block 4 October 4 to December 31.xls,RoomSales,773,2023-10-04,2023-12-31,60,2023-12-01,0.9231,24,20,4,0,1,0,26,3296.41,137.3504,126.785,3296.41,137.3504,126.785,Suite
Block 4 October 4 to December 31.xls,RoomSales,781,2023-10-04,2023-12-31,60,2023-12-02,1.0,34,29,5,0,0,0,34,4467.16,131.3871,131.3871,4467.16,131.3871,131.3871,Standard
Block 4 October 4 to December 31.xls,RoomSales,786,2023-10-04,2023-12-31,60,2023-12-02,1.0,26,26,0,0,0,0,26,3623.52,139.3662,139.3662,3396.6,130.6385,130.6385,Suite
Block 4 October 4 to December 31.xls,RoomSales,794,2023-10-04,2023-12-31,60,2023-12-03,0.3824,13,13,0,0,0,1,33,1567.29,120.5608,47.4936,1389.64,106.8954,42.1103,Standard
Block 4 October 4 to December 31.xls,RoomSales,799,2023-10-04,2023-12-31,60,2023-12-03,0.4231,11,11,0,0,0,0,26,1395.23,126.8391,53.6627,1395.23,126.8391,53.6627,Suite
Block 4 October 4 to December 31.xls,RoomSales,807,2023-10-04,2023-12-31,60,2023-12-04,0.5588,19,19,0,0,0,1,33,1721.33,90.5963,52.1615,1721.33,90.5963,52.1615,Standard
Block 4 October 4 to December 31.xls,RoomSales,812,2023-10-04,2023-12-31,60,2023-12-04,0.1923,5,5,0,0,0,0,26,507.61,101.522,19.5235,507.61,101.522,19.5235,Suite
Block 4 October 4 to December 31.xls,RoomSales,820,2023-10-04,2023-12-31,60,2023-12-05,0.8529,29,29,0,0,0,1,33,3254.85,112.2362,98.6318,3254.85,112.2362,98.6318,Standard
Block 4 October 4 to December 31.xls,RoomSales,825,2023-10-04,2023-12-31,60,2023-12-05,0.2308,6,6,0,0,0,0,26,733.52,122.2533,28.2123,733.52,122.2533,28.2123,Suite
Block 4 October 4 to December 31.xls,RoomSales,833,2023-10-04,2023-12-31,60,2023-12-06,0.4706,16,14,2,0,0,1,33,1637.55,102.3469,49.6227,1637.55,102.3469,49.6227,Standard
Block 4 October 4 to December 31.xls,RoomSales,838,2023-10-04,2023-12-31,60,2023-12-06,0.3077,8,6,2,0,0,0,26,977.52,122.19,37.5969,977.52,122.19,37.5969,Suite
Block 4 October 4 to December 31.xls,RoomSales,846,2023-10-04,2023-12-31,60,2023-12-07,0.5,17,14,3,0,0,1,33,1926.11,113.3006,58.367,1926.11,113.3006,58.367,Standard
Block 4 October 4 to December 31.xls,RoomSales,851,2023-10-04,2023-12-31,60,2023-12-07,0.2308,6,4,2,0,0,0,26,738.54,123.09,28.4054,738.54,123.09,28.4054,Suite
Block 4 October 4 to December 31.xls,RoomSales,859,2023-10-04,2023-12-31,60,2023-12-08,0.9706,33,24,9,0,0,1,33,4521.83,137.0252,137.0252,4521.83,137.0252,137.0252,Standard
Block 4 October 4 to December 31.xls,RoomSales,864,2023-10-04,2023-12-31,60,2023-12-08,0.8077,21,13,8,1,0,1,25,2708.49,128.9757,108.3396,2708.49,128.9757,108.3396,Suite
Block 4 October 4 to December 31.xls,RoomSales,872,2023-10-04,2023-12-31,60,2023-12-09,0.9118,31,22,9,0,0,0,34,4571.15,147.4565,134.4456,4571.15,147.4565,134.4456,Standard
Block 4 October 4 to December 31.xls,RoomSales,877,2023-10-04,2023-12-31,60,2023-12-09,1.0,26,17,9,0,0,0,26,3367.25,129.5096,129.5096,3128.25,120.3173,120.3173,Suite
Block 4 October 4 to December 31.xls,RoomSales,885,2023-10-04,2023-12-31,60,2023-12-10,0.1176,4,4,0,0,0,9,25,954.78,238.695,38.1912,954.78,238.695,38.1912,Standard
Block 4 October 4 to December 31.xls,RoomSales,890,2023-10-04,2023-12-31,60,2023-12-10,0.1538,4,4,0,0,0,3,23,483.19,120.7975,21.0083,483.19,120.7975,21.0083,Suite
Block 4 October 4 to December 31.xls,RoomSales,898,2023-10-04,2023-12-31,60,2023-12-11,0.4412,15,15,0,0,0,2,32,2201.47,146.7647,68.7959,2201.47,146.7647,68.7959,Standard
Block 4 October 4 to December 31.xls,RoomSales,903,2023-10-04,2023-12-31,60,2023-12-11,0.1154,3,3,0,0,0,3,23,270.53,90.1767,11.7622,270.53,90.1767,11.7622,Suite
Block 4 October 4 to December 31.xls,RoomSales,911,2023-10-04,2023-12-31,60,2023-12-12,0.2941,10,10,0,0,0,1,33,1015.75,101.575,30.7803,1015.75,101.575,30.7803,Standard
Block 4 October 4 to December 31.xls,RoomSales,916,2023-10-04,2023-12-31,60,2023-12-12,0.2692,7,7,0,0,0,1,25,707.04,101.0057,28.2816,707.04,101.0057,28.2816,Suite
Block 4 October 4 to December 31.xls,RoomSales,924,2023-10-04,2023-12-31,60,2023-12-13,0.3235,11,11,0,0,0,1,33,1522.34,138.3945,46.1315,1522.34,138.3945,46.1315,Standard
Block 4 October 4 to December 31.xls,RoomSales,929,2023-10-04,2023-12-31,60,2023-12-13,0.3462,9,9,0,0,0,3,23,1044.78,116.0867,45.4252,1044.78,116.0867,45.4252,Suite
Block 4 October 4 to December 31.xls,RoomSales,937,2023-10-04,2023-12-31,60,2023-12-14,0.6176,21,21,0,0,0,1,33,3645.81,173.61,110.4791,3174.81,151.1814,96.2064,Standard
Block 4 October 4 to December 31.xls,RoomSales,942,2023-10-04,2023-12-31,60,2023-12-14,0.4615,12,12,0,0,0,1,25,1158.51,96.5425,46.3404,1158.51,96.5425,46.3404,Suite
Block 4 October 4 to December 31.xls,RoomSales,950,2023-10-04,2023-12-31,60,2023-12-15,0.9706,33,29,4,0,0,0,34,5530.98,167.6055,162.6759,5530.98,167.6055,162.6759,Standard
Block 4 October 4 to December 31.xls,RoomSales,955,2023-10-04,2023-12-31,60,2023-12-15,0.6538,17,12,5,0,0,1,25,2443.38,143.7282,97.7352,2443.38,143.7282,97.7352,Suite
Block 4 October 4 to December 31.xls,RoomSales,963,2023-10-04,2023-12-31,60,2023-12-16,0.9412,32,24,8,0,0,0,34,4458.5,139.3281,131.1324,4458.5,139.3281,131.1324,Standard
Block 4 October 4 to December 31.xls,RoomSales,968,2023-10-04,2023-12-31,60,2023-12-16,0.9615,25,17,8,0,0,1,25,3829.33,153.1732,153.1732,3829.33,153.1732,153.1732,Suite
Block 4 October 4 to December 31.xls,RoomSales,976,2023-10-04,2023-12-31,60,2023-12-17,0.2941,10,10,0,1,0,1,33,1164.59,116.459,35.2906,1164.59,116.459,35.2906,Standard
Block 4 October 4 to December 31.xls,RoomSales,981,2023-10-04,2023-12-31,60,2023-12-17,0.1923,5,5,0,0,0,1,25,639.65,127.93,25.586,639.65,127.93,25.586,Suite
Block 4 October 4 to December 31.xls,RoomSales,989,2023-10-04,2023-12-31,60,2023-12-18,0.1471,5,5,0,0,0,5,29,485.16,97.032,16.7297,485.16,97.032,16.7297,Standard
Block 4 October 4 to December 31.xls,RoomSales,994,2023-10-04,2023-12-31,60,2023-12-18,0.1923,5,5,0,0,0,5,21,531.04,106.208,25.2876,531.04,106.208,25.2876,Suite
Block 4 October 4 to December 31.xls,RoomSales,1002,2023-10-04,2023-12-31,60,2023-12-19,0.2353,8,6,2,0,2,3,31,837.64,104.705,27.0206,645.04,80.63,20.8077,Standard
Block 4 October 4 to December 31.xls,RoomSales,1007,2023-10-04,2023-12-31,60,2023-12-19,0.3846,10,10,0,0,0,4,22,1337.91,133.791,60.8141,1337.91,133.791,60.8141,Suite
Block 4 October 4 to December 31.xls,RoomSales,1015,2023-10-04,2023-12-31,60,2023-12-20,0.2941,10,10,0,0,0,0,34,1225.45,122.545,36.0426,1225.45,122.545,36.0426,Standard
Block 4 October 4 to December 31.xls,RoomSales,1020,2023-10-04,2023-12-31,60,2023-12-20,0.2308,6,6,0,0,0,4,22,764.39,127.3983,34.745,764.39,127.3983,34.745,Suite
Block 4 October 4 to December 31.xls,RoomSales,1028,2023-10-04,2023-12-31,60,2023-12-21,0.6176,21,19,2,1,0,0,34,2256.54,107.4543,66.3688,2256.54,107.4543,66.3688,Standard
Block 4 October 4 to December 31.xls,RoomSales,1033,2023-10-04,2023-12-31,60,2023-12-21,0.5385,14,11,3,0,0,0,26,1810.5,129.3214,69.6346,1810.5,129.3214,69.6346,Suite
Block 4 October 4 to December 31.xls,RoomSales,1041,2023-10-04,2023-12-31,60,2023-12-22,0.7647,26,21,5,0,0,0,34,3651.89,140.4573,107.4085,3651.89,140.4573,107.4085,Standard
Block 4 October 4 to December 31.xls,RoomSales,1046,2023-10-04,2023-12-31,60,2023-12-22,0.7692,20,17,3,0,0,1,25,3234.93,161.7465,129.3972,3234.93,161.7465,129.3972,Suite
Block 4 October 4 to December 31.xls,RoomSales,1054,2023-10-04,2023-12-31,60,2023-12-23,0.7353,25,25,0,1,0,2,32,3150.01,126.0004,98.4378,3150.01,126.0004,98.4378,Standard
Block 4 October 4 to December 31.xls,RoomSales,1059,2023-10-04,2023-12-31,60,2023-12-23,0.6538,17,17,0,0,0,0,26,2463.51,144.9124,94.7504,2463.51,144.9124,94.7504,Suite
Block 4 October 4 to December 31.xls,RoomSales,1067,2023-10-04,2023-12-31,60,2023-12-24,0.8235,28,28,0,0,0,2,32,3426.39,122.3711,107.0747,3426.39,122.3711,107.0747,Standard
Block 4 October 4 to December 31.xls,RoomSales,1072,2023-10-04,2023-12-31,60,2023-12-24,0.6538,17,17,0,0,0,0,26,2512.22,147.7776,96.6238,2512.22,147.7776,96.6238,Suite
Block 4 October 4 to December 31.xls,RoomSales,1080,2023-10-04,2023-12-31,60,2023-12-25,0.7647,26,26,0,1,0,5,29,2792.2,107.3923,96.2828,2792.2,107.3923,96.2828,Standard
Block 4 October 4 to December 31.xls,RoomSales,1085,2023-10-04,2023-12-31,60,2023-12-25,0.6538,17,17,0,0,0,2,24,2400.35,141.1971,100.0146,2400.35,141.1971,100.0146,Suite
Block 4 October 4 to December 31.xls,RoomSales,1093,2023-10-04,2023-12-31,60,2023-12-26,0.5588,19,19,0,0,0,2,32,2838.04,149.3705,88.6887,2838.04,149.3705,88.6887,Standard
Block 4 October 4 to December 31.xls,RoomSales,1098,2023-10-04,2023-12-31,60,2023-12-26,0.4615,12,12,0,0,0,2,24,1325.21,110.4342,55.2171,1325.21,110.4342,55.2171,Suite
Block 4 October 4 to December 31.xls,RoomSales,1106,2023-10-04,2023-12-31,60,2023-12-27,0.4118,14,14,0,0,0,2,32,1620.38,115.7414,50.6369,1620.38,115.7414,50.6369,Standard
Block 4 October 4 to December 31.xls,RoomSales,1111,2023-10-04,2023-12-31,60,2023-12-27,0.5,13,13,0,0,0,1,25,1763.81,135.6777,70.5524,1763.81,135.6777,70.5524,Suite
Block 4 October 4 to December 31.xls,RoomSales,1119,2023-10-04,2023-12-31,60,2023-12-28,0.4118,14,14,0,0,0,1,33,2129.38,152.0986,64.5267,2129.38,152.0986,64.5267,Standard
Block 4 October 4 to December 31.xls,RoomSales,1124,2023-10-04,2023-12-31,60,2023-12-28,0.6154,16,16,0,0,0,2,24,2008.12,125.5075,83.6717,2008.12,125.5075,83.6717,Suite
Block 4 October 4 to December 31.xls,RoomSales,1132,2023-10-04,2023-12-31,60,2023-12-29,0.5294,18,18,0,1,1,0,34,2351.13,130.6183,69.1509,2351.13,130.6183,69.1509,Standard
Block 4 October 4 to December 31.xls,RoomSales,1137,2023-10-04,2023-12-31,60,2023-12-29,0.6538,17,17,0,0,0,0,26,2344.25,137.8971,90.1635,2344.25,137.8971,90.1635,Suite
Block 4 October 4 to December 31.xls,RoomSales,1145,2023-10-04,2023-12-31,60,2023-12-30,0.9118,31,29,2,0,0,0,34,4482.97,144.6119,131.8521,4482.97,144.6119,131.8521,Standard
Block 4 October 4 to December 31.xls,RoomSales,1150,2023-10-04,2023-12-31,60,2023-12-30,0.9231,24,23,1,0,0,0,26,3544.89,147.7038,136.3419,3544.89,147.7038,136.3419,Suite
Block 4 October 4 to December 31.xls,RoomSales,1158,2023-10-04,2023-12-31,60,2023-12-31,1.0,34,32,2,0,0,0,34,4845.84,142.5247,142.5247,4845.84,142.5247,142.5247,Standard
Block 4 October 4 to December 31.xls,RoomSales,1163,2023-10-04,2023-12-31,60,2023-12-31,0.9231,24,23,1,0,0,1,25,3644.3,151.8458,145.772,3463.25,144.3021,138.53,Suite
Block 1  92 daysJanuary 1 to April 1 2024.xls,RoomSales,12,2024-01-01,2024-04-01,60,2024-01-01,0.1765,6,6,0,0,0,15,19,633.72,105.62,33.3537,439.32,73.22,23.1221,Standard
Block 1  92 daysJanuary 1 to April 1 2024.xls,RoomSales,17,2024-01-01,2024-04-01,60,2024-01-01,0.2692,7,7,0,0,0,16,10,976.57,139.51,97.657,976.57,139.51,97.657,Suite
Block 1  92 daysJanuary 1 to April 1 2024.xls,RoomSales,25,2024-01-01,2024-04-01,60,2024-01-02,0.2647,9,9,0,0,0,6,28,1297.44,144.16,46.3371,934.24,103.8044,33.3657,Standard
Block 1  92 daysJanuary 1 to April 1 2024.xls,RoomSales,30,2024-01-01,2024-04-01,60,2024-01-02,0.2308,6,6,0,0,0,14,12,794.8,132.4667,66.2333,613.75,102.2917,51.1458,Suite
Block 1  92 daysJanuary 1 to April 1 2024.xls,RoomSales,38,2024-01-01,2024-04-01,60,2024-01-03,0.4412,15,13,2,0,0,7,27,1961.49,130.766,72.6478,1839.13,122.6087,68.1159,Standard
Block 1  92 daysJanuary 1 to April 1 2024.xls,RoomSales,43,2024-01-01,2024-04-01,60,2024-01-03,0.2692,7,7,0,0,0,14,12,778.68,111.24,64.89,778.68,111.24,64.89,Suite
Block 1  92 daysJanuary 1 to April 1 2024.xls,RoomSales,51,2024-01-01,2024-04-01,60,2024-01-04,0.1765,6,4,2,0,0,4,30,830.79,138.465,27.693,830.79,138.465,27.693,Standard
Block 1  92 daysJanuary 1 to April 1 2024.xls,RoomSales,56,2024-01-01,2024-04-01,60,2024-01-04,0.3462,9,9,0,0,0,11,15,1056.91,117.4344,70.4607,1056.91,117.4344,70.4607,Suite
Block 1  92 daysJanuary 1 to April 1 2024.xls,RoomSales,64,2024-01-01,2024-04-01,60,2024-01-05,0.7059,24,6,18,0,0,4,30,3006.49,125.2704,100.2163,3006.49,125.2704,100.2163,Standard
Block 1  92 daysJanuary 1 to April 1 2024.xls,RoomSales,69,2024-01-01,2024-04-01,60,2024-01-05,0.3462,9,7,2,0,0,13,13,1273.59,141.51,97.9685,1273.59,141.51,97.9685,Suite
Block 1  92 daysJanuary 1 to April 1 2024.xls,RoomSales,77,2024-01-01,2024-04-01,60,2024-01-06,0.7647,26,24,2,1,1,4,30,3484.05,134.0019,116.135,3484.05,134.0019,116.135,Standard
Block 1  92 daysJanuary 1 to April 1 2024.xls,RoomSales,82,2024-01-01,2024-04-01,60,2024-01-06,0.5385,14,12,2,0,1,10,16,2458.48,175.6057,153.655,2341.71,167.265,146.3569,Suite
Block 1  92 daysJanuary 1 to April 1 2024.xls,RoomSales,90,2024-01-01,2024-04-01,60,2024-01-07,0.1176,4,4,0,0,1,18,16,745.62,186.405,46.6013,205.7,51.425,12.8562,Standard
Block 1  92 daysJanuary 1 to April 1 2024.xls,RoomSales,95,2024-01-01,2024-04-01,60,2024-01-07,0.1154,3,3,0,0,1,17,9,604.8,201.6,67.2,347.76,115.92,38.64,Suite
Block 1  92 daysJanuary 1 to April 1 2024.xls,RoomSales,103,2024-01-01,2024-04-01,60,2024-01-08,0.1471,5,5,0,0,0,4,30,445.84,89.168,14.8613,445.84,89.168,14.8613,Standard
Block 1  92 daysJanuary 1 to April 1 2024.xls,RoomSales,108,2024-01-01,2024-04-01,60,2024-01-08,0.1154,3,3,0,0,1,13,13,329.99,109.9967,25.3838,329.99,109.9967,25.3838,Suite
Block 1  92 daysJanuary 1 to April 1 2024.xls,RoomSales,116,2024-01-01,2024-04-01,60,2024-01-09,0.1176,4,4,0,0,0,4,30,363.55,90.8875,12.1183,363.55,90.8875,12.1183,Standard
Block 1  92 daysJanuary 1 to April 1 2024.xls,RoomSales,121,2024-01-01,2024-04-01,60,2024-01-09,0.0769,2,2,0,0,1,10,16,286.65,143.325,17.9156,286.65,143.325,17.9156,Suite
Block 1  92 daysJanuary 1 to April 1 2024.xls,RoomSales,129,2024-01-01,2024-04-01,60,2024-01-10,0.2353,8,8,0,0,0,1,33,1052.91,131.6138,31.9064,1052.91,131.6138,31.9064,Standard
Block 1  92 daysJanuary 1 to April 1 2024.xls,RoomSales,134,2024-01-01,2024-04-01,60,2024-01-10,0.1538,4,4,0,0,1,3,23,518.65,129.6625,22.55,518.65,129.6625,22.55,Suite
Block 1  92 daysJanuary 1 to April 1 2024.xls,RoomSales,142,2024-01-01,2024-04-01,60,2024-01-11,0.9412,32,9,23,0,0,0,34,4906.04,153.3137,144.2953,4906.04,153.3137,144.2953,Standard
Block 1  92 daysJanuary 1 to April 1 2024.xls,RoomSales,147,2024-01-01,2024-04-01,60,2024-01-11,0.8846,23,5,18,0,2,1,25,4017.88,174.6904,160.7152,4017.88,174.6904,160.7152,Suite
Block 1  92 daysJanuary 1 to April 1 2024.xls,RoomSales,155,2024-01-01,2024-04-01,60,2024-01-12,0.8235,28,25,3,0,0,0,34,3480.08,124.2886,102.3553,3480.08,124.2886,102.3553,Standard
Block 1  92 daysJanuary 1 to April 1 2024.xls,RoomSales,160,2024-01-01,2024-04-01,60,2024-01-12,0.6538,17,15,2,0,1,1,25,2230.27,131.1924,89.2108,2230.27,131.1924,89.2108,Suite
Block 1  92 daysJanuary 1 to April 1 2024.xls,RoomSales,168,2024-01-01,2024-04-01,60,2024-01-13,1.0,34,22,12,1,1,0,34,4732.66,139.1959,139.1959,4543.66,133.6371,133.6371,Standard
Block 1  92 daysJanuary 1 to April 1 2024.xls,RoomSales,173,2024-01-01,2024-04-01,60,2024-01-13,0.9231,24,20,4,0,1,1,25,3641.57,151.7321,145.6628,3641.57,151.7321,145.6628,Suite
Block 1  92 daysJanuary 1 to April 1 2024.xls,RoomSales,181,2024-01-01,2024-04-01,60,2024-01-14,0.2941,10,10,0,0,0,11,23,1467.66,146.766,63.8113,1467.66,146.766,63.8113,Standard
Block 1  92 daysJanuary 1 to April 1 2024.xls,RoomSales,186,2024-01-01,2024-04-01,60,2024-01-14,0.1923,5,5,0,0,0,7,19,555.98,111.196,29.2621,160.98,32.196,8.4726,Suite
Block 1  92 daysJanuary 1 to April 1 2024.xls,RoomSales,194,2024-01-01,2024-04-01,60,2024-01-15,0.1765,6,6,0,0,0,5,29,1273.86,212.31,43.9262,1273.86,212.31,43.9262,Standard
Block 1  92 daysJanuary 1 to April 1 2024.xls,RoomSales,199,2024-01-01,2024-04-01,60,2024-01-15,0.1923,5,5,0,0,0,8,18,596.77,119.354,33.1539,596.77,119.354,33.1539,Suite
Block 1  92 daysJanuary 1 to April 1 2024.xls,RoomSales,207,2024-01-01,2024-04-01,60,2024-01-16,0.0882,3,3,0,0,0,5,29,391.86,130.62,13.5124,243.45,81.15,8.3948,Standard
Block 1  92 daysJanuary 1 to April 1 2024.xls,RoomSales,212,2024-01-01,2024-04-01,60,2024-01-16,0.1923,5,5,0,0,0,8,18,653.43,130.686,36.3017,541.99,108.398,30.1106,Suite
Block 1  92 daysJanuary 1 to April 1 2024.xls,RoomSales,220,2024-01-01,2024-04-01,60,2024-01-17,0.2647,9,5,4,0,0,0,34,1208.32,134.2578,35.5388,1059.91,117.7678,31.1738,Standard
Block 1  92 daysJanuary 1 to April 1 2024.xls,RoomSales,225,2024-01-01,2024-04-01,60,2024-01-17,0.3462,9,7,2,0,0,5,21,1202.43,133.6033,57.2586,1172.43,130.27,55.83,Suite
Block 1  92 daysJanuary 1 to April 1 2024.xls,RoomSales,233,2024-01-01,2024-04-01,60,2024-01-18,0.3235,11,10,1,0,0,2,32,1457.24,132.4764,45.5388,1457.24,132.4764,45.5388,Standard
Block 1  92 daysJanuary 1 to April 1 2024.xls,RoomSales,238,2024-01-01,2024-04-01,60,2024-01-18,0.3462,9,9,0,0,0,6,20,1165.52,129.5022,58.276,1165.52,129.5022,58.276,Suite
Block 1  92 daysJanuary 1 to April 1 2024.xls,RoomSales,246,2024-01-01,2024-04-01,60,2024-01-19,0.7647,26,21,5,0,1,0,34,3472.78,133.5685,102.1406,3472.78,133.5685,102.1406,Standard
Block 1  92 daysJanuary 1 to April 1 2024.xls,RoomSales,251,2024-01-01,2024-04-01,60,2024-01-19,0.6538,17,14,3,0,0,5,21,2313.54,136.0906,110.1686,2313.54,136.0906,110.1686,Suite
Block 1  92 daysJanuary 1 to April 1 2024.xls,RoomSales,259,2024-01-01,2024-04-01,60,2024-01-20,0.9412,32,24,8,0,1,1,33,4316.3,134.8844,130.797,4316.3,134.8844,130.797,Standard
Block 1  92 daysJanuary 1 to April 1 2024.xls,RoomSales,264,2024-01-01,2024-04-01,60,2024-01-20,0.8077,21,16,5,0,0,2,24,3010.81,143.3719,125.4504,3010.81,143.3719,125.4504,Suite
Block 1  92 daysJanuary 1 to April 1 2024.xls,RoomSales,272,2024-01-01,2024-04-01,60,2024-01-21,0.3824,13,13,0,0,0,2,32,1825.26,140.4046,57.0394,1825.26,140.4046,57.0394,Standard
Block 1  92 daysJanuary 1 to April 1 2024.xls,RoomSales,277,2024-01-01,2024-04-01,60,2024-01-21,0.3846,10,10,0,0,0,3,23,1155.69,115.569,50.2474,1155.69,115.569,50.2474,Suite
Block 1  92 daysJanuary 1 to April 1 2024.xls,RoomSales,285,2024-01-01,2024-04-01,60,2024-01-22,0.2353,8,8,0,0,0,2,32,1060.15,132.5188,33.1297,1060.15,132.5188,33.1297,Standard
Block 1  92 daysJanuary 1 to April 1 2024.xls,RoomSales,290,2024-01-01,2024-04-01,60,2024-01-22,0.4231,11,11,0,0,0,2,24,1172.5,106.5909,48.8542,1172.5,106.5909,48.8542,Suite
Block 1  92 daysJanuary 1 to April 1 2024.xls,RoomSales,298,2024-01-01,2024-04-01,60,2024-01-23,0.2647,9,9,0,0,0,1,33,826.45,91.8278,25.0439,826.45,91.8278,25.0439,Standard
Block 1  92 daysJanuary 1 to April 1 2024.xls,RoomSales,303,2024-01-01,2024-04-01,60,2024-01-23,0.3462,9,9,0,0,0,1,25,964.6,107.1778,38.584,964.6,107.1778,38.584,Suite
Block 1  92 daysJanuary 1 to April 1 2024.xls,RoomSales,311,2024-01-01,2024-04-01,60,2024-01-24,0.2647,9,9,0,0,0,1,33,910.78,101.1978,27.5994,910.78,101.1978,27.5994,Standard
Block 1  92 daysJanuary 1 to April 1 2024.xls,RoomSales,316,2024-01-01,2024-04-01,60,2024-01-24,0.4615,12,12,0,0,0,1,25,1304.47,108.7058,52.1788,1304.47,108.7058,52.1788,Suite
Block 1  92 daysJanuary 1 to April 1 2024.xls,RoomSales,324,2024-01-01,2024-04-01,60,2024-01-25,0.2647,9,9,0,0,0,1,33,1304.83,144.9811,39.5403,1100.83,122.3144,33.3585,Standard
Block 1  92 daysJanuary 1 to April 1 2024.xls,RoomSales,329,2024-01-01,2024-04-01,60,2024-01-25,0.3846,10,10,0,0,0,3,23,1407.14,140.714,61.18,1407.14,140.714,61.18,Suite
Block 1  92 daysJanuary 1 to April 1 2024.xls,RoomSales,337,2024-01-01,2024-04-01,60,2024-01-26,0.9118,31,31,0,0,0,0,34,3915.42,126.3039,115.1594,3915.42,126.3039,115.1594,Standard
Block 1  92 daysJanuary 1 to April 1 2024.xls,RoomSales,342,2024-01-01,2024-04-01,60,2024-01-26,0.9231,24,24,0,0,0,2,24,3307.47,137.8113,137.8113,3307.47,137.8113,137.8113,Suite
Block 1  92 daysJanuary 1 to April 1 2024.xls,RoomSales,350,2024-01-01,2024-04-01,60,2024-01-27,1.0,34,16,18,0,0,0,34,4351.02,127.9712,127.9712,4351.02,127.9712,127.9712,Standard
Block 1  92 daysJanuary 1 to April 1 2024.xls,RoomSales,355,2024-01-01,2024-04-01,60,2024-01-27,1.0,26,20,6,0,0,0,26,3881.87,149.3027,149.3027,3881.87,149.3027,149.3027,Suite
Block 1  92 daysJanuary 1 to April 1 2024.xls,RoomSales,363,2024-01-01,2024-04-01,60,2024-01-28,0.5588,19,19,0,0,0,3,31,2000.52,105.2905,64.5329,2000.52,105.2905,64.5329,Standard
Block 1  92 daysJanuary 1 to April 1 2024.xls,RoomSales,368,2024-01-01,2024-04-01,60,2024-01-28,0.2692,7,7,0,0,0,1,25,827.49,118.2129,33.0996,772.49,110.3557,30.8996,Suite
Block 1  92 daysJanuary 1 to April 1 2024.xls,RoomSales,376,2024-01-01,2024-04-01,60,2024-01-29,0.5882,20,20,0,0,0,3,31,2234.37,111.7185,72.0765,2234.37,111.7185,72.0765,Standard
Block 1  92 daysJanuary 1 to April 1 2024.xls,RoomSales,381,2024-01-01,2024-04-01,60,2024-01-29,0.2308,6,6,0,0,0,1,25,662.63,110.4383,26.5052,662.63,110.4383,26.5052,Suite
Block 1  92 daysJanuary 1 to April 1 2024.xls,RoomSales,389,2024-01-01,2024-04-01,60,2024-01-30,0.2647,9,9,0,0,0,4,30,893.4,99.2667,29.78,893.4,99.2667,29.78,Standard
Block 1  92 daysJanuary 1 to April 1 2024.xls,RoomSales,394,2024-01-01,2024-04-01,60,2024-01-30,0.2692,7,7,0,0,0,0,26,939.81,134.2586,36.1465,939.81,134.2586,36.1465,Suite
Block 1  92 daysJanuary 1 to April 1 2024.xls,RoomSales,402,2024-01-01,2024-04-01,60,2024-01-31,0.3235,11,11,0,0,0,4,30,1126.15,102.3773,37.5383,1126.15,102.3773,37.5383,Standard
Block 1  92 daysJanuary 1 to April 1 2024.xls,RoomSales,407,2024-01-01,2024-04-01,60,2024-01-31,0.2692,7,7,0,1,0,1,25,909.66,129.9514,36.3864,909.66,129.9514,36.3864,Suite
Block 1  92 daysJanuary 1 to April 1 2024.xls,RoomSales,415,2024-01-01,2024-04-01,60,2024-02-01,0.4118,14,14,0,0,0,4,30,1560.16,111.44,52.0053,1411.75,100.8393,47.0583,Standard
Block 1  92 daysJanuary 1 to April 1 2024.xls,RoomSales,420,2024-01-01,2024-04-01,60,2024-02-01,0.2308,6,6,0,0,0,1,25,728.37,121.395,29.1348,728.37,121.395,29.1348,Suite
Block 1  92 daysJanuary 1 to April 1 2024.xls,RoomSales,428,2024-01-01,2024-04-01,60,2024-02-02,0.5588,19,16,3,0,0,0,34,2652.28,139.5937,78.0082,2652.28,139.5937,78.0082,Standard
Block 1  92 daysJanuary 1 to April 1 2024.xls,RoomSales,433,2024-01-01,2024-04-01,60,2024-02-02,0.5385,14,10,4,0,0,1,25,2036.48,145.4629,81.4592,2036.48,145.4629,81.4592,Suite
Block 1  92 daysJanuary 1 to April 1 2024.xls,RoomSales,441,2024-01-01,2024-04-01,60,2024-02-03,,35,31,4,1,0,0,34,4677.04,133.6297,137.56,4677.04,133.6297,137.56,Standard
Block 1  92 daysJanuary 1 to April 1 2024.xls,RoomSales,446,2024-01-01,2024-04-01,60,2024-02-03,0.9615,25,19,6,0,0,0,26,4031.88,161.2752,155.0723,4031.88,161.2752,155.0723,Suite
Block 1  92 daysJanuary 1 to April 1 2024.xls,RoomSales,454,2024-01-01,2024-04-01,60,2024-02-04,0.2353,8,8,0,0,0,18,16,1113.95,139.2438,69.6219,875.45,109.4313,54.7156,Standard
Block 1  92 daysJanuary 1 to April 1 2024.xls,RoomSales,459,2024-01-01,2024-04-01,60,2024-02-04,0.1154,3,3,0,0,0,10,16,793.03,264.3433,49.5644,655.65,218.55,40.9781,Suite
Block 1  92 daysJanuary 1 to April 1 2024.xls,RoomSales,467,2024-01-01,2024-04-01,60,2024-02-05,0.1471,5,5,0,0,0,8,26,575.3,115.06,22.1269,575.3,115.06,22.1269,Standard
Block 1  92 daysJanuary 1 to April 1 2024.xls,RoomSales,472,2024-01-01,2024-04-01,60,2024-02-05,0.1154,3,3,0,0,0,5,21,427.88,142.6267,20.3752,427.88,142.6267,20.3752,Suite
Block 1  92 daysJanuary 1 to April 1 2024.xls,RoomSales,480,2024-01-01,2024-04-01,60,2024-02-06,0.3529,12,12,0,0,0,6,28,1389.22,115.7683,49.615,1389.22,115.7683,49.615,Standard
Block 1  92 daysJanuary 1 to April 1 2024.xls,RoomSales,485,2024-01-01,2024-04-01,60,2024-02-06,0.1923,5,5,0,0,0,4,22,577.81,115.562,26.2641,577.81,115.562,26.2641,Suite
Block 1  92 daysJanuary 1 to April 1 2024.xls,RoomSales,493,2024-01-01,2024-04-01,60,2024-02-07,0.3824,13,13,0,0,0,1,33,1521.71,117.0546,46.1124,1521.71,117.0546,46.1124,Standard
Block 1  92 daysJanuary 1 to April 1 2024.xls,RoomSales,498,2024-01-01,2024-04-01,60,2024-02-07,0.2692,7,7,0,0,0,1,25,818.76,116.9657,32.7504,818.76,116.9657,32.7504,Suite
Block 1  92 daysJanuary 1 to April 1 2024.xls,RoomSales,506,2024-01-01,2024-04-01,60,2024-02-08,0.5,17,17,0,1,1,0,34,1961.87,115.4041,57.7021,1961.87,115.4041,57.7021,Standard
Block 1  92 daysJanuary 1 to April 1 2024.xls,RoomSales,511,2024-01-01,2024-04-01,60,2024-02-08,0.3462,9,9,0,0,0,0,26,1172.83,130.3144,45.1088,1172.83,130.3144,45.1088,Suite
Block 1  92 daysJanuary 1 to April 1 2024.xls,RoomSales,519,2024-01-01,2024-04-01,60,2024-02-09,0.9412,32,32,0,0,0,0,34,4355.79,136.1184,128.1115,4355.79,136.1184,128.1115,Standard
Block 1  92 daysJanuary 1 to April 1 2024.xls,RoomSales,524,2024-01-01,2024-04-01,60,2024-02-09,,27,27,0,1,0,0,26,3359.74,124.4348,129.2208,3359.74,124.4348,129.2208,Suite
Block 1  92 daysJanuary 1 to April 1 2024.xls,RoomSales,532,2024-01-01,2024-04-01,60,2024-02-10,1.0,34,34,0,0,0,0,34,4926.69,144.9026,144.9026,4926.69,144.9026,144.9026,Standard
Block 1  92 daysJanuary 1 to April 1 2024.xls,RoomSales,537,2024-01-01,2024-04-01,60,2024-02-10,1.0,26,26,0,0,0,0,26,3664.59,140.9458,140.9458,3664.59,140.9458,140.9458,Suite
Block 1  92 daysJanuary 1 to April 1 2024.xls,RoomSales,545,2024-01-01,2024-04-01,60,2024-02-11,0.2647,9,9,0,0,0,18,16,1033.48,114.8311,64.5925,1033.48,114.8311,64.5925,Standard
Block 1  92 daysJanuary 1 to April 1 2024.xls,RoomSales,550,2024-01-01,2024-04-01,60,2024-02-11,0.2692,7,7,0,0,0,11,15,905.31,129.33,60.354,905.31,129.33,60.354,Suite
Block 1  92 daysJanuary 1 to April 1 2024.xls,RoomSales,558,2024-01-01,2024-04-01,60,2024-02-12,0.1471,5,5,0,0,0,18,16,593.35,118.67,37.0844,593.35,118.67,37.0844,Standard
Block 1  92 daysJanuary 1 to April 1 2024.xls,RoomSales,563,2024-01-01,2024-04-01,60,2024-02-12,0.3462,9,9,0,0,0,10,16,963.01,107.0011,60.1881,963.01,107.0011,60.1881,Suite
Block 1  92 daysJanuary 1 to April 1 2024.xls,RoomSales,571,2024-01-01,2024-04-01,60,2024-02-13,0.1176,4,4,0,0,0,13,21,534.6,133.65,25.4571,534.6,133.65,25.4571,Standard
Block 1  92 daysJanuary 1 to April 1 2024.xls,RoomSales,576,2024-01-01,2024-04-01,60,2024-02-13,0.3462,9,9,0,0,0,4,22,980.16,108.9067,44.5527,980.16,108.9067,44.5527,Suite
Block 1  92 daysJanuary 1 to April 1 2024.xls,RoomSales,584,2024-01-01,2024-04-01,60,2024-02-14,0.3824,13,13,0,0,1,3,31,1939.25,149.1731,62.5565,1939.25,149.1731,62.5565,Standard
Block 1  92 daysJanuary 1 to April 1 2024.xls,RoomSales,589,2024-01-01,2024-04-01,60,2024-02-14,0.3077,8,8,0,0,0,1,25,1136.89,142.1113,45.4756,1136.89,142.1113,45.4756,Suite
Block 1  92 daysJanuary 1 to April 1 2024.xls,RoomSales,597,2024-01-01,2024-04-01,60,2024-02-15,0.2353,8,8,0,0,0,2,32,1042.78,130.3475,32.5869,1042.78,130.3475,32.5869,Standard
Block 1  92 daysJanuary 1 to April 1 2024.xls,RoomSales,602,2024-01-01,2024-04-01,60,2024-02-15,0.3462,9,9,0,0,0,0,26,1260.39,140.0433,48.4765,1260.39,140.0433,48.4765,Suite
Block 1  92 daysJanuary 1 to April 1 2024.xls,RoomSales,610,2024-01-01,2024-04-01,60,2024-02-16,0.9706,33,32,1,1,0,1,33,4234.87,128.3294,128.3294,4060.27,123.0385,123.0385,Standard
Block 1  92 daysJanuary 1 to April 1 2024.xls,RoomSales,615,2024-01-01,2024-04-01,60,2024-02-16,0.6923,18,17,1,0,0,0,26,2237.86,124.3256,86.0715,2237.86,124.3256,86.0715,Suite
Block 1  92 daysJanuary 1 to April 1 2024.xls,RoomSales,623,2024-01-01,2024-04-01,60,2024-02-17,0.9412,32,30,2,0,1,1,33,4138.94,129.3419,125.4224,4138.94,129.3419,125.4224,Standard
Block 1  92 daysJanuary 1 to April 1 2024.xls,RoomSales,628,2024-01-01,2024-04-01,60,2024-02-17,0.9615,25,24,1,0,0,0,26,3393.21,135.7284,130.5081,3393.21,135.7284,130.5081,Suite
Block 1  92 daysJanuary 1 to April 1 2024.xls,RoomSales,636,2024-01-01,2024-04-01,60,2024-02-18,0.5588,19,19,0,0,0,15,19,2653.73,139.67,139.67,2653.73,139.67,139.67,Standard
Block 1  92 daysJanuary 1 to April 1 2024.xls,RoomSales,641,2024-01-01,2024-04-01,60,2024-02-18,0.7308,19,19,0,0,1,5,21,2606.56,137.1874,124.1219,2606.56,137.1874,124.1219,Suite
Block 1  92 daysJanuary 1 to April 1 2024.xls,RoomSales,649,2024-01-01,2024-04-01,60,2024-02-19,0.5588,19,19,0,0,0,8,26,2164.85,113.9395,83.2635,2164.85,113.9395,83.2635,Standard
Block 1  92 daysJanuary 1 to April 1 2024.xls,RoomSales,654,2024-01-01,2024-04-01,60,2024-02-19,0.7308,19,19,0,0,0,7,19,2481.89,130.6258,130.6258,2481.89,130.6258,130.6258,Suite
Block 1  92 daysJanuary 1 to April 1 2024.xls,RoomSales,662,2024-01-01,2024-04-01,60,2024-02-20,0.3824,13,13,0,0,0,4,30,1690.56,130.0431,56.352,1611.56,123.9662,53.7187,Standard
Block 1  92 daysJanuary 1 to April 1 2024.xls,RoomSales,667,2024-01-01,2024-04-01,60,2024-02-20,0.4615,12,12,0,0,0,6,20,1518.51,126.5425,75.9255,1518.51,126.5425,75.9255,Suite
Block 1  92 daysJanuary 1 to April 1 2024.xls,RoomSales,675,2024-01-01,2024-04-01,60,2024-02-21,0.4118,14,14,0,0,0,5,29,1771.29,126.5207,61.079,1771.29,126.5207,61.079,Standard
Block 1  92 daysJanuary 1 to April 1 2024.xls,RoomSales,680,2024-01-01,2024-04-01,60,2024-02-21,0.5385,14,14,0,0,0,4,22,1925.79,137.5564,87.5359,1925.79,137.5564,87.5359,Suite
Block 1  92 daysJanuary 1 to April 1 2024.xls,RoomSales,688,2024-01-01,2024-04-01,60,2024-02-22,0.5,17,17,0,0,0,3,31,2340.25,137.6618,75.4919,2340.25,137.6618,75.4919,Standard
Block 1  92 daysJanuary 1 to April 1 2024.xls,RoomSales,693,2024-01-01,2024-04-01,60,2024-02-22,0.4231,11,11,0,0,0,7,19,1296.67,117.8791,68.2458,1266.67,115.1518,66.6668,Suite
Block 1  92 daysJanuary 1 to April 1 2024.xls,RoomSales,701,2024-01-01,2024-04-01,60,2024-02-23,0.9706,33,32,1,0,0,0,34,4023.8,121.9333,118.3471,4023.8,121.9333,118.3471,Standard
Block 1  92 daysJanuary 1 to April 1 2024.xls,RoomSales,706,2024-01-01,2024-04-01,60,2024-02-23,0.8846,23,23,0,0,0,1,25,3048.31,132.5352,121.9324,3048.31,132.5352,121.9324,Suite
Block 1  92 daysJanuary 1 to April 1 2024.xls,RoomSales,714,2024-01-01,2024-04-01,60,2024-02-24,0.9412,32,29,3,0,0,1,33,4287.42,133.9819,129.9218,4287.42,133.9819,129.9218,Standard
Block 1  92 daysJanuary 1 to April 1 2024.xls,RoomSales,719,2024-01-01,2024-04-01,60,2024-02-24,0.9615,25,25,0,0,0,1,25,3581.35,143.254,143.254,3581.35,143.254,143.254,Suite
Block 1  92 daysJanuary 1 to April 1 2024.xls,RoomSales,727,2024-01-01,2024-04-01,60,2024-02-25,0.2941,10,10,0,0,0,20,14,1615.99,161.599,115.4279,1525.29,152.529,108.9493,Standard
Block 1  92 daysJanuary 1 to April 1 2024.xls,RoomSales,732,2024-01-01,2024-04-01,60,2024-02-25,0.1923,5,5,0,0,0,10,16,868.97,173.794,54.3106,603.87,120.774,37.7419,Suite
Block 1  92 daysJanuary 1 to April 1 2024.xls,RoomSales,740,2024-01-01,2024-04-01,60,2024-02-26,0.3235,11,11,0,0,0,22,12,1180.7,107.3364,98.3917,1180.7,107.3364,98.3917,Standard
Block 1  92 daysJanuary 1 to April 1 2024.xls,RoomSales,745,2024-01-01,2024-04-01,60,2024-02-26,0.3077,8,8,0,0,0,5,21,1199.6,149.95,57.1238,1199.6,149.95,57.1238,Suite
Block 1  92 daysJanuary 1 to April 1 2024.xls,RoomSales,753,2024-01-01,2024-04-01,60,2024-02-27,0.2941,10,10,0,0,0,23,11,1075.32,107.532,97.7564,1075.32,107.532,97.7564,Standard
Block 1  92 daysJanuary 1 to April 1 2024.xls,RoomSales,758,2024-01-01,2024-04-01,60,2024-02-27,0.3077,8,8,0,0,0,4,22,1047.28,130.91,47.6036,1047.28,130.91,47.6036,Suite
Block 1  92 daysJanuary 1 to April 1 2024.xls,RoomSales,766,2024-01-01,2024-04-01,60,2024-02-28,0.2647,9,9,0,0,0,6,28,1034.14,114.9044,36.9336,1034.14,114.9044,36.9336,Standard
Block 1  92 daysJanuary 1 to April 1 2024.xls,RoomSales,771,2024-01-01,2024-04-01,60,2024-02-28,0.3462,9,9,0,0,0,4,22,1172.77,130.3078,53.3077,1172.77,130.3078,53.3077,Suite
Block 1  92 daysJanuary 1 to April 1 2024.xls,RoomSales,779,2024-01-01,2024-04-01,60,2024-02-29,0.3824,13,13,0,0,0,7,27,1550.84,119.2954,57.4385,1550.84,119.2954,57.4385,Standard
Block 1  92 daysJanuary 1 to April 1 2024.xls,RoomSales,784,2024-01-01,2024-04-01,60,2024-02-29,0.3846,10,10,0,0,0,4,22,1286.54,128.654,58.4791,1183.09,118.309,53.7768,Suite
Block 1  92 daysJanuary 1 to April 1 2024.xls,RoomSales,792,2024-01-01,2024-04-01,60,2024-03-01,0.9412,32,32,0,0,0,2,32,4586.19,143.3184,143.3184,3823.19,119.4747,119.4747,Standard
Block 1  92 daysJanuary 1 to April 1 2024.xls,RoomSales,797,2024-01-01,2024-04-01,60,2024-03-01,0.8846,23,23,0,3,0,3,23,2994.91,130.2135,130.2135,2994.91,130.2135,130.2135,Suite
Block 1  92 daysJanuary 1 to April 1 2024.xls,RoomSales,805,2024-01-01,2024-04-01,60,2024-03-02,0.9706,33,33,0,0,0,0,34,4004.16,121.3382,117.7694,4004.16,121.3382,117.7694,Standard
Block 1  92 daysJanuary 1 to April 1 2024.xls,RoomSales,810,2024-01-01,2024-04-01,60,2024-03-02,0.9231,24,24,0,0,0,2,24,3570.21,148.7587,148.7587,3545.21,147.7171,147.7171,Suite
Block 1  92 daysJanuary 1 to April 1 2024.xls,RoomSales,818,2024-01-01,2024-04-01,60,2024-03-03,0.2647,9,9,0,0,0,5,29,1033.52,114.8356,35.6386,1033.52,114.8356,35.6386,Standard
Block 1  92 daysJanuary 1 to April 1 2024.xls,RoomSales,823,2024-01-01,2024-04-01,60,2024-03-03,0.2308,6,6,0,0,0,5,21,892.7,148.7833,42.5095,892.7,148.7833,42.5095,Suite
Block 1  92 daysJanuary 1 to April 1 2024.xls,RoomSales,831,2024-01-01,2024-04-01,60,2024-03-04,0.5882,20,20,0,0,0,0,34,2147.82,107.391,63.1712,2147.82,107.391,63.1712,Standard
Block 1  92 daysJanuary 1 to April 1 2024.xls,RoomSales,836,2024-01-01,2024-04-01,60,2024-03-04,0.3462,9,9,0,0,0,3,23,1322.56,146.9511,57.5026,1322.56,146.9511,57.5026,Suite
Block 1  92 daysJanuary 1 to April 1 2024.xls,RoomSales,844,2024-01-01,2024-04-01,60,2024-03-05,0.6176,21,21,0,0,0,0,34,2269.24,108.059,66.7424,2269.24,108.059,66.7424,Standard
Block 1  92 daysJanuary 1 to April 1 2024.xls,RoomSales,849,2024-01-01,2024-04-01,60,2024-03-05,0.4231,11,11,0,0,0,3,23,1785.67,162.3336,77.6378,1597.57,145.2336,69.4596,Suite
Block 1  92 daysJanuary 1 to April 1 2024.xls,RoomSales,857,2024-01-01,2024-04-01,60,2024-03-06,0.6765,23,23,0,0,0,0,34,2550.66,110.8983,75.0194,2550.66,110.8983,75.0194,Standard
Block 1  92 daysJanuary 1 to April 1 2024.xls,RoomSales,862,2024-01-01,2024-04-01,60,2024-03-06,0.4615,12,12,0,0,0,3,23,1592.57,132.7142,69.2422,1592.57,132.7142,69.2422,Suite
Block 1  92 daysJanuary 1 to April 1 2024.xls,RoomSales,870,2024-01-01,2024-04-01,60,2024-03-07,0.6176,21,21,0,0,0,1,33,2296.43,109.3538,69.5888,2296.43,109.3538,69.5888,Standard
Block 1  92 daysJanuary 1 to April 1 2024.xls,RoomSales,875,2024-01-01,2024-04-01,60,2024-03-07,0.3846,10,10,0,0,0,4,22,1425.46,142.546,64.7936,1425.46,142.546,64.7936,Suite
Block 1  92 daysJanuary 1 to April 1 2024.xls,RoomSales,883,2024-01-01,2024-04-01,60,2024-03-08,0.9118,31,31,0,0,0,2,32,3940.9,127.1258,123.1531,3940.9,127.1258,123.1531,Standard
Block 1  92 daysJanuary 1 to April 1 2024.xls,RoomSales,888,2024-01-01,2024-04-01,60,2024-03-08,0.8846,23,23,0,0,0,2,24,3215.59,139.8083,133.9829,3215.59,139.8083,133.9829,Suite
Block 1  92 daysJanuary 1 to April 1 2024.xls,RoomSales,896,2024-01-01,2024-04-01,60,2024-03-09,0.9706,33,33,0,1,0,0,34,4391.8,133.0848,129.1706,4263.83,129.207,125.4068,Standard
Block 1  92 daysJanuary 1 to April 1 2024.xls,RoomSales,901,2024-01-01,2024-04-01,60,2024-03-09,1.0,26,26,0,1,0,1,25,3816.45,146.7865,152.658,3816.45,146.7865,152.658,Suite
Block 1  92 daysJanuary 1 to April 1 2024.xls,RoomSales,909,2024-01-01,2024-04-01,60,2024-03-10,0.3529,12,12,0,0,0,6,28,1502.8,125.2333,53.6714,1502.8,125.2333,53.6714,Standard
Block 1  92 daysJanuary 1 to April 1 2024.xls,RoomSales,914,2024-01-01,2024-04-01,60,2024-03-10,0.3462,9,9,0,0,0,9,17,1237.61,137.5122,72.8006,1084.97,120.5522,63.8218,Suite
Block 1  92 daysJanuary 1 to April 1 2024.xls,RoomSales,922,2024-01-01,2024-04-01,60,2024-03-11,0.1176,4,4,0,0,0,1,33,481.58,120.395,14.5933,481.58,120.395,14.5933,Standard
Block 1  92 daysJanuary 1 to April 1 2024.xls,RoomSales,927,2024-01-01,2024-04-01,60,2024-03-11,0.3077,8,8,0,0,0,10,16,1068.48,133.56,66.78,1068.48,133.56,66.78,Suite
Block 1  92 daysJanuary 1 to April 1 2024.xls,RoomSales,935,2024-01-01,2024-04-01,60,2024-03-12,0.5588,19,19,0,0,0,2,32,2486.68,130.8779,77.7087,2486.68,130.8779,77.7087,Standard
Block 1  92 daysJanuary 1 to April 1 2024.xls,RoomSales,940,2024-01-01,2024-04-01,60,2024-03-12,0.3846,10,10,0,0,0,3,23,1497.8,149.78,65.1217,1497.8,149.78,65.1217,Suite
Block 1  92 daysJanuary 1 to April 1 2024.xls,RoomSales,948,2024-01-01,2024-04-01,60,2024-03-13,0.5,17,17,0,0,0,3,31,2419.53,142.3253,78.0494,2419.53,142.3253,78.0494,Standard
Block 1  92 daysJanuary 1 to April 1 2024.xls,RoomSales,953,2024-01-01,2024-04-01,60,2024-03-13,0.3846,10,10,0,0,0,2,24,1713.97,171.397,71.4154,1527.82,152.782,63.6592,Suite
Block 1  92 daysJanuary 1 to April 1 2024.xls,RoomSales,961,2024-01-01,2024-04-01,60,2024-03-14,0.3529,12,12,0,0,0,3,31,1515.12,126.26,48.8748,1515.12,126.26,48.8748,Standard
Block 1  92 daysJanuary 1 to April 1 2024.xls,RoomSales,966,2024-01-01,2024-04-01,60,2024-03-14,0.3462,9,9,0,0,0,2,24,1334.45,148.2722,55.6021,1334.45,148.2722,55.6021,Suite
Block 1  92 daysJanuary 1 to April 1 2024.xls,RoomSales,974,2024-01-01,2024-04-01,60,2024-03-15,0.8824,30,30,0,0,1,1,33,4105.78,136.8593,124.4176,4105.78,136.8593,124.4176,Standard
Block 1  92 daysJanuary 1 to April 1 2024.xls,RoomSales,979,2024-01-01,2024-04-01,60,2024-03-15,0.8846,23,18,5,0,0,2,24,3616.91,157.257,150.7046,3616.91,157.257,150.7046,Suite
Block 1  92 daysJanuary 1 to April 1 2024.xls,RoomSales,987,2024-01-01,2024-04-01,60,2024-03-16,0.9118,31,31,0,0,2,0,34,4363.57,140.7603,128.3403,4363.57,140.7603,128.3403,Standard
Block 1  92 daysJanuary 1 to April 1 2024.xls,RoomSales,992,2024-01-01,2024-04-01,60,2024-03-16,0.9231,24,19,5,0,0,1,25,3711.56,154.6483,148.4624,3711.56,154.6483,148.4624,Suite
Block 1  92 daysJanuary 1 to April 1 2024.xls,RoomSales,1000,2024-01-01,2024-04-01,60,2024-03-17,0.4706,16,16,0,0,0,3,31,2109.27,131.8294,68.041,2109.27,131.8294,68.041,Standard
Block 1  92 daysJanuary 1 to April 1 2024.xls,RoomSales,1005,2024-01-01,2024-04-01,60,2024-03-17,0.4615,12,12,0,0,0,3,23,1822.21,151.8508,79.2265,1822.21,151.8508,79.2265,Suite
Block 1  92 daysJanuary 1 to April 1 2024.xls,RoomSales,1013,2024-01-01,2024-04-01,60,2024-03-18,0.4118,14,14,0,0,0,9,25,1947.59,139.1136,77.9036,1947.59,139.1136,77.9036,Standard
Block 1  92 daysJanuary 1 to April 1 2024.xls,RoomSales,1018,2024-01-01,2024-04-01,60,2024-03-18,0.3077,8,8,0,0,0,3,23,1049.86,131.2325,45.6461,1049.86,131.2325,45.6461,Suite
Block 1  92 daysJanuary 1 to April 1 2024.xls,RoomSales,1026,2024-01-01,2024-04-01,60,2024-03-19,0.5,17,17,0,0,0,2,32,2204.49,129.6759,68.8903,2204.49,129.6759,68.8903,Standard
Block 1  92 daysJanuary 1 to April 1 2024.xls,RoomSales,1031,2024-01-01,2024-04-01,60,2024-03-19,0.3462,9,9,0,0,0,2,24,1121.11,124.5678,46.7129,1121.11,124.5678,46.7129,Suite
Block 1  92 daysJanuary 1 to April 1 2024.xls,RoomSales,1039,2024-01-01,2024-04-01,60,2024-03-20,0.2353,8,8,0,0,0,1,33,1008.18,126.0225,30.5509,1008.18,126.0225,30.5509,Standard
Block 1  92 daysJanuary 1 to April 1 2024.xls,RoomSales,1044,2024-01-01,2024-04-01,60,2024-03-20,0.3846,10,10,0,0,0,1,25,1463.9,146.39,58.556,1463.9,146.39,58.556,Suite
Block 1  92 daysJanuary 1 to April 1 2024.xls,RoomSales,1052,2024-01-01,2024-04-01,60,2024-03-21,0.2941,10,10,0,0,0,0,34,1656.29,165.629,48.7144,1656.29,165.629,48.7144,Standard
Block 1  92 daysJanuary 1 to April 1 2024.xls,RoomSales,1057,2024-01-01,2024-04-01,60,2024-03-21,0.2692,7,7,0,0,0,2,24,949.72,135.6743,39.5717,949.72,135.6743,39.5717,Suite
Block 1  92 daysJanuary 1 to April 1 2024.xls,RoomSales,1065,2024-01-01,2024-04-01,60,2024-03-22,1.0,34,34,0,0,0,0,34,4675.15,137.5044,137.5044,4675.15,137.5044,137.5044,Standard
Block 1  92 daysJanuary 1 to April 1 2024.xls,RoomSales,1070,2024-01-01,2024-04-01,60,2024-03-22,0.7692,20,20,0,0,0,2,24,2445.75,122.2875,101.9062,2445.75,122.2875,101.9062,Suite
Block 1  92 daysJanuary 1 to April 1 2024.xls,RoomSales,1078,2024-01-01,2024-04-01,60,2024-03-23,0.9706,33,30,3,0,0,0,34,4451.8,134.903,130.9353,4451.8,134.903,130.9353,Standard
Block 1  92 daysJanuary 1 to April 1 2024.xls,RoomSales,1083,2024-01-01,2024-04-01,60,2024-03-23,0.9615,25,25,0,0,0,1,25,3822.05,152.882,152.882,3822.05,152.882,152.882,Suite
Block 1  92 daysJanuary 1 to April 1 2024.xls,RoomSales,1091,2024-01-01,2024-04-01,60,2024-03-24,0.2647,9,9,0,0,0,9,25,1222.61,135.8456,48.9044,950.45,105.6056,38.018,Standard
Block 1  92 daysJanuary 1 to April 1 2024.xls,RoomSales,1096,2024-01-01,2024-04-01,60,2024-03-24,0.3846,10,10,0,0,0,10,16,1349.42,134.942,84.3388,1349.42,134.942,84.3388,Suite
Block 1  92 daysJanuary 1 to April 1 2024.xls,RoomSales,1104,2024-01-01,2024-04-01,60,2024-03-25,0.2353,8,8,0,0,0,11,23,977.84,122.23,42.5148,977.84,122.23,42.5148,Standard
Block 1  92 daysJanuary 1 to April 1 2024.xls,RoomSales,1109,2024-01-01,2024-04-01,60,2024-03-25,0.3077,8,8,0,0,0,3,23,914.64,114.33,39.767,914.64,114.33,39.767,Suite
Block 1  92 daysJanuary 1 to April 1 2024.xls,RoomSales,1117,2024-01-01,2024-04-01,60,2024-03-26,0.2647,9,9,0,0,0,1,33,1182.06,131.34,35.82,1182.06,131.34,35.82,Standard
Block 1  92 daysJanuary 1 to April 1 2024.xls,RoomSales,1122,2024-01-01,2024-04-01,60,2024-03-26,0.4231,11,11,0,0,0,3,23,1378.35,125.3045,59.9283,1378.35,125.3045,59.9283,Suite
Block 1  92 daysJanuary 1 to April 1 2024.xls,RoomSales,1130,2024-01-01,2024-04-01,60,2024-03-27,0.2647,9,9,0,0,0,2,32,1134.68,126.0756,35.4588,1134.68,126.0756,35.4588,Standard
Block 1  92 daysJanuary 1 to April 1 2024.xls,RoomSales,1135,2024-01-01,2024-04-01,60,2024-03-27,0.4615,12,12,0,0,0,4,22,1721.62,143.4683,78.2555,1721.62,143.4683,78.2555,Suite
Block 1  92 daysJanuary 1 to April 1 2024.xls,RoomSales,1143,2024-01-01,2024-04-01,60,2024-03-28,0.3235,11,11,0,0,0,5,29,1280.47,116.4064,44.1541,1280.47,116.4064,44.1541,Standard
Block 1  92 daysJanuary 1 to April 1 2024.xls,RoomSales,1148,2024-01-01,2024-04-01,60,2024-03-28,0.4615,12,12,0,0,0,4,22,1342.48,111.8733,61.0218,1342.48,111.8733,61.0218,Suite
Block 1  92 daysJanuary 1 to April 1 2024.xls,RoomSales,1156,2024-01-01,2024-04-01,60,2024-03-29,0.9706,33,33,0,0,0,0,34,4151.24,125.7952,122.0953,4151.24,125.7952,122.0953,Standard
Block 1  92 daysJanuary 1 to April 1 2024.xls,RoomSales,1161,2024-01-01,2024-04-01,60,2024-03-29,0.8462,22,22,0,0,0,3,23,3185.44,144.7927,138.4974,2997.34,136.2427,130.3191,Suite
Block 1  92 daysJanuary 1 to April 1 2024.xls,RoomSales,1169,2024-01-01,2024-04-01,60,2024-03-30,0.9706,33,33,0,0,0,0,34,6893.44,208.8921,202.7482,6200.25,187.8864,182.3603,Standard
Block 1  92 daysJanuary 1 to April 1 2024.xls,RoomSales,1174,2024-01-01,2024-04-01,60,2024-03-30,0.7308,19,19,0,0,0,3,23,3609.25,189.9605,156.9239,3411.35,179.5447,148.3196,Suite
Block 1  92 daysJanuary 1 to April 1 2024.xls,RoomSales,1182,2024-01-01,2024-04-01,60,2024-03-31,0.2059,7,7,0,0,0,6,28,1060.01,151.43,37.8575,1060.01,151.43,37.8575,Standard
Block 1  92 daysJanuary 1 to April 1 2024.xls,RoomSales,1187,2024-01-01,2024-04-01,60,2024-03-31,0.4231,11,11,0,0,0,7,19,1351.62,122.8745,71.1379,1351.62,122.8745,71.1379,Suite
Block 1  92 daysJanuary 1 to April 1 2024.xls,RoomSales,1195,2024-01-01,2024-04-01,60,2024-04-01,0.3235,11,11,0,0,0,5,29,1487.52,135.2291,51.2938,1487.52,135.2291,51.2938,Standard
Block 1  92 daysJanuary 1 to April 1 2024.xls,RoomSales,1200,2024-01-01,2024-04-01,60,2024-04-01,0.1538,4,4,0,0,0,6,20,557.01,139.2525,27.8505,445.57,111.3925,22.2785,Suite
Block 2 April 2 to July 2 2024.xls,RoomSales,12,2024-04-02,2024-07-02,60,2024-04-02,0.4412,15,15,0,0,0,0,34,1825.21,121.6807,53.6826,1664.11,110.9407,48.9444,Standard
Block 2 April 2 to July 2 2024.xls,RoomSales,17,2024-04-02,2024-07-02,60,2024-04-02,0.3077,8,8,0,0,0,3,23,1032.79,129.0987,44.9039,1032.79,129.0987,44.9039,Suite
Block 2 April 2 to July 2 2024.xls,RoomSales,25,2024-04-02,2024-07-02,60,2024-04-03,0.7059,24,24,0,0,0,0,34,2593.8,108.075,76.2882,2593.8,108.075,76.2882,Standard
Block 2 April 2 to July 2 2024.xls,RoomSales,30,2024-04-02,2024-07-02,60,2024-04-03,0.4231,11,11,0,0,0,3,23,1439.12,130.8291,62.5704,1439.12,130.8291,62.5704,Suite
Block 2 April 2 to July 2 2024.xls,RoomSales,38,2024-04-02,2024-07-02,60,2024-04-04,0.4412,15,15,0,0,0,0,34,1460.64,97.376,42.96,1460.64,97.376,42.96,Standard
Block 2 April 2 to July 2 2024.xls,RoomSales,43,2024-04-02,2024-07-02,60,2024-04-04,0.4615,12,12,0,0,0,3,23,1462.99,121.9158,63.6083,1462.99,121.9158,63.6083,Suite
Block 2 April 2 to July 2 2024.xls,RoomSales,51,2024-04-02,2024-07-02,60,2024-04-05,1.0,34,34,0,0,0,0,34,4960.18,145.8876,145.8876,4960.18,145.8876,145.8876,Standard
Block 2 April 2 to July 2 2024.xls,RoomSales,56,2024-04-02,2024-07-02,60,2024-04-05,1.0,26,26,0,0,0,0,26,4372.57,168.1758,168.1758,4372.57,168.1758,168.1758,Suite
Block 2 April 2 to July 2 2024.xls,RoomSales,64,2024-04-02,2024-07-02,60,2024-04-06,1.0,34,32,2,1,0,0,34,4066.12,119.5918,119.5918,4066.12,119.5918,119.5918,Standard
Block 2 April 2 to July 2 2024.xls,RoomSales,69,2024-04-02,2024-07-02,60,2024-04-06,1.0,26,24,2,0,0,0,26,4171.81,160.4542,160.4542,4171.81,160.4542,160.4542,Suite
Block 2 April 2 to July 2 2024.xls,RoomSales,77,2024-04-02,2024-07-02,60,2024-04-07,0.6765,23,23,0,0,0,1,33,2665.12,115.8748,80.7612,2665.12,115.8748,80.7612,Standard
Block 2 April 2 to July 2 2024.xls,RoomSales,82,2024-04-02,2024-07-02,60,2024-04-07,0.3077,8,8,0,0,0,1,25,1102.85,137.8562,44.114,1102.85,137.8562,44.114,Suite
Block 2 April 2 to July 2 2024.xls,RoomSales,90,2024-04-02,2024-07-02,60,2024-04-08,0.6176,21,21,0,0,0,7,27,2700.06,128.5743,100.0022,2700.06,128.5743,100.0022,Standard
Block 2 April 2 to July 2 2024.xls,RoomSales,95,2024-04-02,2024-07-02,60,2024-04-08,0.5385,14,14,0,0,0,5,21,1914.08,136.72,91.1467,1914.08,136.72,91.1467,Suite
Block 2 April 2 to July 2 2024.xls,RoomSales,103,2024-04-02,2024-07-02,60,2024-04-09,0.3235,11,11,0,0,0,3,31,1760.73,160.0664,56.7977,1577.13,143.3755,50.8752,Standard
Block 2 April 2 to July 2 2024.xls,RoomSales,108,2024-04-02,2024-07-02,60,2024-04-09,0.4231,11,11,0,1,0,0,26,1470.82,133.7109,56.57,1470.82,133.7109,56.57,Suite
Block 2 April 2 to July 2 2024.xls,RoomSales,116,2024-04-02,2024-07-02,60,2024-04-10,0.2353,8,8,0,0,0,1,33,987.34,123.4175,29.9194,987.34,123.4175,29.9194,Standard
Block 2 April 2 to July 2 2024.xls,RoomSales,121,2024-04-02,2024-07-02,60,2024-04-10,0.3846,10,10,0,0,0,1,25,1252.62,125.262,50.1048,1252.62,125.262,50.1048,Suite
Block 2 April 2 to July 2 2024.xls,RoomSales,129,2024-04-02,2024-07-02,60,2024-04-11,0.3235,11,11,0,0,0,2,32,1328.98,120.8164,41.5306,1328.98,120.8164,41.5306,Standard
Block 2 April 2 to July 2 2024.xls,RoomSales,134,2024-04-02,2024-07-02,60,2024-04-11,0.3846,10,10,0,0,0,1,25,1287.87,128.787,51.5148,1287.87,128.787,51.5148,Suite
Block 2 April 2 to July 2 2024.xls,RoomSales,142,2024-04-02,2024-07-02,60,2024-04-12,0.9706,33,24,9,0,0,1,33,4242.5,128.5606,128.5606,4242.5,128.5606,128.5606,Standard
Block 2 April 2 to July 2 2024.xls,RoomSales,147,2024-04-02,2024-07-02,60,2024-04-12,1.0,26,22,4,0,0,0,26,4028.63,154.9473,154.9473,4028.63,154.9473,154.9473,Suite
Block 2 April 2 to July 2 2024.xls,RoomSales,155,2024-04-02,2024-07-02,60,2024-04-13,1.0,34,20,14,0,0,0,34,4672.21,137.4179,137.4179,4672.21,137.4179,137.4179,Standard
Block 2 April 2 to July 2 2024.xls,RoomSales,160,2024-04-02,2024-07-02,60,2024-04-13,1.0,26,20,6,0,0,0,26,3766.93,144.8819,144.8819,3766.93,144.8819,144.8819,Suite
Block 2 April 2 to July 2 2024.xls,RoomSales,168,2024-04-02,2024-07-02,60,2024-04-14,0.6176,21,21,0,0,0,3,31,2862.1,136.2905,92.3258,2862.1,136.2905,92.3258,Standard
Block 2 April 2 to July 2 2024.xls,RoomSales,173,2024-04-02,2024-07-02,60,2024-04-14,0.4231,11,10,1,0,0,0,26,1549.7,140.8818,59.6038,1549.7,140.8818,59.6038,Suite
Block 2 April 2 to July 2 2024.xls,RoomSales,181,2024-04-02,2024-07-02,60,2024-04-15,0.5,17,17,0,0,0,9,25,2278.28,134.0165,91.1312,2278.28,134.0165,91.1312,Standard
Block 2 April 2 to July 2 2024.xls,RoomSales,186,2024-04-02,2024-07-02,60,2024-04-15,0.4615,12,12,0,0,0,3,23,1500.36,125.03,65.233,1500.36,125.03,65.233,Suite
Block 2 April 2 to July 2 2024.xls,RoomSales,194,2024-04-02,2024-07-02,60,2024-04-16,0.5294,18,18,0,0,0,3,31,1876.59,104.255,60.5352,1775.53,98.6406,57.2752,Standard
Block 2 April 2 to July 2 2024.xls,RoomSales,199,2024-04-02,2024-07-02,60,2024-04-16,0.5385,14,14,0,0,0,3,23,2120.74,151.4814,92.2061,2120.74,151.4814,92.2061,Suite
Block 2 April 2 to July 2 2024.xls,RoomSales,207,2024-04-02,2024-07-02,60,2024-04-17,0.4706,16,16,0,0,0,2,32,1901.95,118.8719,59.4359,1735.95,108.4969,54.2484,Standard
Block 2 April 2 to July 2 2024.xls,RoomSales,212,2024-04-02,2024-07-02,60,2024-04-17,0.5,13,13,0,0,0,0,26,1775.1,136.5462,68.2731,1775.1,136.5462,68.2731,Suite
Block 2 April 2 to July 2 2024.xls,RoomSales,220,2024-04-02,2024-07-02,60,2024-04-18,0.6765,23,22,1,0,0,2,32,2918.5,126.8913,91.2031,2918.5,126.8913,91.2031,Standard
Block 2 April 2 to July 2 2024.xls,RoomSales,225,2024-04-02,2024-07-02,60,2024-04-18,0.6923,18,13,5,0,0,0,26,2575.15,143.0639,99.0442,2575.15,143.0639,99.0442,Suite
Block 2 April 2 to July 2 2024.xls,RoomSales,233,2024-04-02,2024-07-02,60,2024-04-19,0.9706,33,22,11,0,0,0,34,5992.18,181.5812,176.2406,5818.78,176.3267,171.1406,Standard
Block 2 April 2 to July 2 2024.xls,RoomSales,238,2024-04-02,2024-07-02,60,2024-04-19,0.9615,25,15,10,0,0,0,26,4183.68,167.3472,160.9108,4183.68,167.3472,160.9108,Suite
Block 2 April 2 to July 2 2024.xls,RoomSales,246,2024-04-02,2024-07-02,60,2024-04-20,1.0,34,19,15,0,0,0,34,4714.29,138.6556,138.6556,4714.29,138.6556,138.6556,Standard
Block 2 April 2 to July 2 2024.xls,RoomSales,251,2024-04-02,2024-07-02,60,2024-04-20,0.9231,24,17,7,0,0,0,26,3865.42,161.0592,148.67,3754.13,156.4221,144.3896,Suite
Block 2 April 2 to July 2 2024.xls,RoomSales,259,2024-04-02,2024-07-02,60,2024-04-21,0.5882,20,20,0,0,0,4,30,2320.62,116.031,77.354,2320.62,116.031,77.354,Standard
Block 2 April 2 to July 2 2024.xls,RoomSales,264,2024-04-02,2024-07-02,60,2024-04-21,0.3462,9,9,0,0,0,2,24,1401.65,155.7389,58.4021,1241.0,137.8889,51.7083,Suite
Block 2 April 2 to July 2 2024.xls,RoomSales,272,2024-04-02,2024-07-02,60,2024-04-22,0.5294,18,18,0,0,0,7,27,2289.57,127.1983,84.7989,2139.88,118.8822,79.2548,Standard
Block 2 April 2 to July 2 2024.xls,RoomSales,277,2024-04-02,2024-07-02,60,2024-04-22,0.3846,10,10,0,0,0,5,21,1513.13,151.313,72.0538,1513.13,151.313,72.0538,Suite
Block 2 April 2 to July 2 2024.xls,RoomSales,285,2024-04-02,2024-07-02,60,2024-04-23,0.4412,15,15,0,0,0,4,30,1749.71,116.6473,58.3237,1749.71,116.6473,58.3237,Standard
Block 2 April 2 to July 2 2024.xls,RoomSales,290,2024-04-02,2024-07-02,60,2024-04-23,0.3462,9,9,0,0,0,1,25,1070.15,118.9056,42.806,1070.15,118.9056,42.806,Suite
Block 2 April 2 to July 2 2024.xls,RoomSales,298,2024-04-02,2024-07-02,60,2024-04-24,0.3824,13,13,0,0,0,3,31,1812.85,139.45,58.479,1812.85,139.45,58.479,Standard
Block 2 April 2 to July 2 2024.xls,RoomSales,303,2024-04-02,2024-07-02,60,2024-04-24,0.4231,11,11,0,0,0,0,26,1418.95,128.9955,54.575,1418.95,128.9955,54.575,Suite
Block 2 April 2 to July 2 2024.xls,RoomSales,311,2024-04-02,2024-07-02,60,2024-04-25,0.5882,20,20,0,0,0,1,33,2575.44,128.772,78.0436,2575.44,128.772,78.0436,Standard
Block 2 April 2 to July 2 2024.xls,RoomSales,316,2024-04-02,2024-07-02,60,2024-04-25,0.5,13,12,1,0,0,0,26,1808.87,139.1438,69.5719,1808.87,139.1438,69.5719,Suite
Block 2 April 2 to July 2 2024.xls,RoomSales,324,2024-04-02,2024-07-02,60,2024-04-26,0.9706,33,32,1,0,0,0,34,4625.07,140.1536,136.0315,4625.07,140.1536,136.0315,Standard
Block 2 April 2 to July 2 2024.xls,RoomSales,329,2024-04-02,2024-07-02,60,2024-04-26,0.9615,25,23,2,0,0,0,26,3969.58,158.7832,152.6762,3969.58,158.7832,152.6762,Suite
Block 2 April 2 to July 2 2024.xls,RoomSales,337,2024-04-02,2024-07-02,60,2024-04-27,1.0,34,29,5,0,0,0,34,4723.66,138.9312,138.9312,4723.66,138.9312,138.9312,Standard
Block 2 April 2 to July 2 2024.xls,RoomSales,342,2024-04-02,2024-07-02,60,2024-04-27,1.0,26,22,4,0,0,0,26,3880.71,149.2581,149.2581,3880.71,149.2581,149.2581,Suite
Block 2 April 2 to July 2 2024.xls,RoomSales,350,2024-04-02,2024-07-02,60,2024-04-28,0.4412,15,15,0,0,0,11,23,1776.97,118.4647,77.2596,1776.97,118.4647,77.2596,Standard
Block 2 April 2 to July 2 2024.xls,RoomSales,355,2024-04-02,2024-07-02,60,2024-04-28,0.1923,5,5,0,0,0,6,20,734.26,146.852,36.713,618.34,123.668,30.917,Suite
Block 2 April 2 to July 2 2024.xls,RoomSales,363,2024-04-02,2024-07-02,60,2024-04-29,0.5294,18,18,0,0,0,2,32,2235.69,124.205,69.8653,2235.69,124.205,69.8653,Standard
Block 2 April 2 to July 2 2024.xls,RoomSales,368,2024-04-02,2024-07-02,60,2024-04-29,0.1923,5,5,0,0,0,0,26,635.14,127.028,24.4285,635.14,127.028,24.4285,Suite
Block 2 April 2 to July 2 2024.xls,RoomSales,376,2024-04-02,2024-07-02,60,2024-04-30,0.4412,15,14,1,0,0,3,31,1737.94,115.8627,56.0626,1737.94,115.8627,56.0626,Standard
Block 2 April 2 to July 2 2024.xls,RoomSales,381,2024-04-02,2024-07-02,60,2024-04-30,0.3462,9,9,0,0,0,0,26,1106.49,122.9433,42.5573,1106.49,122.9433,42.5573,Suite
Block 2 April 2 to July 2 2024.xls,RoomSales,389,2024-04-02,2024-07-02,60,2024-05-01,0.5882,20,17,3,0,0,4,30,3228.78,161.439,107.626,3228.78,161.439,107.626,Standard
Block 2 April 2 to July 2 2024.xls,RoomSales,394,2024-04-02,2024-07-02,60,2024-05-01,0.3462,9,9,0,0,0,1,25,1455.68,161.7422,58.2272,1455.68,161.7422,58.2272,Suite
Block 2 April 2 to July 2 2024.xls,RoomSales,402,2024-04-02,2024-07-02,60,2024-05-02,0.7647,26,19,7,0,0,3,31,4767.38,183.3608,153.7865,4767.38,183.3608,153.7865,Standard
Block 2 April 2 to July 2 2024.xls,RoomSales,407,2024-04-02,2024-07-02,60,2024-05-02,0.4615,12,8,4,0,0,2,24,2542.14,211.845,105.9225,2542.14,211.845,105.9225,Suite
Block 2 April 2 to July 2 2024.xls,RoomSales,415,2024-04-02,2024-07-02,60,2024-05-03,1.0,34,25,9,0,0,0,34,6959.24,204.6835,204.6835,6959.24,204.6835,204.6835,Standard
Block 2 April 2 to July 2 2024.xls,RoomSales,420,2024-04-02,2024-07-02,60,2024-05-03,0.9615,25,15,10,0,0,0,26,5606.84,224.2736,215.6477,5606.84,224.2736,215.6477,Suite
Block 2 April 2 to July 2 2024.xls,RoomSales,428,2024-04-02,2024-07-02,60,2024-05-04,0.9706,33,28,5,0,0,0,34,6413.75,194.3561,188.6397,6413.75,194.3561,188.6397,Standard
Block 2 April 2 to July 2 2024.xls,RoomSales,433,2024-04-02,2024-07-02,60,2024-05-04,0.9615,25,22,3,0,0,0,26,5860.88,234.4352,225.4185,5860.88,234.4352,225.4185,Suite
Block 2 April 2 to July 2 2024.xls,RoomSales,441,2024-04-02,2024-07-02,60,2024-05-05,0.2941,10,10,0,0,0,4,30,1637.17,163.717,54.5723,1637.17,163.717,54.5723,Standard
Block 2 April 2 to July 2 2024.xls,RoomSales,446,2024-04-02,2024-07-02,60,2024-05-05,0.2692,7,6,1,0,0,6,20,1389.28,198.4686,69.464,1389.28,198.4686,69.464,Suite
Block 2 April 2 to July 2 2024.xls,RoomSales,454,2024-04-02,2024-07-02,60,2024-05-06,0.3235,11,11,0,0,0,4,30,1910.82,173.7109,63.694,1910.82,173.7109,63.694,Standard
Block 2 April 2 to July 2 2024.xls,RoomSales,459,2024-04-02,2024-07-02,60,2024-05-06,0.2692,7,7,0,0,0,0,26,1110.17,158.5957,42.6988,1110.17,158.5957,42.6988,Suite
Block 2 April 2 to July 2 2024.xls,RoomSales,467,2024-04-02,2024-07-02,60,2024-05-07,0.2647,9,9,0,0,0,2,32,1406.94,156.3267,43.9669,1406.94,156.3267,43.9669,Standard
Block 2 April 2 to July 2 2024.xls,RoomSales,472,2024-04-02,2024-07-02,60,2024-05-07,0.2692,7,7,0,0,0,0,26,942.72,134.6743,36.2585,942.72,134.6743,36.2585,Suite
Block 2 April 2 to July 2 2024.xls,RoomSales,480,2024-04-02,2024-07-02,60,2024-05-08,0.1471,5,5,0,0,0,3,31,719.76,143.952,23.2181,719.76,143.952,23.2181,Standard
Block 2 April 2 to July 2 2024.xls,RoomSales,485,2024-04-02,2024-07-02,60,2024-05-08,0.3846,10,10,0,0,0,1,25,1229.15,122.915,49.166,1229.15,122.915,49.166,Suite
Block 2 April 2 to July 2 2024.xls,RoomSales,493,2024-04-02,2024-07-02,60,2024-05-09,0.4118,14,14,0,0,0,2,32,2012.12,143.7229,62.8787,2012.12,143.7229,62.8787,Standard
Block 2 April 2 to July 2 2024.xls,RoomSales,498,2024-04-02,2024-07-02,60,2024-05-09,0.2692,7,7,0,0,0,0,26,931.43,133.0614,35.8242,931.43,133.0614,35.8242,Suite
Block 2 April 2 to July 2 2024.xls,RoomSales,506,2024-04-02,2024-07-02,60,2024-05-10,0.5,17,17,0,0,0,3,31,2804.31,164.9594,90.4616,2804.31,164.9594,90.4616,Standard
Block 2 April 2 to July 2 2024.xls,RoomSales,511,2024-04-02,2024-07-02,60,2024-05-10,0.7308,19,19,0,0,0,0,26,3399.5,178.9211,130.75,3399.5,178.9211,130.75,Suite
Block 2 April 2 to July 2 2024.xls,RoomSales,519,2024-04-02,2024-07-02,60,2024-05-11,0.8529,29,29,0,0,1,2,32,6498.08,224.0717,203.065,6498.08,224.0717,203.065,Standard
Block 2 April 2 to July 2 2024.xls,RoomSales,524,2024-04-02,2024-07-02,60,2024-05-11,0.9615,25,25,0,0,0,0,26,4662.45,186.498,179.325,4662.45,186.498,179.325,Suite
Block 2 April 2 to July 2 2024.xls,RoomSales,532,2024-04-02,2024-07-02,60,2024-05-12,0.3824,13,13,0,2,0,7,27,1696.21,130.4777,62.8226,1588.81,122.2162,58.8448,Standard
Block 2 April 2 to July 2 2024.xls,RoomSales,537,2024-04-02,2024-07-02,60,2024-05-12,0.2308,6,6,0,0,0,3,23,814.5,135.75,35.413,814.5,135.75,35.413,Suite
Block 2 April 2 to July 2 2024.xls,RoomSales,545,2024-04-02,2024-07-02,60,2024-05-13,0.5882,20,20,0,0,0,3,31,2876.01,143.8005,92.7745,2569.91,128.4955,82.9003,Standard
Block 2 April 2 to July 2 2024.xls,RoomSales,550,2024-04-02,2024-07-02,60,2024-05-13,0.3077,8,8,0,0,0,2,24,995.39,124.4237,41.4746,995.39,124.4237,41.4746,Suite
Block 2 April 2 to July 2 2024.xls,RoomSales,558,2024-04-02,2024-07-02,60,2024-05-14,0.4118,14,14,0,0,0,2,32,1981.33,141.5236,61.9166,1981.33,141.5236,61.9166,Standard
Block 2 April 2 to July 2 2024.xls,RoomSales,563,2024-04-02,2024-07-02,60,2024-05-14,0.3077,8,8,0,0,0,0,26,1108.73,138.5913,42.6435,973.3,121.6625,37.4346,Suite
Block 2 April 2 to July 2 2024.xls,RoomSales,571,2024-04-02,2024-07-02,60,2024-05-15,0.7059,24,24,0,0,0,1,33,3480.6,145.025,105.4727,3480.6,145.025,105.4727,Standard
Block 2 April 2 to July 2 2024.xls,RoomSales,576,2024-04-02,2024-07-02,60,2024-05-15,0.2308,6,6,0,0,0,0,26,897.68,149.6133,34.5262,897.68,149.6133,34.5262,Suite
Block 2 April 2 to July 2 2024.xls,RoomSales,584,2024-04-02,2024-07-02,60,2024-05-16,0.9118,31,31,0,0,0,1,33,6048.68,195.1187,183.2933,6048.68,195.1187,183.2933,Standard
Block 2 April 2 to July 2 2024.xls,RoomSales,589,2024-04-02,2024-07-02,60,2024-05-16,0.9231,24,24,0,0,0,1,25,4736.51,197.3546,189.4604,4736.51,197.3546,189.4604,Suite
Block 2 April 2 to July 2 2024.xls,RoomSales,597,2024-04-02,2024-07-02,60,2024-05-17,0.9412,32,32,0,0,0,0,34,7206.5,225.2031,211.9559,7006.5,218.9531,206.0735,Standard
Block 2 April 2 to July 2 2024.xls,RoomSales,602,2024-04-02,2024-07-02,60,2024-05-17,1.0,26,25,1,0,0,0,26,6837.49,262.9804,262.9804,6837.49,262.9804,262.9804,Suite
Block 2 April 2 to July 2 2024.xls,RoomSales,610,2024-04-02,2024-07-02,60,2024-05-18,0.9706,33,28,5,0,0,0,34,8591.38,260.3448,252.6876,8576.38,259.8903,252.2465,Standard
Block 2 April 2 to July 2 2024.xls,RoomSales,615,2024-04-02,2024-07-02,60,2024-05-18,1.0,26,20,6,0,0,0,26,6659.84,256.1477,256.1477,6659.84,256.1477,256.1477,Suite
Block 2 April 2 to July 2 2024.xls,RoomSales,623,2024-04-02,2024-07-02,60,2024-05-19,0.8529,29,29,0,0,0,1,33,5042.9,173.8931,152.8152,4805.75,165.7155,145.6288,Standard
Block 2 April 2 to July 2 2024.xls,RoomSales,628,2024-04-02,2024-07-02,60,2024-05-19,0.3846,10,9,1,0,0,14,12,1963.68,196.368,163.64,1963.68,196.368,163.64,Suite
Block 2 April 2 to July 2 2024.xls,RoomSales,636,2024-04-02,2024-07-02,60,2024-05-20,0.4412,15,15,0,0,0,12,22,2525.74,168.3827,114.8064,2525.74,168.3827,114.8064,Standard
Block 2 April 2 to July 2 2024.xls,RoomSales,641,2024-04-02,2024-07-02,60,2024-05-20,0.1923,5,5,0,0,0,11,15,880.02,176.004,58.668,880.02,176.004,58.668,Suite
Block 2 April 2 to July 2 2024.xls,RoomSales,649,2024-04-02,2024-07-02,60,2024-05-21,0.5882,20,20,0,0,0,2,32,2470.53,123.5265,77.2041,2470.53,123.5265,77.2041,Standard
Block 2 April 2 to July 2 2024.xls,RoomSales,654,2024-04-02,2024-07-02,60,2024-05-21,0.0,0,0,0,0,0,1,25,0.0,0.0,0.0,0.0,0.0,0.0,Suite
Block 2 April 2 to July 2 2024.xls,RoomSales,662,2024-04-02,2024-07-02,60,2024-05-22,0.5294,18,18,0,0,0,1,33,2227.84,123.7689,67.5103,2227.84,123.7689,67.5103,Standard
Block 2 April 2 to July 2 2024.xls,RoomSales,667,2024-04-02,2024-07-02,60,2024-05-22,0.1154,3,3,0,0,0,1,25,392.41,130.8033,15.6964,392.41,130.8033,15.6964,Suite
Block 2 April 2 to July 2 2024.xls,RoomSales,675,2024-04-02,2024-07-02,60,2024-05-23,0.4706,16,15,1,0,0,1,33,3492.08,218.255,105.8206,2240.64,140.04,67.8982,Standard
Block 2 April 2 to July 2 2024.xls,RoomSales,680,2024-04-02,2024-07-02,60,2024-05-23,0.2692,7,5,2,0,0,2,24,1208.77,172.6814,50.3654,1208.77,172.6814,50.3654,Suite
Block 2 April 2 to July 2 2024.xls,RoomSales,688,2024-04-02,2024-07-02,60,2024-05-24,1.0,34,26,8,0,0,0,34,6857.2,201.6824,201.6824,6857.2,201.6824,201.6824,Standard
Block 2 April 2 to July 2 2024.xls,RoomSales,693,2024-04-02,2024-07-02,60,2024-05-24,1.0,26,16,10,0,0,0,26,5871.15,225.8135,225.8135,5871.15,225.8135,225.8135,Suite
Block 2 April 2 to July 2 2024.xls,RoomSales,701,2024-04-02,2024-07-02,60,2024-05-25,0.9706,33,15,18,0,0,0,34,7248.99,219.6664,213.2056,7248.99,219.6664,213.2056,Standard
Block 2 April 2 to July 2 2024.xls,RoomSales,706,2024-04-02,2024-07-02,60,2024-05-25,1.0,26,13,13,0,0,0,26,6085.84,234.0708,234.0708,6085.84,234.0708,234.0708,Suite
Block 2 April 2 to July 2 2024.xls,RoomSales,714,2024-04-02,2024-07-02,60,2024-05-26,0.9118,31,25,6,0,0,2,32,5147.99,166.0642,160.8747,4733.99,152.7094,147.9372,Standard
Block 2 April 2 to July 2 2024.xls,RoomSales,719,2024-04-02,2024-07-02,60,2024-05-26,0.6154,16,12,4,0,0,8,18,2966.56,185.41,164.8089,2966.56,185.41,164.8089,Suite
Block 2 April 2 to July 2 2024.xls,RoomSales,727,2024-04-02,2024-07-02,60,2024-05-27,0.2647,9,9,0,0,0,1,33,1229.18,136.5756,37.2479,1229.18,136.5756,37.2479,Standard
Block 2 April 2 to July 2 2024.xls,RoomSales,732,2024-04-02,2024-07-02,60,2024-05-27,0.1538,4,4,0,0,0,6,20,639.99,159.9975,31.9995,639.99,159.9975,31.9995,Suite
Block 2 April 2 to July 2 2024.xls,RoomSales,740,2024-04-02,2024-07-02,60,2024-05-28,0.2059,7,7,0,0,0,1,33,981.44,140.2057,29.7406,832.69,118.9557,25.233,Standard
Block 2 April 2 to July 2 2024.xls,RoomSales,745,2024-04-02,2024-07-02,60,2024-05-28,0.2692,7,7,0,0,0,0,26,941.12,134.4457,36.1969,941.12,134.4457,36.1969,Suite
Block 2 April 2 to July 2 2024.xls,RoomSales,753,2024-04-02,2024-07-02,60,2024-05-29,0.3824,13,13,0,0,0,0,34,1755.24,135.0185,51.6247,1755.24,135.0185,51.6247,Standard
Block 2 April 2 to July 2 2024.xls,RoomSales,758,2024-04-02,2024-07-02,60,2024-05-29,0.3077,8,8,0,0,0,0,26,1152.64,144.08,44.3323,992.64,124.08,38.1785,Suite
Block 2 April 2 to July 2 2024.xls,RoomSales,766,2024-04-02,2024-07-02,60,2024-05-30,0.5882,20,20,0,0,0,0,34,3089.65,154.4825,90.8721,2980.35,149.0175,87.6574,Standard
Block 2 April 2 to July 2 2024.xls,RoomSales,771,2024-04-02,2024-07-02,60,2024-05-30,0.4231,11,9,2,0,0,0,26,1410.01,128.1827,54.2312,1410.01,128.1827,54.2312,Suite
Block 2 April 2 to July 2 2024.xls,RoomSales,779,2024-04-02,2024-07-02,60,2024-05-31,0.9706,33,7,26,0,0,0,34,7014.31,212.5548,206.3032,7014.31,212.5548,206.3032,Standard
Block 2 April 2 to July 2 2024.xls,RoomSales,784,2024-04-02,2024-07-02,60,2024-05-31,0.9615,25,10,15,0,0,0,26,5259.01,210.3604,202.2696,5145.76,205.8304,197.9138,Suite
Block 2 April 2 to July 2 2024.xls,RoomSales,794,2024-04-02,2024-07-02,60,2024-06-01,1.0,34,4,30,0,0,0,34,6803.55,200.1044,200.1044,6803.55,200.1044,200.1044,Standard
Block 2 April 2 to July 2 2024.xls,RoomSales,799,2024-04-02,2024-07-02,60,2024-06-01,1.0,26,8,18,0,0,0,26,5223.43,200.9012,200.9012,5223.43,200.9012,200.9012,Suite
Block 2 April 2 to July 2 2024.xls,RoomSales,807,2024-04-02,2024-07-02,60,2024-06-02,0.3235,11,10,1,0,0,19,15,1810.07,164.5518,120.6713,1405.82,127.8018,93.7213,Standard
Block 2 April 2 to July 2 2024.xls,RoomSales,812,2024-04-02,2024-07-02,60,2024-06-02,0.3462,9,7,2,0,0,12,14,1201.57,133.5078,85.8264,1201.57,133.5078,85.8264,Suite
Block 2 April 2 to July 2 2024.xls,RoomSales,820,2024-04-02,2024-07-02,60,2024-06-03,0.5,17,17,0,0,0,10,24,2272.64,133.6847,94.6933,2272.64,133.6847,94.6933,Standard
Block 2 April 2 to July 2 2024.xls,RoomSales,825,2024-04-02,2024-07-02,60,2024-06-03,0.2692,7,7,0,0,0,9,17,1011.36,144.48,59.4918,1011.36,144.48,59.4918,Suite
Block 2 April 2 to July 2 2024.xls,RoomSales,833,2024-04-02,2024-07-02,60,2024-06-04,0.8529,29,29,0,0,0,2,32,4392.4,151.4621,137.2625,4392.4,151.4621,137.2625,Standard
Block 2 April 2 to July 2 2024.xls,RoomSales,838,2024-04-02,2024-07-02,60,2024-06-04,0.6154,16,16,0,0,0,1,25,2422.1,151.3812,96.884,2422.1,151.3812,96.884,Suite
Block 2 April 2 to July 2 2024.xls,RoomSales,846,2024-04-02,2024-07-02,60,2024-06-05,0.9412,32,32,0,0,0,2,32,5081.87,158.8084,158.8084,5081.87,158.8084,158.8084,Standard
Block 2 April 2 to July 2 2024.xls,RoomSales,851,2024-04-02,2024-07-02,60,2024-06-05,0.9231,24,24,0,0,1,1,25,3617.73,150.7388,144.7092,3617.73,150.7388,144.7092,Suite
Block 2 April 2 to July 2 2024.xls,RoomSales,859,2024-04-02,2024-07-02,60,2024-06-06,0.6765,23,10,13,0,0,8,26,3950.44,171.7583,151.94,3950.44,171.7583,151.94,Standard
Block 2 April 2 to July 2 2024.xls,RoomSales,864,2024-04-02,2024-07-02,60,2024-06-06,0.7308,19,10,9,0,0,4,22,3506.07,184.53,159.3668,3251.19,171.1153,147.7814,Suite
Block 2 April 2 to July 2 2024.xls,RoomSales,872,2024-04-02,2024-07-02,60,2024-06-07,1.0,34,4,30,0,0,0,34,6752.89,198.6144,198.6144,6752.89,198.6144,198.6144,Standard
Block 2 April 2 to July 2 2024.xls,RoomSales,877,2024-04-02,2024-07-02,60,2024-06-07,0.9615,25,7,18,0,0,0,26,5280.42,211.2168,203.0931,5280.42,211.2168,203.0931,Suite
Block 2 April 2 to July 2 2024.xls,RoomSales,885,2024-04-02,2024-07-02,60,2024-06-08,1.0,34,10,24,0,0,0,34,7412.73,218.0215,218.0215,6866.73,201.9626,201.9626,Standard
Block 2 April 2 to July 2 2024.xls,RoomSales,890,2024-04-02,2024-07-02,60,2024-06-08,1.0,26,9,17,0,0,0,26,5740.14,220.7746,220.7746,5740.14,220.7746,220.7746,Suite
Block 2 April 2 to July 2 2024.xls,RoomSales,898,2024-04-02,2024-07-02,60,2024-06-09,0.1471,5,5,0,0,0,5,29,729.42,145.884,25.1524,531.42,106.284,18.3248,Standard
Block 2 April 2 to July 2 2024.xls,RoomSales,903,2024-04-02,2024-07-02,60,2024-06-09,0.1154,3,3,0,0,0,6,20,343.06,114.3533,17.153,343.06,114.3533,17.153,Suite
Block 2 April 2 to July 2 2024.xls,RoomSales,911,2024-04-02,2024-07-02,60,2024-06-10,0.6471,22,22,0,0,0,3,31,2762.57,125.5714,89.1152,2548.58,115.8445,82.2123,Standard
Block 2 April 2 to July 2 2024.xls,RoomSales,916,2024-04-02,2024-07-02,60,2024-06-10,0.2692,7,7,0,0,0,2,24,1035.88,147.9829,43.1617,1035.88,147.9829,43.1617,Suite
Block 2 April 2 to July 2 2024.xls,RoomSales,924,2024-04-02,2024-07-02,60,2024-06-11,0.7647,26,26,0,0,0,3,31,3176.86,122.1869,102.4794,3176.86,122.1869,102.4794,Standard
Block 2 April 2 to July 2 2024.xls,RoomSales,929,2024-04-02,2024-07-02,60,2024-06-11,0.5,13,13,0,0,0,1,25,1916.89,147.4531,76.6756,1916.89,147.4531,76.6756,Suite
Block 2 April 2 to July 2 2024.xls,RoomSales,937,2024-04-02,2024-07-02,60,2024-06-12,0.8235,28,27,1,0,0,3,31,3466.25,123.7946,111.8145,3466.25,123.7946,111.8145,Standard
Block 2 April 2 to July 2 2024.xls,RoomSales,942,2024-04-02,2024-07-02,60,2024-06-12,0.3077,8,8,0,0,0,1,25,1197.73,149.7163,47.9092,1197.73,149.7163,47.9092,Suite
Block 2 April 2 to July 2 2024.xls,RoomSales,950,2024-04-02,2024-07-02,60,2024-06-13,0.6765,23,22,1,0,0,3,31,3137.91,136.4309,101.2229,3137.91,136.4309,101.2229,Standard
Block 2 April 2 to July 2 2024.xls,RoomSales,955,2024-04-02,2024-07-02,60,2024-06-13,0.5,13,11,2,0,0,0,26,2188.35,168.3346,84.1673,2188.35,168.3346,84.1673,Suite
Block 2 April 2 to July 2 2024.xls,RoomSales,963,2024-04-02,2024-07-02,60,2024-06-14,0.9412,32,20,12,0,0,0,34,6125.12,191.41,180.1506,6125.12,191.41,180.1506,Standard
Block 2 April 2 to July 2 2024.xls,RoomSales,968,2024-04-02,2024-07-02,60,2024-06-14,1.0,26,15,11,0,0,0,26,5644.52,217.0969,217.0969,5342.52,205.4815,205.4815,Suite
Block 2 April 2 to July 2 2024.xls,RoomSales,976,2024-04-02,2024-07-02,60,2024-06-15,1.0,34,14,20,0,0,0,34,6681.65,196.5191,196.5191,6681.65,196.5191,196.5191,Standard
Block 2 April 2 to July 2 2024.xls,RoomSales,981,2024-04-02,2024-07-02,60,2024-06-15,1.0,26,14,12,0,0,0,26,5577.65,214.525,214.525,5577.65,214.525,214.525,Suite
Block 2 April 2 to July 2 2024.xls,RoomSales,989,2024-04-02,2024-07-02,60,2024-06-16,0.1765,6,6,0,0,0,13,21,850.69,141.7817,40.509,850.69,141.7817,40.509,Standard
Block 2 April 2 to July 2 2024.xls,RoomSales,994,2024-04-02,2024-07-02,60,2024-06-16,0.1923,5,5,0,0,0,7,19,690.45,138.09,36.3395,690.45,138.09,36.3395,Suite
Block 2 April 2 to July 2 2024.xls,RoomSales,1002,2024-04-02,2024-07-02,60,2024-06-17,0.3529,12,12,0,0,0,3,31,1959.8,163.3167,63.2194,1959.8,163.3167,63.2194,Standard
Block 2 April 2 to July 2 2024.xls,RoomSales,1007,2024-04-02,2024-07-02,60,2024-06-17,0.1923,5,5,0,0,0,1,25,557.48,111.496,22.2992,557.48,111.496,22.2992,Suite
Block 2 April 2 to July 2 2024.xls,RoomSales,1015,2024-04-02,2024-07-02,60,2024-06-18,0.2353,8,8,0,0,0,3,31,981.2,122.65,31.6516,981.2,122.65,31.6516,Standard
Block 2 April 2 to July 2 2024.xls,RoomSales,1020,2024-04-02,2024-07-02,60,2024-06-18,0.3846,10,10,0,0,0,0,26,1378.16,137.816,53.0062,1203.16,120.316,46.2754,Suite
Block 2 April 2 to July 2 2024.xls,RoomSales,1028,2024-04-02,2024-07-02,60,2024-06-19,0.4412,15,15,0,0,0,2,32,2045.12,136.3413,63.91,2032.17,135.478,63.5053,Standard
Block 2 April 2 to July 2 2024.xls,RoomSales,1033,2024-04-02,2024-07-02,60,2024-06-19,0.3077,8,7,1,0,0,0,26,1084.94,135.6175,41.7285,1084.94,135.6175,41.7285,Suite
Block 2 April 2 to July 2 2024.xls,RoomSales,1041,2024-04-02,2024-07-02,60,2024-06-20,0.8824,30,14,16,0,0,2,32,5089.58,169.6527,159.0494,5076.63,169.221,158.6447,Standard
Block 2 April 2 to July 2 2024.xls,RoomSales,1046,2024-04-02,2024-07-02,60,2024-06-20,0.8846,23,11,12,0,0,0,26,4288.22,186.4443,164.9315,4064.22,176.7052,156.3162,Suite
Block 2 April 2 to July 2 2024.xls,RoomSales,1054,2024-04-02,2024-07-02,60,2024-06-21,,35,4,31,1,0,0,34,7162.59,204.6454,210.6644,6964.59,198.9883,204.8409,Standard
Block 2 April 2 to July 2 2024.xls,RoomSales,1059,2024-04-02,2024-07-02,60,2024-06-21,0.9615,25,2,23,0,0,0,26,5317.18,212.6872,204.5069,5317.18,212.6872,204.5069,Suite
Block 2 April 2 to July 2 2024.xls,RoomSales,1067,2024-04-02,2024-07-02,60,2024-06-22,0.9412,32,12,20,0,0,0,34,6948.09,217.1278,204.3556,6715.19,209.8497,197.5056,Standard
Block 2 April 2 to July 2 2024.xls,RoomSales,1072,2024-04-02,2024-07-02,60,2024-06-22,1.0,26,11,15,0,0,0,26,5643.5,217.0577,217.0577,5643.5,217.0577,217.0577,Suite
Block 2 April 2 to July 2 2024.xls,RoomSales,1080,2024-04-02,2024-07-02,60,2024-06-23,0.6176,21,14,7,1,0,2,32,3414.97,162.6176,106.7178,3414.97,162.6176,106.7178,Standard
Block 2 April 2 to July 2 2024.xls,RoomSales,1085,2024-04-02,2024-07-02,60,2024-06-23,0.4615,12,7,5,0,0,3,23,2183.1,181.925,94.9174,1931.1,160.925,83.9609,Suite
Block 2 April 2 to July 2 2024.xls,RoomSales,1093,2024-04-02,2024-07-02,60,2024-06-24,0.3235,11,11,0,0,0,1,33,1453.05,132.0955,44.0318,1264.95,114.9955,38.3318,Standard
Block 2 April 2 to July 2 2024.xls,RoomSales,1098,2024-04-02,2024-07-02,60,2024-06-24,0.4231,11,11,0,0,0,2,24,1381.63,125.6027,57.5679,1381.63,125.6027,57.5679,Suite
Block 2 April 2 to July 2 2024.xls,RoomSales,1106,2024-04-02,2024-07-02,60,2024-06-25,0.6471,22,22,0,0,0,1,33,2931.52,133.2509,88.8339,2931.52,133.2509,88.8339,Standard
Block 2 April 2 to July 2 2024.xls,RoomSales,1111,2024-04-02,2024-07-02,60,2024-06-25,0.3846,10,10,0,0,0,2,24,1261.24,126.124,52.5517,1261.24,126.124,52.5517,Suite
Block 2 April 2 to July 2 2024.xls,RoomSales,1119,2024-04-02,2024-07-02,60,2024-06-26,0.7647,26,21,5,0,0,1,33,3881.95,149.3058,117.6348,3881.95,149.3058,117.6348,Standard
Block 2 April 2 to July 2 2024.xls,RoomSales,1124,2024-04-02,2024-07-02,60,2024-06-26,0.6154,16,15,1,0,0,1,25,2277.2,142.325,91.088,2163.95,135.2469,86.558,Suite
Block 2 April 2 to July 2 2024.xls,RoomSales,1132,2024-04-02,2024-07-02,60,2024-06-27,0.5882,20,11,9,0,0,1,33,3159.15,157.9575,95.7318,3159.15,157.9575,95.7318,Standard
Block 2 April 2 to July 2 2024.xls,RoomSales,1137,2024-04-02,2024-07-02,60,2024-06-27,0.5,13,9,4,0,0,5,21,2113.41,162.57,100.6386,2113.41,162.57,100.6386,Suite
Block 2 April 2 to July 2 2024.xls,RoomSales,1145,2024-04-02,2024-07-02,60,2024-06-28,0.9706,33,3,30,0,0,0,34,6616.09,200.4876,194.5909,6616.09,200.4876,194.5909,Standard
Block 2 April 2 to July 2 2024.xls,RoomSales,1150,2024-04-02,2024-07-02,60,2024-06-28,1.0,26,1,25,0,0,0,26,5411.83,208.1473,208.1473,5411.83,208.1473,208.1473,Suite
Block 2 April 2 to July 2 2024.xls,RoomSales,1158,2024-04-02,2024-07-02,60,2024-06-29,0.9706,33,10,23,0,0,0,34,7108.09,215.3967,209.0615,7108.09,215.3967,209.0615,Standard
Block 2 April 2 to July 2 2024.xls,RoomSales,1163,2024-04-02,2024-07-02,60,2024-06-29,1.0,26,5,21,0,0,0,26,5356.84,206.0323,206.0323,5356.84,206.0323,206.0323,Suite
Block 2 April 2 to July 2 2024.xls,RoomSales,1171,2024-04-02,2024-07-02,60,2024-06-30,0.2059,7,7,0,0,0,17,17,1231.48,175.9257,72.44,1231.48,175.9257,72.44,Standard
Block 2 April 2 to July 2 2024.xls,RoomSales,1176,2024-04-02,2024-07-02,60,2024-06-30,0.5,13,13,0,0,0,12,14,1861.51,143.1931,132.965,1861.51,143.1931,132.965,Suite
Block 2 April 2 to July 2 2024.xls,RoomSales,1184,2024-04-02,2024-07-02,60,2024-07-01,0.2353,8,8,0,0,0,4,30,1019.91,127.4887,33.997,1019.91,127.4887,33.997,Standard
Block 2 April 2 to July 2 2024.xls,RoomSales,1189,2024-04-02,2024-07-02,60,2024-07-01,0.2308,6,6,0,0,0,3,23,901.31,150.2183,39.1874,901.31,150.2183,39.1874,Suite
Block 2 April 2 to July 2 2024.xls,RoomSales,1197,2024-04-02,2024-07-02,60,2024-07-02,0.2647,9,9,0,0,0,1,33,1193.36,132.5956,36.1624,1193.36,132.5956,36.1624,Standard
Block 2 April 2 to July 2 2024.xls,RoomSales,1202,2024-04-02,2024-07-02,60,2024-07-02,0.3077,8,8,0,0,0,1,25,979.85,122.4813,39.194,979.85,122.4813,39.194,Suite
Block 3  July 3 to October 2 2024.xls,RoomSales,12,2024-07-03,2024-10-02,60,2024-07-03,0.4412,15,15,0,0,0,1,33,2009.93,133.9953,60.907,2009.93,133.9953,60.907,Standard
Block 3  July 3 to October 2 2024.xls,RoomSales,17,2024-07-03,2024-10-02,60,2024-07-03,0.3077,8,8,0,0,0,0,26,1037.42,129.6775,39.9008,1037.42,129.6775,39.9008,Suite
Block 3  July 3 to October 2 2024.xls,RoomSales,25,2024-07-03,2024-10-02,60,2024-07-04,0.4118,14,14,0,0,0,1,33,1792.98,128.07,54.3327,1792.98,128.07,54.3327,Standard
Block 3  July 3 to October 2 2024.xls,RoomSales,30,2024-07-03,2024-10-02,60,2024-07-04,0.4615,12,12,0,0,0,0,26,1589.25,132.4375,61.125,1589.25,132.4375,61.125,Suite
Block 3  July 3 to October 2 2024.xls,RoomSales,38,2024-07-03,2024-10-02,60,2024-07-05,0.9706,33,25,8,0,0,1,33,6394.38,193.7691,193.7691,5292.38,160.3752,160.3752,Standard
Block 3  July 3 to October 2 2024.xls,RoomSales,43,2024-07-03,2024-10-02,60,2024-07-05,1.0,26,21,5,0,0,0,26,4853.42,186.67,186.67,4853.42,186.67,186.67,Suite
Block 3  July 3 to October 2 2024.xls,RoomSales,51,2024-07-03,2024-10-02,60,2024-07-06,1.0,34,24,10,0,0,0,34,6746.56,198.4282,198.4282,6746.56,198.4282,198.4282,Standard
Block 3  July 3 to October 2 2024.xls,RoomSales,56,2024-07-03,2024-10-02,60,2024-07-06,0.9615,25,18,7,0,0,1,25,5210.62,208.4248,208.4248,5210.62,208.4248,208.4248,Suite
Block 3  July 3 to October 2 2024.xls,RoomSales,64,2024-07-03,2024-10-02,60,2024-07-07,0.3235,11,11,0,0,0,21,13,1701.63,154.6936,130.8946,1477.23,134.2936,113.6331,Standard
Block 3  July 3 to October 2 2024.xls,RoomSales,69,2024-07-03,2024-10-02,60,2024-07-07,0.4231,11,11,0,0,0,9,17,1497.34,136.1218,88.0788,1497.34,136.1218,88.0788,Suite
Block 3  July 3 to October 2 2024.xls,RoomSales,77,2024-07-03,2024-10-02,60,2024-07-08,0.3824,13,13,0,0,0,10,24,1659.82,127.6785,69.1592,1377.27,105.9438,57.3862,Standard
Block 3  July 3 to October 2 2024.xls,RoomSales,82,2024-07-03,2024-10-02,60,2024-07-08,0.5385,14,14,0,0,0,4,22,1908.54,136.3243,86.7518,1908.54,136.3243,86.7518,Suite
Block 3  July 3 to October 2 2024.xls,RoomSales,90,2024-07-03,2024-10-02,60,2024-07-09,0.5,17,17,0,0,0,0,34,2115.1,124.4176,62.2088,2115.1,124.4176,62.2088,Standard
Block 3  July 3 to October 2 2024.xls,RoomSales,95,2024-07-03,2024-10-02,60,2024-07-09,0.6154,16,16,0,0,0,1,25,2576.16,161.01,103.0464,2576.16,161.01,103.0464,Suite
Block 3  July 3 to October 2 2024.xls,RoomSales,103,2024-07-03,2024-10-02,60,2024-07-10,0.6471,22,17,5,0,0,1,33,3296.04,149.82,99.88,3296.04,149.82,99.88,Standard
Block 3  July 3 to October 2 2024.xls,RoomSales,108,2024-07-03,2024-10-02,60,2024-07-10,0.6923,18,17,1,0,0,1,25,2972.36,165.1311,118.8944,2972.36,165.1311,118.8944,Suite
Block 3  July 3 to October 2 2024.xls,RoomSales,116,2024-07-03,2024-10-02,60,2024-07-11,0.9118,31,21,10,0,0,1,33,5110.16,164.8439,154.8533,5110.16,164.8439,154.8533,Standard
Block 3  July 3 to October 2 2024.xls,RoomSales,121,2024-07-03,2024-10-02,60,2024-07-11,0.7308,19,16,3,0,0,1,25,3482.33,183.2805,139.2932,3324.33,174.9647,132.9732,Suite
Block 3  July 3 to October 2 2024.xls,RoomSales,129,2024-07-03,2024-10-02,60,2024-07-12,0.9706,33,22,11,0,0,1,33,5929.55,179.6833,179.6833,5929.55,179.6833,179.6833,Standard
Block 3  July 3 to October 2 2024.xls,RoomSales,134,2024-07-03,2024-10-02,60,2024-07-12,0.9615,25,21,4,0,0,0,26,5507.64,220.3056,211.8323,5507.64,220.3056,211.8323,Suite
Block 3  July 3 to October 2 2024.xls,RoomSales,142,2024-07-03,2024-10-02,60,2024-07-13,1.0,34,23,11,0,0,0,34,6386.82,187.8476,187.8476,6386.82,187.8476,187.8476,Standard
Block 3  July 3 to October 2 2024.xls,RoomSales,147,2024-07-03,2024-10-02,60,2024-07-13,1.0,26,21,5,0,0,0,26,5419.19,208.4304,208.4304,5419.19,208.4304,208.4304,Suite
Block 3  July 3 to October 2 2024.xls,RoomSales,155,2024-07-03,2024-10-02,60,2024-07-14,0.4412,15,15,0,0,0,16,18,1856.32,123.7547,103.1289,1856.32,123.7547,103.1289,Standard
Block 3  July 3 to October 2 2024.xls,RoomSales,160,2024-07-03,2024-10-02,60,2024-07-14,0.3846,10,9,1,0,0,12,14,1525.01,152.501,108.9293,1525.01,152.501,108.9293,Suite
Block 3  July 3 to October 2 2024.xls,RoomSales,170,2024-07-03,2024-10-02,60,2024-07-15,0.4706,16,16,0,0,0,11,23,2843.74,177.7337,123.6409,2843.74,177.7337,123.6409,Standard
Block 3  July 3 to October 2 2024.xls,RoomSales,175,2024-07-03,2024-10-02,60,2024-07-15,0.4615,12,12,0,0,0,7,19,2258.95,188.2458,118.8921,2258.95,188.2458,118.8921,Suite
Block 3  July 3 to October 2 2024.xls,RoomSales,183,2024-07-03,2024-10-02,60,2024-07-16,0.6176,21,21,0,0,0,5,29,2595.13,123.5776,89.4872,2595.13,123.5776,89.4872,Standard
Block 3  July 3 to October 2 2024.xls,RoomSales,188,2024-07-03,2024-10-02,60,2024-07-16,0.5769,15,15,0,0,0,1,25,1975.76,131.7173,79.0304,1975.76,131.7173,79.0304,Suite
Block 3  July 3 to October 2 2024.xls,RoomSales,196,2024-07-03,2024-10-02,60,2024-07-17,0.4412,15,15,0,0,0,6,28,2190.69,146.046,78.2389,2190.69,146.046,78.2389,Standard
Block 3  July 3 to October 2 2024.xls,RoomSales,201,2024-07-03,2024-10-02,60,2024-07-17,0.4615,12,12,0,0,0,1,25,1551.11,129.2592,62.0444,1551.11,129.2592,62.0444,Suite
Block 3  July 3 to October 2 2024.xls,RoomSales,209,2024-07-03,2024-10-02,60,2024-07-18,0.5294,18,17,1,0,0,5,29,2453.15,136.2861,84.5914,2453.15,136.2861,84.5914,Standard
Block 3  July 3 to October 2 2024.xls,RoomSales,214,2024-07-03,2024-10-02,60,2024-07-18,0.5385,14,14,0,0,0,0,26,1768.45,126.3179,68.0173,1768.45,126.3179,68.0173,Suite
Block 3  July 3 to October 2 2024.xls,RoomSales,222,2024-07-03,2024-10-02,60,2024-07-19,1.0,34,24,10,0,0,0,34,6610.38,194.4229,194.4229,6610.38,194.4229,194.4229,Standard
Block 3  July 3 to October 2 2024.xls,RoomSales,227,2024-07-03,2024-10-02,60,2024-07-19,0.9615,25,16,9,0,0,0,26,4829.59,193.1836,185.7535,4829.59,193.1836,185.7535,Suite
Block 3  July 3 to October 2 2024.xls,RoomSales,235,2024-07-03,2024-10-02,60,2024-07-20,1.0,34,16,18,0,0,0,34,6630.43,195.0126,195.0126,6630.43,195.0126,195.0126,Standard
Block 3  July 3 to October 2 2024.xls,RoomSales,240,2024-07-03,2024-10-02,60,2024-07-20,1.0,26,10,16,0,0,0,26,5562.41,213.9388,213.9388,5562.41,213.9388,213.9388,Suite
Block 3  July 3 to October 2 2024.xls,RoomSales,248,2024-07-03,2024-10-02,60,2024-07-21,0.7059,24,21,3,0,0,2,32,3132.72,130.53,97.8975,2977.83,124.0763,93.0572,Standard
Block 3  July 3 to October 2 2024.xls,RoomSales,253,2024-07-03,2024-10-02,60,2024-07-21,0.6538,17,14,3,0,0,7,19,2733.49,160.7935,143.8679,2272.99,133.7053,119.6311,Suite
Block 3  July 3 to October 2 2024.xls,RoomSales,261,2024-07-03,2024-10-02,60,2024-07-22,0.8529,29,29,0,0,0,1,33,3406.0,117.4483,103.2121,3406.0,117.4483,103.2121,Standard
Block 3  July 3 to October 2 2024.xls,RoomSales,266,2024-07-03,2024-10-02,60,2024-07-22,0.6154,16,16,0,0,0,0,26,2154.01,134.6256,82.8465,2154.01,134.6256,82.8465,Suite
Block 3  July 3 to October 2 2024.xls,RoomSales,274,2024-07-03,2024-10-02,60,2024-07-23,0.8235,28,28,0,0,0,2,32,3430.68,122.5243,107.2087,3430.68,122.5243,107.2087,Standard
Block 3  July 3 to October 2 2024.xls,RoomSales,279,2024-07-03,2024-10-02,60,2024-07-23,0.9231,24,24,0,1,0,2,24,3267.14,136.1308,136.1308,3267.14,136.1308,136.1308,Suite
Block 3  July 3 to October 2 2024.xls,RoomSales,287,2024-07-03,2024-10-02,60,2024-07-24,0.9706,33,33,0,0,0,1,33,4686.18,142.0055,142.0055,4686.18,142.0055,142.0055,Standard
Block 3  July 3 to October 2 2024.xls,RoomSales,292,2024-07-03,2024-10-02,60,2024-07-24,0.9231,24,24,0,0,0,1,25,3274.56,136.44,130.9824,3274.56,136.44,130.9824,Suite
Block 3  July 3 to October 2 2024.xls,RoomSales,300,2024-07-03,2024-10-02,60,2024-07-25,0.9706,33,33,0,0,0,0,34,4163.59,126.1694,122.4585,4163.59,126.1694,122.4585,Standard
Block 3  July 3 to October 2 2024.xls,RoomSales,305,2024-07-03,2024-10-02,60,2024-07-25,0.9615,25,24,1,0,0,1,25,3727.33,149.0932,149.0932,3340.15,133.606,133.606,Suite
Block 3  July 3 to October 2 2024.xls,RoomSales,313,2024-07-03,2024-10-02,60,2024-07-26,1.0,34,26,8,1,0,1,33,5746.53,169.0156,174.1373,5746.53,169.0156,174.1373,Standard
Block 3  July 3 to October 2 2024.xls,RoomSales,318,2024-07-03,2024-10-02,60,2024-07-26,1.0,26,18,8,0,0,0,26,5747.03,221.0396,221.0396,5574.48,214.4031,214.4031,Suite
Block 3  July 3 to October 2 2024.xls,RoomSales,326,2024-07-03,2024-10-02,60,2024-07-27,1.0,34,23,11,0,0,0,34,6697.02,196.9712,196.9712,6579.72,193.5212,193.5212,Standard
Block 3  July 3 to October 2 2024.xls,RoomSales,331,2024-07-03,2024-10-02,60,2024-07-27,1.0,26,18,8,0,0,0,26,6029.78,231.9146,231.9146,5779.58,222.2915,222.2915,Suite
Block 3  July 3 to October 2 2024.xls,RoomSales,339,2024-07-03,2024-10-02,60,2024-07-28,0.4412,15,14,1,0,0,14,20,2207.91,147.194,110.3955,2207.91,147.194,110.3955,Standard
Block 3  July 3 to October 2 2024.xls,RoomSales,344,2024-07-03,2024-10-02,60,2024-07-28,0.5,13,13,0,0,0,11,15,2024.89,155.7608,134.9927,2024.89,155.7608,134.9927,Suite
Block 3  July 3 to October 2 2024.xls,RoomSales,352,2024-07-03,2024-10-02,60,2024-07-29,0.3529,12,11,1,0,0,10,24,1680.51,140.0425,70.0212,1330.08,110.84,55.42,Standard
Block 3  July 3 to October 2 2024.xls,RoomSales,357,2024-07-03,2024-10-02,60,2024-07-29,0.3846,10,10,0,0,0,12,14,1307.99,130.799,93.4279,1307.99,130.799,93.4279,Suite
Block 3  July 3 to October 2 2024.xls,RoomSales,365,2024-07-03,2024-10-02,60,2024-07-30,0.4412,15,14,1,0,0,1,33,1732.93,115.5287,52.513,1732.93,115.5287,52.513,Standard
Block 3  July 3 to October 2 2024.xls,RoomSales,370,2024-07-03,2024-10-02,60,2024-07-30,0.4615,12,12,0,0,0,1,25,1571.7,130.975,62.868,1571.7,130.975,62.868,Suite
Block 3  July 3 to October 2 2024.xls,RoomSales,378,2024-07-03,2024-10-02,60,2024-07-31,0.5882,20,20,0,0,0,3,31,2380.8,119.04,76.8,2269.35,113.4675,73.2048,Standard
Block 3  July 3 to October 2 2024.xls,RoomSales,383,2024-07-03,2024-10-02,60,2024-07-31,0.7692,20,19,1,0,0,1,25,2694.78,134.739,107.7912,2694.78,134.739,107.7912,Suite
Block 3  July 3 to October 2 2024.xls,RoomSales,391,2024-07-03,2024-10-02,60,2024-08-01,0.3235,11,10,1,0,0,3,31,1563.83,142.1664,50.4461,1563.83,142.1664,50.4461,Standard
Block 3  July 3 to October 2 2024.xls,RoomSales,396,2024-07-03,2024-10-02,60,2024-08-01,0.8462,22,20,2,0,0,1,25,2966.67,134.8486,118.6668,2966.67,134.8486,118.6668,Suite
Block 3  July 3 to October 2 2024.xls,RoomSales,404,2024-07-03,2024-10-02,60,2024-08-02,1.0,34,20,14,0,0,0,34,6404.89,188.3791,188.3791,6404.89,188.3791,188.3791,Standard
Block 3  July 3 to October 2 2024.xls,RoomSales,409,2024-07-03,2024-10-02,60,2024-08-02,1.0,26,14,12,0,0,0,26,5073.72,195.1431,195.1431,5073.72,195.1431,195.1431,Suite
Block 3  July 3 to October 2 2024.xls,RoomSales,417,2024-07-03,2024-10-02,60,2024-08-03,1.0,34,11,23,0,0,0,34,6658.95,195.8515,195.8515,6658.95,195.8515,195.8515,Standard
Block 3  July 3 to October 2 2024.xls,RoomSales,422,2024-07-03,2024-10-02,60,2024-08-03,1.0,26,7,19,0,0,0,26,5827.41,224.1312,224.1312,5827.41,224.1312,224.1312,Suite
Block 3  July 3 to October 2 2024.xls,RoomSales,430,2024-07-03,2024-10-02,60,2024-08-04,0.2941,10,10,0,0,0,17,17,1113.82,111.382,65.5188,1113.82,111.382,65.5188,Standard
Block 3  July 3 to October 2 2024.xls,RoomSales,435,2024-07-03,2024-10-02,60,2024-08-04,0.4615,12,11,1,0,0,12,14,1499.21,124.9342,107.0864,1499.21,124.9342,107.0864,Suite
Block 3  July 3 to October 2 2024.xls,RoomSales,443,2024-07-03,2024-10-02,60,2024-08-05,0.3824,13,13,0,0,0,8,26,1350.07,103.8515,51.9258,1350.07,103.8515,51.9258,Standard
Block 3  July 3 to October 2 2024.xls,RoomSales,448,2024-07-03,2024-10-02,60,2024-08-05,0.4231,11,11,0,0,0,11,15,1619.38,147.2164,107.9587,1523.93,138.5391,101.5953,Suite
Block 3  July 3 to October 2 2024.xls,RoomSales,456,2024-07-03,2024-10-02,60,2024-08-06,0.5,17,17,0,0,0,4,30,1909.58,112.3282,63.6527,1909.58,112.3282,63.6527,Standard
Block 3  July 3 to October 2 2024.xls,RoomSales,461,2024-07-03,2024-10-02,60,2024-08-06,0.5,13,13,0,0,0,6,20,1562.73,120.21,78.1365,1562.73,120.21,78.1365,Suite
Block 3  July 3 to October 2 2024.xls,RoomSales,469,2024-07-03,2024-10-02,60,2024-08-07,0.7353,25,25,0,1,0,3,31,3266.95,130.678,105.3855,3266.95,130.678,105.3855,Standard
Block 3  July 3 to October 2 2024.xls,RoomSales,474,2024-07-03,2024-10-02,60,2024-08-07,0.4615,12,12,0,0,0,4,22,1496.42,124.7017,68.0191,1496.42,124.7017,68.0191,Suite
Block 3  July 3 to October 2 2024.xls,RoomSales,482,2024-07-03,2024-10-02,60,2024-08-08,0.6765,23,23,0,0,0,3,31,2585.46,112.4113,83.4019,2424.81,105.4265,78.2197,Standard
Block 3  July 3 to October 2 2024.xls,RoomSales,487,2024-07-03,2024-10-02,60,2024-08-08,0.6923,18,18,0,0,0,4,22,2259.84,125.5467,102.72,2259.84,125.5467,102.72,Suite
Block 3  July 3 to October 2 2024.xls,RoomSales,495,2024-07-03,2024-10-02,60,2024-08-09,0.9412,32,31,1,0,0,1,33,5099.79,159.3684,154.5391,5099.79,159.3684,154.5391,Standard
Block 3  July 3 to October 2 2024.xls,RoomSales,500,2024-07-03,2024-10-02,60,2024-08-09,0.8846,23,21,2,0,1,0,26,4252.55,184.8935,163.5596,4252.55,184.8935,163.5596,Suite
Block 3  July 3 to October 2 2024.xls,RoomSales,508,2024-07-03,2024-10-02,60,2024-08-10,1.0,34,28,6,0,0,0,34,5875.49,172.8085,172.8085,5875.49,172.8085,172.8085,Standard
Block 3  July 3 to October 2 2024.xls,RoomSales,513,2024-07-03,2024-10-02,60,2024-08-10,0.9615,25,23,2,1,0,0,26,4669.89,186.7956,179.6112,4669.89,186.7956,179.6112,Suite
Block 3  July 3 to October 2 2024.xls,RoomSales,521,2024-07-03,2024-10-02,60,2024-08-11,0.4706,16,15,1,0,0,13,21,1878.97,117.4356,89.4748,1878.97,117.4356,89.4748,Standard
Block 3  July 3 to October 2 2024.xls,RoomSales,526,2024-07-03,2024-10-02,60,2024-08-11,0.3846,10,10,0,0,0,8,18,1471.19,147.119,81.7328,1471.19,147.119,81.7328,Suite
Block 3  July 3 to October 2 2024.xls,RoomSales,534,2024-07-03,2024-10-02,60,2024-08-12,0.5294,18,17,1,1,0,6,28,2549.36,141.6311,91.0486,2382.76,132.3756,85.0986,Standard
Block 3  July 3 to October 2 2024.xls,RoomSales,539,2024-07-03,2024-10-02,60,2024-08-12,0.5,13,13,0,0,0,5,21,1868.28,143.7138,88.9657,1868.28,143.7138,88.9657,Suite
Block 3  July 3 to October 2 2024.xls,RoomSales,547,2024-07-03,2024-10-02,60,2024-08-13,0.9118,31,31,0,0,0,2,32,4152.8,133.9613,129.775,4152.8,133.9613,129.775,Standard
Block 3  July 3 to October 2 2024.xls,RoomSales,552,2024-07-03,2024-10-02,60,2024-08-13,0.8077,21,21,0,0,0,4,22,2934.5,139.7381,133.3864,2934.5,139.7381,133.3864,Suite
Block 3  July 3 to October 2 2024.xls,RoomSales,560,2024-07-03,2024-10-02,60,2024-08-14,0.5588,19,18,1,0,0,4,30,2407.66,126.7189,80.2553,2407.66,126.7189,80.2553,Standard
Block 3  July 3 to October 2 2024.xls,RoomSales,565,2024-07-03,2024-10-02,60,2024-08-14,0.6538,17,16,1,0,0,5,21,2696.19,158.5994,128.39,2696.19,158.5994,128.39,Suite
Block 3  July 3 to October 2 2024.xls,RoomSales,573,2024-07-03,2024-10-02,60,2024-08-15,0.9118,31,24,7,0,0,1,33,4373.52,141.0813,132.5309,4373.52,141.0813,132.5309,Standard
Block 3  July 3 to October 2 2024.xls,RoomSales,578,2024-07-03,2024-10-02,60,2024-08-15,0.7308,19,17,2,0,0,4,22,2733.4,143.8632,124.2455,2733.4,143.8632,124.2455,Suite
Block 3  July 3 to October 2 2024.xls,RoomSales,586,2024-07-03,2024-10-02,60,2024-08-16,1.0,34,17,17,0,0,0,34,6433.01,189.2062,189.2062,6433.01,189.2062,189.2062,Standard
Block 3  July 3 to October 2 2024.xls,RoomSales,591,2024-07-03,2024-10-02,60,2024-08-16,1.0,26,15,11,0,0,0,26,5338.64,205.3323,205.3323,5191.97,199.6912,199.6912,Suite
Block 3  July 3 to October 2 2024.xls,RoomSales,599,2024-07-03,2024-10-02,60,2024-08-17,1.0,34,10,24,0,0,0,34,6577.03,193.4421,193.4421,6577.03,193.4421,193.4421,Standard
Block 3  July 3 to October 2 2024.xls,RoomSales,604,2024-07-03,2024-10-02,60,2024-08-17,1.0,26,13,13,0,0,0,26,5812.41,223.5542,223.5542,5812.41,223.5542,223.5542,Suite
Block 3  July 3 to October 2 2024.xls,RoomSales,612,2024-07-03,2024-10-02,60,2024-08-18,0.3235,11,11,0,0,0,16,18,1280.27,116.3882,71.1261,1280.27,116.3882,71.1261,Standard
Block 3  July 3 to October 2 2024.xls,RoomSales,617,2024-07-03,2024-10-02,60,2024-08-18,0.5385,14,13,1,0,0,9,17,1777.77,126.9836,104.5747,1777.77,126.9836,104.5747,Suite
Block 3  July 3 to October 2 2024.xls,RoomSales,625,2024-07-03,2024-10-02,60,2024-08-19,0.5588,19,19,0,0,0,4,30,2089.91,109.9953,69.6637,2089.91,109.9953,69.6637,Standard
Block 3  July 3 to October 2 2024.xls,RoomSales,630,2024-07-03,2024-10-02,60,2024-08-19,0.5385,14,14,0,0,0,2,24,1780.91,127.2079,74.2046,1780.91,127.2079,74.2046,Suite
Block 3  July 3 to October 2 2024.xls,RoomSales,638,2024-07-03,2024-10-02,60,2024-08-20,0.4412,15,15,0,0,0,5,29,1887.6,125.84,65.0897,1887.6,125.84,65.0897,Standard
Block 3  July 3 to October 2 2024.xls,RoomSales,643,2024-07-03,2024-10-02,60,2024-08-20,0.4615,12,12,0,0,0,4,22,1840.71,153.3925,83.6686,1840.71,153.3925,83.6686,Suite
Block 3  July 3 to October 2 2024.xls,RoomSales,651,2024-07-03,2024-10-02,60,2024-08-21,0.6176,21,20,1,0,0,5,29,2536.03,120.7633,87.4493,2536.03,120.7633,87.4493,Standard
Block 3  July 3 to October 2 2024.xls,RoomSales,656,2024-07-03,2024-10-02,60,2024-08-21,0.6538,17,15,2,0,0,2,24,2253.87,132.5806,93.9112,1899.27,111.7218,79.1363,Suite
Block 3  July 3 to October 2 2024.xls,RoomSales,664,2024-07-03,2024-10-02,60,2024-08-22,0.7059,24,19,5,0,0,3,31,3290.09,137.0871,106.1319,3290.09,137.0871,106.1319,Standard
Block 3  July 3 to October 2 2024.xls,RoomSales,669,2024-07-03,2024-10-02,60,2024-08-22,0.8077,21,14,7,0,0,2,24,3265.61,155.5052,136.0671,3120.61,148.6005,130.0254,Suite
Block 3  July 3 to October 2 2024.xls,RoomSales,677,2024-07-03,2024-10-02,60,2024-08-23,1.0,34,8,26,1,0,0,34,6703.0,197.1471,197.1471,6703.0,197.1471,197.1471,Standard
Block 3  July 3 to October 2 2024.xls,RoomSales,682,2024-07-03,2024-10-02,60,2024-08-23,1.0,26,5,21,0,0,0,26,5710.59,219.6381,219.6381,5710.59,219.6381,219.6381,Suite
Block 3  July 3 to October 2 2024.xls,RoomSales,690,2024-07-03,2024-10-02,60,2024-08-24,1.0,34,11,23,0,0,0,34,7169.94,210.8806,210.8806,7018.13,206.4156,206.4156,Standard
Block 3  July 3 to October 2 2024.xls,RoomSales,695,2024-07-03,2024-10-02,60,2024-08-24,1.0,26,6,20,0,0,0,26,5877.45,226.0558,226.0558,5877.45,226.0558,226.0558,Suite
Block 3  July 3 to October 2 2024.xls,RoomSales,703,2024-07-03,2024-10-02,60,2024-08-25,0.7647,26,26,0,0,0,3,31,3128.96,120.3446,100.9342,3128.96,120.3446,100.9342,Standard
Block 3  July 3 to October 2 2024.xls,RoomSales,708,2024-07-03,2024-10-02,60,2024-08-25,0.6154,16,16,0,0,0,4,22,2106.7,131.6687,95.7591,2106.7,131.6687,95.7591,Suite
Block 3  July 3 to October 2 2024.xls,RoomSales,716,2024-07-03,2024-10-02,60,2024-08-26,0.8824,30,30,0,0,0,3,31,3484.45,116.1483,112.4016,3484.45,116.1483,112.4016,Standard
Block 3  July 3 to October 2 2024.xls,RoomSales,721,2024-07-03,2024-10-02,60,2024-08-26,0.8462,22,22,0,0,0,0,26,3316.47,150.7486,127.5565,3316.47,150.7486,127.5565,Suite
Block 3  July 3 to October 2 2024.xls,RoomSales,729,2024-07-03,2024-10-02,60,2024-08-27,0.9412,32,32,0,0,0,2,32,3541.27,110.6647,110.6647,3541.27,110.6647,110.6647,Standard
Block 3  July 3 to October 2 2024.xls,RoomSales,734,2024-07-03,2024-10-02,60,2024-08-27,0.9615,25,25,0,0,0,0,26,3499.86,139.9944,134.61,3499.86,139.9944,134.61,Suite
Block 3  July 3 to October 2 2024.xls,RoomSales,742,2024-07-03,2024-10-02,60,2024-08-28,1.0,34,34,0,0,0,0,34,4654.16,136.8871,136.8871,4553.4,133.9235,133.9235,Standard
Block 3  July 3 to October 2 2024.xls,RoomSales,747,2024-07-03,2024-10-02,60,2024-08-28,1.0,26,26,0,0,0,0,26,3944.62,151.7162,151.7162,3944.62,151.7162,151.7162,Suite
Block 3  July 3 to October 2 2024.xls,RoomSales,755,2024-07-03,2024-10-02,60,2024-08-29,1.0,34,33,1,0,0,0,34,5106.47,150.1903,150.1903,5106.47,150.1903,150.1903,Standard
Block 3  July 3 to October 2 2024.xls,RoomSales,760,2024-07-03,2024-10-02,60,2024-08-29,0.9615,25,25,0,0,0,0,26,4565.38,182.6152,175.5915,4380.93,175.2372,168.4973,Suite
Block 3  July 3 to October 2 2024.xls,RoomSales,768,2024-07-03,2024-10-02,60,2024-08-30,0.7353,25,15,10,0,0,0,34,4368.03,174.7212,128.4715,4368.03,174.7212,128.4715,Standard
Block 3  July 3 to October 2 2024.xls,RoomSales,773,2024-07-03,2024-10-02,60,2024-08-30,0.9231,24,22,2,0,0,0,26,4949.11,206.2129,190.3504,4330.17,180.4238,166.545,Suite
Block 3  July 3 to October 2 2024.xls,RoomSales,781,2024-07-03,2024-10-02,60,2024-08-31,,38,24,14,4,0,0,34,6790.53,178.6982,199.7215,6790.53,178.6982,199.7215,Standard
Block 3  July 3 to October 2 2024.xls,RoomSales,786,2024-07-03,2024-10-02,60,2024-08-31,,28,20,8,2,0,0,26,5934.91,211.9611,228.2658,5934.91,211.9611,228.2658,Suite
Block 3  July 3 to October 2 2024.xls,RoomSales,794,2024-07-03,2024-10-02,60,2024-09-01,1.0,34,28,6,0,0,0,34,5518.49,162.3085,162.3085,5518.49,162.3085,162.3085,Standard
Block 3  July 3 to October 2 2024.xls,RoomSales,799,2024-07-03,2024-10-02,60,2024-09-01,1.0,26,23,3,0,0,0,26,4368.14,168.0054,168.0054,4368.14,168.0054,168.0054,Suite
Block 3  July 3 to October 2 2024.xls,RoomSales,807,2024-07-03,2024-10-02,60,2024-09-02,0.6765,23,23,0,0,0,6,28,2914.45,126.7152,104.0875,2914.45,126.7152,104.0875,Standard
Block 3  July 3 to October 2 2024.xls,RoomSales,812,2024-07-03,2024-10-02,60,2024-09-02,0.5769,15,15,0,0,0,6,20,1813.27,120.8847,90.6635,1813.27,120.8847,90.6635,Suite
Block 3  July 3 to October 2 2024.xls,RoomSales,820,2024-07-03,2024-10-02,60,2024-09-03,0.5588,19,19,0,0,0,2,32,2408.73,126.7753,75.2728,2408.73,126.7753,75.2728,Standard
Block 3  July 3 to October 2 2024.xls,RoomSales,825,2024-07-03,2024-10-02,60,2024-09-03,0.5385,14,14,0,0,0,4,22,1774.2,126.7286,80.6455,1774.2,126.7286,80.6455,Suite
Block 3  July 3 to October 2 2024.xls,RoomSales,833,2024-07-03,2024-10-02,60,2024-09-04,0.5,17,17,0,0,0,0,34,2162.6,127.2118,63.6059,2137.6,125.7412,62.8706,Standard
Block 3  July 3 to October 2 2024.xls,RoomSales,838,2024-07-03,2024-10-02,60,2024-09-04,0.5385,14,14,0,0,0,1,25,1709.31,122.0936,68.3724,1709.31,122.0936,68.3724,Suite
Block 3  July 3 to October 2 2024.xls,RoomSales,846,2024-07-03,2024-10-02,60,2024-09-05,0.7353,25,21,4,0,0,0,34,3486.23,139.4492,102.5362,3486.23,139.4492,102.5362,Standard
Block 3  July 3 to October 2 2024.xls,RoomSales,851,2024-07-03,2024-10-02,60,2024-09-05,0.4231,11,8,3,0,0,1,25,1728.33,157.1209,69.1332,1728.33,157.1209,69.1332,Suite
Block 3  July 3 to October 2 2024.xls,RoomSales,859,2024-07-03,2024-10-02,60,2024-09-06,0.9706,33,13,20,0,0,0,34,5982.97,181.3021,175.9697,5982.97,181.3021,175.9697,Standard
Block 3  July 3 to October 2 2024.xls,RoomSales,864,2024-07-03,2024-10-02,60,2024-09-06,0.9231,24,8,16,0,0,0,26,5108.06,212.8358,196.4638,5108.06,212.8358,196.4638,Suite
Block 3  July 3 to October 2 2024.xls,RoomSales,872,2024-07-03,2024-10-02,60,2024-09-07,1.0,34,6,28,0,0,0,34,6366.65,187.2544,187.2544,6142.25,180.6544,180.6544,Standard
Block 3  July 3 to October 2 2024.xls,RoomSales,877,2024-07-03,2024-10-02,60,2024-09-07,0.9615,25,8,17,0,0,0,26,5510.23,220.4092,211.9319,5510.23,220.4092,211.9319,Suite
Block 3  July 3 to October 2 2024.xls,RoomSales,885,2024-07-03,2024-10-02,60,2024-09-08,0.4706,16,16,0,0,0,4,30,1784.5,111.5312,59.4833,1784.5,111.5312,59.4833,Standard
Block 3  July 3 to October 2 2024.xls,RoomSales,890,2024-07-03,2024-10-02,60,2024-09-08,0.3077,8,8,0,0,0,3,23,988.25,123.5312,42.9674,779.75,97.4688,33.9022,Suite
Block 3  July 3 to October 2 2024.xls,RoomSales,898,2024-07-03,2024-10-02,60,2024-09-09,0.6471,22,22,0,0,0,2,32,2675.48,121.6127,83.6088,2675.48,121.6127,83.6088,Standard
Block 3  July 3 to October 2 2024.xls,RoomSales,903,2024-07-03,2024-10-02,60,2024-09-09,0.2692,7,7,0,0,0,5,21,1182.25,168.8929,56.2976,1182.25,168.8929,56.2976,Suite
Block 3  July 3 to October 2 2024.xls,RoomSales,911,2024-07-03,2024-10-02,60,2024-09-10,0.5294,18,18,0,0,0,0,34,2910.99,161.7217,85.6174,2910.99,161.7217,85.6174,Standard
Block 3  July 3 to October 2 2024.xls,RoomSales,916,2024-07-03,2024-10-02,60,2024-09-10,0.2692,7,7,0,0,0,1,25,790.12,112.8743,31.6048,790.12,112.8743,31.6048,Suite
Block 3  July 3 to October 2 2024.xls,RoomSales,924,2024-07-03,2024-10-02,60,2024-09-11,0.2647,9,9,0,0,0,0,34,944.4,104.9333,27.7765,944.4,104.9333,27.7765,Standard
Block 3  July 3 to October 2 2024.xls,RoomSales,929,2024-07-03,2024-10-02,60,2024-09-11,0.5,13,13,0,0,0,1,25,1952.55,150.1962,78.102,1952.55,150.1962,78.102,Suite
Block 3  July 3 to October 2 2024.xls,RoomSales,937,2024-07-03,2024-10-02,60,2024-09-12,0.7059,24,19,5,0,0,0,34,3402.79,141.7829,100.0821,3402.79,141.7829,100.0821,Standard
Block 3  July 3 to October 2 2024.xls,RoomSales,942,2024-07-03,2024-10-02,60,2024-09-12,0.5769,15,14,1,0,0,0,26,2376.16,158.4107,91.3908,2376.16,158.4107,91.3908,Suite
Block 3  July 3 to October 2 2024.xls,RoomSales,950,2024-07-03,2024-10-02,60,2024-09-13,0.9706,33,13,20,0,1,0,34,6305.97,191.09,185.4697,6305.97,191.09,185.4697,Standard
Block 3  July 3 to October 2 2024.xls,RoomSales,955,2024-07-03,2024-10-02,60,2024-09-13,1.0,26,6,20,0,0,0,26,5565.49,214.0573,214.0573,5565.49,214.0573,214.0573,Suite
Block 3  July 3 to October 2 2024.xls,RoomSales,963,2024-07-03,2024-10-02,60,2024-09-14,1.0,34,12,22,0,0,0,34,6251.69,183.8732,183.8732,6251.69,183.8732,183.8732,Standard
Block 3  July 3 to October 2 2024.xls,RoomSales,968,2024-07-03,2024-10-02,60,2024-09-14,1.0,26,8,18,0,0,0,26,5144.23,197.855,197.855,5144.23,197.855,197.855,Suite
Block 3  July 3 to October 2 2024.xls,RoomSales,976,2024-07-03,2024-10-02,60,2024-09-15,0.5,17,15,2,0,0,3,31,1704.09,100.2406,54.9706,1704.09,100.2406,54.9706,Standard
Block 3  July 3 to October 2 2024.xls,RoomSales,981,2024-07-03,2024-10-02,60,2024-09-15,0.4615,12,11,1,0,0,8,18,1351.42,112.6183,75.0789,1351.42,112.6183,75.0789,Suite
Block 3  July 3 to October 2 2024.xls,RoomSales,989,2024-07-03,2024-10-02,60,2024-09-16,0.7647,26,26,0,0,1,5,29,2807.8,107.9923,96.8207,2807.8,107.9923,96.8207,Standard
Block 3  July 3 to October 2 2024.xls,RoomSales,994,2024-07-03,2024-10-02,60,2024-09-16,0.5385,14,14,0,0,0,6,20,1884.21,134.5864,94.2105,1884.21,134.5864,94.2105,Suite
Block 3  July 3 to October 2 2024.xls,RoomSales,1002,2024-07-03,2024-10-02,60,2024-09-17,0.8235,28,28,0,0,2,0,34,3317.32,118.4757,97.5682,3317.32,118.4757,97.5682,Standard
Block 3  July 3 to October 2 2024.xls,RoomSales,1007,2024-07-03,2024-10-02,60,2024-09-17,0.8077,21,21,0,0,0,1,25,2789.01,132.81,111.5604,2789.01,132.81,111.5604,Suite
Block 3  July 3 to October 2 2024.xls,RoomSales,1015,2024-07-03,2024-10-02,60,2024-09-18,0.8235,28,28,0,0,2,1,33,3462.47,123.6596,104.9233,3462.47,123.6596,104.9233,Standard
Block 3  July 3 to October 2 2024.xls,RoomSales,1020,2024-07-03,2024-10-02,60,2024-09-18,0.8462,22,20,2,0,0,3,23,3245.82,147.5373,141.1226,3245.82,147.5373,141.1226,Suite
Block 3  July 3 to October 2 2024.xls,RoomSales,1028,2024-07-03,2024-10-02,60,2024-09-19,0.9412,32,17,15,0,2,0,34,5053.45,157.9203,148.6309,4914.53,153.5791,144.545,Standard
Block 3  July 3 to October 2 2024.xls,RoomSales,1033,2024-07-03,2024-10-02,60,2024-09-19,0.8462,22,12,10,0,0,0,26,4040.43,183.6559,155.4012,4040.43,183.6559,155.4012,Suite
Block 3  July 3 to October 2 2024.xls,RoomSales,1041,2024-07-03,2024-10-02,60,2024-09-20,0.9706,33,1,32,0,1,0,34,6510.81,197.2973,191.4944,6510.81,197.2973,191.4944,Standard
Block 3  July 3 to October 2 2024.xls,RoomSales,1046,2024-07-03,2024-10-02,60,2024-09-20,1.0,26,0,26,0,0,0,26,5440.22,209.2392,209.2392,5440.22,209.2392,209.2392,Suite
Block 3  July 3 to October 2 2024.xls,RoomSales,1054,2024-07-03,2024-10-02,60,2024-09-21,0.9706,33,11,22,0,1,0,34,6853.48,207.6812,201.5729,6853.48,207.6812,201.5729,Standard
Block 3  July 3 to October 2 2024.xls,RoomSales,1059,2024-07-03,2024-10-02,60,2024-09-21,1.0,26,3,23,0,0,0,26,5480.36,210.7831,210.7831,5480.36,210.7831,210.7831,Suite
Block 3  July 3 to October 2 2024.xls,RoomSales,1067,2024-07-03,2024-10-02,60,2024-09-22,0.5882,20,20,0,0,1,3,31,2512.54,125.627,81.0497,2512.54,125.627,81.0497,Standard
Block 3  July 3 to October 2 2024.xls,RoomSales,1072,2024-07-03,2024-10-02,60,2024-09-22,0.6154,16,15,1,0,0,4,22,2040.64,127.54,92.7564,2040.64,127.54,92.7564,Suite
Block 3  July 3 to October 2 2024.xls,RoomSales,1080,2024-07-03,2024-10-02,60,2024-09-23,0.6471,22,22,0,0,1,0,34,2425.05,110.2295,71.325,2425.05,110.2295,71.325,Standard
Block 3  July 3 to October 2 2024.xls,RoomSales,1085,2024-07-03,2024-10-02,60,2024-09-23,0.7692,20,20,0,0,0,0,26,2530.66,126.533,97.3331,2356.96,117.848,90.6523,Suite
Block 3  July 3 to October 2 2024.xls,RoomSales,1093,2024-07-03,2024-10-02,60,2024-09-24,0.9118,31,31,0,0,2,0,34,3928.92,126.7394,115.5565,3928.92,126.7394,115.5565,Standard
Block 3  July 3 to October 2 2024.xls,RoomSales,1098,2024-07-03,2024-10-02,60,2024-09-24,0.9231,24,24,0,0,0,1,25,3181.0,132.5417,127.24,3181.0,132.5417,127.24,Suite
Block 3  July 3 to October 2 2024.xls,RoomSales,1106,2024-07-03,2024-10-02,60,2024-09-25,0.9118,31,31,0,0,2,0,34,4039.35,130.3016,118.8044,4039.35,130.3016,118.8044,Standard
Block 3  July 3 to October 2 2024.xls,RoomSales,1111,2024-07-03,2024-10-02,60,2024-09-25,0.9615,25,25,0,0,0,0,26,3163.74,126.5496,121.6823,3163.74,126.5496,121.6823,Suite
Block 3  July 3 to October 2 2024.xls,RoomSales,1119,2024-07-03,2024-10-02,60,2024-09-26,0.9118,31,22,9,0,2,0,34,4729.79,152.5739,139.1115,4729.79,152.5739,139.1115,Standard
Block 3  July 3 to October 2 2024.xls,RoomSales,1124,2024-07-03,2024-10-02,60,2024-09-26,0.9615,25,16,9,0,0,1,25,4061.49,162.4596,162.4596,4061.49,162.4596,162.4596,Suite
Block 3  July 3 to October 2 2024.xls,RoomSales,1132,2024-07-03,2024-10-02,60,2024-09-27,0.9706,33,8,25,0,1,0,34,6320.66,191.5352,185.9018,6320.66,191.5352,185.9018,Standard
Block 3  July 3 to October 2 2024.xls,RoomSales,1137,2024-07-03,2024-10-02,60,2024-09-27,1.0,26,7,19,0,0,0,26,5578.28,214.5492,214.5492,5578.28,214.5492,214.5492,Suite
Block 3  July 3 to October 2 2024.xls,RoomSales,1145,2024-07-03,2024-10-02,60,2024-09-28,0.9412,32,11,21,0,0,0,34,6198.02,193.6881,182.2947,6198.02,193.6881,182.2947,Standard
Block 3  July 3 to October 2 2024.xls,RoomSales,1150,2024-07-03,2024-10-02,60,2024-09-28,0.9615,25,7,18,0,1,0,26,5270.04,210.8016,202.6938,5270.04,210.8016,202.6938,Suite
Block 3  July 3 to October 2 2024.xls,RoomSales,1158,2024-07-03,2024-10-02,60,2024-09-29,0.6471,22,22,0,1,0,9,25,2712.67,123.3032,108.5068,2371.18,107.7809,94.8472,Standard
Block 3  July 3 to October 2 2024.xls,RoomSales,1163,2024-07-03,2024-10-02,60,2024-09-29,0.6154,16,16,0,0,0,7,19,1800.23,112.5144,94.7489,1800.23,112.5144,94.7489,Suite
Block 3  July 3 to October 2 2024.xls,RoomSales,1171,2024-07-03,2024-10-02,60,2024-09-30,0.5588,19,19,0,0,0,6,28,2394.7,126.0368,85.525,2394.7,126.0368,85.525,Standard
Block 3  July 3 to October 2 2024.xls,RoomSales,1176,2024-07-03,2024-10-02,60,2024-09-30,0.4231,11,11,0,0,0,5,21,1335.77,121.4336,63.6081,1142.77,103.8882,54.4176,Suite
Block 3  July 3 to October 2 2024.xls,RoomSales,1184,2024-07-03,2024-10-02,60,2024-10-01,0.3235,11,11,0,0,0,7,27,1829.14,166.2855,67.7459,1829.14,166.2855,67.7459,Standard
Block 3  July 3 to October 2 2024.xls,RoomSales,1189,2024-07-03,2024-10-02,60,2024-10-01,0.1154,3,3,0,0,0,5,21,416.45,138.8167,19.831,416.45,138.8167,19.831,Suite
Block 3  July 3 to October 2 2024.xls,RoomSales,1197,2024-07-03,2024-10-02,60,2024-10-02,0.2353,8,7,1,0,0,6,28,1186.57,148.3212,42.3775,1186.57,148.3212,42.3775,Standard
Block 3  July 3 to October 2 2024.xls,RoomSales,1202,2024-07-03,2024-10-02,60,2024-10-02,0.1154,3,3,0,0,0,1,25,558.13,186.0433,22.3252,558.13,186.0433,22.3252,Suite
Block 4  October 3 to December 31 2024.xls,RoomSales,12,2024-10-03,2024-12-31,60,2024-10-03,0.7059,24,15,9,0,0,0,34,4617.27,192.3862,135.8021,4617.27,192.3862,135.8021,Standard
Block 4  October 3 to December 31 2024.xls,RoomSales,17,2024-10-03,2024-12-31,60,2024-10-03,0.5769,15,8,7,0,0,1,25,3134.3,208.9533,125.372,3134.3,208.9533,125.372,Suite
Block 4  October 3 to December 31 2024.xls,RoomSales,25,2024-10-03,2024-12-31,60,2024-10-04,1.0,34,11,23,0,0,0,34,6578.42,193.4829,193.4829,6578.42,193.4829,193.4829,Standard
Block 4  October 3 to December 31 2024.xls,RoomSales,30,2024-10-03,2024-12-31,60,2024-10-04,1.0,26,13,13,0,0,0,26,6040.48,232.3262,232.3262,6040.48,232.3262,232.3262,Suite
Block 4  October 3 to December 31 2024.xls,RoomSales,38,2024-10-03,2024-12-31,60,2024-10-05,1.0,34,11,23,0,0,0,34,6739.14,198.21,198.21,6541.14,192.3865,192.3865,Standard
Block 4  October 3 to December 31 2024.xls,RoomSales,43,2024-10-03,2024-12-31,60,2024-10-05,0.9231,24,16,8,0,0,0,26,4952.88,206.37,190.4954,4952.88,206.37,190.4954,Suite
Block 4  October 3 to December 31 2024.xls,RoomSales,51,2024-10-03,2024-12-31,60,2024-10-06,0.3529,12,12,0,0,0,10,24,1716.83,143.0692,71.5346,1716.83,143.0692,71.5346,Standard
Block 4  October 3 to December 31 2024.xls,RoomSales,56,2024-10-03,2024-12-31,60,2024-10-06,0.5,13,13,0,1,0,7,19,1634.92,125.7631,86.0484,1634.92,125.7631,86.0484,Suite
Block 4  October 3 to December 31 2024.xls,RoomSales,64,2024-10-03,2024-12-31,60,2024-10-07,0.5588,19,19,0,1,0,3,31,2327.64,122.5074,75.0852,2327.64,122.5074,75.0852,Standard
Block 4  October 3 to December 31 2024.xls,RoomSales,69,2024-10-03,2024-12-31,60,2024-10-07,0.1154,3,3,0,0,0,8,18,356.38,118.7933,19.7989,356.38,118.7933,19.7989,Suite
Block 4  October 3 to December 31 2024.xls,RoomSales,77,2024-10-03,2024-12-31,60,2024-10-08,0.7059,24,24,0,0,0,5,29,2498.07,104.0863,86.1403,2251.47,93.8113,77.6369,Standard
Block 4  October 3 to December 31 2024.xls,RoomSales,82,2024-10-03,2024-12-31,60,2024-10-08,0.2308,6,6,0,0,0,6,20,728.29,121.3817,36.4145,728.29,121.3817,36.4145,Suite
Block 4  October 3 to December 31 2024.xls,RoomSales,90,2024-10-03,2024-12-31,60,2024-10-09,0.5882,20,16,4,0,0,5,29,2867.39,143.3695,98.8755,2867.39,143.3695,98.8755,Standard
Block 4  October 3 to December 31 2024.xls,RoomSales,95,2024-10-03,2024-12-31,60,2024-10-09,0.6923,18,13,5,0,0,2,24,2670.91,148.3839,111.2879,2670.91,148.3839,111.2879,Suite
Block 4  October 3 to December 31 2024.xls,RoomSales,103,2024-10-03,2024-12-31,60,2024-10-10,0.9706,33,6,27,0,0,1,33,6660.99,201.8482,201.8482,6660.99,201.8482,201.8482,Standard
Block 4  October 3 to December 31 2024.xls,RoomSales,108,2024-10-03,2024-12-31,60,2024-10-10,1.0,26,8,18,0,0,0,26,5194.46,199.7869,199.7869,5194.46,199.7869,199.7869,Suite
Block 4  October 3 to December 31 2024.xls,RoomSales,116,2024-10-03,2024-12-31,60,2024-10-11,1.0,34,9,25,0,0,0,34,6579.41,193.5121,193.5121,6579.41,193.5121,193.5121,Standard
Block 4  October 3 to December 31 2024.xls,RoomSales,121,2024-10-03,2024-12-31,60,2024-10-11,1.0,26,8,18,0,0,0,26,5538.47,213.0181,213.0181,5538.47,213.0181,213.0181,Suite
Block 4  October 3 to December 31 2024.xls,RoomSales,129,2024-10-03,2024-12-31,60,2024-10-12,1.0,34,6,28,0,0,0,34,6624.39,194.835,194.835,6624.39,194.835,194.835,Standard
Block 4  October 3 to December 31 2024.xls,RoomSales,134,2024-10-03,2024-12-31,60,2024-10-12,1.0,26,5,21,0,0,0,26,5550.49,213.4804,213.4804,5550.49,213.4804,213.4804,Suite
Block 4  October 3 to December 31 2024.xls,RoomSales,142,2024-10-03,2024-12-31,60,2024-10-13,1.0,34,7,27,0,0,0,34,6467.95,190.2338,190.2338,6467.95,190.2338,190.2338,Standard
Block 4  October 3 to December 31 2024.xls,RoomSales,147,2024-10-03,2024-12-31,60,2024-10-13,1.0,26,10,16,0,0,0,26,5350.98,205.8069,205.8069,5350.98,205.8069,205.8069,Suite
Block 4  October 3 to December 31 2024.xls,RoomSales,155,2024-10-03,2024-12-31,60,2024-10-14,0.3235,11,11,0,0,0,10,24,1744.14,158.5582,72.6725,1300.26,118.2055,54.1775,Standard
Block 4  October 3 to December 31 2024.xls,RoomSales,160,2024-10-03,2024-12-31,60,2024-10-14,0.2692,7,6,1,0,0,9,17,1026.56,146.6514,60.3859,1026.56,146.6514,60.3859,Suite
Block 4  October 3 to December 31 2024.xls,RoomSales,168,2024-10-03,2024-12-31,60,2024-10-15,0.4706,16,16,0,1,0,2,32,2461.78,153.8613,76.9306,2448.83,153.0519,76.5259,Standard
Block 4  October 3 to December 31 2024.xls,RoomSales,173,2024-10-03,2024-12-31,60,2024-10-15,0.3077,8,8,0,0,1,4,22,1199.51,149.9387,54.5232,1199.51,149.9387,54.5232,Suite
Block 4  October 3 to December 31 2024.xls,RoomSales,181,2024-10-03,2024-12-31,60,2024-10-16,0.5882,20,20,0,0,0,1,33,2578.21,128.9105,78.1276,2353.81,117.6905,71.3276,Standard
Block 4  October 3 to December 31 2024.xls,RoomSales,186,2024-10-03,2024-12-31,60,2024-10-16,0.5385,14,14,0,0,0,8,18,2288.34,163.4529,127.13,2288.34,163.4529,127.13,Suite
Block 4  October 3 to December 31 2024.xls,RoomSales,194,2024-10-03,2024-12-31,60,2024-10-17,0.9412,32,27,5,0,0,1,33,4235.37,132.3553,128.3445,4235.37,132.3553,128.3445,Standard
Block 4  October 3 to December 31 2024.xls,RoomSales,199,2024-10-03,2024-12-31,60,2024-10-17,0.7308,19,14,5,0,0,7,19,3484.8,183.4105,183.4105,3298.65,173.6132,173.6132,Suite
Block 4  October 3 to December 31 2024.xls,RoomSales,207,2024-10-03,2024-12-31,60,2024-10-18,1.0,34,8,26,0,0,0,34,6583.56,193.6341,193.6341,6583.56,193.6341,193.6341,Standard
Block 4  October 3 to December 31 2024.xls,RoomSales,212,2024-10-03,2024-12-31,60,2024-10-18,1.0,26,4,22,0,0,0,26,5624.63,216.3319,216.3319,5174.63,199.0242,199.0242,Suite
Block 4  October 3 to December 31 2024.xls,RoomSales,220,2024-10-03,2024-12-31,60,2024-10-19,1.0,34,7,27,0,0,0,34,6547.66,192.5782,192.5782,6547.66,192.5782,192.5782,Standard
Block 4  October 3 to December 31 2024.xls,RoomSales,225,2024-10-03,2024-12-31,60,2024-10-19,1.0,26,12,14,0,0,0,26,5682.45,218.5558,218.5558,5682.45,218.5558,218.5558,Suite
Block 4  October 3 to December 31 2024.xls,RoomSales,233,2024-10-03,2024-12-31,60,2024-10-20,0.8529,29,23,6,0,0,5,29,3864.9,133.2724,133.2724,3666.9,126.4448,126.4448,Standard
Block 4  October 3 to December 31 2024.xls,RoomSales,238,2024-10-03,2024-12-31,60,2024-10-20,0.5769,15,15,0,0,0,9,17,2258.99,150.5993,132.8818,2258.99,150.5993,132.8818,Suite
Block 4  October 3 to December 31 2024.xls,RoomSales,246,2024-10-03,2024-12-31,60,2024-10-21,0.7647,26,26,0,0,0,7,27,2544.95,97.8827,94.2574,2544.95,97.8827,94.2574,Standard
Block 4  October 3 to December 31 2024.xls,RoomSales,251,2024-10-03,2024-12-31,60,2024-10-21,0.1923,5,5,0,0,0,11,15,515.22,103.044,34.348,423.97,84.794,28.2647,Suite
Block 4  October 3 to December 31 2024.xls,RoomSales,259,2024-10-03,2024-12-31,60,2024-10-22,0.6471,22,22,0,0,0,2,32,2253.93,102.4514,70.4353,2138.76,97.2164,66.8363,Standard
Block 4  October 3 to December 31 2024.xls,RoomSales,264,2024-10-03,2024-12-31,60,2024-10-22,0.5769,15,15,0,0,0,1,25,1812.27,120.818,72.4908,1812.27,120.818,72.4908,Suite
Block 4  October 3 to December 31 2024.xls,RoomSales,272,2024-10-03,2024-12-31,60,2024-10-23,0.8824,30,17,13,0,0,1,33,4451.35,148.3783,134.8894,4451.35,148.3783,134.8894,Standard
Block 4  October 3 to December 31 2024.xls,RoomSales,277,2024-10-03,2024-12-31,60,2024-10-23,0.8077,21,13,8,0,0,1,25,3545.78,168.8467,141.8312,3545.78,168.8467,141.8312,Suite
Block 4  October 3 to December 31 2024.xls,RoomSales,285,2024-10-03,2024-12-31,60,2024-10-24,0.9412,32,9,23,0,1,0,34,5966.68,186.4588,175.4906,5843.94,182.6231,171.8806,Standard
Block 4  October 3 to December 31 2024.xls,RoomSales,290,2024-10-03,2024-12-31,60,2024-10-24,1.0,26,13,13,0,0,0,26,5342.26,205.4715,205.4715,4969.96,191.1523,191.1523,Suite
Block 4  October 3 to December 31 2024.xls,RoomSales,300,2024-10-03,2024-12-31,60,2024-10-25,0.9706,33,9,24,0,0,0,34,6308.46,191.1655,185.5429,6308.46,191.1655,185.5429,Standard
Block 4  October 3 to December 31 2024.xls,RoomSales,305,2024-10-03,2024-12-31,60,2024-10-25,1.0,26,5,21,0,0,0,26,5697.61,219.1388,219.1388,5697.61,219.1388,219.1388,Suite
Block 4  October 3 to December 31 2024.xls,RoomSales,313,2024-10-03,2024-12-31,60,2024-10-26,1.0,34,5,29,0,0,0,34,6696.44,196.9541,196.9541,6696.44,196.9541,196.9541,Standard
Block 4  October 3 to December 31 2024.xls,RoomSales,318,2024-10-03,2024-12-31,60,2024-10-26,0.9615,25,2,23,0,0,0,26,5236.28,209.4512,201.3954,5236.28,209.4512,201.3954,Suite
Block 4  October 3 to December 31 2024.xls,RoomSales,326,2024-10-03,2024-12-31,60,2024-10-27,0.9706,33,15,18,0,0,0,34,6375.45,193.1955,187.5132,6375.45,193.1955,187.5132,Standard
Block 4  October 3 to December 31 2024.xls,RoomSales,331,2024-10-03,2024-12-31,60,2024-10-27,1.0,26,15,11,0,0,0,26,5134.44,197.4785,197.4785,4925.94,189.4592,189.4592,Suite
Block 4  October 3 to December 31 2024.xls,RoomSales,339,2024-10-03,2024-12-31,60,2024-10-28,0.3235,11,11,0,0,0,4,30,2178.46,198.0418,72.6153,1407.46,127.9509,46.9153,Standard
Block 4  October 3 to December 31 2024.xls,RoomSales,344,2024-10-03,2024-12-31,60,2024-10-28,0.3846,10,10,0,0,0,6,20,2320.31,232.031,116.0155,1486.31,148.631,74.3155,Suite
Block 4  October 3 to December 31 2024.xls,RoomSales,352,2024-10-03,2024-12-31,60,2024-10-29,0.5,17,17,0,0,0,2,32,2240.96,131.8212,70.03,1781.96,104.8212,55.6863,Standard
Block 4  October 3 to December 31 2024.xls,RoomSales,357,2024-10-03,2024-12-31,60,2024-10-29,0.2308,6,6,0,0,0,6,20,807.33,134.555,40.3665,807.33,134.555,40.3665,Suite
Block 4  October 3 to December 31 2024.xls,RoomSales,365,2024-10-03,2024-12-31,60,2024-10-30,0.5294,18,18,0,0,0,5,29,2253.28,125.1822,77.6993,2253.28,125.1822,77.6993,Standard
Block 4  October 3 to December 31 2024.xls,RoomSales,370,2024-10-03,2024-12-31,60,2024-10-30,0.3077,8,8,0,0,0,8,18,883.63,110.4537,49.0906,883.63,110.4537,49.0906,Suite
Block 4  October 3 to December 31 2024.xls,RoomSales,378,2024-10-03,2024-12-31,60,2024-10-31,0.8235,28,15,13,0,0,4,30,5036.42,179.8721,167.8807,5036.42,179.8721,167.8807,Standard
Block 4  October 3 to December 31 2024.xls,RoomSales,383,2024-10-03,2024-12-31,60,2024-10-31,0.4615,12,8,4,0,0,5,21,2250.71,187.5592,107.1767,2250.71,187.5592,107.1767,Suite
Block 4  October 3 to December 31 2024.xls,RoomSales,391,2024-10-03,2024-12-31,60,2024-11-01,1.0,34,6,28,0,0,0,34,7104.21,208.9474,208.9474,7104.21,208.9474,208.9474,Standard
Block 4  October 3 to December 31 2024.xls,RoomSales,396,2024-10-03,2024-12-31,60,2024-11-01,1.0,26,11,15,0,0,0,26,5989.31,230.3581,230.3581,5989.31,230.3581,230.3581,Suite
Block 4  October 3 to December 31 2024.xls,RoomSales,404,2024-10-03,2024-12-31,60,2024-11-02,1.0,34,10,24,0,0,0,34,6889.11,202.6209,202.6209,6889.11,202.6209,202.6209,Standard
Block 4  October 3 to December 31 2024.xls,RoomSales,409,2024-10-03,2024-12-31,60,2024-11-02,1.0,26,8,18,0,0,0,26,6018.63,231.4858,231.4858,6018.63,231.4858,231.4858,Suite
Block 4  October 3 to December 31 2024.xls,RoomSales,417,2024-10-03,2024-12-31,60,2024-11-03,0.4118,14,14,0,0,0,20,14,1849.47,132.105,132.105,1849.47,132.105,132.105,Standard
Block 4  October 3 to December 31 2024.xls,RoomSales,422,2024-10-03,2024-12-31,60,2024-11-03,0.4615,12,10,2,0,0,8,18,1910.71,159.2258,106.1506,1910.71,159.2258,106.1506,Suite
Block 4  October 3 to December 31 2024.xls,RoomSales,430,2024-10-03,2024-12-31,60,2024-11-04,0.2353,8,8,0,0,1,23,11,756.37,94.5463,68.7609,756.37,94.5463,68.7609,Standard
Block 4  October 3 to December 31 2024.xls,RoomSales,435,2024-10-03,2024-12-31,60,2024-11-04,0.3077,8,8,0,0,2,4,22,994.48,124.31,45.2036,994.48,124.31,45.2036,Suite
Block 4  October 3 to December 31 2024.xls,RoomSales,443,2024-10-03,2024-12-31,60,2024-11-05,0.2059,7,7,0,0,1,5,29,659.69,94.2414,22.7479,659.69,94.2414,22.7479,Standard
Block 4  October 3 to December 31 2024.xls,RoomSales,448,2024-10-03,2024-12-31,60,2024-11-05,0.3462,9,9,0,1,2,1,25,878.14,97.5711,35.1256,878.14,97.5711,35.1256,Suite
Block 4  October 3 to December 31 2024.xls,RoomSales,456,2024-10-03,2024-12-31,60,2024-11-06,0.5,17,17,0,0,1,6,28,1826.21,107.4241,65.2218,1826.21,107.4241,65.2218,Standard
Block 4  October 3 to December 31 2024.xls,RoomSales,461,2024-10-03,2024-12-31,60,2024-11-06,0.4615,12,12,0,0,1,4,22,1580.92,131.7433,71.86,1580.92,131.7433,71.86,Suite
Block 4  October 3 to December 31 2024.xls,RoomSales,469,2024-10-03,2024-12-31,60,2024-11-07,0.8235,28,25,3,1,1,3,31,4153.03,148.3225,133.9687,4153.03,148.3225,133.9687,Standard
Block 4  October 3 to December 31 2024.xls,RoomSales,474,2024-10-03,2024-12-31,60,2024-11-07,0.7308,19,19,0,0,1,1,25,2700.08,142.1095,108.0032,2700.08,142.1095,108.0032,Suite
Block 4  October 3 to December 31 2024.xls,RoomSales,482,2024-10-03,2024-12-31,60,2024-11-08,1.0,34,27,7,0,0,0,34,6399.33,188.2156,188.2156,6161.73,181.2274,181.2274,Standard
Block 4  October 3 to December 31 2024.xls,RoomSales,487,2024-10-03,2024-12-31,60,2024-11-08,0.9615,25,23,2,0,0,0,26,5233.33,209.3332,201.2819,5233.33,209.3332,201.2819,Suite
Block 4  October 3 to December 31 2024.xls,RoomSales,495,2024-10-03,2024-12-31,60,2024-11-09,1.0,34,14,20,0,0,0,34,6722.64,197.7247,197.7247,6722.64,197.7247,197.7247,Standard
Block 4  October 3 to December 31 2024.xls,RoomSales,500,2024-10-03,2024-12-31,60,2024-11-09,1.0,26,14,12,0,0,0,26,5580.78,214.6454,214.6454,5580.78,214.6454,214.6454,Suite
Block 4  October 3 to December 31 2024.xls,RoomSales,508,2024-10-03,2024-12-31,60,2024-11-10,1.0,34,15,19,0,0,0,34,6023.78,177.17,177.17,6023.78,177.17,177.17,Standard
Block 4  October 3 to December 31 2024.xls,RoomSales,513,2024-10-03,2024-12-31,60,2024-11-10,1.0,26,12,14,0,0,0,26,5082.61,195.485,195.485,5082.61,195.485,195.485,Suite
Block 4  October 3 to December 31 2024.xls,RoomSales,521,2024-10-03,2024-12-31,60,2024-11-11,0.7059,24,17,7,0,0,8,26,2866.37,119.4321,110.245,2628.77,109.5321,101.1065,Standard
Block 4  October 3 to December 31 2024.xls,RoomSales,526,2024-10-03,2024-12-31,60,2024-11-11,0.5385,14,12,2,0,0,12,14,2202.38,157.3129,157.3129,1683.98,120.2843,120.2843,Suite
Block 4  October 3 to December 31 2024.xls,RoomSales,534,2024-10-03,2024-12-31,60,2024-11-12,0.9118,31,17,14,0,0,3,31,3650.91,117.7713,117.7713,3650.91,117.7713,117.7713,Standard
Block 4  October 3 to December 31 2024.xls,RoomSales,539,2024-10-03,2024-12-31,60,2024-11-12,0.8846,23,16,7,0,0,2,24,2837.09,123.3517,118.2121,2837.09,123.3517,118.2121,Suite
Block 4  October 3 to December 31 2024.xls,RoomSales,547,2024-10-03,2024-12-31,60,2024-11-13,0.6471,22,21,1,0,0,4,30,2703.23,122.8741,90.1077,2519.63,114.5286,83.9877,Standard
Block 4  October 3 to December 31 2024.xls,RoomSales,552,2024-10-03,2024-12-31,60,2024-11-13,0.5385,14,12,2,0,0,2,24,1826.39,130.4564,76.0996,1826.39,130.4564,76.0996,Suite
Block 4  October 3 to December 31 2024.xls,RoomSales,560,2024-10-03,2024-12-31,60,2024-11-14,0.8529,29,17,12,0,0,3,31,4893.92,168.7559,157.8684,4893.92,168.7559,157.8684,Standard
Block 4  October 3 to December 31 2024.xls,RoomSales,565,2024-10-03,2024-12-31,60,2024-11-14,0.9231,24,13,11,0,0,1,25,4089.6,170.4,163.584,4089.6,170.4,163.584,Suite
Block 4  October 3 to December 31 2024.xls,RoomSales,573,2024-10-03,2024-12-31,60,2024-11-15,1.0,34,10,24,0,0,0,34,5659.39,166.4526,166.4526,5480.29,161.185,161.185,Standard
Block 4  October 3 to December 31 2024.xls,RoomSales,578,2024-10-03,2024-12-31,60,2024-11-15,1.0,26,9,17,0,0,0,26,4445.66,170.9869,170.9869,4445.66,170.9869,170.9869,Suite
Block 4  October 3 to December 31 2024.xls,RoomSales,586,2024-10-03,2024-12-31,60,2024-11-16,1.0,34,21,13,0,0,0,34,5267.79,154.935,154.935,5267.79,154.935,154.935,Standard
Block 4  October 3 to December 31 2024.xls,RoomSales,591,2024-10-03,2024-12-31,60,2024-11-16,1.0,26,17,9,0,0,0,26,4606.63,177.1781,177.1781,4606.63,177.1781,177.1781,Suite
Block 4  October 3 to December 31 2024.xls,RoomSales,599,2024-10-03,2024-12-31,60,2024-11-17,0.2941,10,10,0,0,0,12,22,1381.05,138.105,62.775,1381.05,138.105,62.775,Standard
Block 4  October 3 to December 31 2024.xls,RoomSales,604,2024-10-03,2024-12-31,60,2024-11-17,0.1923,5,5,0,0,0,12,14,861.52,172.304,61.5371,861.52,172.304,61.5371,Suite
Block 4  October 3 to December 31 2024.xls,RoomSales,612,2024-10-03,2024-12-31,60,2024-11-18,0.2353,8,8,0,0,0,14,20,983.46,122.9325,49.173,983.46,122.9325,49.173,Standard
Block 4  October 3 to December 31 2024.xls,RoomSales,617,2024-10-03,2024-12-31,60,2024-11-18,0.1538,4,4,0,0,0,3,23,493.9,123.475,21.4739,493.9,123.475,21.4739,Suite
Block 4  October 3 to December 31 2024.xls,RoomSales,625,2024-10-03,2024-12-31,60,2024-11-19,0.4118,14,14,0,0,0,6,28,2120.86,151.49,75.745,2120.86,151.49,75.745,Standard
Block 4  October 3 to December 31 2024.xls,RoomSales,630,2024-10-03,2024-12-31,60,2024-11-19,0.3462,9,9,0,0,0,2,24,1512.58,168.0644,63.0242,1304.08,144.8978,54.3367,Suite
Block 4  October 3 to December 31 2024.xls,RoomSales,638,2024-10-03,2024-12-31,60,2024-11-20,0.6765,23,23,0,0,0,6,28,2703.45,117.5413,96.5518,2703.45,117.5413,96.5518,Standard
Block 4  October 3 to December 31 2024.xls,RoomSales,643,2024-10-03,2024-12-31,60,2024-11-20,0.4231,11,11,0,0,0,3,23,1335.79,121.4355,58.0778,1335.79,121.4355,58.0778,Suite
Block 4  October 3 to December 31 2024.xls,RoomSales,651,2024-10-03,2024-12-31,60,2024-11-21,0.6176,21,21,0,0,0,3,31,2618.84,124.7067,84.4787,2618.84,124.7067,84.4787,Standard
Block 4  October 3 to December 31 2024.xls,RoomSales,656,2024-10-03,2024-12-31,60,2024-11-21,0.3077,8,8,0,0,0,2,24,978.93,122.3662,40.7888,978.93,122.3662,40.7888,Suite
Block 4  October 3 to December 31 2024.xls,RoomSales,664,2024-10-03,2024-12-31,60,2024-11-22,0.9706,33,29,4,0,0,0,34,4445.66,134.717,130.7547,4445.66,134.717,130.7547,Standard
Block 4  October 3 to December 31 2024.xls,RoomSales,669,2024-10-03,2024-12-31,60,2024-11-22,0.6538,17,17,0,0,0,1,25,2480.93,145.9371,99.2372,2480.93,145.9371,99.2372,Suite
Block 4  October 3 to December 31 2024.xls,RoomSales,677,2024-10-03,2024-12-31,60,2024-11-23,0.9706,33,27,6,0,0,0,34,4917.69,149.0209,144.6379,4727.29,143.2512,139.0379,Standard
Block 4  October 3 to December 31 2024.xls,RoomSales,682,2024-10-03,2024-12-31,60,2024-11-23,0.8846,23,23,0,0,2,1,25,3656.05,158.9587,146.242,3656.05,158.9587,146.242,Suite
Block 4  October 3 to December 31 2024.xls,RoomSales,690,2024-10-03,2024-12-31,60,2024-11-24,0.3824,13,11,2,0,0,7,27,1793.23,137.9408,66.4159,1793.23,137.9408,66.4159,Standard
Block 4  October 3 to December 31 2024.xls,RoomSales,695,2024-10-03,2024-12-31,60,2024-11-24,0.4615,12,12,0,0,0,6,20,1360.32,113.36,68.016,1360.32,113.36,68.016,Suite
Block 4  October 3 to December 31 2024.xls,RoomSales,703,2024-10-03,2024-12-31,60,2024-11-25,0.3824,13,13,0,0,0,3,31,1411.82,108.6015,45.5426,1084.82,83.4477,34.9942,Standard
Block 4  October 3 to December 31 2024.xls,RoomSales,708,2024-10-03,2024-12-31,60,2024-11-25,0.4615,12,12,0,0,0,6,20,1492.13,124.3442,74.6065,1492.13,124.3442,74.6065,Suite
Block 4  October 3 to December 31 2024.xls,RoomSales,716,2024-10-03,2024-12-31,60,2024-11-26,0.3529,12,12,0,0,0,1,33,1354.8,112.9,41.0545,1354.8,112.9,41.0545,Standard
Block 4  October 3 to December 31 2024.xls,RoomSales,721,2024-10-03,2024-12-31,60,2024-11-26,0.4231,11,11,0,0,0,5,21,1402.77,127.5245,66.7986,1402.77,127.5245,66.7986,Suite
Block 4  October 3 to December 31 2024.xls,RoomSales,729,2024-10-03,2024-12-31,60,2024-11-27,0.7059,24,24,0,0,0,0,34,3573.78,148.9075,105.1112,3573.78,148.9075,105.1112,Standard
Block 4  October 3 to December 31 2024.xls,RoomSales,734,2024-10-03,2024-12-31,60,2024-11-27,0.7308,19,19,0,0,0,1,25,2695.9,141.8895,107.836,2537.49,133.5521,101.4996,Suite
Block 4  October 3 to December 31 2024.xls,RoomSales,742,2024-10-03,2024-12-31,60,2024-11-28,0.9412,32,32,0,0,0,0,34,4567.32,142.7287,134.3329,4567.32,142.7287,134.3329,Standard
Block 4  October 3 to December 31 2024.xls,RoomSales,747,2024-10-03,2024-12-31,60,2024-11-28,1.0,26,26,0,0,0,0,26,3613.39,138.9765,138.9765,3613.39,138.9765,138.9765,Suite
Block 4  October 3 to December 31 2024.xls,RoomSales,755,2024-10-03,2024-12-31,60,2024-11-29,0.9706,33,33,0,0,0,0,34,4226.63,128.0797,124.3126,4226.63,128.0797,124.3126,Standard
Block 4  October 3 to December 31 2024.xls,RoomSales,760,2024-10-03,2024-12-31,60,2024-11-29,1.0,26,25,1,0,0,0,26,3944.33,151.705,151.705,3944.33,151.705,151.705,Suite
Block 4  October 3 to December 31 2024.xls,RoomSales,768,2024-10-03,2024-12-31,60,2024-11-30,1.0,34,31,3,0,0,0,34,4499.87,132.3491,132.3491,4499.87,132.3491,132.3491,Standard
Block 4  October 3 to December 31 2024.xls,RoomSales,773,2024-10-03,2024-12-31,60,2024-11-30,0.9615,25,19,6,0,0,0,26,4095.14,163.8056,157.5054,4095.14,163.8056,157.5054,Suite
Block 4  October 3 to December 31 2024.xls,RoomSales,781,2024-10-03,2024-12-31,60,2024-12-01,0.4118,14,14,0,0,0,20,14,1703.73,121.695,121.695,1703.73,121.695,121.695,Standard
Block 4  October 3 to December 31 2024.xls,RoomSales,786,2024-10-03,2024-12-31,60,2024-12-01,0.5385,14,14,0,0,0,7,19,1831.02,130.7871,96.3695,1831.02,130.7871,96.3695,Suite
Block 4  October 3 to December 31 2024.xls,RoomSales,794,2024-10-03,2024-12-31,60,2024-12-02,0.3235,11,11,0,0,0,15,19,1168.93,106.2664,61.5226,1168.93,106.2664,61.5226,Standard
Block 4  October 3 to December 31 2024.xls,RoomSales,799,2024-10-03,2024-12-31,60,2024-12-02,0.4231,11,11,0,0,0,9,17,1237.46,112.4964,72.7918,1237.46,112.4964,72.7918,Suite
Block 4  October 3 to December 31 2024.xls,RoomSales,807,2024-10-03,2024-12-31,60,2024-12-03,0.5588,19,19,0,0,0,13,21,1866.89,98.2574,88.8995,1866.89,98.2574,88.8995,Standard
Block 4  October 3 to December 31 2024.xls,RoomSales,812,2024-10-03,2024-12-31,60,2024-12-03,0.5769,15,15,0,0,0,4,22,1718.08,114.5387,78.0945,1718.08,114.5387,78.0945,Suite
Block 4  October 3 to December 31 2024.xls,RoomSales,820,2024-10-03,2024-12-31,60,2024-12-04,0.6471,22,22,0,0,1,9,25,2459.24,111.7836,98.3696,2459.24,111.7836,98.3696,Standard
Block 4  October 3 to December 31 2024.xls,RoomSales,825,2024-10-03,2024-12-31,60,2024-12-04,0.6154,16,16,0,0,3,5,21,1808.21,113.0131,86.1052,1808.21,113.0131,86.1052,Suite
Block 4  October 3 to December 31 2024.xls,RoomSales,833,2024-10-03,2024-12-31,60,2024-12-05,0.4706,16,15,1,0,0,9,25,1815.58,113.4737,72.6232,1815.58,113.4737,72.6232,Standard
Block 4  October 3 to December 31 2024.xls,RoomSales,838,2024-10-03,2024-12-31,60,2024-12-05,0.5,13,13,0,0,1,4,22,1461.92,112.4554,66.4509,1461.92,112.4554,66.4509,Suite
Block 4  October 3 to December 31 2024.xls,RoomSales,846,2024-10-03,2024-12-31,60,2024-12-06,1.0,34,27,7,0,0,0,34,4976.32,146.3624,146.3624,4976.32,146.3624,146.3624,Standard
Block 4  October 3 to December 31 2024.xls,RoomSales,851,2024-10-03,2024-12-31,60,2024-12-06,1.0,26,22,4,0,0,0,26,4050.94,155.8054,155.8054,4050.94,155.8054,155.8054,Suite
Block 4  October 3 to December 31 2024.xls,RoomSales,859,2024-10-03,2024-12-31,60,2024-12-07,1.0,34,26,8,0,0,0,34,5373.35,158.0397,158.0397,5191.45,152.6897,152.6897,Standard
Block 4  October 3 to December 31 2024.xls,RoomSales,864,2024-10-03,2024-12-31,60,2024-12-07,1.0,26,19,7,0,0,0,26,4313.43,165.9012,165.9012,4113.43,158.2088,158.2088,Suite
Block 4  October 3 to December 31 2024.xls,RoomSales,872,2024-10-03,2024-12-31,60,2024-12-08,0.4118,14,14,0,0,0,13,21,1566.87,111.9193,74.6129,1566.87,111.9193,74.6129,Standard
Block 4  October 3 to December 31 2024.xls,RoomSales,877,2024-10-03,2024-12-31,60,2024-12-08,0.5,13,13,0,0,0,10,16,1582.99,121.7685,98.9369,1582.99,121.7685,98.9369,Suite
Block 4  October 3 to December 31 2024.xls,RoomSales,885,2024-10-03,2024-12-31,60,2024-12-09,0.3235,11,11,0,0,0,18,16,1132.17,102.9245,70.7606,1132.17,102.9245,70.7606,Standard
Block 4  October 3 to December 31 2024.xls,RoomSales,890,2024-10-03,2024-12-31,60,2024-12-09,0.5,13,13,0,0,0,10,16,1532.03,117.8485,95.7519,1532.03,117.8485,95.7519,Suite
Block 4  October 3 to December 31 2024.xls,RoomSales,898,2024-10-03,2024-12-31,60,2024-12-10,0.4412,15,15,0,0,0,16,18,1914.34,127.6227,106.3522,1914.34,127.6227,106.3522,Standard
Block 4  October 3 to December 31 2024.xls,RoomSales,903,2024-10-03,2024-12-31,60,2024-12-10,0.4231,11,11,0,0,0,4,22,1309.25,119.0227,59.5114,1174.93,106.8118,53.4059,Suite
Block 4  October 3 to December 31 2024.xls,RoomSales,911,2024-10-03,2024-12-31,60,2024-12-11,0.4706,16,16,0,0,0,10,24,1673.66,104.6038,69.7358,1673.66,104.6038,69.7358,Standard
Block 4  October 3 to December 31 2024.xls,RoomSales,916,2024-10-03,2024-12-31,60,2024-12-11,0.6154,16,16,0,0,0,4,22,1709.38,106.8363,77.6991,1709.38,106.8363,77.6991,Suite
Block 4  October 3 to December 31 2024.xls,RoomSales,924,2024-10-03,2024-12-31,60,2024-12-12,0.5294,18,18,0,0,0,7,27,1890.6,105.0333,70.0222,1890.6,105.0333,70.0222,Standard
Block 4  October 3 to December 31 2024.xls,RoomSales,929,2024-10-03,2024-12-31,60,2024-12-12,0.4231,11,11,0,0,1,3,23,1311.75,119.25,57.0326,1311.75,119.25,57.0326,Suite
Block 4  October 3 to December 31 2024.xls,RoomSales,937,2024-10-03,2024-12-31,60,2024-12-13,0.8824,30,30,0,0,0,2,32,3607.73,120.2577,112.7416,3607.73,120.2577,112.7416,Standard
Block 4  October 3 to December 31 2024.xls,RoomSales,942,2024-10-03,2024-12-31,60,2024-12-13,0.6538,17,17,0,0,0,0,26,2259.82,132.9306,86.9162,2259.82,132.9306,86.9162,Suite
Block 4  October 3 to December 31 2024.xls,RoomSales,950,2024-10-03,2024-12-31,60,2024-12-14,0.9412,32,30,2,0,1,1,33,4546.36,142.0737,137.7685,4546.36,142.0737,137.7685,Standard
Block 4  October 3 to December 31 2024.xls,RoomSales,955,2024-10-03,2024-12-31,60,2024-12-14,1.0,26,25,1,0,0,0,26,3744.25,144.0096,144.0096,3744.25,144.0096,144.0096,Suite
Block 4  October 3 to December 31 2024.xls,RoomSales,963,2024-10-03,2024-12-31,60,2024-12-15,0.5,17,17,0,0,0,17,17,2106.38,123.9047,123.9047,1918.28,112.84,112.84,Standard
Block 4  October 3 to December 31 2024.xls,RoomSales,968,2024-10-03,2024-12-31,60,2024-12-15,0.6538,17,17,0,0,0,8,18,2210.76,130.0447,122.82,2210.76,130.0447,122.82,Suite
Block 4  October 3 to December 31 2024.xls,RoomSales,976,2024-10-03,2024-12-31,60,2024-12-16,0.3235,11,11,0,0,0,23,11,1174.66,106.7873,106.7873,1174.66,106.7873,106.7873,Standard
Block 4  October 3 to December 31 2024.xls,RoomSales,981,2024-10-03,2024-12-31,60,2024-12-16,0.4615,12,12,0,0,0,10,16,1394.8,116.2333,87.175,1394.8,116.2333,87.175,Suite
Block 4  October 3 to December 31 2024.xls,RoomSales,989,2024-10-03,2024-12-31,60,2024-12-17,0.3529,12,12,0,0,0,16,18,1415.32,117.9433,78.6289,1415.32,117.9433,78.6289,Standard
Block 4  October 3 to December 31 2024.xls,RoomSales,994,2024-10-03,2024-12-31,60,2024-12-17,0.5385,14,14,0,0,0,10,16,1687.43,120.5307,105.4644,1687.43,120.5307,105.4644,Suite
Block 4  October 3 to December 31 2024.xls,RoomSales,1002,2024-10-03,2024-12-31,60,2024-12-18,0.4118,14,14,0,0,0,6,28,1785.28,127.52,63.76,1785.28,127.52,63.76,Standard
Block 4  October 3 to December 31 2024.xls,RoomSales,1007,2024-10-03,2024-12-31,60,2024-12-18,0.6923,18,18,0,0,0,2,24,2032.55,112.9194,84.6896,2032.55,112.9194,84.6896,Suite
Block 4  October 3 to December 31 2024.xls,RoomSales,1015,2024-10-03,2024-12-31,60,2024-12-19,0.2647,9,9,0,0,0,13,21,1297.63,144.1811,61.7919,906.95,100.7722,43.1881,Standard
Block 4  October 3 to December 31 2024.xls,RoomSales,1020,2024-10-03,2024-12-31,60,2024-12-19,0.6154,16,16,0,0,0,3,23,2338.28,146.1425,101.6643,2338.28,146.1425,101.6643,Suite
Block 4  October 3 to December 31 2024.xls,RoomSales,1028,2024-10-03,2024-12-31,60,2024-12-20,0.8824,30,28,2,0,1,0,34,3702.37,123.4123,108.8932,3702.37,123.4123,108.8932,Standard
Block 4  October 3 to December 31 2024.xls,RoomSales,1033,2024-10-03,2024-12-31,60,2024-12-20,0.8462,22,22,0,0,0,2,24,3186.84,144.8564,132.785,3186.84,144.8564,132.785,Suite
Block 4  October 3 to December 31 2024.xls,RoomSales,1041,2024-10-03,2024-12-31,60,2024-12-21,0.9706,33,30,3,0,1,0,34,4132.15,125.2167,121.5338,3893.12,117.9733,114.5035,Standard
Block 4  October 3 to December 31 2024.xls,RoomSales,1046,2024-10-03,2024-12-31,60,2024-12-21,1.0,26,26,0,0,0,0,26,4111.97,158.1527,158.1527,4111.97,158.1527,158.1527,Suite
Block 4  October 3 to December 31 2024.xls,RoomSales,1054,2024-10-03,2024-12-31,60,2024-12-22,0.4118,14,12,2,0,1,11,23,1546.3,110.45,67.2304,1463.53,104.5379,63.6317,Standard
Block 4  October 3 to December 31 2024.xls,RoomSales,1059,2024-10-03,2024-12-31,60,2024-12-22,0.6538,17,17,0,0,0,9,17,2251.29,132.4288,132.4288,2251.29,132.4288,132.4288,Suite
Block 4  October 3 to December 31 2024.xls,RoomSales,1067,2024-10-03,2024-12-31,60,2024-12-23,0.5294,18,18,0,0,0,9,25,2091.74,116.2078,83.6696,2091.74,116.2078,83.6696,Standard
Block 4  October 3 to December 31 2024.xls,RoomSales,1072,2024-10-03,2024-12-31,60,2024-12-23,0.6538,17,17,0,0,0,6,20,2295.21,135.0124,114.7605,2107.11,123.9476,105.3555,Suite
Block 4  October 3 to December 31 2024.xls,RoomSales,1080,2024-10-03,2024-12-31,60,2024-12-24,0.7353,25,25,0,0,0,7,27,2917.91,116.7164,108.0707,2917.91,116.7164,108.0707,Standard
Block 4  October 3 to December 31 2024.xls,RoomSales,1085,2024-10-03,2024-12-31,60,2024-12-24,0.7692,20,20,0,0,0,3,23,2453.18,122.659,106.66,2453.18,122.659,106.66,Suite
Block 4  October 3 to December 31 2024.xls,RoomSales,1093,2024-10-03,2024-12-31,60,2024-12-25,0.5588,19,19,0,0,0,9,25,2060.88,108.4674,82.4352,2060.88,108.4674,82.4352,Standard
Block 4  October 3 to December 31 2024.xls,RoomSales,1098,2024-10-03,2024-12-31,60,2024-12-25,0.8077,21,21,0,0,0,5,21,2585.56,123.1219,123.1219,2585.56,123.1219,123.1219,Suite
Block 4  October 3 to December 31 2024.xls,RoomSales,1106,2024-10-03,2024-12-31,60,2024-12-26,0.8235,28,28,0,0,0,3,31,3006.82,107.3864,96.9942,3006.82,107.3864,96.9942,Standard
Block 4  October 3 to December 31 2024.xls,RoomSales,1111,2024-10-03,2024-12-31,60,2024-12-26,0.7692,20,20,0,0,0,3,23,2849.17,142.4585,123.877,2729.77,136.4885,118.6857,Suite
Block 4  October 3 to December 31 2024.xls,RoomSales,1119,2024-10-03,2024-12-31,60,2024-12-27,0.9706,33,33,0,0,0,0,34,3492.18,105.8236,102.7112,3492.18,105.8236,102.7112,Standard
Block 4  October 3 to December 31 2024.xls,RoomSales,1124,2024-10-03,2024-12-31,60,2024-12-27,0.8846,23,23,0,0,0,3,23,2789.51,121.283,121.283,2649.51,115.1961,115.1961,Suite
Block 4  October 3 to December 31 2024.xls,RoomSales,1132,2024-10-03,2024-12-31,60,2024-12-28,0.9706,33,33,0,0,0,0,34,3930.17,119.0961,115.5932,3930.17,119.0961,115.5932,Standard
Block 4  October 3 to December 31 2024.xls,RoomSales,1137,2024-10-03,2024-12-31,60,2024-12-28,0.9615,25,25,0,0,0,0,26,3203.58,128.1432,123.2146,3203.58,128.1432,123.2146,Suite
Block 4  October 3 to December 31 2024.xls,RoomSales,1145,2024-10-03,2024-12-31,60,2024-12-29,0.5588,19,19,0,0,0,2,32,2168.89,114.1521,67.7778,2168.89,114.1521,67.7778,Standard
Block 4  October 3 to December 31 2024.xls,RoomSales,1150,2024-10-03,2024-12-31,60,2024-12-29,0.7692,20,20,0,0,1,1,25,2555.12,127.756,102.2048,2555.12,127.756,102.2048,Suite
Block 4  October 3 to December 31 2024.xls,RoomSales,1158,2024-10-03,2024-12-31,60,2024-12-30,0.6471,22,9,13,0,0,6,28,3384.98,153.8627,120.8921,3384.98,153.8627,120.8921,Standard
Block 4  October 3 to December 31 2024.xls,RoomSales,1163,2024-10-03,2024-12-31,60,2024-12-30,0.6538,17,12,5,0,0,6,20,2525.01,148.53,126.2505,2525.01,148.53,126.2505,Suite
Block 4  October 3 to December 31 2024.xls,RoomSales,1171,2024-10-03,2024-12-31,60,2024-12-31,0.8824,30,4,26,0,1,0,34,5313.9,177.13,156.2912,5119.9,170.6633,150.5853,Standard
Block 4  October 3 to December 31 2024.xls,RoomSales,1176,2024-10-03,2024-12-31,60,2024-12-31,0.7692,20,5,15,0,1,2,24,3683.83,184.1915,153.4929,3683.83,184.1915,153.4929,Suite
Block 1 January 1 to April 2 2025.xls,RoomSales,12,2025-01-01,2025-04-02,60,2025-01-01,0.1471,5,5,0,0,0,16,18,709.64,141.928,39.4244,709.64,141.928,39.4244,Standard
Block 1 January 1 to April 2 2025.xls,RoomSales,17,2025-01-01,2025-04-02,60,2025-01-01,0.2308,6,6,0,0,1,14,12,842.11,140.3517,70.1758,842.11,140.3517,70.1758,Suite
Block 1 January 1 to April 2 2025.xls,RoomSales,25,2025-01-01,2025-04-02,60,2025-01-02,0.2353,8,8,0,0,0,3,31,1042.48,130.31,33.6284,1042.48,130.31,33.6284,Standard
Block 1 January 1 to April 2 2025.xls,RoomSales,30,2025-01-01,2025-04-02,60,2025-01-02,0.2692,7,7,0,0,1,11,15,978.49,139.7843,65.2327,978.49,139.7843,65.2327,Suite
Block 1 January 1 to April 2 2025.xls,RoomSales,38,2025-01-01,2025-04-02,60,2025-01-03,0.2647,9,9,0,0,0,0,34,1046.99,116.3322,30.7938,1046.99,116.3322,30.7938,Standard
Block 1 January 1 to April 2 2025.xls,RoomSales,43,2025-01-01,2025-04-02,60,2025-01-03,0.3077,8,8,0,0,2,8,18,1113.93,139.2413,61.885,719.73,89.9663,39.985,Suite
Block 1 January 1 to April 2 2025.xls,RoomSales,51,2025-01-01,2025-04-02,60,2025-01-04,0.3529,12,12,0,0,0,0,34,1697.65,141.4708,49.9309,1697.65,141.4708,49.9309,Standard
Block 1 January 1 to April 2 2025.xls,RoomSales,56,2025-01-01,2025-04-02,60,2025-01-04,0.3846,10,10,0,0,1,9,17,1382.02,138.202,81.2953,1382.02,138.202,81.2953,Suite
Block 1 January 1 to April 2 2025.xls,RoomSales,64,2025-01-01,2025-04-02,60,2025-01-05,0.0,0,0,0,0,0,0,34,0.0,0.0,0.0,0.0,0.0,0.0,Standard
Block 1 January 1 to April 2 2025.xls,RoomSales,69,2025-01-01,2025-04-02,60,2025-01-05,0.0,0,0,0,0,1,0,26,0.0,0.0,0.0,0.0,0.0,0.0,Suite
Block 1 January 1 to April 2 2025.xls,RoomSales,77,2025-01-01,2025-04-02,60,2025-01-06,0.0,0,0,0,0,0,0,34,0.0,0.0,0.0,0.0,0.0,0.0,Standard
Block 1 January 1 to April 2 2025.xls,RoomSales,82,2025-01-01,2025-04-02,60,2025-01-06,0.0,0,0,0,0,1,0,26,0.0,0.0,0.0,0.0,0.0,0.0,Suite
Block 1 January 1 to April 2 2025.xls,RoomSales,90,2025-01-01,2025-04-02,60,2025-01-07,0.0,0,0,0,0,0,0,34,0.0,0.0,0.0,0.0,0.0,0.0,Standard
Block 1 January 1 to April 2 2025.xls,RoomSales,95,2025-01-01,2025-04-02,60,2025-01-07,0.0,0,0,0,0,1,0,26,0.0,0.0,0.0,0.0,0.0,0.0,Suite
Block 1 January 1 to April 2 2025.xls,RoomSales,103,2025-01-01,2025-04-02,60,2025-01-08,0.0,0,0,0,0,0,0,34,0.0,0.0,0.0,0.0,0.0,0.0,Standard
Block 1 January 1 to April 2 2025.xls,RoomSales,108,2025-01-01,2025-04-02,60,2025-01-08,0.0,0,0,0,0,1,0,26,0.0,0.0,0.0,0.0,0.0,0.0,Suite
Block 1 January 1 to April 2 2025.xls,RoomSales,116,2025-01-01,2025-04-02,60,2025-01-09,0.0,0,0,0,0,0,0,34,138.01,0.0,4.0591,138.01,0.0,4.0591,Standard
Block 1 January 1 to April 2 2025.xls,RoomSales,121,2025-01-01,2025-04-02,60,2025-01-09,0.0,0,0,0,0,1,0,26,180.67,0.0,6.9488,180.67,0.0,6.9488,Suite
Block 1 January 1 to April 2 2025.xls,RoomSales,129,2025-01-01,2025-04-02,60,2025-01-10,0.0,0,0,0,0,0,0,34,0.0,0.0,0.0,0.0,0.0,0.0,Standard
Block 1 January 1 to April 2 2025.xls,RoomSales,134,2025-01-01,2025-04-02,60,2025-01-10,0.0,0,0,0,0,1,0,26,0.0,0.0,0.0,0.0,0.0,0.0,Suite
Block 1 January 1 to April 2 2025.xls,RoomSales,142,2025-01-01,2025-04-02,60,2025-01-11,0.0,0,0,0,0,0,0,34,0.0,0.0,0.0,0.0,0.0,0.0,Standard
Block 1 January 1 to April 2 2025.xls,RoomSales,147,2025-01-01,2025-04-02,60,2025-01-11,0.0,0,0,0,0,1,0,26,0.0,0.0,0.0,0.0,0.0,0.0,Suite
Block 1 January 1 to April 2 2025.xls,RoomSales,155,2025-01-01,2025-04-02,60,2025-01-12,0.0,0,0,0,0,0,0,34,0.0,0.0,0.0,0.0,0.0,0.0,Standard
Block 1 January 1 to April 2 2025.xls,RoomSales,160,2025-01-01,2025-04-02,60,2025-01-12,0.0,0,0,0,0,1,0,26,0.0,0.0,0.0,0.0,0.0,0.0,Suite
Block 1 January 1 to April 2 2025.xls,RoomSales,168,2025-01-01,2025-04-02,60,2025-01-13,0.0,0,0,0,0,0,0,34,0.0,0.0,0.0,0.0,0.0,0.0,Standard
Block 1 January 1 to April 2 2025.xls,RoomSales,173,2025-01-01,2025-04-02,60,2025-01-13,0.0,0,0,0,0,1,0,26,0.0,0.0,0.0,0.0,0.0,0.0,Suite
Block 1 January 1 to April 2 2025.xls,RoomSales,181,2025-01-01,2025-04-02,60,2025-01-14,0.0,0,0,0,0,0,0,34,0.0,0.0,0.0,0.0,0.0,0.0,Standard
Block 1 January 1 to April 2 2025.xls,RoomSales,186,2025-01-01,2025-04-02,60,2025-01-14,0.0,0,0,0,0,1,0,26,0.0,0.0,0.0,0.0,0.0,0.0,Suite
Block 1 January 1 to April 2 2025.xls,RoomSales,194,2025-01-01,2025-04-02,60,2025-01-15,0.0,0,0,0,0,0,10,24,0.0,0.0,0.0,0.0,0.0,0.0,Standard
Block 1 January 1 to April 2 2025.xls,RoomSales,199,2025-01-01,2025-04-02,60,2025-01-15,0.0,0,0,0,0,1,2,24,0.0,0.0,0.0,0.0,0.0,0.0,Suite
Block 1 January 1 to April 2 2025.xls,RoomSales,207,2025-01-01,2025-04-02,60,2025-01-16,0.0,0,0,0,0,0,10,24,0.0,0.0,0.0,0.0,0.0,0.0,Standard
Block 1 January 1 to April 2 2025.xls,RoomSales,212,2025-01-01,2025-04-02,60,2025-01-16,0.0385,1,1,0,0,1,2,24,109.0,109.0,4.5417,109.0,109.0,4.5417,Suite
Block 1 January 1 to April 2 2025.xls,RoomSales,220,2025-01-01,2025-04-02,60,2025-01-17,0.2059,7,7,0,0,0,10,24,829.72,118.5314,34.5717,829.72,118.5314,34.5717,Standard
Block 1 January 1 to April 2 2025.xls,RoomSales,225,2025-01-01,2025-04-02,60,2025-01-17,0.6154,16,16,0,0,0,2,24,2143.19,133.9494,89.2996,2143.19,133.9494,89.2996,Suite
Block 1 January 1 to April 2 2025.xls,RoomSales,233,2025-01-01,2025-04-02,60,2025-01-18,0.5882,20,16,4,0,0,11,23,2805.17,140.2585,121.9639,2805.17,140.2585,121.9639,Standard
Block 1 January 1 to April 2 2025.xls,RoomSales,238,2025-01-01,2025-04-02,60,2025-01-18,0.9231,24,22,2,0,0,2,24,4043.41,168.4754,168.4754,3801.76,158.4067,158.4067,Suite
Block 1 January 1 to April 2 2025.xls,RoomSales,246,2025-01-01,2025-04-02,60,2025-01-19,0.1765,6,6,0,0,2,25,9,734.71,122.4517,81.6344,734.71,122.4517,81.6344,Standard
Block 1 January 1 to April 2 2025.xls,RoomSales,251,2025-01-01,2025-04-02,60,2025-01-19,0.2692,7,7,0,0,3,11,15,951.31,135.9014,63.4207,951.31,135.9014,63.4207,Suite
Block 1 January 1 to April 2 2025.xls,RoomSales,259,2025-01-01,2025-04-02,60,2025-01-20,0.0588,2,2,0,0,0,27,7,265.38,132.69,37.9114,265.38,132.69,37.9114,Standard
Block 1 January 1 to April 2 2025.xls,RoomSales,264,2025-01-01,2025-04-02,60,2025-01-20,0.1154,3,3,0,0,1,11,15,599.07,199.69,39.938,599.07,199.69,39.938,Suite
Block 1 January 1 to April 2 2025.xls,RoomSales,272,2025-01-01,2025-04-02,60,2025-01-21,0.0,0,0,0,0,0,28,6,0.0,0.0,0.0,0.0,0.0,0.0,Standard
Block 1 January 1 to April 2 2025.xls,RoomSales,277,2025-01-01,2025-04-02,60,2025-01-21,0.0769,2,2,0,0,1,12,14,328.19,164.095,23.4421,328.19,164.095,23.4421,Suite
Block 1 January 1 to April 2 2025.xls,RoomSales,285,2025-01-01,2025-04-02,60,2025-01-22,0.1176,4,4,0,0,0,28,6,411.82,102.955,68.6367,411.82,102.955,68.6367,Standard
Block 1 January 1 to April 2 2025.xls,RoomSales,290,2025-01-01,2025-04-02,60,2025-01-22,0.3462,9,9,0,0,1,12,14,1312.8,145.8667,93.7714,1312.8,145.8667,93.7714,Suite
Block 1 January 1 to April 2 2025.xls,RoomSales,298,2025-01-01,2025-04-02,60,2025-01-23,0.1765,6,6,0,0,0,28,6,668.34,111.39,111.39,668.34,111.39,111.39,Standard
Block 1 January 1 to April 2 2025.xls,RoomSales,303,2025-01-01,2025-04-02,60,2025-01-23,0.3077,8,8,0,0,1,12,14,975.67,121.9587,69.6907,975.67,121.9587,69.6907,Suite
Block 1 January 1 to April 2 2025.xls,RoomSales,311,2025-01-01,2025-04-02,60,2025-01-24,0.9412,32,32,0,0,0,0,34,4088.13,127.7541,120.2391,4088.13,127.7541,120.2391,Standard
Block 1 January 1 to April 2 2025.xls,RoomSales,316,2025-01-01,2025-04-02,60,2025-01-24,0.9231,24,24,0,0,1,1,25,3243.95,135.1646,129.758,3243.95,135.1646,129.758,Suite
Block 1 January 1 to April 2 2025.xls,RoomSales,324,2025-01-01,2025-04-02,60,2025-01-25,1.0,34,34,0,0,0,0,34,4120.16,121.1812,121.1812,4120.16,121.1812,121.1812,Standard
Block 1 January 1 to April 2 2025.xls,RoomSales,329,2025-01-01,2025-04-02,60,2025-01-25,0.9231,24,24,0,0,1,1,25,3460.28,144.1783,138.4112,3285.28,136.8867,131.4112,Suite
Block 1 January 1 to April 2 2025.xls,RoomSales,337,2025-01-01,2025-04-02,60,2025-01-26,0.2941,10,10,0,0,0,11,23,1308.59,130.859,56.8952,1188.92,118.892,51.6922,Standard
Block 1 January 1 to April 2 2025.xls,RoomSales,342,2025-01-01,2025-04-02,60,2025-01-26,0.3846,10,10,0,0,1,11,15,1047.03,104.703,69.802,1047.03,104.703,69.802,Suite
Block 1 January 1 to April 2 2025.xls,RoomSales,350,2025-01-01,2025-04-02,60,2025-01-27,0.1765,6,6,0,0,0,12,22,551.85,91.975,25.0841,551.85,91.975,25.0841,Standard
Block 1 January 1 to April 2 2025.xls,RoomSales,355,2025-01-01,2025-04-02,60,2025-01-27,0.4231,11,11,0,0,0,10,16,1146.87,104.2609,71.6794,1146.87,104.2609,71.6794,Suite
Block 1 January 1 to April 2 2025.xls,RoomSales,363,2025-01-01,2025-04-02,60,2025-01-28,0.2941,10,10,0,0,0,11,23,1017.23,101.723,44.2274,1017.23,101.723,44.2274,Standard
Block 1 January 1 to April 2 2025.xls,RoomSales,368,2025-01-01,2025-04-02,60,2025-01-28,0.4231,11,11,0,0,0,9,17,1260.98,114.6345,74.1753,1260.98,114.6345,74.1753,Suite
Block 1 January 1 to April 2 2025.xls,RoomSales,376,2025-01-01,2025-04-02,60,2025-01-29,0.3529,12,12,0,0,0,11,23,1440.75,120.0625,62.6413,1440.75,120.0625,62.6413,Standard
Block 1 January 1 to April 2 2025.xls,RoomSales,381,2025-01-01,2025-04-02,60,2025-01-29,0.5,13,13,0,0,0,9,17,1608.47,123.7285,94.6159,1515.46,116.5738,89.1447,Suite
Block 1 January 1 to April 2 2025.xls,RoomSales,389,2025-01-01,2025-04-02,60,2025-01-30,0.3824,13,13,0,0,0,14,20,1858.95,142.9962,92.9475,1858.95,142.9962,92.9475,Standard
Block 1 January 1 to April 2 2025.xls,RoomSales,394,2025-01-01,2025-04-02,60,2025-01-30,0.5769,15,15,0,0,0,8,18,1995.37,133.0247,110.8539,1995.37,133.0247,110.8539,Suite
Block 1 January 1 to April 2 2025.xls,RoomSales,402,2025-01-01,2025-04-02,60,2025-01-31,0.8824,30,30,0,0,0,0,34,3710.02,123.6673,109.1182,3710.02,123.6673,109.1182,Standard
Block 1 January 1 to April 2 2025.xls,RoomSales,407,2025-01-01,2025-04-02,60,2025-01-31,0.8846,23,23,0,0,0,0,26,3358.95,146.0413,129.1904,3358.95,146.0413,129.1904,Suite
Block 1 January 1 to April 2 2025.xls,RoomSales,415,2025-01-01,2025-04-02,60,2025-02-01,0.9706,33,33,0,0,0,0,34,4351.4,131.8606,127.9824,4233.27,128.2809,124.5079,Standard
Block 1 January 1 to April 2 2025.xls,RoomSales,420,2025-01-01,2025-04-02,60,2025-02-01,1.0,26,26,0,0,0,0,26,3706.79,142.5688,142.5688,3584.34,137.8592,137.8592,Suite
Block 1 January 1 to April 2 2025.xls,RoomSales,428,2025-01-01,2025-04-02,60,2025-02-02,0.2353,8,8,0,0,2,15,19,979.79,122.4737,51.5679,979.79,122.4737,51.5679,Standard
Block 1 January 1 to April 2 2025.xls,RoomSales,433,2025-01-01,2025-04-02,60,2025-02-02,0.4231,11,11,0,0,1,14,12,1414.75,128.6136,117.8958,1243.0,113.0,103.5833,Suite
Block 1 January 1 to April 2 2025.xls,RoomSales,441,2025-01-01,2025-04-02,60,2025-02-03,0.3235,11,11,0,0,0,11,23,1318.05,119.8227,57.3065,1134.45,103.1318,49.3239,Standard
Block 1 January 1 to April 2 2025.xls,RoomSales,446,2025-01-01,2025-04-02,60,2025-02-03,0.4615,12,12,0,0,0,6,20,1474.6,122.8833,73.73,1474.6,122.8833,73.73,Suite
Block 1 January 1 to April 2 2025.xls,RoomSales,454,2025-01-01,2025-04-02,60,2025-02-04,0.2941,10,10,0,0,0,8,26,1193.7,119.37,45.9115,1193.7,119.37,45.9115,Standard
Block 1 January 1 to April 2 2025.xls,RoomSales,459,2025-01-01,2025-04-02,60,2025-02-04,0.5769,15,15,0,0,0,1,25,1740.21,116.014,69.6084,1740.21,116.014,69.6084,Suite
Block 1 January 1 to April 2 2025.xls,RoomSales,467,2025-01-01,2025-04-02,60,2025-02-05,0.2647,9,9,0,0,2,5,29,1396.48,155.1644,48.1545,1312.48,145.8311,45.2579,Standard
Block 1 January 1 to April 2 2025.xls,RoomSales,472,2025-01-01,2025-04-02,60,2025-02-05,0.6154,16,16,0,0,0,0,26,1881.54,117.5962,72.3669,1881.54,117.5962,72.3669,Suite
Block 1 January 1 to April 2 2025.xls,RoomSales,480,2025-01-01,2025-04-02,60,2025-02-06,0.1765,6,6,0,0,1,8,26,699.77,116.6283,26.9142,699.77,116.6283,26.9142,Standard
Block 1 January 1 to April 2 2025.xls,RoomSales,485,2025-01-01,2025-04-02,60,2025-02-06,0.7692,20,20,0,0,0,1,25,2557.5,127.875,102.3,2557.5,127.875,102.3,Suite
Block 1 January 1 to April 2 2025.xls,RoomSales,493,2025-01-01,2025-04-02,60,2025-02-07,0.5,17,17,0,0,1,1,33,2400.39,141.1994,72.7391,2077.39,122.1994,62.9512,Standard
Block 1 January 1 to April 2 2025.xls,RoomSales,498,2025-01-01,2025-04-02,60,2025-02-07,0.5385,14,14,0,0,0,0,26,1672.42,119.4586,64.3238,1672.42,119.4586,64.3238,Suite
Block 1 January 1 to April 2 2025.xls,RoomSales,506,2025-01-01,2025-04-02,60,2025-02-08,0.8235,28,27,1,0,3,3,31,4013.84,143.3514,129.4787,3869.26,138.1879,124.8148,Standard
Block 1 January 1 to April 2 2025.xls,RoomSales,511,2025-01-01,2025-04-02,60,2025-02-08,0.6923,18,18,0,0,8,0,26,2342.92,130.1622,90.1123,1797.92,99.8844,69.1508,Suite
Block 1 January 1 to April 2 2025.xls,RoomSales,519,2025-01-01,2025-04-02,60,2025-02-09,0.2059,7,7,0,0,1,18,16,807.62,115.3743,50.4763,807.62,115.3743,50.4763,Standard
Block 1 January 1 to April 2 2025.xls,RoomSales,524,2025-01-01,2025-04-02,60,2025-02-09,0.2308,6,6,0,0,0,12,14,659.66,109.9433,47.1186,659.66,109.9433,47.1186,Suite
Block 1 January 1 to April 2 2025.xls,RoomSales,532,2025-01-01,2025-04-02,60,2025-02-10,0.2353,8,8,0,0,1,14,20,937.8,117.225,46.89,937.8,117.225,46.89,Standard
Block 1 January 1 to April 2 2025.xls,RoomSales,537,2025-01-01,2025-04-02,60,2025-02-10,0.3077,8,8,0,0,0,6,20,2321.53,290.1913,116.0765,2321.53,290.1913,116.0765,Suite
Block 1 January 1 to April 2 2025.xls,RoomSales,545,2025-01-01,2025-04-02,60,2025-02-11,0.3235,11,11,0,0,1,12,22,1503.69,136.6991,68.3495,1190.49,108.2264,54.1132,Standard
Block 1 January 1 to April 2 2025.xls,RoomSales,550,2025-01-01,2025-04-02,60,2025-02-11,0.3846,10,10,0,0,0,3,23,1127.25,112.725,49.0109,1127.25,112.725,49.0109,Suite
Block 1 January 1 to April 2 2025.xls,RoomSales,558,2025-01-01,2025-04-02,60,2025-02-12,0.2941,10,10,0,0,1,12,22,1190.93,119.093,54.1332,1190.93,119.093,54.1332,Standard
Block 1 January 1 to April 2 2025.xls,RoomSales,563,2025-01-01,2025-04-02,60,2025-02-12,0.4231,11,11,0,0,1,3,23,1263.58,114.8709,54.9383,1263.58,114.8709,54.9383,Suite
Block 1 January 1 to April 2 2025.xls,RoomSales,571,2025-01-01,2025-04-02,60,2025-02-13,0.4412,15,15,0,0,0,6,28,2387.14,159.1427,85.255,2387.14,159.1427,85.255,Standard
Block 1 January 1 to April 2 2025.xls,RoomSales,576,2025-01-01,2025-04-02,60,2025-02-13,0.3846,10,10,0,0,0,2,24,1588.41,158.841,66.1838,1588.41,158.841,66.1838,Suite
Block 1 January 1 to April 2 2025.xls,RoomSales,584,2025-01-01,2025-04-02,60,2025-02-14,1.0,34,34,0,0,0,0,34,5422.57,159.4874,159.4874,5122.57,150.6638,150.6638,Standard
Block 1 January 1 to April 2 2025.xls,RoomSales,589,2025-01-01,2025-04-02,60,2025-02-14,1.0,26,26,0,0,0,0,26,4606.12,177.1585,177.1585,4606.12,177.1585,177.1585,Suite
Block 1 January 1 to April 2 2025.xls,RoomSales,597,2025-01-01,2025-04-02,60,2025-02-15,0.9118,31,31,0,0,1,0,34,4987.07,160.8732,146.6785,4987.07,160.8732,146.6785,Standard
Block 1 January 1 to April 2 2025.xls,RoomSales,602,2025-01-01,2025-04-02,60,2025-02-15,0.8846,23,23,0,0,1,0,26,3821.93,166.1709,146.9973,3821.93,166.1709,146.9973,Suite
Block 1 January 1 to April 2 2025.xls,RoomSales,610,2025-01-01,2025-04-02,60,2025-02-16,0.3824,13,13,0,0,1,13,21,1776.09,136.6223,84.5757,1776.09,136.6223,84.5757,Standard
Block 1 January 1 to April 2 2025.xls,RoomSales,615,2025-01-01,2025-04-02,60,2025-02-16,0.6923,18,18,0,0,1,3,23,2986.83,165.935,129.8622,2689.83,149.435,116.9491,Suite
Block 1 January 1 to April 2 2025.xls,RoomSales,623,2025-01-01,2025-04-02,60,2025-02-17,0.2059,7,7,0,0,0,16,18,802.89,114.6986,44.605,802.89,114.6986,44.605,Standard
Block 1 January 1 to April 2 2025.xls,RoomSales,628,2025-01-01,2025-04-02,60,2025-02-17,0.5,13,13,0,0,0,13,13,1590.38,122.3369,122.3369,1452.92,111.7631,111.7631,Suite
Block 1 January 1 to April 2 2025.xls,RoomSales,636,2025-01-01,2025-04-02,60,2025-02-18,0.4412,15,15,0,0,0,11,23,1619.86,107.9907,70.4287,1619.86,107.9907,70.4287,Standard
Block 1 January 1 to April 2 2025.xls,RoomSales,641,2025-01-01,2025-04-02,60,2025-02-18,0.6154,16,16,0,0,0,8,18,1853.84,115.865,102.9911,1853.84,115.865,102.9911,Suite
Block 1 January 1 to April 2 2025.xls,RoomSales,649,2025-01-01,2025-04-02,60,2025-02-19,0.4706,16,16,0,0,0,18,16,1670.05,104.3781,104.3781,1670.05,104.3781,104.3781,Standard
Block 1 January 1 to April 2 2025.xls,RoomSales,654,2025-01-01,2025-04-02,60,2025-02-19,0.8077,21,21,0,0,1,4,22,2522.94,120.14,114.6791,2522.94,120.14,114.6791,Suite
Block 1 January 1 to April 2 2025.xls,RoomSales,662,2025-01-01,2025-04-02,60,2025-02-20,0.8235,28,28,0,0,0,2,32,2837.9,101.3536,88.6844,2837.9,101.3536,88.6844,Standard
Block 1 January 1 to April 2 2025.xls,RoomSales,667,2025-01-01,2025-04-02,60,2025-02-20,0.6154,16,16,0,0,2,6,20,2089.29,130.5806,104.4645,2089.29,130.5806,104.4645,Suite
Block 1 January 1 to April 2 2025.xls,RoomSales,675,2025-01-01,2025-04-02,60,2025-02-21,0.9706,33,33,0,0,0,0,34,4238.64,128.4436,124.6659,4238.64,128.4436,124.6659,Standard
Block 1 January 1 to April 2 2025.xls,RoomSales,680,2025-01-01,2025-04-02,60,2025-02-21,1.0,26,26,0,0,0,0,26,3744.3,144.0115,144.0115,3576.77,137.5681,137.5681,Suite
Block 1 January 1 to April 2 2025.xls,RoomSales,690,2025-01-01,2025-04-02,60,2025-02-22,1.0,34,34,0,0,0,0,34,4688.13,137.8862,137.8862,4688.13,137.8862,137.8862,Standard
Block 1 January 1 to April 2 2025.xls,RoomSales,695,2025-01-01,2025-04-02,60,2025-02-22,0.9615,25,25,0,0,0,0,26,4538.55,181.542,174.5596,4538.55,181.542,174.5596,Suite
Block 1 January 1 to April 2 2025.xls,RoomSales,703,2025-01-01,2025-04-02,60,2025-02-23,0.2353,8,8,0,0,0,9,25,1045.22,130.6525,41.8088,705.12,88.14,28.2048,Standard
Block 1 January 1 to April 2 2025.xls,RoomSales,708,2025-01-01,2025-04-02,60,2025-02-23,0.1154,3,3,0,0,0,16,10,407.74,135.9133,40.774,407.74,135.9133,40.774,Suite
Block 1 January 1 to April 2 2025.xls,RoomSales,716,2025-01-01,2025-04-02,60,2025-02-24,0.4706,16,16,0,0,0,0,34,1710.79,106.9244,50.3174,1710.79,106.9244,50.3174,Standard
Block 1 January 1 to April 2 2025.xls,RoomSales,721,2025-01-01,2025-04-02,60,2025-02-24,0.5,13,13,0,0,0,3,23,1253.66,96.4354,54.507,1253.66,96.4354,54.507,Suite
Block 1 January 1 to April 2 2025.xls,RoomSales,729,2025-01-01,2025-04-02,60,2025-02-25,0.3529,12,12,0,0,0,3,31,1243.6,103.6333,40.1161,1243.6,103.6333,40.1161,Standard
Block 1 January 1 to April 2 2025.xls,RoomSales,734,2025-01-01,2025-04-02,60,2025-02-25,0.3846,10,10,0,0,0,4,22,1161.33,116.133,52.7877,1161.33,116.133,52.7877,Suite
Block 1 January 1 to April 2 2025.xls,RoomSales,744,2025-01-01,2025-04-02,60,2025-02-26,0.6471,22,22,0,0,0,2,32,2544.04,115.6382,79.5012,2544.04,115.6382,79.5012,Standard
Block 1 January 1 to April 2 2025.xls,RoomSales,749,2025-01-01,2025-04-02,60,2025-02-26,0.5,13,13,0,0,0,1,25,1409.63,108.4331,56.3852,1409.63,108.4331,56.3852,Suite
Block 1 January 1 to April 2 2025.xls,RoomSales,757,2025-01-01,2025-04-02,60,2025-02-27,0.6471,22,22,0,0,0,1,33,2515.8,114.3545,76.2364,2340.02,106.3645,70.9097,Standard
Block 1 January 1 to April 2 2025.xls,RoomSales,762,2025-01-01,2025-04-02,60,2025-02-27,0.3846,10,10,0,0,0,0,26,1049.79,104.979,40.3765,1049.79,104.979,40.3765,Suite
Block 1 January 1 to April 2 2025.xls,RoomSales,770,2025-01-01,2025-04-02,60,2025-02-28,0.9412,32,32,0,0,0,1,33,3612.11,112.8784,109.4579,3514.22,109.8194,106.4915,Standard
Block 1 January 1 to April 2 2025.xls,RoomSales,775,2025-01-01,2025-04-02,60,2025-02-28,0.8077,21,21,0,0,0,0,26,2806.74,133.6543,107.9515,2806.74,133.6543,107.9515,Suite
Block 1 January 1 to April 2 2025.xls,RoomSales,783,2025-01-01,2025-04-02,60,2025-03-01,0.9412,32,32,0,0,2,0,34,4306.12,134.5662,126.6506,4306.12,134.5662,126.6506,Standard
Block 1 January 1 to April 2 2025.xls,RoomSales,788,2025-01-01,2025-04-02,60,2025-03-01,1.0,26,26,0,0,0,0,26,3540.01,136.1542,136.1542,3540.01,136.1542,136.1542,Suite
Block 1 January 1 to April 2 2025.xls,RoomSales,796,2025-01-01,2025-04-02,60,2025-03-02,0.2353,8,8,0,0,0,7,27,867.26,108.4075,32.1207,867.26,108.4075,32.1207,Standard
Block 1 January 1 to April 2 2025.xls,RoomSales,801,2025-01-01,2025-04-02,60,2025-03-02,0.1154,3,3,0,0,0,14,12,350.86,116.9533,29.2383,192.86,64.2867,16.0717,Suite
Block 1 January 1 to April 2 2025.xls,RoomSales,809,2025-01-01,2025-04-02,60,2025-03-03,0.6176,21,21,0,0,0,2,32,2311.59,110.0757,72.2372,2311.59,110.0757,72.2372,Standard
Block 1 January 1 to April 2 2025.xls,RoomSales,814,2025-01-01,2025-04-02,60,2025-03-03,0.5385,14,14,0,0,2,2,24,1704.51,121.7507,71.0212,1704.51,121.7507,71.0212,Suite
Block 1 January 1 to April 2 2025.xls,RoomSales,822,2025-01-01,2025-04-02,60,2025-03-04,0.6176,21,21,0,0,0,1,33,2285.83,108.849,69.2676,2285.83,108.849,69.2676,Standard
Block 1 January 1 to April 2 2025.xls,RoomSales,827,2025-01-01,2025-04-02,60,2025-03-04,0.5385,14,14,0,0,0,0,26,1750.5,125.0357,67.3269,1750.5,125.0357,67.3269,Suite
Block 1 January 1 to April 2 2025.xls,RoomSales,835,2025-01-01,2025-04-02,60,2025-03-05,0.6471,22,22,0,0,0,0,34,2707.68,123.0764,79.6376,2707.68,123.0764,79.6376,Standard
Block 1 January 1 to April 2 2025.xls,RoomSales,840,2025-01-01,2025-04-02,60,2025-03-05,0.6538,17,17,0,0,0,0,26,1956.0,115.0588,75.2308,1956.0,115.0588,75.2308,Suite
Block 1 January 1 to April 2 2025.xls,RoomSales,848,2025-01-01,2025-04-02,60,2025-03-06,0.5882,20,20,0,0,0,0,34,2328.5,116.425,68.4853,2328.5,116.425,68.4853,Standard
Block 1 January 1 to April 2 2025.xls,RoomSales,853,2025-01-01,2025-04-02,60,2025-03-06,0.5769,15,15,0,0,0,1,25,1805.4,120.36,72.216,1805.4,120.36,72.216,Suite
Block 1 January 1 to April 2 2025.xls,RoomSales,861,2025-01-01,2025-04-02,60,2025-03-07,1.0,34,33,1,0,0,0,34,4304.52,126.6035,126.6035,4304.52,126.6035,126.6035,Standard
Block 1 January 1 to April 2 2025.xls,RoomSales,866,2025-01-01,2025-04-02,60,2025-03-07,1.0,26,20,6,0,0,0,26,3829.86,147.3023,147.3023,3829.86,147.3023,147.3023,Suite
Block 1 January 1 to April 2 2025.xls,RoomSales,874,2025-01-01,2025-04-02,60,2025-03-08,1.0,34,18,16,0,0,0,34,5006.43,147.2479,147.2479,4873.09,143.3262,143.3262,Standard
Block 1 January 1 to April 2 2025.xls,RoomSales,879,2025-01-01,2025-04-02,60,2025-03-08,0.9615,25,11,14,0,0,0,26,4297.5,171.9,165.2885,3802.82,152.1128,146.2623,Suite
Block 1 January 1 to April 2 2025.xls,RoomSales,887,2025-01-01,2025-04-02,60,2025-03-09,0.3529,12,12,0,0,0,7,27,1059.06,88.255,39.2244,1059.06,88.255,39.2244,Standard
Block 1 January 1 to April 2 2025.xls,RoomSales,892,2025-01-01,2025-04-02,60,2025-03-09,0.3077,8,8,0,1,0,20,6,570.03,71.2537,95.005,570.03,71.2537,95.005,Suite
Block 1 January 1 to April 2 2025.xls,RoomSales,900,2025-01-01,2025-04-02,60,2025-03-10,0.5882,20,13,7,0,0,5,29,2206.17,110.3085,76.0748,2206.17,110.3085,76.0748,Standard
Block 1 January 1 to April 2 2025.xls,RoomSales,905,2025-01-01,2025-04-02,60,2025-03-10,0.4615,12,12,0,0,0,8,18,1095.81,91.3175,60.8783,1095.81,91.3175,60.8783,Suite
Block 1 January 1 to April 2 2025.xls,RoomSales,913,2025-01-01,2025-04-02,60,2025-03-11,0.5,17,17,0,0,0,11,23,1707.38,100.4341,74.2339,1707.38,100.4341,74.2339,Standard
Block 1 January 1 to April 2 2025.xls,RoomSales,918,2025-01-01,2025-04-02,60,2025-03-11,0.5385,14,14,0,0,0,4,22,1360.91,97.2079,61.8595,1360.91,97.2079,61.8595,Suite
Block 1 January 1 to April 2 2025.xls,RoomSales,926,2025-01-01,2025-04-02,60,2025-03-12,0.4706,16,16,0,0,0,6,28,1734.69,108.4181,61.9532,1438.89,89.9306,51.3889,Standard
Block 1 January 1 to April 2 2025.xls,RoomSales,931,2025-01-01,2025-04-02,60,2025-03-12,0.8077,21,21,0,0,0,1,25,2163.09,103.0043,86.5236,2163.09,103.0043,86.5236,Suite
Block 1 January 1 to April 2 2025.xls,RoomSales,939,2025-01-01,2025-04-02,60,2025-03-13,0.6176,21,21,0,0,0,5,29,2051.22,97.6771,70.7317,2051.22,97.6771,70.7317,Standard
Block 1 January 1 to April 2 2025.xls,RoomSales,944,2025-01-01,2025-04-02,60,2025-03-13,0.8077,21,21,0,0,0,1,25,1968.81,93.7529,78.7524,1968.81,93.7529,78.7524,Suite
Block 1 January 1 to April 2 2025.xls,RoomSales,952,2025-01-01,2025-04-02,60,2025-03-14,0.9412,32,32,0,0,0,0,34,3606.57,112.7053,106.0756,3606.57,112.7053,106.0756,Standard
Block 1 January 1 to April 2 2025.xls,RoomSales,957,2025-01-01,2025-04-02,60,2025-03-14,1.0,26,26,0,0,0,0,26,3350.12,128.8508,128.8508,3350.12,128.8508,128.8508,Suite
Block 1 January 1 to April 2 2025.xls,RoomSales,965,2025-01-01,2025-04-02,60,2025-03-15,0.9706,33,33,0,0,0,0,34,3656.13,110.7918,107.5332,3656.13,110.7918,107.5332,Standard
Block 1 January 1 to April 2 2025.xls,RoomSales,970,2025-01-01,2025-04-02,60,2025-03-15,1.0,26,26,0,0,0,0,26,3459.84,133.0708,133.0708,3459.84,133.0708,133.0708,Suite
Block 1 January 1 to April 2 2025.xls,RoomSales,978,2025-01-01,2025-04-02,60,2025-03-16,0.5588,19,19,0,0,0,2,32,2134.59,112.3468,66.7059,2134.59,112.3468,66.7059,Standard
Block 1 January 1 to April 2 2025.xls,RoomSales,983,2025-01-01,2025-04-02,60,2025-03-16,0.5769,15,15,0,0,0,2,24,1465.38,97.692,61.0575,1465.38,97.692,61.0575,Suite
Block 1 January 1 to April 2 2025.xls,RoomSales,991,2025-01-01,2025-04-02,60,2025-03-17,0.5882,20,20,0,0,0,3,31,1842.88,92.144,59.4477,1842.88,92.144,59.4477,Standard
Block 1 January 1 to April 2 2025.xls,RoomSales,996,2025-01-01,2025-04-02,60,2025-03-17,0.4231,11,11,0,0,1,5,21,1147.16,104.2873,54.6267,831.16,75.56,39.579,Suite
Block 1 January 1 to April 2 2025.xls,RoomSales,1004,2025-01-01,2025-04-02,60,2025-03-18,0.5294,18,18,0,0,0,2,32,1741.07,96.7261,54.4084,1661.45,92.3028,51.9203,Standard
Block 1 January 1 to April 2 2025.xls,RoomSales,1009,2025-01-01,2025-04-02,60,2025-03-18,0.5385,14,14,0,0,0,4,22,1617.99,115.5707,73.545,1593.91,113.8507,72.4505,Suite
Block 1 January 1 to April 2 2025.xls,RoomSales,1017,2025-01-01,2025-04-02,60,2025-03-19,0.3824,13,13,0,0,0,1,33,1352.81,104.0623,40.9942,1124.81,86.5238,34.0852,Standard
Block 1 January 1 to April 2 2025.xls,RoomSales,1022,2025-01-01,2025-04-02,60,2025-03-19,0.4231,11,11,0,0,0,5,21,1476.43,134.2209,70.3062,1476.43,134.2209,70.3062,Suite
Block 1 January 1 to April 2 2025.xls,RoomSales,1030,2025-01-01,2025-04-02,60,2025-03-20,0.7647,26,26,0,0,0,2,32,2989.5,114.9808,93.4219,2989.5,114.9808,93.4219,Standard
Block 1 January 1 to April 2 2025.xls,RoomSales,1035,2025-01-01,2025-04-02,60,2025-03-20,0.8846,23,21,2,2,0,5,21,3198.73,139.0752,152.3205,3198.73,139.0752,152.3205,Suite
Block 1 January 1 to April 2 2025.xls,RoomSales,1043,2025-01-01,2025-04-02,60,2025-03-21,0.9412,32,24,8,0,0,0,34,4970.54,155.3294,146.1924,4805.64,150.1763,141.3424,Standard
Block 1 January 1 to April 2 2025.xls,RoomSales,1048,2025-01-01,2025-04-02,60,2025-03-21,1.0,26,26,0,0,0,0,26,4274.92,164.42,164.42,4274.92,164.42,164.42,Suite
Block 1 January 1 to April 2 2025.xls,RoomSales,1056,2025-01-01,2025-04-02,60,2025-03-22,1.0,34,30,4,0,0,0,34,5084.65,149.5485,149.5485,5084.65,149.5485,149.5485,Standard
Block 1 January 1 to April 2 2025.xls,RoomSales,1061,2025-01-01,2025-04-02,60,2025-03-22,1.0,26,26,0,0,0,0,26,3921.73,150.8358,150.8358,3921.73,150.8358,150.8358,Suite
Block 1 January 1 to April 2 2025.xls,RoomSales,1069,2025-01-01,2025-04-02,60,2025-03-23,0.5,17,17,0,0,0,7,27,1754.04,103.1788,64.9644,1754.04,103.1788,64.9644,Standard
Block 1 January 1 to April 2 2025.xls,RoomSales,1074,2025-01-01,2025-04-02,60,2025-03-23,0.5,13,13,0,0,0,2,24,1668.3,128.3308,69.5125,1668.3,128.3308,69.5125,Suite
Block 1 January 1 to April 2 2025.xls,RoomSales,1082,2025-01-01,2025-04-02,60,2025-03-24,0.5,17,17,0,0,0,9,25,2004.47,117.91,80.1788,1873.14,110.1847,74.9256,Standard
Block 1 January 1 to April 2 2025.xls,RoomSales,1087,2025-01-01,2025-04-02,60,2025-03-24,0.5,13,13,0,0,0,6,20,1591.86,122.4508,79.593,1591.86,122.4508,79.593,Suite
Block 1 January 1 to April 2 2025.xls,RoomSales,1095,2025-01-01,2025-04-02,60,2025-03-25,0.4412,15,15,0,0,0,4,30,1598.15,106.5433,53.2717,1598.15,106.5433,53.2717,Standard
Block 1 January 1 to April 2 2025.xls,RoomSales,1100,2025-01-01,2025-04-02,60,2025-03-25,0.5769,15,15,0,0,0,0,26,1619.27,107.9513,62.2796,1619.27,107.9513,62.2796,Suite
Block 1 January 1 to April 2 2025.xls,RoomSales,1108,2025-01-01,2025-04-02,60,2025-03-26,0.5588,19,19,0,0,0,1,33,2127.84,111.9916,64.48,2052.43,108.0226,62.1948,Standard
Block 1 January 1 to April 2 2025.xls,RoomSales,1113,2025-01-01,2025-04-02,60,2025-03-26,0.6154,16,16,0,0,0,0,26,1974.59,123.4119,75.9458,1974.59,123.4119,75.9458,Suite
Block 1 January 1 to April 2 2025.xls,RoomSales,1121,2025-01-01,2025-04-02,60,2025-03-27,0.7647,26,26,0,0,0,1,33,2675.92,102.92,81.0885,2675.92,102.92,81.0885,Standard
Block 1 January 1 to April 2 2025.xls,RoomSales,1126,2025-01-01,2025-04-02,60,2025-03-27,0.6538,17,17,0,0,0,1,25,2041.23,120.0724,81.6492,2029.23,119.3665,81.1692,Suite
Block 1 January 1 to April 2 2025.xls,RoomSales,1134,2025-01-01,2025-04-02,60,2025-03-28,1.0,34,32,2,0,0,0,34,4968.67,146.1374,146.1374,4968.67,146.1374,146.1374,Standard
Block 1 January 1 to April 2 2025.xls,RoomSales,1139,2025-01-01,2025-04-02,60,2025-03-28,0.9231,24,24,0,0,0,0,26,3923.28,163.47,150.8954,3923.28,163.47,150.8954,Suite
Block 1 January 1 to April 2 2025.xls,RoomSales,1147,2025-01-01,2025-04-02,60,2025-03-29,0.9706,33,33,0,0,0,0,34,4441.58,134.5933,130.6347,4441.58,134.5933,130.6347,Standard
Block 1 January 1 to April 2 2025.xls,RoomSales,1152,2025-01-01,2025-04-02,60,2025-03-29,0.9615,25,25,0,0,0,0,26,4035.25,161.41,155.2019,3904.25,156.17,150.1635,Suite
Block 1 January 1 to April 2 2025.xls,RoomSales,1160,2025-01-01,2025-04-02,60,2025-03-30,0.7353,25,25,0,0,0,7,27,2776.37,111.0548,102.8285,2776.37,111.0548,102.8285,Standard
Block 1 January 1 to April 2 2025.xls,RoomSales,1165,2025-01-01,2025-04-02,60,2025-03-30,0.5769,15,15,0,0,1,8,18,1948.01,129.8673,108.2228,1948.01,129.8673,108.2228,Suite
Block 1 January 1 to April 2 2025.xls,RoomSales,1173,2025-01-01,2025-04-02,60,2025-03-31,0.6471,22,22,0,0,0,5,29,2273.08,103.3218,78.3821,2273.08,103.3218,78.3821,Standard
Block 1 January 1 to April 2 2025.xls,RoomSales,1178,2025-01-01,2025-04-02,60,2025-03-31,0.4231,11,11,0,0,0,6,20,1185.19,107.7445,59.2595,1185.19,107.7445,59.2595,Suite
Block 1 January 1 to April 2 2025.xls,RoomSales,1186,2025-01-01,2025-04-02,60,2025-04-01,0.3235,11,11,0,0,0,16,18,1059.96,96.36,58.8867,1059.96,96.36,58.8867,Standard
Block 1 January 1 to April 2 2025.xls,RoomSales,1191,2025-01-01,2025-04-02,60,2025-04-01,0.4615,12,12,0,0,0,4,22,1259.13,104.9275,57.2332,1119.93,93.3275,50.9059,Suite
Block 1 January 1 to April 2 2025.xls,RoomSales,1199,2025-01-01,2025-04-02,60,2025-04-02,0.2941,10,10,0,0,0,1,33,1008.25,100.825,30.553,1008.25,100.825,30.553,Standard
Block 1 January 1 to April 2 2025.xls,RoomSales,1204,2025-01-01,2025-04-02,60,2025-04-02,0.5385,14,14,0,0,0,3,23,1623.2,115.9429,70.5739,1623.2,115.9429,70.5739,Suite
Block 2  April 3 to July 3 2025.xls,RoomSales,12,2025-04-03,2025-07-03,60,2025-04-03,0.4706,16,16,0,0,0,1,33,1695.22,105.9513,51.3703,1695.22,105.9513,51.3703,Standard
Block 2  April 3 to July 3 2025.xls,RoomSales,17,2025-04-03,2025-07-03,60,2025-04-03,0.6538,17,17,0,0,0,1,25,2181.52,128.3247,87.2608,2181.52,128.3247,87.2608,Suite
Block 2  April 3 to July 3 2025.xls,RoomSales,25,2025-04-03,2025-07-03,60,2025-04-04,1.0,34,32,2,0,0,0,34,5132.8,150.9647,150.9647,4918.8,144.6706,144.6706,Standard
Block 2  April 3 to July 3 2025.xls,RoomSales,30,2025-04-03,2025-07-03,60,2025-04-04,0.9615,25,24,1,0,0,0,26,4334.53,173.3812,166.7127,4334.53,173.3812,166.7127,Suite
Block 2  April 3 to July 3 2025.xls,RoomSales,38,2025-04-03,2025-07-03,60,2025-04-05,1.0,34,29,5,0,0,0,34,5411.22,159.1535,159.1535,5411.22,159.1535,159.1535,Standard
Block 2  April 3 to July 3 2025.xls,RoomSales,43,2025-04-03,2025-07-03,60,2025-04-05,0.9615,25,23,2,0,0,0,26,4328.33,173.1332,166.4742,4328.33,173.1332,166.4742,Suite
Block 2  April 3 to July 3 2025.xls,RoomSales,51,2025-04-03,2025-07-03,60,2025-04-06,0.7059,24,23,1,0,0,3,31,3159.62,131.6508,101.9232,3159.62,131.6508,101.9232,Standard
Block 2  April 3 to July 3 2025.xls,RoomSales,56,2025-04-03,2025-07-03,60,2025-04-06,0.4615,12,12,0,1,0,8,18,1255.63,104.6358,69.7572,1255.63,104.6358,69.7572,Suite
Block 2  April 3 to July 3 2025.xls,RoomSales,64,2025-04-03,2025-07-03,60,2025-04-07,0.2941,10,10,0,0,0,12,22,1084.24,108.424,49.2836,1084.24,108.424,49.2836,Standard
Block 2  April 3 to July 3 2025.xls,RoomSales,69,2025-04-03,2025-07-03,60,2025-04-07,0.3462,9,9,0,0,0,5,21,911.06,101.2289,43.3838,911.06,101.2289,43.3838,Suite
Block 2  April 3 to July 3 2025.xls,RoomSales,77,2025-04-03,2025-07-03,60,2025-04-08,0.4118,14,14,0,0,0,3,31,1551.31,110.8079,50.0423,1551.31,110.8079,50.0423,Standard
Block 2  April 3 to July 3 2025.xls,RoomSales,82,2025-04-03,2025-07-03,60,2025-04-08,0.3462,9,9,0,0,0,3,23,946.49,105.1656,41.1517,946.49,105.1656,41.1517,Suite
Block 2  April 3 to July 3 2025.xls,RoomSales,90,2025-04-03,2025-07-03,60,2025-04-09,0.4412,15,15,0,0,0,1,33,1490.72,99.3813,45.1733,1490.72,99.3813,45.1733,Standard
Block 2  April 3 to July 3 2025.xls,RoomSales,95,2025-04-03,2025-07-03,60,2025-04-09,0.5,13,11,2,0,0,0,26,1433.1,110.2385,55.1192,1433.1,110.2385,55.1192,Suite
Block 2  April 3 to July 3 2025.xls,RoomSales,103,2025-04-03,2025-07-03,60,2025-04-10,0.7941,27,14,13,0,0,0,34,3782.98,140.1104,111.2641,3782.98,140.1104,111.2641,Standard
Block 2  April 3 to July 3 2025.xls,RoomSales,108,2025-04-03,2025-07-03,60,2025-04-10,0.8846,23,12,11,0,0,1,25,3495.7,151.987,139.828,3495.7,151.987,139.828,Suite
Block 2  April 3 to July 3 2025.xls,RoomSales,116,2025-04-03,2025-07-03,60,2025-04-11,0.9706,33,20,13,0,0,0,34,5668.93,171.7858,166.7332,5668.93,171.7858,166.7332,Standard
Block 2  April 3 to July 3 2025.xls,RoomSales,121,2025-04-03,2025-07-03,60,2025-04-11,1.0,26,15,11,0,0,0,26,5206.48,200.2492,200.2492,5206.48,200.2492,200.2492,Suite
Block 2  April 3 to July 3 2025.xls,RoomSales,129,2025-04-03,2025-07-03,60,2025-04-12,1.0,34,30,4,0,0,0,34,5365.78,157.8171,157.8171,5365.78,157.8171,157.8171,Standard
Block 2  April 3 to July 3 2025.xls,RoomSales,134,2025-04-03,2025-07-03,60,2025-04-12,0.9615,25,21,4,0,1,0,26,4915.73,196.6292,189.0665,4454.18,178.1672,171.3146,Suite
Block 2  April 3 to July 3 2025.xls,RoomSales,142,2025-04-03,2025-07-03,60,2025-04-13,0.5294,18,18,0,0,0,7,27,1890.0,105.0,70.0,1890.0,105.0,70.0,Standard
Block 2  April 3 to July 3 2025.xls,RoomSales,147,2025-04-03,2025-07-03,60,2025-04-13,0.5385,14,14,0,0,0,6,20,1751.5,125.1071,87.575,1751.5,125.1071,87.575,Suite
Block 2  April 3 to July 3 2025.xls,RoomSales,155,2025-04-03,2025-07-03,60,2025-04-14,0.6471,22,22,0,0,0,6,28,2258.66,102.6664,80.6664,2258.66,102.6664,80.6664,Standard
Block 2  April 3 to July 3 2025.xls,RoomSales,160,2025-04-03,2025-07-03,60,2025-04-14,0.6538,17,17,0,0,0,5,21,1989.19,117.0112,94.7233,1989.19,117.0112,94.7233,Suite
Block 2  April 3 to July 3 2025.xls,RoomSales,168,2025-04-03,2025-07-03,60,2025-04-15,0.5882,20,20,0,0,0,3,31,2115.56,105.778,68.2439,2115.56,105.778,68.2439,Standard
Block 2  April 3 to July 3 2025.xls,RoomSales,173,2025-04-03,2025-07-03,60,2025-04-15,0.5,13,13,0,0,0,5,21,1382.35,106.3346,65.8262,1382.35,106.3346,65.8262,Suite
Block 2  April 3 to July 3 2025.xls,RoomSales,181,2025-04-03,2025-07-03,60,2025-04-16,0.7059,24,24,0,0,0,2,32,2813.61,117.2338,87.9253,2813.61,117.2338,87.9253,Standard
Block 2  April 3 to July 3 2025.xls,RoomSales,186,2025-04-03,2025-07-03,60,2025-04-16,0.3846,10,10,0,0,0,4,22,1107.67,110.767,50.3486,1107.67,110.767,50.3486,Suite
Block 2  April 3 to July 3 2025.xls,RoomSales,194,2025-04-03,2025-07-03,60,2025-04-17,0.7353,25,25,0,0,0,2,32,2579.83,103.1932,80.6197,2579.83,103.1932,80.6197,Standard
Block 2  April 3 to July 3 2025.xls,RoomSales,199,2025-04-03,2025-07-03,60,2025-04-17,0.6923,18,18,0,0,0,1,25,2429.35,134.9639,97.174,2429.35,134.9639,97.174,Suite
Block 2  April 3 to July 3 2025.xls,RoomSales,207,2025-04-03,2025-07-03,60,2025-04-18,1.0,34,31,3,0,0,0,34,4650.73,136.7862,136.7862,4650.73,136.7862,136.7862,Standard
Block 2  April 3 to July 3 2025.xls,RoomSales,212,2025-04-03,2025-07-03,60,2025-04-18,1.0,26,24,2,0,0,0,26,4180.41,160.785,160.785,4180.41,160.785,160.785,Suite
Block 2  April 3 to July 3 2025.xls,RoomSales,220,2025-04-03,2025-07-03,60,2025-04-19,0.9706,33,30,3,0,0,0,34,4453.92,134.9673,130.9976,4453.92,134.9673,130.9976,Standard
Block 2  April 3 to July 3 2025.xls,RoomSales,225,2025-04-03,2025-07-03,60,2025-04-19,1.0,26,26,0,0,0,0,26,4302.02,165.4623,165.4623,4302.02,165.4623,165.4623,Suite
Block 2  April 3 to July 3 2025.xls,RoomSales,233,2025-04-03,2025-07-03,60,2025-04-20,0.4706,16,16,0,0,1,15,19,1619.5,101.2188,85.2368,1619.5,101.2188,85.2368,Standard
Block 2  April 3 to July 3 2025.xls,RoomSales,238,2025-04-03,2025-07-03,60,2025-04-20,0.4231,11,11,0,0,0,14,12,1465.87,133.2609,122.1558,1465.87,133.2609,122.1558,Suite
Block 2  April 3 to July 3 2025.xls,RoomSales,246,2025-04-03,2025-07-03,60,2025-04-21,0.5588,19,19,0,0,0,13,21,1856.0,97.6842,88.381,1856.0,97.6842,88.381,Standard
Block 2  April 3 to July 3 2025.xls,RoomSales,251,2025-04-03,2025-07-03,60,2025-04-21,0.7692,20,20,0,0,0,5,21,2669.7,133.485,127.1286,2669.7,133.485,127.1286,Suite
Block 2  April 3 to July 3 2025.xls,RoomSales,259,2025-04-03,2025-07-03,60,2025-04-22,0.7647,26,26,0,0,0,3,31,2779.21,106.8927,89.6519,2779.21,106.8927,89.6519,Standard
Block 2  April 3 to July 3 2025.xls,RoomSales,264,2025-04-03,2025-07-03,60,2025-04-22,0.6923,18,18,0,0,0,6,20,2331.12,129.5067,116.556,2174.52,120.8067,108.726,Suite
Block 2  April 3 to July 3 2025.xls,RoomSales,272,2025-04-03,2025-07-03,60,2025-04-23,0.5294,18,17,1,0,0,8,26,1913.8,106.3222,73.6077,1913.8,106.3222,73.6077,Standard
Block 2  April 3 to July 3 2025.xls,RoomSales,277,2025-04-03,2025-07-03,60,2025-04-23,0.6923,18,18,0,0,0,7,19,2052.49,114.0272,108.0258,2052.49,114.0272,108.0258,Suite
Block 2  April 3 to July 3 2025.xls,RoomSales,285,2025-04-03,2025-07-03,60,2025-04-24,0.8529,29,25,4,0,2,1,33,3505.25,120.8707,106.2197,3505.25,120.8707,106.2197,Standard
Block 2  April 3 to July 3 2025.xls,RoomSales,290,2025-04-03,2025-07-03,60,2025-04-24,0.8077,21,20,1,0,0,2,24,2580.61,122.8862,107.5254,2422.61,115.3624,100.9421,Suite
Block 2  April 3 to July 3 2025.xls,RoomSales,298,2025-04-03,2025-07-03,60,2025-04-25,0.9118,31,18,13,0,2,0,34,5064.12,163.3587,148.9447,5064.12,163.3587,148.9447,Standard
Block 2  April 3 to July 3 2025.xls,RoomSales,303,2025-04-03,2025-07-03,60,2025-04-25,0.9231,24,11,13,0,1,0,26,4123.6,171.8167,158.6,4123.6,171.8167,158.6,Suite
Block 2  April 3 to July 3 2025.xls,RoomSales,311,2025-04-03,2025-07-03,60,2025-04-26,0.9706,33,23,10,0,0,0,34,5635.85,170.7833,165.7603,5635.85,170.7833,165.7603,Standard
Block 2  April 3 to July 3 2025.xls,RoomSales,316,2025-04-03,2025-07-03,60,2025-04-26,1.0,26,13,13,0,0,0,26,4786.64,184.1015,184.1015,4786.64,184.1015,184.1015,Suite
Block 2  April 3 to July 3 2025.xls,RoomSales,324,2025-04-03,2025-07-03,60,2025-04-27,0.3529,12,12,0,0,0,7,27,1336.11,111.3425,49.4856,1336.11,111.3425,49.4856,Standard
Block 2  April 3 to July 3 2025.xls,RoomSales,329,2025-04-03,2025-07-03,60,2025-04-27,0.3462,9,9,0,0,0,13,13,1170.34,130.0378,90.0262,1170.34,130.0378,90.0262,Suite
Block 2  April 3 to July 3 2025.xls,RoomSales,337,2025-04-03,2025-07-03,60,2025-04-28,0.5294,18,18,0,0,0,6,28,2126.76,118.1533,75.9557,2126.76,118.1533,75.9557,Standard
Block 2  April 3 to July 3 2025.xls,RoomSales,342,2025-04-03,2025-07-03,60,2025-04-28,0.4615,12,12,0,0,0,13,13,1333.18,111.0983,102.5523,1333.18,111.0983,102.5523,Suite
Block 2  April 3 to July 3 2025.xls,RoomSales,350,2025-04-03,2025-07-03,60,2025-04-29,0.7353,25,14,11,0,0,0,34,3388.85,135.554,99.6721,3388.85,135.554,99.6721,Standard
Block 2  April 3 to July 3 2025.xls,RoomSales,355,2025-04-03,2025-07-03,60,2025-04-29,0.3846,10,10,0,0,0,6,20,1119.87,111.987,55.9935,1119.87,111.987,55.9935,Suite
Block 2  April 3 to July 3 2025.xls,RoomSales,363,2025-04-03,2025-07-03,60,2025-04-30,0.4706,16,16,0,0,0,2,32,1736.04,108.5025,54.2512,1736.04,108.5025,54.2512,Standard
Block 2  April 3 to July 3 2025.xls,RoomSales,368,2025-04-03,2025-07-03,60,2025-04-30,0.5,13,13,0,0,0,6,20,1406.27,108.1746,70.3135,1406.27,108.1746,70.3135,Suite
Block 2  April 3 to July 3 2025.xls,RoomSales,376,2025-04-03,2025-07-03,60,2025-05-01,0.4706,16,16,0,0,0,0,34,1731.38,108.2113,50.9229,1731.38,108.2113,50.9229,Standard
Block 2  April 3 to July 3 2025.xls,RoomSales,381,2025-04-03,2025-07-03,60,2025-05-01,0.5385,14,14,0,0,0,6,20,1853.13,132.3664,92.6565,1853.13,132.3664,92.6565,Suite
Block 2  April 3 to July 3 2025.xls,RoomSales,389,2025-04-03,2025-07-03,60,2025-05-02,0.9706,33,33,0,0,0,0,34,4792.94,145.2406,140.9688,4792.94,145.2406,140.9688,Standard
Block 2  April 3 to July 3 2025.xls,RoomSales,394,2025-04-03,2025-07-03,60,2025-05-02,0.9615,25,23,2,0,0,1,25,4078.67,163.1468,163.1468,4078.67,163.1468,163.1468,Suite
Block 2  April 3 to July 3 2025.xls,RoomSales,402,2025-04-03,2025-07-03,60,2025-05-03,1.0,34,23,11,0,0,0,34,6578.42,193.4829,193.4829,6578.42,193.4829,193.4829,Standard
Block 2  April 3 to July 3 2025.xls,RoomSales,407,2025-04-03,2025-07-03,60,2025-05-03,0.9615,25,21,4,0,0,0,26,4886.94,195.4776,187.9592,4886.94,195.4776,187.9592,Suite
Block 2  April 3 to July 3 2025.xls,RoomSales,415,2025-04-03,2025-07-03,60,2025-05-04,0.4412,15,15,0,0,0,13,21,1791.29,119.4193,85.2995,1601.75,106.7833,76.2738,Standard
Block 2  April 3 to July 3 2025.xls,RoomSales,420,2025-04-03,2025-07-03,60,2025-05-04,0.1538,4,4,0,0,0,18,8,696.47,174.1175,87.0588,696.47,174.1175,87.0588,Suite
Block 2  April 3 to July 3 2025.xls,RoomSales,428,2025-04-03,2025-07-03,60,2025-05-05,0.1176,4,4,0,1,0,14,20,687.37,171.8425,34.3685,158.17,39.5425,7.9085,Standard
Block 2  April 3 to July 3 2025.xls,RoomSales,433,2025-04-03,2025-07-03,60,2025-05-05,0.1538,4,4,0,0,0,8,18,656.25,164.0625,36.4583,656.25,164.0625,36.4583,Suite
Block 2  April 3 to July 3 2025.xls,RoomSales,441,2025-04-03,2025-07-03,60,2025-05-06,0.1765,6,6,0,0,0,2,32,638.0,106.3333,19.9375,638.0,106.3333,19.9375,Standard
Block 2  April 3 to July 3 2025.xls,RoomSales,446,2025-04-03,2025-07-03,60,2025-05-06,0.2692,7,7,0,0,0,6,20,1021.0,145.8571,51.05,851.85,121.6929,42.5925,Suite
Block 2  April 3 to July 3 2025.xls,RoomSales,454,2025-04-03,2025-07-03,60,2025-05-07,0.7353,25,6,19,0,1,3,31,4748.23,189.9292,153.1687,4748.23,189.9292,153.1687,Standard
Block 2  April 3 to July 3 2025.xls,RoomSales,459,2025-04-03,2025-07-03,60,2025-05-07,0.6923,18,13,5,0,0,4,22,3000.14,166.6744,136.37,3000.14,166.6744,136.37,Suite
Block 2  April 3 to July 3 2025.xls,RoomSales,467,2025-04-03,2025-07-03,60,2025-05-08,0.9118,31,12,19,0,0,1,33,6213.4,200.4323,188.2848,6213.4,200.4323,188.2848,Standard
Block 2  April 3 to July 3 2025.xls,RoomSales,472,2025-04-03,2025-07-03,60,2025-05-08,0.8846,23,17,6,0,0,3,23,4189.47,182.1509,182.1509,4189.47,182.1509,182.1509,Suite
Block 2  April 3 to July 3 2025.xls,RoomSales,480,2025-04-03,2025-07-03,60,2025-05-09,1.0,34,17,17,0,0,0,34,6221.85,182.9956,182.9956,6221.85,182.9956,182.9956,Standard
Block 2  April 3 to July 3 2025.xls,RoomSales,485,2025-04-03,2025-07-03,60,2025-05-09,1.0,26,16,10,0,0,0,26,5654.2,217.4692,217.4692,5654.2,217.4692,217.4692,Suite
Block 2  April 3 to July 3 2025.xls,RoomSales,493,2025-04-03,2025-07-03,60,2025-05-10,1.0,34,6,28,0,0,0,34,7776.56,228.7224,228.7224,7776.56,228.7224,228.7224,Standard
Block 2  April 3 to July 3 2025.xls,RoomSales,498,2025-04-03,2025-07-03,60,2025-05-10,0.9615,25,11,14,0,0,0,26,6013.68,240.5472,231.2954,6013.68,240.5472,231.2954,Suite
Block 2  April 3 to July 3 2025.xls,RoomSales,506,2025-04-03,2025-07-03,60,2025-05-11,0.3235,11,11,0,0,0,13,21,1331.81,121.0736,63.4195,931.21,84.6555,44.3433,Standard
Block 2  April 3 to July 3 2025.xls,RoomSales,511,2025-04-03,2025-07-03,60,2025-05-11,0.1538,4,4,0,0,1,14,12,696.18,174.045,58.015,696.18,174.045,58.015,Suite
Block 2  April 3 to July 3 2025.xls,RoomSales,519,2025-04-03,2025-07-03,60,2025-05-12,0.6765,23,23,0,0,0,9,25,2851.67,123.9857,114.0668,2851.67,123.9857,114.0668,Standard
Block 2  April 3 to July 3 2025.xls,RoomSales,524,2025-04-03,2025-07-03,60,2025-05-12,0.4231,11,11,0,0,0,14,12,1565.55,142.3227,130.4625,1565.55,142.3227,130.4625,Suite
Block 2  April 3 to July 3 2025.xls,RoomSales,532,2025-04-03,2025-07-03,60,2025-05-13,0.8235,28,28,0,0,0,5,29,3935.92,140.5686,135.7214,3825.39,136.6211,131.91,Standard
Block 2  April 3 to July 3 2025.xls,RoomSales,537,2025-04-03,2025-07-03,60,2025-05-13,0.6154,16,16,0,0,0,10,16,2359.55,147.4719,147.4719,2359.55,147.4719,147.4719,Suite
Block 2  April 3 to July 3 2025.xls,RoomSales,545,2025-04-03,2025-07-03,60,2025-05-14,1.0,34,34,0,0,0,0,34,5043.95,148.3515,148.3515,5043.95,148.3515,148.3515,Standard
Block 2  April 3 to July 3 2025.xls,RoomSales,550,2025-04-03,2025-07-03,60,2025-05-14,0.8462,22,22,0,0,0,4,22,3195.74,145.2609,145.2609,3195.74,145.2609,145.2609,Suite
Block 2  April 3 to July 3 2025.xls,RoomSales,558,2025-04-03,2025-07-03,60,2025-05-15,0.8824,30,30,0,0,0,0,34,5980.24,199.3413,175.8894,5980.24,199.3413,175.8894,Standard
Block 2  April 3 to July 3 2025.xls,RoomSales,563,2025-04-03,2025-07-03,60,2025-05-15,0.7692,20,20,0,0,0,0,26,3800.19,190.0095,146.1612,3800.19,190.0095,146.1612,Suite
Block 2  April 3 to July 3 2025.xls,RoomSales,573,2025-04-03,2025-07-03,60,2025-05-16,0.9706,33,20,13,0,0,0,34,8969.54,271.8042,263.81,8672.89,262.8148,255.085,Standard
Block 2  April 3 to July 3 2025.xls,RoomSales,578,2025-04-03,2025-07-03,60,2025-05-16,1.0,26,12,14,0,0,0,26,7069.16,271.8908,271.8908,7069.16,271.8908,271.8908,Suite
Block 2  April 3 to July 3 2025.xls,RoomSales,586,2025-04-03,2025-07-03,60,2025-05-17,0.9706,33,14,19,0,0,0,34,8384.07,254.0627,246.5903,8384.07,254.0627,246.5903,Standard
Block 2  April 3 to July 3 2025.xls,RoomSales,591,2025-04-03,2025-07-03,60,2025-05-17,0.9615,25,10,15,0,1,0,26,6892.9,275.716,265.1115,6892.9,275.716,265.1115,Suite
Block 2  April 3 to July 3 2025.xls,RoomSales,599,2025-04-03,2025-07-03,60,2025-05-18,0.7059,24,24,0,0,0,6,28,4269.72,177.905,152.49,4269.72,177.905,152.49,Standard
Block 2  April 3 to July 3 2025.xls,RoomSales,604,2025-04-03,2025-07-03,60,2025-05-18,0.4615,12,12,0,0,1,12,14,2181.65,181.8042,155.8321,2181.65,181.8042,155.8321,Suite
Block 2  April 3 to July 3 2025.xls,RoomSales,614,2025-04-03,2025-07-03,60,2025-05-19,0.4706,16,16,0,1,0,12,22,2032.01,127.0006,92.3641,2032.01,127.0006,92.3641,Standard
Block 2  April 3 to July 3 2025.xls,RoomSales,619,2025-04-03,2025-07-03,60,2025-05-19,0.2308,6,6,0,0,0,10,16,699.23,116.5383,43.7019,438.23,73.0383,27.3894,Suite
Block 2  April 3 to July 3 2025.xls,RoomSales,627,2025-04-03,2025-07-03,60,2025-05-20,0.5588,19,19,0,0,0,7,27,2643.02,139.1063,97.8896,2643.02,139.1063,97.8896,Standard
Block 2  April 3 to July 3 2025.xls,RoomSales,632,2025-04-03,2025-07-03,60,2025-05-20,0.2692,7,7,0,0,0,13,13,1253.06,179.0086,96.3892,1253.06,179.0086,96.3892,Suite
Block 2  April 3 to July 3 2025.xls,RoomSales,640,2025-04-03,2025-07-03,60,2025-05-21,0.3824,13,13,0,0,0,1,33,1516.38,116.6446,45.9509,1516.38,116.6446,45.9509,Standard
Block 2  April 3 to July 3 2025.xls,RoomSales,645,2025-04-03,2025-07-03,60,2025-05-21,0.3462,9,9,0,0,0,0,26,1392.83,154.7589,53.5704,1392.83,154.7589,53.5704,Suite
Block 2  April 3 to July 3 2025.xls,RoomSales,653,2025-04-03,2025-07-03,60,2025-05-22,0.3824,13,13,0,0,0,1,33,1892.22,145.5554,57.34,1892.22,145.5554,57.34,Standard
Block 2  April 3 to July 3 2025.xls,RoomSales,658,2025-04-03,2025-07-03,60,2025-05-22,0.2692,7,7,0,0,0,0,26,1186.09,169.4414,45.6188,1186.09,169.4414,45.6188,Suite
Block 2  April 3 to July 3 2025.xls,RoomSales,666,2025-04-03,2025-07-03,60,2025-05-23,0.9118,31,22,9,0,0,1,33,7423.43,239.4655,224.9524,7262.78,234.2832,220.0842,Standard
Block 2  April 3 to July 3 2025.xls,RoomSales,671,2025-04-03,2025-07-03,60,2025-05-23,0.9615,25,15,10,0,0,0,26,6165.66,246.6264,237.1408,6165.66,246.6264,237.1408,Suite
Block 2  April 3 to July 3 2025.xls,RoomSales,679,2025-04-03,2025-07-03,60,2025-05-24,0.9412,32,17,15,0,0,1,33,7203.89,225.1216,218.2997,7203.89,225.1216,218.2997,Standard
Block 2  April 3 to July 3 2025.xls,RoomSales,684,2025-04-03,2025-07-03,60,2025-05-24,0.9615,25,12,13,0,0,0,26,6306.02,252.2408,242.5392,6306.02,252.2408,242.5392,Suite
Block 2  April 3 to July 3 2025.xls,RoomSales,692,2025-04-03,2025-07-03,60,2025-05-25,0.9412,32,25,7,0,0,1,33,5686.16,177.6925,172.3079,5186.41,162.0753,157.1639,Standard
Block 2  April 3 to July 3 2025.xls,RoomSales,697,2025-04-03,2025-07-03,60,2025-05-25,0.7692,20,19,1,0,2,2,24,3546.39,177.3195,147.7663,3546.39,177.3195,147.7663,Suite
Block 2  April 3 to July 3 2025.xls,RoomSales,705,2025-04-03,2025-07-03,60,2025-05-26,0.0882,3,3,0,0,0,6,28,411.0,137.0,14.6786,411.0,137.0,14.6786,Standard
Block 2  April 3 to July 3 2025.xls,RoomSales,710,2025-04-03,2025-07-03,60,2025-05-26,0.2308,6,6,0,0,0,10,16,1138.47,189.745,71.1544,492.27,82.045,30.7669,Suite
Block 2  April 3 to July 3 2025.xls,RoomSales,718,2025-04-03,2025-07-03,60,2025-05-27,0.1471,5,5,0,0,0,3,31,667.39,133.478,21.5287,667.39,133.478,21.5287,Standard
Block 2  April 3 to July 3 2025.xls,RoomSales,723,2025-04-03,2025-07-03,60,2025-05-27,0.1538,4,4,0,0,0,6,20,658.56,164.64,32.928,658.56,164.64,32.928,Suite
Block 2  April 3 to July 3 2025.xls,RoomSales,731,2025-04-03,2025-07-03,60,2025-05-28,0.2059,7,7,0,0,0,4,30,940.16,134.3086,31.3387,940.16,134.3086,31.3387,Standard
Block 2  April 3 to July 3 2025.xls,RoomSales,736,2025-04-03,2025-07-03,60,2025-05-28,0.3846,10,10,0,0,0,7,19,1556.49,155.649,81.9205,1556.49,155.649,81.9205,Suite
Block 2  April 3 to July 3 2025.xls,RoomSales,744,2025-04-03,2025-07-03,60,2025-05-29,0.6471,22,13,9,0,0,6,28,3636.91,165.3141,129.8896,3636.91,165.3141,129.8896,Standard
Block 2  April 3 to July 3 2025.xls,RoomSales,749,2025-04-03,2025-07-03,60,2025-05-29,0.5769,15,10,5,0,0,7,19,2725.98,181.732,143.4726,2725.98,181.732,143.4726,Suite
Block 2  April 3 to July 3 2025.xls,RoomSales,757,2025-04-03,2025-07-03,60,2025-05-30,0.9412,32,13,19,0,0,1,33,6859.25,214.3516,207.8561,6859.25,214.3516,207.8561,Standard
Block 2  April 3 to July 3 2025.xls,RoomSales,762,2025-04-03,2025-07-03,60,2025-05-30,0.8462,22,16,6,0,0,0,26,4353.04,197.8655,167.4246,4353.04,197.8655,167.4246,Suite
Block 2  April 3 to July 3 2025.xls,RoomSales,770,2025-04-03,2025-07-03,60,2025-05-31,1.0,34,24,10,0,0,0,34,6407.38,188.4524,188.4524,6407.38,188.4524,188.4524,Standard
Block 2  April 3 to July 3 2025.xls,RoomSales,775,2025-04-03,2025-07-03,60,2025-05-31,0.9231,24,20,4,0,1,0,26,5335.63,222.3179,205.2165,5335.63,222.3179,205.2165,Suite
Block 2  April 3 to July 3 2025.xls,RoomSales,783,2025-04-03,2025-07-03,60,2025-06-01,0.8824,30,22,8,0,0,1,33,4381.76,146.0587,132.7806,4120.75,137.3583,124.8712,Standard
Block 2  April 3 to July 3 2025.xls,RoomSales,788,2025-04-03,2025-07-03,60,2025-06-01,0.5769,15,12,3,0,0,0,26,2468.82,164.588,94.9546,2468.82,164.588,94.9546,Suite
Block 2  April 3 to July 3 2025.xls,RoomSales,796,2025-04-03,2025-07-03,60,2025-06-02,0.4706,16,16,0,0,0,4,30,1800.0,112.5,60.0,1800.0,112.5,60.0,Standard
Block 2  April 3 to July 3 2025.xls,RoomSales,801,2025-04-03,2025-07-03,60,2025-06-02,0.3462,9,9,0,0,0,3,23,1597.39,177.4878,69.4517,1597.39,177.4878,69.4517,Suite
Block 2  April 3 to July 3 2025.xls,RoomSales,809,2025-04-03,2025-07-03,60,2025-06-03,0.5882,20,20,0,0,0,1,33,2505.25,125.2625,75.9167,2505.25,125.2625,75.9167,Standard
Block 2  April 3 to July 3 2025.xls,RoomSales,814,2025-04-03,2025-07-03,60,2025-06-03,0.1923,5,5,0,0,0,0,26,543.2,108.64,20.8923,543.2,108.64,20.8923,Suite
Block 2  April 3 to July 3 2025.xls,RoomSales,822,2025-04-03,2025-07-03,60,2025-06-04,0.8529,29,29,0,0,0,2,32,3573.0,123.2069,111.6562,3573.0,123.2069,111.6562,Standard
Block 2  April 3 to July 3 2025.xls,RoomSales,827,2025-04-03,2025-07-03,60,2025-06-04,0.3846,10,10,0,0,0,2,24,1294.32,129.432,53.93,1294.32,129.432,53.93,Suite
Block 2  April 3 to July 3 2025.xls,RoomSales,835,2025-04-03,2025-07-03,60,2025-06-05,0.5588,19,18,1,0,0,2,32,2485.89,130.8363,77.6841,2485.89,130.8363,77.6841,Standard
Block 2  April 3 to July 3 2025.xls,RoomSales,840,2025-04-03,2025-07-03,60,2025-06-05,0.5769,15,11,4,0,0,1,25,2179.41,145.294,87.1764,2179.41,145.294,87.1764,Suite
Block 2  April 3 to July 3 2025.xls,RoomSales,848,2025-04-03,2025-07-03,60,2025-06-06,0.9706,33,11,22,0,0,0,34,7066.92,214.1491,207.8506,7066.92,214.1491,207.8506,Standard
Block 2  April 3 to July 3 2025.xls,RoomSales,853,2025-04-03,2025-07-03,60,2025-06-06,0.9615,25,5,20,0,1,0,26,5602.99,224.1196,215.4996,5167.89,206.7156,198.765,Suite
Block 2  April 3 to July 3 2025.xls,RoomSales,861,2025-04-03,2025-07-03,60,2025-06-07,0.9706,33,10,23,0,0,0,34,7023.79,212.8421,206.5821,7023.79,212.8421,206.5821,Standard
Block 2  April 3 to July 3 2025.xls,RoomSales,866,2025-04-03,2025-07-03,60,2025-06-07,0.9231,24,8,16,0,1,1,25,5579.57,232.4821,223.1828,5579.57,232.4821,223.1828,Suite
Block 2  April 3 to July 3 2025.xls,RoomSales,874,2025-04-03,2025-07-03,60,2025-06-08,0.5294,18,18,0,0,0,5,29,2184.31,121.3506,75.321,2184.31,121.3506,75.321,Standard
Block 2  April 3 to July 3 2025.xls,RoomSales,879,2025-04-03,2025-07-03,60,2025-06-08,0.4231,11,11,0,0,0,7,19,1521.54,138.3218,80.0811,1521.54,138.3218,80.0811,Suite
Block 2  April 3 to July 3 2025.xls,RoomSales,887,2025-04-03,2025-07-03,60,2025-06-09,0.7059,24,24,0,0,0,1,33,2974.19,123.9246,90.127,2078.19,86.5913,62.9755,Standard
Block 2  April 3 to July 3 2025.xls,RoomSales,892,2025-04-03,2025-07-03,60,2025-06-09,0.3846,10,10,0,0,0,4,22,1429.56,142.956,64.98,1429.56,142.956,64.98,Suite
Block 2  April 3 to July 3 2025.xls,RoomSales,900,2025-04-03,2025-07-03,60,2025-06-10,0.9412,32,32,0,0,0,1,33,3666.58,114.5806,111.1085,3666.58,114.5806,111.1085,Standard
Block 2  April 3 to July 3 2025.xls,RoomSales,905,2025-04-03,2025-07-03,60,2025-06-10,0.6154,16,16,0,0,0,2,24,2464.22,154.0137,102.6758,2464.22,154.0137,102.6758,Suite
Block 2  April 3 to July 3 2025.xls,RoomSales,913,2025-04-03,2025-07-03,60,2025-06-11,0.7059,24,24,0,0,0,3,31,2847.99,118.6663,91.8706,2847.99,118.6663,91.8706,Standard
Block 2  April 3 to July 3 2025.xls,RoomSales,918,2025-04-03,2025-07-03,60,2025-06-11,0.5769,15,15,0,0,0,2,24,2392.65,159.51,99.6937,2209.05,147.27,92.0438,Suite
Block 2  April 3 to July 3 2025.xls,RoomSales,926,2025-04-03,2025-07-03,60,2025-06-12,0.8235,28,19,9,0,0,2,32,4372.93,156.1761,136.6541,4372.93,156.1761,136.6541,Standard
Block 2  April 3 to July 3 2025.xls,RoomSales,931,2025-04-03,2025-07-03,60,2025-06-12,0.6154,16,12,4,0,0,2,24,2954.87,184.6794,123.1196,2954.87,184.6794,123.1196,Suite
Block 2  April 3 to July 3 2025.xls,RoomSales,939,2025-04-03,2025-07-03,60,2025-06-13,1.0,34,20,14,0,0,0,34,6309.6,185.5765,185.5765,6309.6,185.5765,185.5765,Standard
Block 2  April 3 to July 3 2025.xls,RoomSales,944,2025-04-03,2025-07-03,60,2025-06-13,1.0,26,15,11,0,0,0,26,5657.5,217.5962,217.5962,5657.5,217.5962,217.5962,Suite
Block 2  April 3 to July 3 2025.xls,RoomSales,952,2025-04-03,2025-07-03,60,2025-06-14,0.9706,33,21,12,0,0,0,34,6433.69,194.9603,189.2262,6234.79,188.933,183.3762,Standard
Block 2  April 3 to July 3 2025.xls,RoomSales,957,2025-04-03,2025-07-03,60,2025-06-14,1.0,26,19,7,0,0,0,26,5540.78,213.1069,213.1069,5294.28,203.6262,203.6262,Suite
Block 2  April 3 to July 3 2025.xls,RoomSales,965,2025-04-03,2025-07-03,60,2025-06-15,0.3824,13,13,0,0,0,1,33,1669.34,128.4108,50.5861,1669.34,128.4108,50.5861,Standard
Block 2  April 3 to July 3 2025.xls,RoomSales,970,2025-04-03,2025-07-03,60,2025-06-15,0.1154,3,3,0,0,1,0,26,379.74,126.58,14.6054,379.74,126.58,14.6054,Suite
Block 2  April 3 to July 3 2025.xls,RoomSales,978,2025-04-03,2025-07-03,60,2025-06-16,0.2059,7,7,0,0,1,0,34,690.76,98.68,20.3165,690.76,98.68,20.3165,Standard
Block 2  April 3 to July 3 2025.xls,RoomSales,983,2025-04-03,2025-07-03,60,2025-06-16,0.1154,3,3,0,0,0,0,26,331.86,110.62,12.7638,331.86,110.62,12.7638,Suite
Block 2  April 3 to July 3 2025.xls,RoomSales,991,2025-04-03,2025-07-03,60,2025-06-17,0.4118,14,14,0,0,0,0,34,1688.18,120.5843,49.6524,1688.18,120.5843,49.6524,Standard
Block 2  April 3 to July 3 2025.xls,RoomSales,996,2025-04-03,2025-07-03,60,2025-06-17,0.3077,8,8,0,0,0,0,26,946.47,118.3088,36.4027,946.47,118.3088,36.4027,Suite
Block 2  April 3 to July 3 2025.xls,RoomSales,1004,2025-04-03,2025-07-03,60,2025-06-18,0.2353,8,8,0,0,0,0,34,913.18,114.1475,26.8582,913.18,114.1475,26.8582,Standard
Block 2  April 3 to July 3 2025.xls,RoomSales,1009,2025-04-03,2025-07-03,60,2025-06-18,0.1923,5,5,0,0,0,0,26,705.3,141.06,27.1269,705.3,141.06,27.1269,Suite
Block 2  April 3 to July 3 2025.xls,RoomSales,1017,2025-04-03,2025-07-03,60,2025-06-19,0.5,17,9,8,0,0,0,34,2844.01,167.2947,83.6474,2844.01,167.2947,83.6474,Standard
Block 2  April 3 to July 3 2025.xls,RoomSales,1022,2025-04-03,2025-07-03,60,2025-06-19,0.5385,14,11,3,0,0,0,26,2109.76,150.6971,81.1446,2109.76,150.6971,81.1446,Suite
Block 2  April 3 to July 3 2025.xls,RoomSales,1030,2025-04-03,2025-07-03,60,2025-06-20,1.0,34,16,18,0,0,0,34,6672.58,196.2524,196.2524,6672.58,196.2524,196.2524,Standard
Block 2  April 3 to July 3 2025.xls,RoomSales,1035,2025-04-03,2025-07-03,60,2025-06-20,1.0,26,19,7,0,0,0,26,5003.38,192.4377,192.4377,5003.38,192.4377,192.4377,Suite
Block 2  April 3 to July 3 2025.xls,RoomSales,1043,2025-04-03,2025-07-03,60,2025-06-21,0.9706,33,17,16,0,0,0,34,6666.39,202.0118,196.0703,6666.39,202.0118,196.0703,Standard
Block 2  April 3 to July 3 2025.xls,RoomSales,1048,2025-04-03,2025-07-03,60,2025-06-21,0.9231,24,20,4,0,2,0,26,4688.57,195.3571,180.3296,4688.57,195.3571,180.3296,Suite
Block 2  April 3 to July 3 2025.xls,RoomSales,1056,2025-04-03,2025-07-03,60,2025-06-22,0.3235,11,11,0,0,0,1,33,1743.5,158.5,52.8333,1557.35,141.5773,47.1924,Standard
Block 2  April 3 to July 3 2025.xls,RoomSales,1061,2025-04-03,2025-07-03,60,2025-06-22,0.3077,8,8,0,0,0,0,26,1427.36,178.42,54.8985,1427.36,178.42,54.8985,Suite
Block 2  April 3 to July 3 2025.xls,RoomSales,1069,2025-04-03,2025-07-03,60,2025-06-23,0.3529,12,12,0,0,0,0,34,1339.71,111.6425,39.4032,1339.71,111.6425,39.4032,Standard
Block 2  April 3 to July 3 2025.xls,RoomSales,1074,2025-04-03,2025-07-03,60,2025-06-23,0.2692,7,7,0,0,0,0,26,1320.5,188.6429,50.7885,1320.5,188.6429,50.7885,Suite
Block 2  April 3 to July 3 2025.xls,RoomSales,1082,2025-04-03,2025-07-03,60,2025-06-24,0.8529,29,29,0,0,0,0,34,4298.05,148.2086,126.4132,4298.05,148.2086,126.4132,Standard
Block 2  April 3 to July 3 2025.xls,RoomSales,1087,2025-04-03,2025-07-03,60,2025-06-24,0.1923,5,5,0,0,0,0,26,950.9,190.18,36.5731,950.9,190.18,36.5731,Suite
Block 2  April 3 to July 3 2025.xls,RoomSales,1095,2025-04-03,2025-07-03,60,2025-06-25,0.7647,26,23,3,0,0,0,34,4084.63,157.1012,120.1362,4084.63,157.1012,120.1362,Standard
Block 2  April 3 to July 3 2025.xls,RoomSales,1100,2025-04-03,2025-07-03,60,2025-06-25,0.3846,10,8,2,0,0,1,25,1755.72,175.572,70.2288,1755.72,175.572,70.2288,Suite
Block 2  April 3 to July 3 2025.xls,RoomSales,1108,2025-04-03,2025-07-03,60,2025-06-26,0.5588,19,17,2,0,0,1,33,2697.61,141.9795,81.7458,2697.61,141.9795,81.7458,Standard
Block 2  April 3 to July 3 2025.xls,RoomSales,1113,2025-04-03,2025-07-03,60,2025-06-26,0.4615,12,9,3,0,0,0,26,2113.36,176.1133,81.2831,2113.36,176.1133,81.2831,Suite
Block 2  April 3 to July 3 2025.xls,RoomSales,1121,2025-04-03,2025-07-03,60,2025-06-27,0.9706,33,9,24,0,0,0,34,6997.33,212.0403,205.8038,6997.33,212.0403,205.8038,Standard
Block 2  April 3 to July 3 2025.xls,RoomSales,1126,2025-04-03,2025-07-03,60,2025-06-27,1.0,26,10,16,0,0,0,26,5918.81,227.6465,227.6465,5918.81,227.6465,227.6465,Suite
Block 2  April 3 to July 3 2025.xls,RoomSales,1134,2025-04-03,2025-07-03,60,2025-06-28,1.0,34,5,29,0,0,0,34,7187.86,211.4076,211.4076,7187.86,211.4076,211.4076,Standard
Block 2  April 3 to July 3 2025.xls,RoomSales,1139,2025-04-03,2025-07-03,60,2025-06-28,0.9615,25,5,20,0,1,0,26,5486.78,219.4712,211.03,5486.78,219.4712,211.03,Suite
Block 2  April 3 to July 3 2025.xls,RoomSales,1147,2025-04-03,2025-07-03,60,2025-06-29,0.5294,18,18,0,0,0,11,23,2307.17,128.1761,100.3117,2307.17,128.1761,100.3117,Standard
Block 2  April 3 to July 3 2025.xls,RoomSales,1152,2025-04-03,2025-07-03,60,2025-06-29,0.5385,14,14,0,0,0,8,18,1758.3,125.5929,97.6833,1500.3,107.1643,83.35,Suite
Block 2  April 3 to July 3 2025.xls,RoomSales,1160,2025-04-03,2025-07-03,60,2025-06-30,0.4412,15,15,0,0,0,0,34,1710.96,114.064,50.3224,1710.96,114.064,50.3224,Standard
Block 2  April 3 to July 3 2025.xls,RoomSales,1165,2025-04-03,2025-07-03,60,2025-06-30,0.3846,10,10,0,0,0,3,23,1303.89,130.389,56.6909,1303.89,130.389,56.6909,Suite
Block 2  April 3 to July 3 2025.xls,RoomSales,1173,2025-04-03,2025-07-03,60,2025-07-01,0.5294,18,18,0,0,0,0,34,2058.0,114.3333,60.5294,2058.0,114.3333,60.5294,Standard
Block 2  April 3 to July 3 2025.xls,RoomSales,1178,2025-04-03,2025-07-03,60,2025-07-01,0.4231,11,11,0,0,0,1,25,1571.44,142.8582,62.8576,1571.44,142.8582,62.8576,Suite
Block 2  April 3 to July 3 2025.xls,RoomSales,1186,2025-04-03,2025-07-03,60,2025-07-02,0.3824,13,13,0,0,0,0,34,1453.23,111.7869,42.7421,1453.23,111.7869,42.7421,Standard
Block 2  April 3 to July 3 2025.xls,RoomSales,1191,2025-04-03,2025-07-03,60,2025-07-02,0.3846,10,10,0,0,0,1,25,1414.79,141.479,56.5916,1414.79,141.479,56.5916,Suite
Block 2  April 3 to July 3 2025.xls,RoomSales,1199,2025-04-03,2025-07-03,60,2025-07-03,0.4118,14,14,0,0,0,1,33,1893.04,135.2171,57.3648,1893.04,135.2171,57.3648,Standard
Block 2  April 3 to July 3 2025.xls,RoomSales,1204,2025-04-03,2025-07-03,60,2025-07-03,0.6154,16,16,0,0,0,0,26,2521.25,157.5781,96.9712,2521.25,157.5781,96.9712,Suite
Block 3 July 4 to October 3 2025.xls,RoomSales,12,2025-07-04,2025-10-03,60,2025-07-04,0.9412,32,32,0,0,0,1,33,4503.63,140.7384,136.4736,4503.63,140.7384,136.4736,Standard
Block 3 July 4 to October 3 2025.xls,RoomSales,17,2025-07-04,2025-10-03,60,2025-07-04,0.9615,25,25,0,0,1,0,26,4100.42,164.0168,157.7085,4100.42,164.0168,157.7085,Suite
Block 3 July 4 to October 3 2025.xls,RoomSales,25,2025-07-04,2025-10-03,60,2025-07-05,0.9706,33,33,0,0,0,1,33,4936.87,149.6021,149.6021,4936.87,149.6021,149.6021,Standard
Block 3 July 4 to October 3 2025.xls,RoomSales,30,2025-07-04,2025-10-03,60,2025-07-05,1.0,26,26,0,0,0,0,26,4408.42,169.5546,169.5546,4408.42,169.5546,169.5546,Suite
Block 3 July 4 to October 3 2025.xls,RoomSales,38,2025-07-04,2025-10-03,60,2025-07-06,0.4706,16,16,0,0,0,2,32,1807.71,112.9819,56.4909,1807.71,112.9819,56.4909,Standard
Block 3 July 4 to October 3 2025.xls,RoomSales,43,2025-07-04,2025-10-03,60,2025-07-06,0.6154,16,16,0,0,0,7,19,2327.67,145.4794,122.5089,2327.67,145.4794,122.5089,Suite
Block 3 July 4 to October 3 2025.xls,RoomSales,51,2025-07-04,2025-10-03,60,2025-07-07,0.3235,11,11,0,0,0,1,33,1555.99,141.4536,47.1512,1555.99,141.4536,47.1512,Standard
Block 3 July 4 to October 3 2025.xls,RoomSales,56,2025-07-04,2025-10-03,60,2025-07-07,0.4615,12,12,0,0,0,0,26,1968.19,164.0158,75.6996,1968.19,164.0158,75.6996,Suite
Block 3 July 4 to October 3 2025.xls,RoomSales,64,2025-07-04,2025-10-03,60,2025-07-08,0.6765,23,23,0,0,0,0,34,3484.04,151.48,102.4718,3323.95,144.5196,97.7632,Standard
Block 3 July 4 to October 3 2025.xls,RoomSales,69,2025-07-04,2025-10-03,60,2025-07-08,0.6154,16,16,0,0,0,1,25,2984.81,186.5506,119.3924,2984.81,186.5506,119.3924,Suite
Block 3 July 4 to October 3 2025.xls,RoomSales,77,2025-07-04,2025-10-03,60,2025-07-09,0.8235,28,28,0,0,0,0,34,3760.09,134.2889,110.5909,3760.09,134.2889,110.5909,Standard
Block 3 July 4 to October 3 2025.xls,RoomSales,82,2025-07-04,2025-10-03,60,2025-07-09,0.6154,16,16,0,0,0,0,26,2938.96,183.685,113.0369,2938.96,183.685,113.0369,Suite
Block 3 July 4 to October 3 2025.xls,RoomSales,90,2025-07-04,2025-10-03,60,2025-07-10,0.7059,24,20,4,0,0,0,34,3771.05,157.1271,110.9132,3593.4,149.725,105.6882,Standard
Block 3 July 4 to October 3 2025.xls,RoomSales,95,2025-07-04,2025-10-03,60,2025-07-10,0.8077,21,19,2,0,0,0,26,4014.93,191.1871,154.4204,4014.93,191.1871,154.4204,Suite
Block 3 July 4 to October 3 2025.xls,RoomSales,103,2025-07-04,2025-10-03,60,2025-07-11,1.0,34,26,8,0,0,0,34,6101.9,179.4676,179.4676,6101.9,179.4676,179.4676,Standard
Block 3 July 4 to October 3 2025.xls,RoomSales,108,2025-07-04,2025-10-03,60,2025-07-11,1.0,26,21,5,0,0,0,26,5307.52,204.1354,204.1354,5307.52,204.1354,204.1354,Suite
Block 3 July 4 to October 3 2025.xls,RoomSales,116,2025-07-04,2025-10-03,60,2025-07-12,1.0,34,34,0,0,0,0,34,6245.96,183.7047,183.7047,5210.46,153.2488,153.2488,Standard
Block 3 July 4 to October 3 2025.xls,RoomSales,121,2025-07-04,2025-10-03,60,2025-07-12,0.9615,25,25,0,0,0,0,26,4711.23,188.4492,181.2012,4711.23,188.4492,181.2012,Suite
Block 3 July 4 to October 3 2025.xls,RoomSales,129,2025-07-04,2025-10-03,60,2025-07-13,0.5,17,17,0,0,0,7,27,1984.25,116.7206,73.4907,1984.25,116.7206,73.4907,Standard
Block 3 July 4 to October 3 2025.xls,RoomSales,134,2025-07-04,2025-10-03,60,2025-07-13,0.5,13,13,0,0,0,6,20,1576.73,121.2869,78.8365,1576.73,121.2869,78.8365,Suite
Block 3 July 4 to October 3 2025.xls,RoomSales,142,2025-07-04,2025-10-03,60,2025-07-14,0.5588,19,19,0,0,0,0,34,2430.07,127.8984,71.4726,2430.07,127.8984,71.4726,Standard
Block 3 July 4 to October 3 2025.xls,RoomSales,147,2025-07-04,2025-10-03,60,2025-07-14,0.3846,10,10,0,0,0,1,25,1475.72,147.572,59.0288,1475.72,147.572,59.0288,Suite
Block 3 July 4 to October 3 2025.xls,RoomSales,155,2025-07-04,2025-10-03,60,2025-07-15,0.5882,20,20,0,0,0,6,28,2558.34,127.917,91.3693,2558.34,127.917,91.3693,Standard
Block 3 July 4 to October 3 2025.xls,RoomSales,160,2025-07-04,2025-10-03,60,2025-07-15,0.3846,10,10,0,0,0,2,24,1236.98,123.698,51.5408,1236.98,123.698,51.5408,Suite
Block 3 July 4 to October 3 2025.xls,RoomSales,168,2025-07-04,2025-10-03,60,2025-07-16,0.4118,14,14,0,0,0,4,30,1730.01,123.5721,57.667,1730.01,123.5721,57.667,Standard
Block 3 July 4 to October 3 2025.xls,RoomSales,173,2025-07-04,2025-10-03,60,2025-07-16,0.4615,12,11,1,0,0,2,24,1782.54,148.545,74.2725,1782.54,148.545,74.2725,Suite
Block 3 July 4 to October 3 2025.xls,RoomSales,181,2025-07-04,2025-10-03,60,2025-07-17,0.6471,22,20,2,0,0,2,32,3193.93,145.1786,99.8103,2445.13,111.1423,76.4103,Standard
Block 3 July 4 to October 3 2025.xls,RoomSales,186,2025-07-04,2025-10-03,60,2025-07-17,0.5385,14,11,3,0,0,3,23,2209.57,157.8264,96.0683,2209.57,157.8264,96.0683,Suite
Block 3 July 4 to October 3 2025.xls,RoomSales,194,2025-07-04,2025-10-03,60,2025-07-18,1.0,34,20,14,0,0,0,34,6245.22,183.6829,183.6829,6127.22,180.2124,180.2124,Standard
Block 3 July 4 to October 3 2025.xls,RoomSales,199,2025-07-04,2025-10-03,60,2025-07-18,1.0,26,17,9,0,0,0,26,5352.32,205.8585,205.8585,5242.4,201.6308,201.6308,Suite
Block 3 July 4 to October 3 2025.xls,RoomSales,207,2025-07-04,2025-10-03,60,2025-07-19,1.0,34,18,16,0,0,0,34,6771.94,199.1747,199.1747,6585.19,193.6821,193.6821,Standard
Block 3 July 4 to October 3 2025.xls,RoomSales,212,2025-07-04,2025-10-03,60,2025-07-19,1.0,26,16,10,0,0,0,26,5546.37,213.3219,213.3219,5546.37,213.3219,213.3219,Suite
Block 3 July 4 to October 3 2025.xls,RoomSales,220,2025-07-04,2025-10-03,60,2025-07-20,0.7059,24,24,0,0,0,9,25,3163.22,131.8008,126.5288,3163.22,131.8008,126.5288,Standard
Block 3 July 4 to October 3 2025.xls,RoomSales,225,2025-07-04,2025-10-03,60,2025-07-20,0.5,13,13,0,0,0,11,15,1507.16,115.9354,100.4773,1507.16,115.9354,100.4773,Suite
Block 3 July 4 to October 3 2025.xls,RoomSales,233,2025-07-04,2025-10-03,60,2025-07-21,0.9118,31,31,0,0,0,3,31,4351.89,140.3835,140.3835,4351.89,140.3835,140.3835,Standard
Block 3 July 4 to October 3 2025.xls,RoomSales,238,2025-07-04,2025-10-03,60,2025-07-21,0.4615,12,12,0,0,0,14,12,1741.19,145.0992,145.0992,1741.19,145.0992,145.0992,Suite
Block 3 July 4 to October 3 2025.xls,RoomSales,246,2025-07-04,2025-10-03,60,2025-07-22,0.6176,21,21,0,0,0,5,29,2754.93,131.1871,94.9976,2754.93,131.1871,94.9976,Standard
Block 3 July 4 to October 3 2025.xls,RoomSales,251,2025-07-04,2025-10-03,60,2025-07-22,0.2308,6,6,0,0,1,8,18,1058.41,176.4017,58.8006,1058.41,176.4017,58.8006,Suite
Block 3 July 4 to October 3 2025.xls,RoomSales,259,2025-07-04,2025-10-03,60,2025-07-23,0.6471,22,22,0,0,0,4,30,2912.71,132.3959,97.0903,2912.71,132.3959,97.0903,Standard
Block 3 July 4 to October 3 2025.xls,RoomSales,264,2025-07-04,2025-10-03,60,2025-07-23,0.3846,10,10,0,0,0,1,25,1627.78,162.778,65.1112,1627.78,162.778,65.1112,Suite
Block 3 July 4 to October 3 2025.xls,RoomSales,272,2025-07-04,2025-10-03,60,2025-07-24,0.7353,25,24,1,0,0,8,26,3288.09,131.5236,126.465,3288.09,131.5236,126.465,Standard
Block 3 July 4 to October 3 2025.xls,RoomSales,277,2025-07-04,2025-10-03,60,2025-07-24,0.6538,17,17,0,0,0,3,23,2375.57,139.7394,103.2857,2375.57,139.7394,103.2857,Suite
Block 3 July 4 to October 3 2025.xls,RoomSales,285,2025-07-04,2025-10-03,60,2025-07-25,0.9706,33,26,7,0,0,0,34,5524.48,167.4085,162.4847,5524.48,167.4085,162.4847,Standard
Block 3 July 4 to October 3 2025.xls,RoomSales,290,2025-07-04,2025-10-03,60,2025-07-25,0.9615,25,21,4,0,0,0,26,4807.01,192.2804,184.885,4807.01,192.2804,184.885,Suite
Block 3 July 4 to October 3 2025.xls,RoomSales,298,2025-07-04,2025-10-03,60,2025-07-26,1.0,34,23,11,0,0,0,34,6404.14,188.3571,188.3571,6404.14,188.3571,188.3571,Standard
Block 3 July 4 to October 3 2025.xls,RoomSales,303,2025-07-04,2025-10-03,60,2025-07-26,1.0,26,21,5,0,0,0,26,5305.63,204.0627,204.0627,5305.63,204.0627,204.0627,Suite
Block 3 July 4 to October 3 2025.xls,RoomSales,311,2025-07-04,2025-10-03,60,2025-07-27,0.5294,18,18,0,0,0,1,33,1861.99,103.4439,56.4239,1861.99,103.4439,56.4239,Standard
Block 3 July 4 to October 3 2025.xls,RoomSales,316,2025-07-04,2025-10-03,60,2025-07-27,0.4231,11,11,0,0,0,0,26,1757.92,159.8109,67.6123,1757.92,159.8109,67.6123,Suite
Block 3 July 4 to October 3 2025.xls,RoomSales,324,2025-07-04,2025-10-03,60,2025-07-28,0.5,17,17,0,0,0,1,33,2353.89,138.4641,71.33,2353.89,138.4641,71.33,Standard
Block 3 July 4 to October 3 2025.xls,RoomSales,329,2025-07-04,2025-10-03,60,2025-07-28,0.3846,10,10,0,0,0,0,26,1767.11,176.711,67.9658,1767.11,176.711,67.9658,Suite
Block 3 July 4 to October 3 2025.xls,RoomSales,337,2025-07-04,2025-10-03,60,2025-07-29,0.5588,19,19,0,0,0,3,31,2273.79,119.6732,73.3481,2273.79,119.6732,73.3481,Standard
Block 3 July 4 to October 3 2025.xls,RoomSales,342,2025-07-04,2025-10-03,60,2025-07-29,0.3462,9,9,0,0,0,0,26,1440.34,160.0378,55.3977,1440.34,160.0378,55.3977,Suite
Block 3 July 4 to October 3 2025.xls,RoomSales,350,2025-07-04,2025-10-03,60,2025-07-30,0.5,17,17,0,0,0,3,31,1941.37,114.1982,62.6248,1941.37,114.1982,62.6248,Standard
Block 3 July 4 to October 3 2025.xls,RoomSales,355,2025-07-04,2025-10-03,60,2025-07-30,0.3077,8,8,0,0,1,0,26,1436.89,179.6113,55.265,1436.89,179.6113,55.265,Suite
Block 3 July 4 to October 3 2025.xls,RoomSales,363,2025-07-04,2025-10-03,60,2025-07-31,0.5588,19,11,8,0,0,2,32,3330.87,175.3089,104.0897,3330.87,175.3089,104.0897,Standard
Block 3 July 4 to October 3 2025.xls,RoomSales,368,2025-07-04,2025-10-03,60,2025-07-31,0.7308,19,12,7,0,1,0,26,3468.49,182.5521,133.4035,3468.49,182.5521,133.4035,Suite
Block 3 July 4 to October 3 2025.xls,RoomSales,376,2025-07-04,2025-10-03,60,2025-08-01,0.9412,32,13,19,0,1,0,34,6358.5,198.7031,187.0147,6358.5,198.7031,187.0147,Standard
Block 3 July 4 to October 3 2025.xls,RoomSales,381,2025-07-04,2025-10-03,60,2025-08-01,0.9615,25,16,9,0,1,0,26,5237.99,209.5196,201.4612,5237.99,209.5196,201.4612,Suite
Block 3 July 4 to October 3 2025.xls,RoomSales,389,2025-07-04,2025-10-03,60,2025-08-02,1.0,34,27,7,0,0,0,34,6368.3,187.3029,187.3029,6368.3,187.3029,187.3029,Standard
Block 3 July 4 to October 3 2025.xls,RoomSales,394,2025-07-04,2025-10-03,60,2025-08-02,0.9615,25,23,2,0,1,0,26,4378.13,175.1252,168.3896,4378.13,175.1252,168.3896,Suite
Block 3 July 4 to October 3 2025.xls,RoomSales,402,2025-07-04,2025-10-03,60,2025-08-03,0.3529,12,12,0,0,0,20,14,1291.38,107.615,92.2414,1291.38,107.615,92.2414,Standard
Block 3 July 4 to October 3 2025.xls,RoomSales,407,2025-07-04,2025-10-03,60,2025-08-03,0.2308,6,6,0,0,1,13,13,590.86,98.4767,45.4508,590.86,98.4767,45.4508,Suite
Block 3 July 4 to October 3 2025.xls,RoomSales,415,2025-07-04,2025-10-03,60,2025-08-04,0.3824,13,13,0,0,0,2,32,1459.25,112.25,45.6016,1459.25,112.25,45.6016,Standard
Block 3 July 4 to October 3 2025.xls,RoomSales,420,2025-07-04,2025-10-03,60,2025-08-04,0.3077,8,8,0,0,0,1,25,904.15,113.0187,36.166,904.15,113.0187,36.166,Suite
Block 3 July 4 to October 3 2025.xls,RoomSales,428,2025-07-04,2025-10-03,60,2025-08-05,0.4118,14,14,0,0,0,2,32,1626.1,116.15,50.8156,1510.72,107.9086,47.21,Standard
Block 3 July 4 to October 3 2025.xls,RoomSales,433,2025-07-04,2025-10-03,60,2025-08-05,0.1538,4,4,0,0,0,2,24,709.74,177.435,29.5725,709.74,177.435,29.5725,Suite
Block 3 July 4 to October 3 2025.xls,RoomSales,441,2025-07-04,2025-10-03,60,2025-08-06,0.3529,12,12,0,0,0,3,31,1294.94,107.9117,41.7723,1294.94,107.9117,41.7723,Standard
Block 3 July 4 to October 3 2025.xls,RoomSales,446,2025-07-04,2025-10-03,60,2025-08-06,0.2308,6,6,0,0,0,5,21,1025.07,170.845,48.8129,1025.07,170.845,48.8129,Suite
Block 3 July 4 to October 3 2025.xls,RoomSales,454,2025-07-04,2025-10-03,60,2025-08-07,0.2941,10,10,0,0,0,3,31,1183.25,118.325,38.1694,1183.25,118.325,38.1694,Standard
Block 3 July 4 to October 3 2025.xls,RoomSales,459,2025-07-04,2025-10-03,60,2025-08-07,0.3462,9,9,0,0,0,6,20,1352.04,150.2267,67.602,1352.04,150.2267,67.602,Suite
Block 3 July 4 to October 3 2025.xls,RoomSales,467,2025-07-04,2025-10-03,60,2025-08-08,0.9118,31,30,1,0,1,0,34,4066.52,131.1781,119.6035,4066.52,131.1781,119.6035,Standard
Block 3 July 4 to October 3 2025.xls,RoomSales,472,2025-07-04,2025-10-03,60,2025-08-08,0.8077,21,18,3,0,1,0,26,4079.75,194.2738,156.9135,4079.75,194.2738,156.9135,Suite
Block 3 July 4 to October 3 2025.xls,RoomSales,480,2025-07-04,2025-10-03,60,2025-08-09,0.9706,33,24,9,0,1,0,34,5400.83,163.6615,158.8479,5400.83,163.6615,158.8479,Standard
Block 3 July 4 to October 3 2025.xls,RoomSales,485,2025-07-04,2025-10-03,60,2025-08-09,0.9231,24,18,6,0,2,0,26,4513.96,188.0817,173.6138,4513.96,188.0817,173.6138,Suite
Block 3 July 4 to October 3 2025.xls,RoomSales,493,2025-07-04,2025-10-03,60,2025-08-10,0.7059,24,14,10,0,0,0,34,3906.58,162.7742,114.8994,3906.58,162.7742,114.8994,Standard
Block 3 July 4 to October 3 2025.xls,RoomSales,498,2025-07-04,2025-10-03,60,2025-08-10,0.6923,18,12,6,0,0,0,26,3491.96,193.9978,134.3062,3491.96,193.9978,134.3062,Suite
Block 3 July 4 to October 3 2025.xls,RoomSales,506,2025-07-04,2025-10-03,60,2025-08-11,0.4412,15,15,0,0,0,1,33,2046.86,136.4573,62.0261,2046.86,136.4573,62.0261,Standard
Block 3 July 4 to October 3 2025.xls,RoomSales,511,2025-07-04,2025-10-03,60,2025-08-11,0.2692,7,7,0,0,0,0,26,972.57,138.9386,37.4065,972.57,138.9386,37.4065,Suite
Block 3 July 4 to October 3 2025.xls,RoomSales,519,2025-07-04,2025-10-03,60,2025-08-12,0.5882,20,20,0,0,0,1,33,2634.54,131.727,79.8345,2634.54,131.727,79.8345,Standard
Block 3 July 4 to October 3 2025.xls,RoomSales,524,2025-07-04,2025-10-03,60,2025-08-12,0.6154,16,16,0,0,0,0,26,2017.38,126.0863,77.5915,2017.38,126.0863,77.5915,Suite
Block 3 July 4 to October 3 2025.xls,RoomSales,532,2025-07-04,2025-10-03,60,2025-08-13,0.5882,20,20,0,0,0,2,32,2816.93,140.8465,88.0291,2458.73,122.9365,76.8353,Standard
Block 3 July 4 to October 3 2025.xls,RoomSales,537,2025-07-04,2025-10-03,60,2025-08-13,0.7308,19,19,0,0,0,0,26,2450.49,128.9732,94.2496,2450.49,128.9732,94.2496,Suite
Block 3 July 4 to October 3 2025.xls,RoomSales,545,2025-07-04,2025-10-03,60,2025-08-14,0.8529,29,29,0,0,0,0,34,4219.08,145.4855,124.0906,4219.08,145.4855,124.0906,Standard
Block 3 July 4 to October 3 2025.xls,RoomSales,550,2025-07-04,2025-10-03,60,2025-08-14,0.6538,17,16,1,0,0,0,26,2553.27,150.1924,98.2027,2553.27,150.1924,98.2027,Suite
Block 3 July 4 to October 3 2025.xls,RoomSales,558,2025-07-04,2025-10-03,60,2025-08-15,1.0,34,24,10,0,0,0,34,6597.95,194.0574,194.0574,6597.95,194.0574,194.0574,Standard
Block 3 July 4 to October 3 2025.xls,RoomSales,563,2025-07-04,2025-10-03,60,2025-08-15,1.0,26,21,5,0,0,0,26,5037.17,193.7373,193.7373,5037.17,193.7373,193.7373,Suite
Block 3 July 4 to October 3 2025.xls,RoomSales,571,2025-07-04,2025-10-03,60,2025-08-16,1.0,34,22,12,0,0,0,34,6325.43,186.0421,186.0421,6325.43,186.0421,186.0421,Standard
Block 3 July 4 to October 3 2025.xls,RoomSales,576,2025-07-04,2025-10-03,60,2025-08-16,0.9615,25,20,5,0,1,0,26,5039.12,201.5648,193.8123,5039.12,201.5648,193.8123,Suite
Block 3 July 4 to October 3 2025.xls,RoomSales,584,2025-07-04,2025-10-03,60,2025-08-17,0.4412,15,15,0,0,0,2,32,1234.86,82.324,38.5894,1234.86,82.324,38.5894,Standard
Block 3 July 4 to October 3 2025.xls,RoomSales,589,2025-07-04,2025-10-03,60,2025-08-17,0.4231,11,11,0,0,0,8,18,1100.27,100.0245,61.1261,1100.27,100.0245,61.1261,Suite
Block 3 July 4 to October 3 2025.xls,RoomSales,597,2025-07-04,2025-10-03,60,2025-08-18,0.7647,26,26,0,0,0,5,29,2644.47,101.7104,91.1886,2644.47,101.7104,91.1886,Standard
Block 3 July 4 to October 3 2025.xls,RoomSales,602,2025-07-04,2025-10-03,60,2025-08-18,0.3846,10,10,0,0,0,6,20,878.44,87.844,43.922,878.44,87.844,43.922,Suite
Block 3 July 4 to October 3 2025.xls,RoomSales,610,2025-07-04,2025-10-03,60,2025-08-19,0.3824,13,13,0,0,0,10,24,1512.86,116.3738,63.0358,1512.86,116.3738,63.0358,Standard
Block 3 July 4 to October 3 2025.xls,RoomSales,615,2025-07-04,2025-10-03,60,2025-08-19,0.4231,11,11,0,0,1,6,20,1419.51,129.0464,70.9755,1419.51,129.0464,70.9755,Suite
Block 3 July 4 to October 3 2025.xls,RoomSales,623,2025-07-04,2025-10-03,60,2025-08-20,0.3824,13,13,0,0,0,6,28,1752.7,134.8231,62.5964,1752.7,134.8231,62.5964,Standard
Block 3 July 4 to October 3 2025.xls,RoomSales,628,2025-07-04,2025-10-03,60,2025-08-20,0.7308,19,19,0,0,0,1,25,2595.43,136.6016,103.8172,2595.43,136.6016,103.8172,Suite
Block 3 July 4 to October 3 2025.xls,RoomSales,636,2025-07-04,2025-10-03,60,2025-08-21,0.5588,19,8,11,0,0,2,32,3499.14,184.1653,109.3481,3499.14,184.1653,109.3481,Standard
Block 3 July 4 to October 3 2025.xls,RoomSales,641,2025-07-04,2025-10-03,60,2025-08-21,0.8846,23,14,9,0,0,1,25,3841.75,167.0326,153.67,3841.75,167.0326,153.67,Suite
Block 3 July 4 to October 3 2025.xls,RoomSales,649,2025-07-04,2025-10-03,60,2025-08-22,1.0,34,11,23,0,0,0,34,7141.39,210.0409,210.0409,7141.39,210.0409,210.0409,Standard
Block 3 July 4 to October 3 2025.xls,RoomSales,654,2025-07-04,2025-10-03,60,2025-08-22,1.0,26,6,20,0,0,0,26,5933.52,228.2123,228.2123,5933.52,228.2123,228.2123,Suite
Block 3 July 4 to October 3 2025.xls,RoomSales,662,2025-07-04,2025-10-03,60,2025-08-23,1.0,34,17,17,1,0,0,34,6516.78,191.67,191.67,6516.78,191.67,191.67,Standard
Block 3 July 4 to October 3 2025.xls,RoomSales,667,2025-07-04,2025-10-03,60,2025-08-23,0.9615,25,8,17,0,1,0,26,5255.41,210.2164,202.1312,5255.41,210.2164,202.1312,Suite
Block 3 July 4 to October 3 2025.xls,RoomSales,675,2025-07-04,2025-10-03,60,2025-08-24,0.8824,30,30,0,0,0,0,34,3288.05,109.6017,96.7074,3288.05,109.6017,96.7074,Standard
Block 3 July 4 to October 3 2025.xls,RoomSales,680,2025-07-04,2025-10-03,60,2025-08-24,0.6923,18,17,1,0,0,2,24,2112.09,117.3383,88.0037,2112.09,117.3383,88.0037,Suite
Block 3 July 4 to October 3 2025.xls,RoomSales,688,2025-07-04,2025-10-03,60,2025-08-25,0.9706,33,33,0,0,0,0,34,3623.29,109.7967,106.5674,3623.29,109.7967,106.5674,Standard
Block 3 July 4 to October 3 2025.xls,RoomSales,693,2025-07-04,2025-10-03,60,2025-08-25,0.8462,22,22,0,0,0,2,24,2713.67,123.3486,113.0696,2475.67,112.5305,103.1529,Suite
Block 3 July 4 to October 3 2025.xls,RoomSales,701,2025-07-04,2025-10-03,60,2025-08-26,0.9706,33,33,0,0,0,0,34,4204.88,127.4206,123.6729,4204.88,127.4206,123.6729,Standard
Block 3 July 4 to October 3 2025.xls,RoomSales,706,2025-07-04,2025-10-03,60,2025-08-26,1.0,26,26,0,0,0,0,26,3450.22,132.7008,132.7008,3450.22,132.7008,132.7008,Suite
Block 3 July 4 to October 3 2025.xls,RoomSales,714,2025-07-04,2025-10-03,60,2025-08-27,1.0,34,34,0,0,0,0,34,4732.7,139.1971,139.1971,4732.7,139.1971,139.1971,Standard
Block 3 July 4 to October 3 2025.xls,RoomSales,719,2025-07-04,2025-10-03,60,2025-08-27,1.0,26,26,0,0,0,0,26,3978.69,153.0265,153.0265,3978.69,153.0265,153.0265,Suite
Block 3 July 4 to October 3 2025.xls,RoomSales,727,2025-07-04,2025-10-03,60,2025-08-28,1.0,34,34,0,0,0,0,34,5284.8,155.4353,155.4353,5284.8,155.4353,155.4353,Standard
Block 3 July 4 to October 3 2025.xls,RoomSales,732,2025-07-04,2025-10-03,60,2025-08-28,1.0,26,25,1,0,0,0,26,4669.17,179.5835,179.5835,4669.17,179.5835,179.5835,Suite
Block 3 July 4 to October 3 2025.xls,RoomSales,740,2025-07-04,2025-10-03,60,2025-08-29,0.9412,32,19,13,0,0,0,34,6123.29,191.3528,180.0968,6123.29,191.3528,180.0968,Standard
Block 3 July 4 to October 3 2025.xls,RoomSales,745,2025-07-04,2025-10-03,60,2025-08-29,0.9615,25,22,3,0,0,0,26,4953.34,198.1336,190.5131,4953.34,198.1336,190.5131,Suite
Block 3 July 4 to October 3 2025.xls,RoomSales,753,2025-07-04,2025-10-03,60,2025-08-30,1.0,34,1,33,0,0,0,34,7503.0,220.6765,220.6765,7503.0,220.6765,220.6765,Standard
Block 3 July 4 to October 3 2025.xls,RoomSales,758,2025-07-04,2025-10-03,60,2025-08-30,0.9615,25,7,18,0,0,0,26,5723.13,228.9252,220.1204,5723.13,228.9252,220.1204,Suite
Block 3 July 4 to October 3 2025.xls,RoomSales,766,2025-07-04,2025-10-03,60,2025-08-31,0.9706,33,19,14,0,0,0,34,6204.92,188.0279,182.4976,6204.92,188.0279,182.4976,Standard
Block 3 July 4 to October 3 2025.xls,RoomSales,771,2025-07-04,2025-10-03,60,2025-08-31,1.0,26,16,10,0,0,0,26,4693.06,180.5023,180.5023,4693.06,180.5023,180.5023,Suite
Block 3 July 4 to October 3 2025.xls,RoomSales,779,2025-07-04,2025-10-03,60,2025-09-01,0.4706,16,16,0,0,0,3,31,2085.31,130.3319,67.2681,2085.31,130.3319,67.2681,Standard
Block 3 July 4 to October 3 2025.xls,RoomSales,784,2025-07-04,2025-10-03,60,2025-09-01,0.3462,9,9,0,0,0,9,17,1369.59,152.1767,80.5641,1337.59,148.6211,78.6818,Suite
Block 3 July 4 to October 3 2025.xls,RoomSales,792,2025-07-04,2025-10-03,60,2025-09-02,0.4706,16,16,0,0,0,2,32,1633.13,102.0706,51.0353,1633.13,102.0706,51.0353,Standard
Block 3 July 4 to October 3 2025.xls,RoomSales,797,2025-07-04,2025-10-03,60,2025-09-02,0.3077,8,8,0,0,0,4,22,1119.47,139.9338,50.885,1119.47,139.9338,50.885,Suite
Block 3 July 4 to October 3 2025.xls,RoomSales,805,2025-07-04,2025-10-03,60,2025-09-03,0.3824,13,13,0,0,0,4,30,1331.99,102.4608,44.3997,1331.99,102.4608,44.3997,Standard
Block 3 July 4 to October 3 2025.xls,RoomSales,810,2025-07-04,2025-10-03,60,2025-09-03,0.3462,9,9,0,0,0,0,26,1072.33,119.1478,41.2435,1072.33,119.1478,41.2435,Suite
Block 3 July 4 to October 3 2025.xls,RoomSales,818,2025-07-04,2025-10-03,60,2025-09-04,0.5882,20,11,9,0,0,1,33,3451.29,172.5645,104.5845,3451.29,172.5645,104.5845,Standard
Block 3 July 4 to October 3 2025.xls,RoomSales,823,2025-07-04,2025-10-03,60,2025-09-04,0.5,13,7,6,0,0,1,25,2388.25,183.7115,95.53,2388.25,183.7115,95.53,Suite
Block 3 July 4 to October 3 2025.xls,RoomSales,831,2025-07-04,2025-10-03,60,2025-09-05,1.0,34,9,25,0,0,0,34,6980.92,205.3212,205.3212,6980.92,205.3212,205.3212,Standard
Block 3 July 4 to October 3 2025.xls,RoomSales,836,2025-07-04,2025-10-03,60,2025-09-05,1.0,26,11,15,0,0,0,26,5612.37,215.8604,215.8604,5612.37,215.8604,215.8604,Suite
Block 3 July 4 to October 3 2025.xls,RoomSales,844,2025-07-04,2025-10-03,60,2025-09-06,1.0,34,9,25,0,0,0,34,7083.5,208.3382,208.3382,7083.5,208.3382,208.3382,Standard
Block 3 July 4 to October 3 2025.xls,RoomSales,849,2025-07-04,2025-10-03,60,2025-09-06,0.9615,25,12,13,0,1,0,26,5217.33,208.6932,200.6665,5217.33,208.6932,200.6665,Suite
Block 3 July 4 to October 3 2025.xls,RoomSales,857,2025-07-04,2025-10-03,60,2025-09-07,0.1765,6,6,0,0,0,0,34,718.53,119.755,21.1332,506.03,84.3383,14.8832,Standard
Block 3 July 4 to October 3 2025.xls,RoomSales,862,2025-07-04,2025-10-03,60,2025-09-07,0.2692,7,7,0,0,0,0,26,919.4,131.3429,35.3615,919.4,131.3429,35.3615,Suite
Block 3 July 4 to October 3 2025.xls,RoomSales,870,2025-07-04,2025-10-03,60,2025-09-08,0.3824,13,13,0,0,0,1,33,1608.46,123.7277,48.7412,1608.46,123.7277,48.7412,Standard
Block 3 July 4 to October 3 2025.xls,RoomSales,875,2025-07-04,2025-10-03,60,2025-09-08,0.3462,9,9,0,0,0,0,26,1058.57,117.6189,40.7142,1058.57,117.6189,40.7142,Suite
Block 3 July 4 to October 3 2025.xls,RoomSales,883,2025-07-04,2025-10-03,60,2025-09-09,0.3529,12,12,0,0,0,2,32,1371.63,114.3025,42.8634,1371.63,114.3025,42.8634,Standard
Block 3 July 4 to October 3 2025.xls,RoomSales,888,2025-07-04,2025-10-03,60,2025-09-09,0.2308,6,6,0,0,0,0,26,576.99,96.165,22.1919,576.99,96.165,22.1919,Suite
Block 3 July 4 to October 3 2025.xls,RoomSales,896,2025-07-04,2025-10-03,60,2025-09-10,0.3235,11,11,0,0,0,2,32,1328.91,120.81,41.5284,1328.91,120.81,41.5284,Standard
Block 3 July 4 to October 3 2025.xls,RoomSales,901,2025-07-04,2025-10-03,60,2025-09-10,0.3462,9,9,0,0,0,0,26,1006.39,111.8211,38.7073,1006.39,111.8211,38.7073,Suite
Block 3 July 4 to October 3 2025.xls,RoomSales,909,2025-07-04,2025-10-03,60,2025-09-11,0.3529,12,12,0,0,2,2,32,1324.48,110.3733,41.39,1324.48,110.3733,41.39,Standard
Block 3 July 4 to October 3 2025.xls,RoomSales,914,2025-07-04,2025-10-03,60,2025-09-11,0.6154,16,16,0,0,0,0,26,1854.86,115.9287,71.3408,1854.86,115.9287,71.3408,Suite
Block 3 July 4 to October 3 2025.xls,RoomSales,922,2025-07-04,2025-10-03,60,2025-09-12,0.9412,32,26,6,0,2,0,34,5615.39,175.4809,165.1585,5615.39,175.4809,165.1585,Standard
Block 3 July 4 to October 3 2025.xls,RoomSales,927,2025-07-04,2025-10-03,60,2025-09-12,1.0,26,20,6,0,0,0,26,4404.54,169.4054,169.4054,4404.54,169.4054,169.4054,Suite
Block 3 July 4 to October 3 2025.xls,RoomSales,935,2025-07-04,2025-10-03,60,2025-09-13,0.9412,32,16,16,0,2,0,34,6214.38,194.1994,182.7759,6214.38,194.1994,182.7759,Standard
Block 3 July 4 to October 3 2025.xls,RoomSales,940,2025-07-04,2025-10-03,60,2025-09-13,1.0,26,19,7,0,0,0,26,5320.15,204.6212,204.6212,5320.15,204.6212,204.6212,Suite
Block 3 July 4 to October 3 2025.xls,RoomSales,948,2025-07-04,2025-10-03,60,2025-09-14,0.2647,9,9,0,0,2,1,33,762.29,84.6989,23.0997,762.29,84.6989,23.0997,Standard
Block 3 July 4 to October 3 2025.xls,RoomSales,953,2025-07-04,2025-10-03,60,2025-09-14,0.4231,11,11,0,0,0,0,26,1359.45,123.5864,52.2865,1359.45,123.5864,52.2865,Suite
Block 3 July 4 to October 3 2025.xls,RoomSales,961,2025-07-04,2025-10-03,60,2025-09-15,0.6176,21,21,0,0,0,2,32,2224.78,105.9419,69.5244,2134.78,101.6562,66.7119,Standard
Block 3 July 4 to October 3 2025.xls,RoomSales,966,2025-07-04,2025-10-03,60,2025-09-15,0.6154,16,16,0,0,0,1,25,1861.57,116.3481,74.4628,1861.57,116.3481,74.4628,Suite
Block 3 July 4 to October 3 2025.xls,RoomSales,974,2025-07-04,2025-10-03,60,2025-09-16,0.7647,26,26,0,0,0,3,31,2966.17,114.0835,95.6829,2966.17,114.0835,95.6829,Standard
Block 3 July 4 to October 3 2025.xls,RoomSales,979,2025-07-04,2025-10-03,60,2025-09-16,0.6154,16,16,0,0,0,1,25,1849.86,115.6162,73.9944,1849.86,115.6162,73.9944,Suite
Block 3 July 4 to October 3 2025.xls,RoomSales,987,2025-07-04,2025-10-03,60,2025-09-17,0.6765,23,23,0,0,0,1,33,2603.67,113.203,78.8991,2603.67,113.203,78.8991,Standard
Block 3 July 4 to October 3 2025.xls,RoomSales,992,2025-07-04,2025-10-03,60,2025-09-17,0.6154,16,16,0,0,0,1,25,1897.8,118.6125,75.912,1897.8,118.6125,75.912,Suite
Block 3 July 4 to October 3 2025.xls,RoomSales,1000,2025-07-04,2025-10-03,60,2025-09-18,0.6176,21,21,0,0,0,2,32,2548.98,121.38,79.6556,2548.98,121.38,79.6556,Standard
Block 3 July 4 to October 3 2025.xls,RoomSales,1005,2025-07-04,2025-10-03,60,2025-09-18,0.5769,15,15,0,0,0,0,26,1827.44,121.8293,70.2862,1827.44,121.8293,70.2862,Suite
Block 3 July 4 to October 3 2025.xls,RoomSales,1013,2025-07-04,2025-10-03,60,2025-09-19,0.9706,33,22,11,0,0,0,34,6058.13,183.5797,178.1803,6058.13,183.5797,178.1803,Standard
Block 3 July 4 to October 3 2025.xls,RoomSales,1018,2025-07-04,2025-10-03,60,2025-09-19,1.0,26,11,15,0,0,0,26,5629.06,216.5023,216.5023,5629.06,216.5023,216.5023,Suite
Block 3 July 4 to October 3 2025.xls,RoomSales,1026,2025-07-04,2025-10-03,60,2025-09-20,1.0,34,4,30,0,0,0,34,7177.56,211.1047,211.1047,7177.56,211.1047,211.1047,Standard
Block 3 July 4 to October 3 2025.xls,RoomSales,1031,2025-07-04,2025-10-03,60,2025-09-20,1.0,26,1,25,0,0,0,26,6211.95,238.9212,238.9212,6211.95,238.9212,238.9212,Suite
Block 3 July 4 to October 3 2025.xls,RoomSales,1039,2025-07-04,2025-10-03,60,2025-09-21,0.9118,31,19,12,0,0,0,34,5449.21,175.781,160.2709,5449.21,175.781,160.2709,Standard
Block 3 July 4 to October 3 2025.xls,RoomSales,1044,2025-07-04,2025-10-03,60,2025-09-21,0.3462,9,7,2,0,0,0,26,1427.43,158.6033,54.9012,1427.43,158.6033,54.9012,Suite
Block 3 July 4 to October 3 2025.xls,RoomSales,1052,2025-07-04,2025-10-03,60,2025-09-22,0.6176,21,21,0,0,0,0,34,2526.15,120.2929,74.2985,2526.15,120.2929,74.2985,Standard
Block 3 July 4 to October 3 2025.xls,RoomSales,1057,2025-07-04,2025-10-03,60,2025-09-22,0.4615,12,12,0,0,0,0,26,1395.24,116.27,53.6631,1395.24,116.27,53.6631,Suite
Block 3 July 4 to October 3 2025.xls,RoomSales,1065,2025-07-04,2025-10-03,60,2025-09-23,0.7647,26,26,0,0,0,0,34,3029.26,116.51,89.0959,3029.26,116.51,89.0959,Standard
Block 3 July 4 to October 3 2025.xls,RoomSales,1070,2025-07-04,2025-10-03,60,2025-09-23,0.6154,16,16,0,0,0,0,26,2033.34,127.0837,78.2054,2033.34,127.0837,78.2054,Suite
Block 3 July 4 to October 3 2025.xls,RoomSales,1078,2025-07-04,2025-10-03,60,2025-09-24,0.5882,20,20,0,0,0,1,33,2325.61,116.2805,70.473,2325.61,116.2805,70.473,Standard
Block 3 July 4 to October 3 2025.xls,RoomSales,1083,2025-07-04,2025-10-03,60,2025-09-24,0.4615,12,12,0,0,0,0,26,1570.75,130.8958,60.4135,1570.75,130.8958,60.4135,Suite
Block 3 July 4 to October 3 2025.xls,RoomSales,1091,2025-07-04,2025-10-03,60,2025-09-25,0.7353,25,24,1,0,0,0,34,3035.39,121.4156,89.2762,3035.39,121.4156,89.2762,Standard
Block 3 July 4 to October 3 2025.xls,RoomSales,1096,2025-07-04,2025-10-03,60,2025-09-25,0.5385,14,12,2,0,0,0,26,2221.02,158.6443,85.4238,2221.02,158.6443,85.4238,Suite
Block 3 July 4 to October 3 2025.xls,RoomSales,1104,2025-07-04,2025-10-03,60,2025-09-26,1.0,34,20,14,0,0,0,34,6163.75,181.2868,181.2868,6163.75,181.2868,181.2868,Standard
Block 3 July 4 to October 3 2025.xls,RoomSales,1109,2025-07-04,2025-10-03,60,2025-09-26,0.9231,24,15,9,0,0,0,26,4652.37,193.8487,178.9373,4652.37,193.8487,178.9373,Suite
Block 3 July 4 to October 3 2025.xls,RoomSales,1117,2025-07-04,2025-10-03,60,2025-09-27,1.0,34,15,19,0,0,0,34,6392.05,188.0015,188.0015,6392.05,188.0015,188.0015,Standard
Block 3 July 4 to October 3 2025.xls,RoomSales,1122,2025-07-04,2025-10-03,60,2025-09-27,0.9615,25,13,12,0,1,0,26,5011.53,200.4612,192.7512,5011.53,200.4612,192.7512,Suite
Block 3 July 4 to October 3 2025.xls,RoomSales,1130,2025-07-04,2025-10-03,60,2025-09-28,0.6176,21,21,0,0,0,5,29,2396.6,114.1238,82.6414,2396.6,114.1238,82.6414,Standard
Block 3 July 4 to October 3 2025.xls,RoomSales,1135,2025-07-04,2025-10-03,60,2025-09-28,0.5769,15,15,0,0,0,7,19,2012.36,134.1573,105.9137,1982.36,132.1573,104.3347,Suite
Block 3 July 4 to October 3 2025.xls,RoomSales,1143,2025-07-04,2025-10-03,60,2025-09-29,0.6765,23,21,2,0,0,4,30,2642.61,114.8961,88.087,2642.61,114.8961,88.087,Standard
Block 3 July 4 to October 3 2025.xls,RoomSales,1148,2025-07-04,2025-10-03,60,2025-09-29,0.7692,20,11,9,0,1,3,23,3081.2,154.06,133.9652,3081.2,154.06,133.9652,Suite
Block 3 July 4 to October 3 2025.xls,RoomSales,1156,2025-07-04,2025-10-03,60,2025-09-30,0.5882,20,18,2,0,0,4,30,2186.56,109.328,72.8853,2186.56,109.328,72.8853,Standard
Block 3 July 4 to October 3 2025.xls,RoomSales,1161,2025-07-04,2025-10-03,60,2025-09-30,0.5769,15,6,9,0,0,2,24,2267.41,151.1607,94.4754,2267.41,151.1607,94.4754,Suite
Block 3 July 4 to October 3 2025.xls,RoomSales,1169,2025-07-04,2025-10-03,60,2025-10-01,0.3824,13,13,0,0,0,1,33,1711.67,131.6669,51.8688,1711.67,131.6669,51.8688,Standard
Block 3 July 4 to October 3 2025.xls,RoomSales,1174,2025-07-04,2025-10-03,60,2025-10-01,0.3846,10,10,0,0,0,2,24,1146.29,114.629,47.7621,1146.29,114.629,47.7621,Suite
Block 3 July 4 to October 3 2025.xls,RoomSales,1182,2025-07-04,2025-10-03,60,2025-10-02,0.6176,21,18,3,0,0,0,34,3020.23,143.8205,88.8303,3020.23,143.8205,88.8303,Standard
Block 3 July 4 to October 3 2025.xls,RoomSales,1187,2025-07-04,2025-10-03,60,2025-10-02,0.4615,12,8,4,0,0,0,26,2314.85,192.9042,89.0327,2314.85,192.9042,89.0327,Suite
Block 3 July 4 to October 3 2025.xls,RoomSales,1195,2025-07-04,2025-10-03,60,2025-10-03,1.0,34,17,17,0,0,0,34,6563.07,193.0315,193.0315,6563.07,193.0315,193.0315,Standard
Block 3 July 4 to October 3 2025.xls,RoomSales,1200,2025-07-04,2025-10-03,60,2025-10-03,1.0,26,14,12,0,0,0,26,5618.76,216.1062,216.1062,5618.76,216.1062,216.1062,Suite
Block 4  October 4 to December 31 2025.xls,RoomSales,12,2025-10-04,2025-12-31,60,2025-10-04,1.0,34,15,19,0,0,0,34,6744.33,198.3626,198.3626,6744.33,198.3626,198.3626,Standard
Block 4  October 4 to December 31 2025.xls,RoomSales,17,2025-10-04,2025-12-31,60,2025-10-04,0.9615,25,11,14,0,1,0,26,5339.88,213.5952,205.38,5339.88,213.5952,205.38,Suite
Block 4  October 4 to December 31 2025.xls,RoomSales,25,2025-10-04,2025-12-31,60,2025-10-05,0.5882,20,20,0,0,0,3,31,2105.52,105.276,67.92,2105.52,105.276,67.92,Standard
Block 4  October 4 to December 31 2025.xls,RoomSales,30,2025-10-04,2025-12-31,60,2025-10-05,0.3462,9,9,0,0,0,7,19,970.98,107.8867,51.1042,970.98,107.8867,51.1042,Suite
Block 4  October 4 to December 31 2025.xls,RoomSales,38,2025-10-04,2025-12-31,60,2025-10-06,0.6176,21,21,0,0,0,0,34,2194.14,104.4829,64.5335,2194.14,104.4829,64.5335,Standard
Block 4  October 4 to December 31 2025.xls,RoomSales,43,2025-10-04,2025-12-31,60,2025-10-06,0.5,13,13,0,0,0,0,26,1306.43,100.4946,50.2473,1306.43,100.4946,50.2473,Suite
Block 4  October 4 to December 31 2025.xls,RoomSales,51,2025-10-04,2025-12-31,60,2025-10-07,0.6176,21,21,0,0,0,2,32,2501.57,119.1224,78.1741,2501.57,119.1224,78.1741,Standard
Block 4  October 4 to December 31 2025.xls,RoomSales,56,2025-10-04,2025-12-31,60,2025-10-07,0.5,13,13,0,0,0,2,24,1351.56,103.9662,56.315,1351.56,103.9662,56.315,Suite
Block 4  October 4 to December 31 2025.xls,RoomSales,64,2025-10-04,2025-12-31,60,2025-10-08,0.8235,28,27,1,0,0,4,30,3567.65,127.4161,118.9217,3381.65,120.7732,112.7217,Standard
Block 4  October 4 to December 31 2025.xls,RoomSales,69,2025-10-04,2025-12-31,60,2025-10-08,0.5,13,13,0,0,0,3,23,1634.1,125.7,71.0478,1634.1,125.7,71.0478,Suite
Block 4  October 4 to December 31 2025.xls,RoomSales,77,2025-10-04,2025-12-31,60,2025-10-09,0.9412,32,30,2,0,0,0,34,3969.37,124.0428,116.7462,3969.37,124.0428,116.7462,Standard
Block 4  October 4 to December 31 2025.xls,RoomSales,82,2025-10-04,2025-12-31,60,2025-10-09,0.6538,17,13,4,0,0,3,23,2358.52,138.7365,102.5443,2358.52,138.7365,102.5443,Suite
Block 4  October 4 to December 31 2025.xls,RoomSales,90,2025-10-04,2025-12-31,60,2025-10-10,1.0,34,17,17,0,0,0,34,6464.62,190.1359,190.1359,6464.62,190.1359,190.1359,Standard
Block 4  October 4 to December 31 2025.xls,RoomSales,95,2025-10-04,2025-12-31,60,2025-10-10,0.9231,24,9,15,0,2,0,26,4900.02,204.1675,188.4623,4900.02,204.1675,188.4623,Suite
Block 4  October 4 to December 31 2025.xls,RoomSales,103,2025-10-04,2025-12-31,60,2025-10-11,1.0,34,7,27,0,0,0,34,6843.12,201.2682,201.2682,6843.12,201.2682,201.2682,Standard
Block 4  October 4 to December 31 2025.xls,RoomSales,108,2025-10-04,2025-12-31,60,2025-10-11,1.0,26,6,20,0,0,0,26,5383.91,207.0735,207.0735,5383.91,207.0735,207.0735,Suite
Block 4  October 4 to December 31 2025.xls,RoomSales,116,2025-10-04,2025-12-31,60,2025-10-12,0.9706,33,14,19,0,1,0,34,6167.93,186.907,181.4097,6167.93,186.907,181.4097,Standard
Block 4  October 4 to December 31 2025.xls,RoomSales,121,2025-10-04,2025-12-31,60,2025-10-12,1.0,26,16,10,0,0,0,26,4851.48,186.5954,186.5954,4826.48,185.6338,185.6338,Suite
Block 4  October 4 to December 31 2025.xls,RoomSales,129,2025-10-04,2025-12-31,60,2025-10-13,0.3235,11,11,0,0,0,16,18,1153.02,104.82,64.0567,1153.02,104.82,64.0567,Standard
Block 4  October 4 to December 31 2025.xls,RoomSales,134,2025-10-04,2025-12-31,60,2025-10-13,0.4231,11,11,0,0,0,11,15,1160.94,105.54,77.396,1160.94,105.54,77.396,Suite
Block 4  October 4 to December 31 2025.xls,RoomSales,142,2025-10-04,2025-12-31,60,2025-10-14,0.5882,20,19,1,0,0,0,34,2272.54,113.627,66.8394,2272.54,113.627,66.8394,Standard
Block 4  October 4 to December 31 2025.xls,RoomSales,147,2025-10-04,2025-12-31,60,2025-10-14,0.6538,17,16,1,0,0,1,25,1959.93,115.29,78.3972,1959.93,115.29,78.3972,Suite
Block 4  October 4 to December 31 2025.xls,RoomSales,155,2025-10-04,2025-12-31,60,2025-10-15,0.9412,32,20,12,0,0,1,33,4987.84,155.87,151.1467,4987.84,155.87,151.1467,Standard
Block 4  October 4 to December 31 2025.xls,RoomSales,160,2025-10-04,2025-12-31,60,2025-10-15,0.8077,21,13,8,0,0,3,23,3286.68,156.5086,142.8991,3286.68,156.5086,142.8991,Suite
Block 4  October 4 to December 31 2025.xls,RoomSales,168,2025-10-04,2025-12-31,60,2025-10-16,0.9412,32,18,14,0,0,1,33,5246.08,163.94,158.9721,5246.08,163.94,158.9721,Standard
Block 4  October 4 to December 31 2025.xls,RoomSales,173,2025-10-04,2025-12-31,60,2025-10-16,0.9615,25,16,9,0,0,0,26,4158.06,166.3224,159.9254,4158.06,166.3224,159.9254,Suite
Block 4  October 4 to December 31 2025.xls,RoomSales,181,2025-10-04,2025-12-31,60,2025-10-17,0.9118,31,8,23,0,1,0,34,6677.75,215.4113,196.4044,6677.75,215.4113,196.4044,Standard
Block 4  October 4 to December 31 2025.xls,RoomSales,186,2025-10-04,2025-12-31,60,2025-10-17,0.8462,22,0,22,0,1,0,26,5241.0,238.2273,201.5769,5241.0,238.2273,201.5769,Suite
Block 4  October 4 to December 31 2025.xls,RoomSales,194,2025-10-04,2025-12-31,60,2025-10-18,1.0,34,7,27,0,0,0,34,7338.36,215.8341,215.8341,7203.58,211.87,211.87,Standard
Block 4  October 4 to December 31 2025.xls,RoomSales,199,2025-10-04,2025-12-31,60,2025-10-18,0.9615,25,1,24,0,1,0,26,6336.01,253.4404,243.6927,6336.01,253.4404,243.6927,Suite
Block 4  October 4 to December 31 2025.xls,RoomSales,207,2025-10-04,2025-12-31,60,2025-10-19,0.7353,25,20,5,0,0,1,33,3640.35,145.614,110.3136,3640.35,145.614,110.3136,Standard
Block 4  October 4 to December 31 2025.xls,RoomSales,212,2025-10-04,2025-12-31,60,2025-10-19,0.7692,20,15,5,0,1,2,24,3347.45,167.3725,139.4771,3347.45,167.3725,139.4771,Suite
Block 4  October 4 to December 31 2025.xls,RoomSales,220,2025-10-04,2025-12-31,60,2025-10-20,0.6176,21,17,4,0,0,1,33,3074.3,146.3952,93.1606,3074.3,146.3952,93.1606,Standard
Block 4  October 4 to December 31 2025.xls,RoomSales,225,2025-10-04,2025-12-31,60,2025-10-20,0.8077,21,16,5,0,0,1,25,3528.18,168.0086,141.1272,3528.18,168.0086,141.1272,Suite
Block 4  October 4 to December 31 2025.xls,RoomSales,233,2025-10-04,2025-12-31,60,2025-10-21,0.7059,24,24,0,0,0,1,33,2822.18,117.5908,85.5206,2661.08,110.8783,80.6388,Standard
Block 4  October 4 to December 31 2025.xls,RoomSales,238,2025-10-04,2025-12-31,60,2025-10-21,0.8462,22,22,0,0,0,1,25,2471.87,112.3577,98.8748,2471.87,112.3577,98.8748,Suite
Block 4  October 4 to December 31 2025.xls,RoomSales,246,2025-10-04,2025-12-31,60,2025-10-22,0.3235,11,11,0,0,1,2,32,992.44,90.2218,31.0138,992.44,90.2218,31.0138,Standard
Block 4  October 4 to December 31 2025.xls,RoomSales,251,2025-10-04,2025-12-31,60,2025-10-22,0.6538,17,17,0,0,0,1,25,1640.01,96.4712,65.6004,1640.01,96.4712,65.6004,Suite
Block 4  October 4 to December 31 2025.xls,RoomSales,259,2025-10-04,2025-12-31,60,2025-10-23,0.7941,27,26,1,0,0,0,34,3246.1,120.2259,95.4735,3246.1,120.2259,95.4735,Standard
Block 4  October 4 to December 31 2025.xls,RoomSales,264,2025-10-04,2025-12-31,60,2025-10-23,0.7692,20,19,1,0,0,0,26,2673.88,133.694,102.8415,2673.88,133.694,102.8415,Suite
Block 4  October 4 to December 31 2025.xls,RoomSales,272,2025-10-04,2025-12-31,60,2025-10-24,0.9412,32,10,22,0,0,0,34,6560.87,205.0272,192.9668,6374.87,199.2147,187.4962,Standard
Block 4  October 4 to December 31 2025.xls,RoomSales,277,2025-10-04,2025-12-31,60,2025-10-24,0.9231,24,10,14,0,1,0,26,6072.99,253.0412,233.5765,5562.99,231.7912,213.9612,Suite
Block 4  October 4 to December 31 2025.xls,RoomSales,285,2025-10-04,2025-12-31,60,2025-10-25,1.0,34,3,31,0,0,0,34,7417.33,218.1568,218.1568,7417.33,218.1568,218.1568,Standard
Block 4  October 4 to December 31 2025.xls,RoomSales,290,2025-10-04,2025-12-31,60,2025-10-25,0.9615,25,5,20,0,1,0,26,5784.1,231.364,222.4654,5466.1,218.644,210.2346,Suite
Block 4  October 4 to December 31 2025.xls,RoomSales,298,2025-10-04,2025-12-31,60,2025-10-26,0.5,17,10,7,0,0,12,22,2636.55,155.0912,119.8432,2636.55,155.0912,119.8432,Standard
Block 4  October 4 to December 31 2025.xls,RoomSales,303,2025-10-04,2025-12-31,60,2025-10-26,0.4615,12,8,4,0,0,7,19,1842.48,153.54,96.9726,1842.48,153.54,96.9726,Suite
Block 4  October 4 to December 31 2025.xls,RoomSales,311,2025-10-04,2025-12-31,60,2025-10-27,0.4706,16,10,6,0,0,4,30,2379.71,148.7319,79.3237,2379.71,148.7319,79.3237,Standard
Block 4  October 4 to December 31 2025.xls,RoomSales,316,2025-10-04,2025-12-31,60,2025-10-27,0.4231,11,10,1,0,0,2,24,1333.49,121.2264,55.5621,1333.49,121.2264,55.5621,Suite
Block 4  October 4 to December 31 2025.xls,RoomSales,324,2025-10-04,2025-12-31,60,2025-10-28,0.8824,30,9,21,0,0,1,33,5702.52,190.084,172.8036,5702.52,190.084,172.8036,Standard
Block 4  October 4 to December 31 2025.xls,RoomSales,329,2025-10-04,2025-12-31,60,2025-10-28,0.3846,10,5,5,0,0,0,26,1999.46,199.946,76.9023,1999.46,199.946,76.9023,Suite
Block 4  October 4 to December 31 2025.xls,RoomSales,337,2025-10-04,2025-12-31,60,2025-10-29,0.9412,32,9,23,0,0,1,33,6127.53,191.4853,185.6827,6127.53,191.4853,185.6827,Standard
Block 4  October 4 to December 31 2025.xls,RoomSales,342,2025-10-04,2025-12-31,60,2025-10-29,0.5385,14,9,5,0,0,0,26,2206.88,157.6343,84.88,2206.88,157.6343,84.88,Suite
Block 4  October 4 to December 31 2025.xls,RoomSales,350,2025-10-04,2025-12-31,60,2025-10-30,0.8235,28,13,15,0,0,1,33,4939.33,176.4046,149.6767,4939.33,176.4046,149.6767,Standard
Block 4  October 4 to December 31 2025.xls,RoomSales,355,2025-10-04,2025-12-31,60,2025-10-30,0.6538,17,14,3,0,0,0,26,2780.52,163.56,106.9431,2780.52,163.56,106.9431,Suite
Block 4  October 4 to December 31 2025.xls,RoomSales,363,2025-10-04,2025-12-31,60,2025-10-31,1.0,34,18,16,0,0,0,34,6212.64,182.7247,182.7247,6212.64,182.7247,182.7247,Standard
Block 4  October 4 to December 31 2025.xls,RoomSales,368,2025-10-04,2025-12-31,60,2025-10-31,1.0,26,17,9,1,0,0,26,4989.44,191.9015,191.9015,4989.44,191.9015,191.9015,Suite
Block 4  October 4 to December 31 2025.xls,RoomSales,376,2025-10-04,2025-12-31,60,2025-11-01,1.0,34,11,23,0,0,0,34,6826.99,200.7938,200.7938,6826.99,200.7938,200.7938,Standard
Block 4  October 4 to December 31 2025.xls,RoomSales,381,2025-10-04,2025-12-31,60,2025-11-01,1.0,26,10,16,0,0,0,26,5682.99,218.5765,218.5765,5682.99,218.5765,218.5765,Suite
Block 4  October 4 to December 31 2025.xls,RoomSales,389,2025-10-04,2025-12-31,60,2025-11-02,0.7059,24,17,7,0,0,1,33,4000.39,166.6829,121.2239,4000.39,166.6829,121.2239,Standard
Block 4  October 4 to December 31 2025.xls,RoomSales,394,2025-10-04,2025-12-31,60,2025-11-02,0.5385,14,10,4,0,0,0,26,2159.86,154.2757,83.0715,2159.86,154.2757,83.0715,Suite
Block 4  October 4 to December 31 2025.xls,RoomSales,402,2025-10-04,2025-12-31,60,2025-11-03,0.2941,10,10,0,0,0,0,34,1398.16,139.816,41.1224,1398.16,139.816,41.1224,Standard
Block 4  October 4 to December 31 2025.xls,RoomSales,407,2025-10-04,2025-12-31,60,2025-11-03,0.4231,11,11,0,0,0,0,26,1101.64,100.1491,42.3708,1101.64,100.1491,42.3708,Suite
Block 4  October 4 to December 31 2025.xls,RoomSales,415,2025-10-04,2025-12-31,60,2025-11-04,0.4706,16,16,0,0,0,0,34,2192.6,137.0375,64.4882,2192.6,137.0375,64.4882,Standard
Block 4  October 4 to December 31 2025.xls,RoomSales,420,2025-10-04,2025-12-31,60,2025-11-04,0.4231,11,11,0,0,0,2,24,1079.74,98.1582,44.9892,1079.74,98.1582,44.9892,Suite
Block 4  October 4 to December 31 2025.xls,RoomSales,428,2025-10-04,2025-12-31,60,2025-11-05,0.4412,15,15,0,0,0,0,34,2140.73,142.7153,62.9626,2001.23,133.4153,58.8597,Standard
Block 4  October 4 to December 31 2025.xls,RoomSales,433,2025-10-04,2025-12-31,60,2025-11-05,0.1923,5,5,0,0,0,1,25,392.98,78.596,15.7192,392.98,78.596,15.7192,Suite
Block 4  October 4 to December 31 2025.xls,RoomSales,441,2025-10-04,2025-12-31,60,2025-11-06,0.5294,18,18,0,0,0,0,34,2057.64,114.3133,60.5188,2057.64,114.3133,60.5188,Standard
Block 4  October 4 to December 31 2025.xls,RoomSales,446,2025-10-04,2025-12-31,60,2025-11-06,0.4231,11,11,0,1,0,0,26,1032.76,93.8873,39.7215,1032.76,93.8873,39.7215,Suite
Block 4  October 4 to December 31 2025.xls,RoomSales,454,2025-10-04,2025-12-31,60,2025-11-07,1.0,34,25,9,0,0,0,34,6733.78,198.0524,198.0524,6629.13,194.9744,194.9744,Standard
Block 4  October 4 to December 31 2025.xls,RoomSales,459,2025-10-04,2025-12-31,60,2025-11-07,1.0,26,18,8,0,0,0,26,5025.69,193.2958,193.2958,5025.69,193.2958,193.2958,Suite
Block 4  October 4 to December 31 2025.xls,RoomSales,467,2025-10-04,2025-12-31,60,2025-11-08,1.0,34,22,12,0,0,0,34,6608.29,194.3615,194.3615,6608.29,194.3615,194.3615,Standard
Block 4  October 4 to December 31 2025.xls,RoomSales,472,2025-10-04,2025-12-31,60,2025-11-08,1.0,26,16,10,0,0,0,26,5239.95,201.5365,201.5365,5239.95,201.5365,201.5365,Suite
Block 4  October 4 to December 31 2025.xls,RoomSales,480,2025-10-04,2025-12-31,60,2025-11-09,0.6765,23,23,0,0,0,4,30,3357.65,145.9848,111.9217,3357.65,145.9848,111.9217,Standard
Block 4  October 4 to December 31 2025.xls,RoomSales,485,2025-10-04,2025-12-31,60,2025-11-09,0.3462,9,9,0,0,0,1,25,1378.36,153.1511,55.1344,1140.36,126.7067,45.6144,Suite
Block 4  October 4 to December 31 2025.xls,RoomSales,493,2025-10-04,2025-12-31,60,2025-11-10,0.5882,20,20,0,2,0,6,28,2160.17,108.0085,77.1489,2160.17,108.0085,77.1489,Standard
Block 4  October 4 to December 31 2025.xls,RoomSales,498,2025-10-04,2025-12-31,60,2025-11-10,0.5769,15,15,0,0,0,0,26,1599.36,106.624,61.5138,1599.36,106.624,61.5138,Suite
Block 4  October 4 to December 31 2025.xls,RoomSales,506,2025-10-04,2025-12-31,60,2025-11-11,0.5882,20,20,0,1,0,3,31,2337.59,116.8795,75.4061,2016.74,100.837,65.0561,Standard
Block 4  October 4 to December 31 2025.xls,RoomSales,511,2025-10-04,2025-12-31,60,2025-11-11,0.3462,9,9,0,0,0,0,26,971.04,107.8933,37.3477,609.25,67.6944,23.4327,Suite
Block 4  October 4 to December 31 2025.xls,RoomSales,519,2025-10-04,2025-12-31,60,2025-11-12,0.5588,19,19,0,0,0,5,29,1889.62,99.4537,65.1593,1889.62,99.4537,65.1593,Standard
Block 4  October 4 to December 31 2025.xls,RoomSales,524,2025-10-04,2025-12-31,60,2025-11-12,0.3846,10,10,0,0,0,1,25,1008.8,100.88,40.352,1008.8,100.88,40.352,Suite
Block 4  October 4 to December 31 2025.xls,RoomSales,532,2025-10-04,2025-12-31,60,2025-11-13,0.5,17,16,1,0,0,2,32,2099.6,123.5059,65.6125,2099.6,123.5059,65.6125,Standard
Block 4  October 4 to December 31 2025.xls,RoomSales,537,2025-10-04,2025-12-31,60,2025-11-13,0.3077,8,8,0,0,0,2,24,974.35,121.7938,40.5979,974.35,121.7938,40.5979,Suite
Block 4  October 4 to December 31 2025.xls,RoomSales,545,2025-10-04,2025-12-31,60,2025-11-14,0.9706,33,30,3,0,0,0,34,4573.99,138.6058,134.5291,4573.99,138.6058,134.5291,Standard
Block 4  October 4 to December 31 2025.xls,RoomSales,550,2025-10-04,2025-12-31,60,2025-11-14,0.8077,21,19,2,0,0,0,26,3425.34,163.1114,131.7438,3425.34,163.1114,131.7438,Suite
Block 4  October 4 to December 31 2025.xls,RoomSales,558,2025-10-04,2025-12-31,60,2025-11-15,0.9706,33,27,6,0,0,0,34,5230.62,158.5036,153.8418,5230.62,158.5036,153.8418,Standard
Block 4  October 4 to December 31 2025.xls,RoomSales,563,2025-10-04,2025-12-31,60,2025-11-15,1.0,26,24,2,0,0,0,26,4566.05,175.6173,175.6173,4566.05,175.6173,175.6173,Suite
Block 4  October 4 to December 31 2025.xls,RoomSales,571,2025-10-04,2025-12-31,60,2025-11-16,0.2353,8,8,0,0,0,8,26,1121.6,140.2,43.1385,1121.6,140.2,43.1385,Standard
Block 4  October 4 to December 31 2025.xls,RoomSales,576,2025-10-04,2025-12-31,60,2025-11-16,0.4231,11,11,0,0,0,7,19,1504.79,136.7991,79.1995,1504.79,136.7991,79.1995,Suite
Block 4  October 4 to December 31 2025.xls,RoomSales,584,2025-10-04,2025-12-31,60,2025-11-17,0.1765,6,6,0,0,0,11,23,799.09,133.1817,34.743,799.09,133.1817,34.743,Standard
Block 4  October 4 to December 31 2025.xls,RoomSales,589,2025-10-04,2025-12-31,60,2025-11-17,0.1923,5,5,0,0,0,7,19,520.41,104.082,27.39,520.41,104.082,27.39,Suite
Block 4  October 4 to December 31 2025.xls,RoomSales,597,2025-10-04,2025-12-31,60,2025-11-18,0.2353,8,8,0,0,0,3,31,1087.19,135.8988,35.0706,1087.19,135.8988,35.0706,Standard
Block 4  October 4 to December 31 2025.xls,RoomSales,602,2025-10-04,2025-12-31,60,2025-11-18,0.3077,8,8,0,0,0,2,24,718.69,89.8363,29.9454,718.69,89.8363,29.9454,Suite
Block 4  October 4 to December 31 2025.xls,RoomSales,610,2025-10-04,2025-12-31,60,2025-11-19,0.4706,16,16,0,0,0,4,30,2029.66,126.8538,67.6553,2029.66,126.8538,67.6553,Standard
Block 4  October 4 to December 31 2025.xls,RoomSales,615,2025-10-04,2025-12-31,60,2025-11-19,0.4231,11,11,0,0,0,1,25,1490.21,135.4736,59.6084,1490.21,135.4736,59.6084,Suite
Block 4  October 4 to December 31 2025.xls,RoomSales,623,2025-10-04,2025-12-31,60,2025-11-20,0.4412,15,15,0,0,0,1,33,1858.69,123.9127,56.3239,1808.69,120.5793,54.8088,Standard
Block 4  October 4 to December 31 2025.xls,RoomSales,628,2025-10-04,2025-12-31,60,2025-11-20,0.4231,11,11,0,0,0,1,25,1219.72,110.8836,48.7888,1219.72,110.8836,48.7888,Suite
Block 4  October 4 to December 31 2025.xls,RoomSales,636,2025-10-04,2025-12-31,60,2025-11-21,1.0,34,29,5,0,0,0,34,5360.36,157.6576,157.6576,5056.06,148.7076,148.7076,Standard
Block 4  October 4 to December 31 2025.xls,RoomSales,641,2025-10-04,2025-12-31,60,2025-11-21,0.9231,24,20,4,0,0,1,25,3579.13,149.1304,143.1652,3579.13,149.1304,143.1652,Suite
Block 4  October 4 to December 31 2025.xls,RoomSales,649,2025-10-04,2025-12-31,60,2025-11-22,0.9706,33,28,5,0,0,0,34,5686.61,172.3215,167.2532,5686.61,172.3215,167.2532,Standard
Block 4  October 4 to December 31 2025.xls,RoomSales,654,2025-10-04,2025-12-31,60,2025-11-22,0.9615,25,22,3,0,1,0,26,3665.5,146.62,140.9808,3665.5,146.62,140.9808,Suite
Block 4  October 4 to December 31 2025.xls,RoomSales,662,2025-10-04,2025-12-31,60,2025-11-23,0.5,17,17,0,0,0,5,29,2324.65,136.7441,80.1603,2112.15,124.2441,72.8328,Standard
Block 4  October 4 to December 31 2025.xls,RoomSales,667,2025-10-04,2025-12-31,60,2025-11-23,0.3846,10,10,0,0,0,7,19,1150.86,115.086,60.5716,1150.86,115.086,60.5716,Suite
Block 4  October 4 to December 31 2025.xls,RoomSales,675,2025-10-04,2025-12-31,60,2025-11-24,0.5,17,17,0,0,0,1,33,1684.56,99.0918,51.0473,1684.56,99.0918,51.0473,Standard
Block 4  October 4 to December 31 2025.xls,RoomSales,680,2025-10-04,2025-12-31,60,2025-11-24,0.5,13,13,0,0,0,3,23,1520.14,116.9338,66.093,1520.14,116.9338,66.093,Suite
Block 4  October 4 to December 31 2025.xls,RoomSales,688,2025-10-04,2025-12-31,60,2025-11-25,0.5294,18,18,0,0,0,3,31,1785.52,99.1956,57.5974,1785.52,99.1956,57.5974,Standard
Block 4  October 4 to December 31 2025.xls,RoomSales,693,2025-10-04,2025-12-31,60,2025-11-25,0.3846,10,10,0,0,0,3,23,1400.05,140.005,60.8717,1400.05,140.005,60.8717,Suite
Block 4  October 4 to December 31 2025.xls,RoomSales,701,2025-10-04,2025-12-31,60,2025-11-26,0.7941,27,27,0,0,0,1,33,3454.17,127.9322,104.6718,3454.17,127.9322,104.6718,Standard
Block 4  October 4 to December 31 2025.xls,RoomSales,706,2025-10-04,2025-12-31,60,2025-11-26,0.5769,15,15,0,0,0,0,26,2526.91,168.4607,97.1888,2526.91,168.4607,97.1888,Suite
Block 4  October 4 to December 31 2025.xls,RoomSales,714,2025-10-04,2025-12-31,60,2025-11-27,0.9706,33,33,0,0,0,1,33,4170.62,126.3824,126.3824,4170.62,126.3824,126.3824,Standard
Block 4  October 4 to December 31 2025.xls,RoomSales,719,2025-10-04,2025-12-31,60,2025-11-27,0.9615,25,25,0,0,0,0,26,4413.5,176.54,169.75,4413.5,176.54,169.75,Suite
Block 4  October 4 to December 31 2025.xls,RoomSales,727,2025-10-04,2025-12-31,60,2025-11-28,1.0,34,33,1,0,0,0,34,4413.74,129.8159,129.8159,4413.74,129.8159,129.8159,Standard
Block 4  October 4 to December 31 2025.xls,RoomSales,732,2025-10-04,2025-12-31,60,2025-11-28,0.9615,25,25,0,0,0,0,26,3517.42,140.6968,135.2854,3517.42,140.6968,135.2854,Suite
Block 4  October 4 to December 31 2025.xls,RoomSales,740,2025-10-04,2025-12-31,60,2025-11-29,0.9412,32,29,3,0,1,1,33,4299.04,134.345,130.2739,4299.04,134.345,130.2739,Standard
Block 4  October 4 to December 31 2025.xls,RoomSales,745,2025-10-04,2025-12-31,60,2025-11-29,0.8846,23,23,0,0,1,0,26,3117.68,135.5513,119.9108,3117.68,135.5513,119.9108,Suite
Block 4  October 4 to December 31 2025.xls,RoomSales,753,2025-10-04,2025-12-31,60,2025-11-30,0.4412,15,15,0,0,0,1,33,1100.65,73.3767,33.353,1100.65,73.3767,33.353,Standard
Block 4  October 4 to December 31 2025.xls,RoomSales,758,2025-10-04,2025-12-31,60,2025-11-30,0.5,13,13,0,0,0,4,22,1139.99,87.6915,51.8177,1139.99,87.6915,51.8177,Suite
Block 4  October 4 to December 31 2025.xls,RoomSales,766,2025-10-04,2025-12-31,60,2025-12-01,0.6176,21,21,0,1,0,3,31,1428.26,68.0124,46.0729,1428.26,68.0124,46.0729,Standard
Block 4  October 4 to December 31 2025.xls,RoomSales,771,2025-10-04,2025-12-31,60,2025-12-01,0.3462,9,9,0,0,0,1,25,739.89,82.21,29.5956,739.89,82.21,29.5956,Suite
Block 4  October 4 to December 31 2025.xls,RoomSales,779,2025-10-04,2025-12-31,60,2025-12-02,0.5588,19,19,0,0,2,2,32,1335.12,70.2695,41.7225,1335.12,70.2695,41.7225,Standard
Block 4  October 4 to December 31 2025.xls,RoomSales,784,2025-10-04,2025-12-31,60,2025-12-02,0.4615,12,12,0,0,1,2,24,994.26,82.855,41.4275,994.26,82.855,41.4275,Suite
Block 4  October 4 to December 31 2025.xls,RoomSales,792,2025-10-04,2025-12-31,60,2025-12-03,0.4706,16,16,0,0,0,2,32,1089.99,68.1244,34.0622,1089.99,68.1244,34.0622,Standard
Block 4  October 4 to December 31 2025.xls,RoomSales,797,2025-10-04,2025-12-31,60,2025-12-03,0.4615,12,12,0,0,0,1,25,1094.11,91.1758,43.7644,1094.11,91.1758,43.7644,Suite
Block 4  October 4 to December 31 2025.xls,RoomSales,805,2025-10-04,2025-12-31,60,2025-12-04,0.7941,27,27,0,0,0,2,32,2406.01,89.1115,75.1878,2406.01,89.1115,75.1878,Standard
Block 4  October 4 to December 31 2025.xls,RoomSales,810,2025-10-04,2025-12-31,60,2025-12-04,0.3846,10,10,0,0,0,0,26,892.61,89.261,34.3312,892.61,89.261,34.3312,Suite
Block 4  October 4 to December 31 2025.xls,RoomSales,818,2025-10-04,2025-12-31,60,2025-12-05,0.8235,28,27,1,0,0,2,32,3389.44,121.0514,105.92,3359.44,119.98,104.9825,Standard
Block 4  October 4 to December 31 2025.xls,RoomSales,823,2025-10-04,2025-12-31,60,2025-12-05,0.8462,22,17,5,0,0,1,25,3282.23,149.1923,131.2892,3245.23,147.5105,129.8092,Suite
Block 4  October 4 to December 31 2025.xls,RoomSales,831,2025-10-04,2025-12-31,60,2025-12-06,1.0,34,29,5,0,0,0,34,5003.25,147.1544,147.1544,5003.25,147.1544,147.1544,Standard
Block 4  October 4 to December 31 2025.xls,RoomSales,836,2025-10-04,2025-12-31,60,2025-12-06,1.0,26,19,7,0,0,0,26,4634.72,178.2585,178.2585,4634.72,178.2585,178.2585,Suite
Block 4  October 4 to December 31 2025.xls,RoomSales,844,2025-10-04,2025-12-31,60,2025-12-07,0.5882,20,17,3,0,0,1,33,2633.96,131.698,79.817,2633.96,131.698,79.817,Standard
Block 4  October 4 to December 31 2025.xls,RoomSales,849,2025-10-04,2025-12-31,60,2025-12-07,0.6154,16,9,7,0,0,0,26,2795.88,174.7425,107.5338,2795.88,174.7425,107.5338,Suite
Block 4  October 4 to December 31 2025.xls,RoomSales,857,2025-10-04,2025-12-31,60,2025-12-08,0.4118,14,14,0,0,0,5,29,1334.0,95.2857,46.0,1334.0,95.2857,46.0,Standard
Block 4  October 4 to December 31 2025.xls,RoomSales,862,2025-10-04,2025-12-31,60,2025-12-08,0.4615,12,12,0,0,1,5,21,1198.69,99.8908,57.0805,1198.69,99.8908,57.0805,Suite
Block 4  October 4 to December 31 2025.xls,RoomSales,870,2025-10-04,2025-12-31,60,2025-12-09,0.8824,30,30,0,0,0,2,32,2702.74,90.0913,84.4606,2702.74,90.0913,84.4606,Standard
Block 4  October 4 to December 31 2025.xls,RoomSales,875,2025-10-04,2025-12-31,60,2025-12-09,0.3846,10,10,0,0,0,2,24,925.75,92.575,38.5729,827.58,82.758,34.4825,Suite
Block 4  October 4 to December 31 2025.xls,RoomSales,883,2025-10-04,2025-12-31,60,2025-12-10,0.2647,9,9,0,0,0,4,30,778.34,86.4822,25.9447,778.34,86.4822,25.9447,Standard
Block 4  October 4 to December 31 2025.xls,RoomSales,888,2025-10-04,2025-12-31,60,2025-12-10,0.4615,12,12,0,0,0,2,24,1282.34,106.8617,53.4308,1282.34,106.8617,53.4308,Suite
Block 4  October 4 to December 31 2025.xls,RoomSales,896,2025-10-04,2025-12-31,60,2025-12-11,0.4412,15,15,0,0,0,1,33,1492.16,99.4773,45.217,1492.16,99.4773,45.217,Standard
Block 4  October 4 to December 31 2025.xls,RoomSales,901,2025-10-04,2025-12-31,60,2025-12-11,0.3462,9,9,0,0,0,1,25,702.53,78.0589,28.1012,702.53,78.0589,28.1012,Suite
Block 4  October 4 to December 31 2025.xls,RoomSales,909,2025-10-04,2025-12-31,60,2025-12-12,0.8529,29,22,7,0,0,0,34,3607.79,124.4066,106.1115,3528.79,121.6824,103.7879,Standard
Block 4  October 4 to December 31 2025.xls,RoomSales,914,2025-10-04,2025-12-31,60,2025-12-12,0.8077,21,21,0,0,0,1,25,2529.39,120.4471,101.1756,2529.39,120.4471,101.1756,Suite
Block 4  October 4 to December 31 2025.xls,RoomSales,922,2025-10-04,2025-12-31,60,2025-12-13,0.8235,28,25,3,0,1,1,33,3238.83,115.6725,98.1464,3238.83,115.6725,98.1464,Standard
Block 4  October 4 to December 31 2025.xls,RoomSales,927,2025-10-04,2025-12-31,60,2025-12-13,0.9231,24,22,2,0,1,1,25,3316.1,138.1708,132.644,3316.1,138.1708,132.644,Suite
Block 4  October 4 to December 31 2025.xls,RoomSales,935,2025-10-04,2025-12-31,60,2025-12-14,0.4706,16,16,0,0,0,9,25,1169.3,73.0812,46.772,1169.3,73.0812,46.772,Standard
Block 4  October 4 to December 31 2025.xls,RoomSales,940,2025-10-04,2025-12-31,60,2025-12-14,0.3077,8,8,0,0,0,4,22,857.77,107.2212,38.9895,857.77,107.2212,38.9895,Suite
Block 4  October 4 to December 31 2025.xls,RoomSales,948,2025-10-04,2025-12-31,60,2025-12-15,0.3235,11,11,0,0,0,9,25,904.92,82.2655,36.1968,904.92,82.2655,36.1968,Standard
Block 4  October 4 to December 31 2025.xls,RoomSales,953,2025-10-04,2025-12-31,60,2025-12-15,0.2692,7,7,0,0,0,4,22,696.51,99.5014,31.6595,696.51,99.5014,31.6595,Suite
Block 4  October 4 to December 31 2025.xls,RoomSales,961,2025-10-04,2025-12-31,60,2025-12-16,0.4412,15,15,0,0,0,1,33,1359.6,90.64,41.2,1359.6,90.64,41.2,Standard
Block 4  October 4 to December 31 2025.xls,RoomSales,966,2025-10-04,2025-12-31,60,2025-12-16,0.3077,8,8,0,0,0,2,24,680.19,85.0238,28.3412,680.19,85.0238,28.3412,Suite
Block 4  October 4 to December 31 2025.xls,RoomSales,974,2025-10-04,2025-12-31,60,2025-12-17,0.5882,20,20,0,0,0,1,33,1720.1,86.005,52.1242,1535.18,76.759,46.5206,Standard
Block 4  October 4 to December 31 2025.xls,RoomSales,979,2025-10-04,2025-12-31,60,2025-12-17,0.5385,14,14,0,0,0,1,25,1846.9,131.9214,73.876,1846.9,131.9214,73.876,Suite
Block 4  October 4 to December 31 2025.xls,RoomSales,987,2025-10-04,2025-12-31,60,2025-12-18,0.6765,23,23,0,0,0,1,33,2361.21,102.6613,71.5518,2294.35,99.7543,69.5258,Standard
Block 4  October 4 to December 31 2025.xls,RoomSales,992,2025-10-04,2025-12-31,60,2025-12-18,0.7692,20,20,0,0,0,1,25,2620.03,131.0015,104.8012,2620.03,131.0015,104.8012,Suite
Block 4  October 4 to December 31 2025.xls,RoomSales,1000,2025-10-04,2025-12-31,60,2025-12-19,0.7941,27,27,0,0,0,1,33,3339.48,123.6844,101.1964,3339.48,123.6844,101.1964,Standard
Block 4  October 4 to December 31 2025.xls,RoomSales,1005,2025-10-04,2025-12-31,60,2025-12-19,0.8462,22,22,0,0,0,1,25,3232.58,146.9355,129.3032,3232.58,146.9355,129.3032,Suite
Block 4  October 4 to December 31 2025.xls,RoomSales,1013,2025-10-04,2025-12-31,60,2025-12-20,0.9706,33,33,0,0,0,0,34,4177.38,126.5873,122.8641,3968.38,120.2539,116.7171,Standard
Block 4  October 4 to December 31 2025.xls,RoomSales,1018,2025-10-04,2025-12-31,60,2025-12-20,0.9231,24,24,0,0,0,1,25,3351.81,139.6587,134.0724,3326.81,138.6171,133.0724,Suite
Block 4  October 4 to December 31 2025.xls,RoomSales,1026,2025-10-04,2025-12-31,60,2025-12-21,0.5,17,17,0,0,0,1,33,1504.54,88.5024,45.5921,1320.94,77.7024,40.0285,Standard
Block 4  October 4 to December 31 2025.xls,RoomSales,1031,2025-10-04,2025-12-31,60,2025-12-21,0.6923,18,18,0,0,0,0,26,2156.95,119.8306,82.9596,2156.95,119.8306,82.9596,Suite
Block 4  October 4 to December 31 2025.xls,RoomSales,1039,2025-10-04,2025-12-31,60,2025-12-22,0.3824,13,13,0,0,0,0,34,1239.35,95.3346,36.4515,1239.35,95.3346,36.4515,Standard
Block 4  October 4 to December 31 2025.xls,RoomSales,1044,2025-10-04,2025-12-31,60,2025-12-22,0.5769,15,15,0,0,0,2,24,1799.93,119.9953,74.9971,1799.93,119.9953,74.9971,Suite
Block 4  October 4 to December 31 2025.xls,RoomSales,1052,2025-10-04,2025-12-31,60,2025-12-23,0.3824,13,13,0,0,0,2,32,1350.0,103.8462,42.1875,1350.0,103.8462,42.1875,Standard
Block 4  October 4 to December 31 2025.xls,RoomSales,1057,2025-10-04,2025-12-31,60,2025-12-23,0.5385,14,14,0,0,0,2,24,1611.03,115.0736,67.1262,1611.03,115.0736,67.1262,Suite
Block 4  October 4 to December 31 2025.xls,RoomSales,1065,2025-10-04,2025-12-31,60,2025-12-24,0.6176,21,21,0,0,0,2,32,2243.67,106.8414,70.1147,2243.67,106.8414,70.1147,Standard
Block 4  October 4 to December 31 2025.xls,RoomSales,1070,2025-10-04,2025-12-31,60,2025-12-24,0.7308,19,19,0,0,0,1,25,2156.26,113.4874,86.2504,2156.26,113.4874,86.2504,Suite
Block 4  October 4 to December 31 2025.xls,RoomSales,1078,2025-10-04,2025-12-31,60,2025-12-25,0.3824,13,13,0,0,0,1,33,1426.48,109.7292,43.2267,1426.48,109.7292,43.2267,Standard
Block 4  October 4 to December 31 2025.xls,RoomSales,1083,2025-10-04,2025-12-31,60,2025-12-25,0.6923,18,18,0,0,0,3,23,1860.94,103.3856,80.9104,1860.94,103.3856,80.9104,Suite
Block 4  October 4 to December 31 2025.xls,RoomSales,1091,2025-10-04,2025-12-31,60,2025-12-26,0.5,17,17,0,0,2,1,33,2508.88,147.5812,76.0267,2375.03,139.7076,71.9706,Standard
Block 4  October 4 to December 31 2025.xls,RoomSales,1096,2025-10-04,2025-12-31,60,2025-12-26,0.8846,23,21,2,0,0,1,25,3342.4,145.3217,133.696,3131.02,136.1313,125.2408,Suite
Block 4  October 4 to December 31 2025.xls,RoomSales,1104,2025-10-04,2025-12-31,60,2025-12-27,0.6471,22,21,1,0,0,1,33,3159.55,143.6159,95.7439,3159.55,143.6159,95.7439,Standard
Block 4  October 4 to December 31 2025.xls,RoomSales,1109,2025-10-04,2025-12-31,60,2025-12-27,0.8462,22,20,2,0,0,0,26,3271.52,148.7055,125.8277,3271.52,148.7055,125.8277,Suite
Block 4  October 4 to December 31 2025.xls,RoomSales,1117,2025-10-04,2025-12-31,60,2025-12-28,0.5,17,17,0,0,0,2,32,1985.46,116.7918,62.0456,1985.46,116.7918,62.0456,Standard
Block 4  October 4 to December 31 2025.xls,RoomSales,1122,2025-10-04,2025-12-31,60,2025-12-28,0.5,13,13,0,0,0,1,25,1373.09,105.6223,54.9236,1373.09,105.6223,54.9236,Suite
Block 4  October 4 to December 31 2025.xls,RoomSales,1130,2025-10-04,2025-12-31,60,2025-12-29,0.3235,11,11,0,0,0,1,33,1220.5,110.9545,36.9848,1220.5,110.9545,36.9848,Standard
Block 4  October 4 to December 31 2025.xls,RoomSales,1135,2025-10-04,2025-12-31,60,2025-12-29,0.6538,17,17,0,0,0,0,26,1943.3,114.3118,74.7423,1943.3,114.3118,74.7423,Suite
Block 4  October 4 to December 31 2025.xls,RoomSales,1143,2025-10-04,2025-12-31,60,2025-12-30,0.5882,20,10,10,0,0,1,33,3482.53,174.1265,105.5312,3482.53,174.1265,105.5312,Standard
Block 4  October 4 to December 31 2025.xls,RoomSales,1148,2025-10-04,2025-12-31,60,2025-12-30,0.6154,16,12,4,0,0,1,25,2558.34,159.8963,102.3336,1881.54,117.5962,75.2616,Suite
Block 4  October 4 to December 31 2025.xls,RoomSales,1156,2025-10-04,2025-12-31,60,2025-12-31,0.9412,32,10,22,0,1,0,34,6471.06,202.2206,190.3253,6471.06,202.2206,190.3253,Standard
Block 4  October 4 to December 31 2025.xls,RoomSales,1161,2025-10-04,2025-12-31,60,2025-12-31,0.8846,23,17,6,0,1,0,26,3828.21,166.4439,147.2388,3828.21,166.4439,147.2388,Suite
