source_file,source_sheet,source_row,report_period_start,report_period_end,property_total_rooms,business_date,occupancy_rate_reported,rooms_sold,transient_rooms,group_rooms,day_use_rooms,comp_rooms,out_of_order_rooms,on_market_rooms,room_revenue_gross,adr_gross,revpar_gross,room_revenue_net,adr_net,revpar_net
Block12023roomtypes.xls,RoomSales,11,2023-01-01,2023-04-02,60,2023-01-01,0.3833,23,23,0,0,0,28,32,2458.43,106.8883,76.8259,2458.43,106.8883,76.8259
Block12023roomtypes.xls,RoomSales,24,2023-01-01,2023-04-02,60,2023-01-02,0.2167,13,13,0,0,0,24,36,1269.7,97.6692,35.2694,1269.7,97.6692,35.2694
Block12023roomtypes.xls,RoomSales,37,2023-01-01,2023-04-02,60,2023-01-03,0.4333,26,26,0,0,0,20,40,2973.79,114.3765,74.3448,2973.79,114.3765,74.3448
Block12023roomtypes.xls,RoomSales,50,2023-01-01,2023-04-02,60,2023-01-04,0.4167,25,25,0,0,0,7,53,2706.71,108.2684,51.07,2706.71,108.2684,51.07
Block12023roomtypes.xls,RoomSales,63,2023-01-01,2023-04-02,60,2023-01-05,0.4667,28,28,0,0,0,1,59,3084.63,110.1654,52.2819,3084.63,110.1654,52.2819
Block12023roomtypes.xls,RoomSales,76,2023-01-01,2023-04-02,60,2023-01-06,0.7833,47,47,0,0,0,2,58,5372.1,114.3,92.6224,5372.1,114.3,92.6224
Block12023roomtypes.xls,RoomSales,89,2023-01-01,2023-04-02,60,2023-01-07,0.9,54,54,0,0,0,1,59,6245.71,115.6613,105.8595,6245.71,115.6613,105.8595
Block12023roomtypes.xls,RoomSales,102,2023-01-01,2023-04-02,60,2023-01-08,0.3667,22,22,0,0,0,8,52,2417.92,109.9055,46.4985,2417.92,109.9055,46.4985
Block12023roomtypes.xls,RoomSales,115,2023-01-01,2023-04-02,60,2023-01-09,0.4333,26,26,0,0,0,8,52,2809.16,108.0446,54.0223,2809.16,108.0446,54.0223
Block12023roomtypes.xls,RoomSales,128,2023-01-01,2023-04-02,60,2023-01-10,0.4,24,24,0,0,0,9,51,2658.53,110.7721,52.128,2658.53,110.7721,52.128
Block12023roomtypes.xls,RoomSales,141,2023-01-01,2023-04-02,60,2023-01-11,0.5333,32,32,0,0,0,3,57,3532.66,110.3956,61.9765,3532.66,110.3956,61.9765
Block12023roomtypes.xls,RoomSales,154,2023-01-01,2023-04-02,60,2023-01-12,0.5833,35,35,0,0,0,1,59,3664.45,104.6986,62.1093,3664.45,104.6986,62.1093
Block12023roomtypes.xls,RoomSales,167,2023-01-01,2023-04-02,60,2023-01-13,0.9833,59,59,0,0,0,0,60,6642.61,112.5866,110.7102,6642.61,112.5866,110.7102
Block12023roomtypes.xls,RoomSales,180,2023-01-01,2023-04-02,60,2023-01-14,0.95,57,57,0,0,0,0,60,6476.7,113.6263,107.945,6476.7,113.6263,107.945
Block12023roomtypes.xls,RoomSales,193,2023-01-01,2023-04-02,60,2023-01-15,0.8333,50,50,0,0,0,3,57,5342.39,106.8478,93.7261,5263.39,105.2678,92.3402
Block12023roomtypes.xls,RoomSales,206,2023-01-01,2023-04-02,60,2023-01-16,0.4333,26,16,10,0,0,28,32,2769.16,106.5062,86.5362,2769.16,106.5062,86.5362
Block12023roomtypes.xls,RoomSales,219,2023-01-01,2023-04-02,60,2023-01-17,0.7167,43,33,10,0,0,3,57,4736.82,110.1586,83.1021,4736.82,110.1586,83.1021
Block12023roomtypes.xls,RoomSales,232,2023-01-01,2023-04-02,60,2023-01-18,0.6,36,36,0,0,0,2,58,3983.72,110.6589,68.6848,3983.72,110.6589,68.6848
Block12023roomtypes.xls,RoomSales,245,2023-01-01,2023-04-02,60,2023-01-19,0.9833,59,24,35,0,0,0,60,6720.17,113.9012,112.0028,6720.17,113.9012,112.0028
Block12023roomtypes.xls,RoomSales,258,2023-01-01,2023-04-02,60,2023-01-20,,61,48,13,1,0,0,60,6889.1,112.9361,114.8183,6889.1,112.9361,114.8183
Block12023roomtypes.xls,RoomSales,271,2023-01-01,2023-04-02,60,2023-01-21,0.9833,59,46,13,0,1,0,60,6559.29,111.1744,109.3215,6559.29,111.1744,109.3215
Block12023roomtypes.xls,RoomSales,284,2023-01-01,2023-04-02,60,2023-01-22,0.55,33,21,12,0,0,11,49,3637.8,110.2364,74.2408,3637.8,110.2364,74.2408
Block12023roomtypes.xls,RoomSales,297,2023-01-01,2023-04-02,60,2023-01-23,0.5667,34,22,12,0,0,1,59,3424.59,100.7232,58.0439,3424.59,100.7232,58.0439
Block12023roomtypes.xls,RoomSales,310,2023-01-01,2023-04-02,60,2023-01-24,0.85,51,28,23,0,0,0,60,5614.57,110.0896,93.5762,5614.57,110.0896,93.5762
Block12023roomtypes.xls,RoomSales,323,2023-01-01,2023-04-02,60,2023-01-25,0.9333,56,28,28,0,1,0,60,5932.92,105.945,98.882,5932.92,105.945,98.882
Block12023roomtypes.xls,RoomSales,336,2023-01-01,2023-04-02,60,2023-01-26,0.5833,35,35,0,0,0,1,59,4119.5,117.7,69.822,4119.5,117.7,69.822
Block12023roomtypes.xls,RoomSales,349,2023-01-01,2023-04-02,60,2023-01-27,0.95,57,57,0,0,1,1,59,6697.21,117.4949,113.512,6697.21,117.4949,113.512
Block12023roomtypes.xls,RoomSales,362,2023-01-01,2023-04-02,60,2023-01-28,0.9833,59,59,0,0,0,0,60,7682.67,130.2147,128.0445,7682.67,130.2147,128.0445
Block12023roomtypes.xls,RoomSales,375,2023-01-01,2023-04-02,60,2023-01-29,0.3833,23,23,0,0,0,1,59,2510.66,109.1591,42.5536,2510.66,109.1591,42.5536
Block12023roomtypes.xls,RoomSales,388,2023-01-01,2023-04-02,60,2023-01-30,0.35,21,21,0,0,0,1,59,2097.78,99.8943,35.5556,1979.63,94.2681,33.5531
Block12023roomtypes.xls,RoomSales,401,2023-01-01,2023-04-02,60,2023-01-31,0.3333,20,20,0,0,0,1,59,2032.2,101.61,34.4441,1895.94,94.797,32.1346
Block12023roomtypes.xls,RoomSales,414,2023-01-01,2023-04-02,60,2023-02-01,0.45,27,27,0,0,0,1,59,2732.66,101.2096,46.3163,2732.66,101.2096,46.3163
Block12023roomtypes.xls,RoomSales,427,2023-01-01,2023-04-02,60,2023-02-02,0.55,33,33,0,0,0,2,58,3343.48,101.3176,57.6462,3343.48,101.3176,57.6462
Block12023roomtypes.xls,RoomSales,440,2023-01-01,2023-04-02,60,2023-02-03,0.9333,56,56,0,0,0,2,58,6253.4,111.6679,107.8172,6253.4,111.6679,107.8172
Block12023roomtypes.xls,RoomSales,453,2023-01-01,2023-04-02,60,2023-02-04,0.9833,59,59,0,0,0,1,59,7228.82,122.5224,122.5224,7228.82,122.5224,122.5224
Block12023roomtypes.xls,RoomSales,466,2023-01-01,2023-04-02,60,2023-02-05,0.3167,19,19,0,0,0,4,56,2136.75,112.4605,38.1562,2136.75,112.4605,38.1562
Block12023roomtypes.xls,RoomSales,479,2023-01-01,2023-04-02,60,2023-02-06,0.3667,22,22,0,0,0,3,57,2681.86,121.9027,47.0502,2531.41,115.0641,44.4107
Block12023roomtypes.xls,RoomSales,492,2023-01-01,2023-04-02,60,2023-02-07,0.6,36,34,2,0,0,3,57,4301.31,119.4808,75.4616,4183.16,116.1989,73.3888
Block12023roomtypes.xls,RoomSales,505,2023-01-01,2023-04-02,60,2023-02-08,0.65,39,37,2,0,0,4,56,4200.93,107.7162,75.0166,4200.93,107.7162,75.0166
Block12023roomtypes.xls,RoomSales,518,2023-01-01,2023-04-02,60,2023-02-09,0.6333,38,36,2,0,0,3,57,4408.77,116.0203,77.3468,4408.77,116.0203,77.3468
Block12023roomtypes.xls,RoomSales,531,2023-01-01,2023-04-02,60,2023-02-10,0.75,45,39,6,0,0,4,56,6946.54,154.3676,124.0454,6827.79,151.7287,121.9248
Block12023roomtypes.xls,RoomSales,544,2023-01-01,2023-04-02,60,2023-02-11,0.9833,59,53,6,0,0,1,59,9299.67,157.6215,157.6215,9299.67,157.6215,157.6215
Block12023roomtypes.xls,RoomSales,557,2023-01-01,2023-04-02,60,2023-02-12,0.2333,14,14,0,0,0,4,56,1591.37,113.6693,28.4173,1591.37,113.6693,28.4173
Block12023roomtypes.xls,RoomSales,570,2023-01-01,2023-04-02,60,2023-02-13,0.3667,22,22,0,0,0,2,58,2934.04,133.3655,50.5869,2934.04,133.3655,50.5869
Block12023roomtypes.xls,RoomSales,583,2023-01-01,2023-04-02,60,2023-02-14,0.6667,40,40,0,0,0,1,59,4915.35,122.8838,83.311,4736.35,118.4087,80.2771
Block12023roomtypes.xls,RoomSales,596,2023-01-01,2023-04-02,60,2023-02-15,0.35,21,20,1,0,0,6,54,4937.43,235.1157,91.4339,2323.55,110.6452,43.0287
Block12023roomtypes.xls,RoomSales,609,2023-01-01,2023-04-02,60,2023-02-16,0.45,27,26,1,0,0,2,58,3537.38,131.0141,60.9893,3537.38,131.0141,60.9893
Block12023roomtypes.xls,RoomSales,622,2023-01-01,2023-04-02,60,2023-02-17,0.9667,58,52,6,0,0,0,60,7729.08,133.26,128.818,7729.08,133.26,128.818
Block12023roomtypes.xls,RoomSales,635,2023-01-01,2023-04-02,60,2023-02-18,0.9833,59,46,13,0,0,0,60,8034.42,136.1766,133.907,8034.42,136.1766,133.907
Block12023roomtypes.xls,RoomSales,648,2023-01-01,2023-04-02,60,2023-02-19,0.8667,52,52,0,0,0,0,60,7190.9,138.2865,119.8483,6762.9,130.0558,112.715
Block12023roomtypes.xls,RoomSales,661,2023-01-01,2023-04-02,60,2023-02-20,0.6,36,36,0,0,0,3,57,4903.46,136.2072,86.0256,4903.46,136.2072,86.0256
Block12023roomtypes.xls,RoomSales,674,2023-01-01,2023-04-02,60,2023-02-21,0.4667,28,28,0,0,0,0,60,3666.22,130.9364,61.1037,3666.22,130.9364,61.1037
Block12023roomtypes.xls,RoomSales,687,2023-01-01,2023-04-02,60,2023-02-22,0.6333,38,38,0,0,1,1,59,5627.76,148.0989,95.3858,5031.5,132.4079,85.2797
Block12023roomtypes.xls,RoomSales,700,2023-01-01,2023-04-02,60,2023-02-23,0.45,27,27,0,0,0,4,56,3851.26,142.6393,68.7725,3851.26,142.6393,68.7725
Block12023roomtypes.xls,RoomSales,713,2023-01-01,2023-04-02,60,2023-02-24,0.9833,59,48,11,0,0,0,60,8173.99,138.5422,136.2332,8173.99,138.5422,136.2332
Block12023roomtypes.xls,RoomSales,726,2023-01-01,2023-04-02,60,2023-02-25,0.95,57,57,0,0,0,0,60,8344.27,146.3907,139.0712,8201.4,143.8842,136.69
Block12023roomtypes.xls,RoomSales,739,2023-01-01,2023-04-02,60,2023-02-26,0.2333,14,14,0,0,0,19,41,2260.7,161.4786,55.139,2134.05,152.4321,52.05
Block12023roomtypes.xls,RoomSales,752,2023-01-01,2023-04-02,60,2023-02-27,0.2,12,12,0,0,2,13,47,1780.61,148.3842,37.8853,1430.64,119.22,30.4391
Block12023roomtypes.xls,RoomSales,765,2023-01-01,2023-04-02,60,2023-02-28,0.1667,10,10,0,0,1,5,55,1231.19,123.119,22.3853,1231.19,123.119,22.3853
Block12023roomtypes.xls,RoomSales,778,2023-01-01,2023-04-02,60,2023-03-01,0.3,18,18,0,2,0,3,57,2710.55,150.5861,47.5535,2710.55,150.5861,47.5535
Block12023roomtypes.xls,RoomSales,791,2023-01-01,2023-04-02,60,2023-03-02,0.35,21,19,2,0,0,3,57,2907.38,138.4467,51.0067,2907.38,138.4467,51.0067
Block12023roomtypes.xls,RoomSales,804,2023-01-01,2023-04-02,60,2023-03-03,0.9167,55,24,31,0,2,1,59,7222.19,131.3125,122.41,7222.19,131.3125,122.41
Block12023roomtypes.xls,RoomSales,817,2023-01-01,2023-04-02,60,2023-03-04,0.95,57,23,34,0,0,0,60,7525.57,132.0275,125.4262,7525.57,132.0275,125.4262
Block12023roomtypes.xls,RoomSales,830,2023-01-01,2023-04-02,60,2023-03-05,0.1,6,6,0,0,0,2,58,744.01,124.0017,12.8278,744.01,124.0017,12.8278
Block12023roomtypes.xls,RoomSales,843,2023-01-01,2023-04-02,60,2023-03-06,0.4,24,24,0,0,0,3,57,2807.71,116.9879,49.2581,2807.71,116.9879,49.2581
Block12023roomtypes.xls,RoomSales,856,2023-01-01,2023-04-02,60,2023-03-07,0.5,30,30,0,0,0,2,58,3533.19,117.773,60.9171,3533.19,117.773,60.9171
Block12023roomtypes.xls,RoomSales,869,2023-01-01,2023-04-02,60,2023-03-08,0.4,24,24,0,0,0,2,58,2986.81,124.4504,51.4967,2986.81,124.4504,51.4967
Block12023roomtypes.xls,RoomSales,882,2023-01-01,2023-04-02,60,2023-03-09,0.4667,28,28,0,0,0,2,58,3614.05,129.0732,62.3112,3614.05,129.0732,62.3112
Block12023roomtypes.xls,RoomSales,895,2023-01-01,2023-04-02,60,2023-03-10,0.7667,46,42,4,0,0,1,59,6829.14,148.4596,115.7481,6829.14,148.4596,115.7481
Block12023roomtypes.xls,RoomSales,908,2023-01-01,2023-04-02,60,2023-03-11,0.95,57,50,7,0,0,1,59,8886.21,155.8984,150.6137,8886.21,155.8984,150.6137
Block12023roomtypes.xls,RoomSales,921,2023-01-01,2023-04-02,60,2023-03-12,0.1167,7,7,0,0,0,16,44,915.39,130.77,20.8043,900.39,128.6271,20.4634
Block12023roomtypes.xls,RoomSales,934,2023-01-01,2023-04-02,60,2023-03-13,0.25,15,15,0,0,1,2,58,2091.43,139.4287,36.0591,2091.43,139.4287,36.0591
Block12023roomtypes.xls,RoomSales,947,2023-01-01,2023-04-02,60,2023-03-14,0.3333,20,20,0,1,1,4,56,2631.93,131.5965,46.9988,2631.93,131.5965,46.9988
Block12023roomtypes.xls,RoomSales,960,2023-01-01,2023-04-02,60,2023-03-15,0.6333,38,23,15,0,0,2,58,12425.21,326.9792,214.2278,12425.21,326.9792,214.2278
Block12023roomtypes.xls,RoomSales,973,2023-01-01,2023-04-02,60,2023-03-16,0.9667,58,33,25,0,0,1,59,9835.69,169.5809,166.7066,9835.69,169.5809,166.7066
Block12023roomtypes.xls,RoomSales,986,2023-01-01,2023-04-02,60,2023-03-17,0.5,30,30,0,0,0,1,59,4775.59,159.1863,80.9422,4775.59,159.1863,80.9422
Block12023roomtypes.xls,RoomSales,999,2023-01-01,2023-04-02,60,2023-03-18,0.9167,55,46,9,0,0,2,58,9753.18,177.3305,168.1583,9753.18,177.3305,168.1583
Block12023roomtypes.xls,RoomSales,1012,2023-01-01,2023-04-02,60,2023-03-19,0.4667,28,28,0,0,0,1,59,3408.21,121.7218,57.7663,3408.21,121.7218,57.7663
Block12023roomtypes.xls,RoomSales,1025,2023-01-01,2023-04-02,60,2023-03-20,0.55,33,33,0,0,0,3,57,4073.1,123.4273,71.4579,4073.1,123.4273,71.4579
Block12023roomtypes.xls,RoomSales,1038,2023-01-01,2023-04-02,60,2023-03-21,0.7167,43,43,0,0,0,2,58,4960.42,115.3586,85.5245,4960.42,115.3586,85.5245
Block12023roomtypes.xls,RoomSales,1051,2023-01-01,2023-04-02,60,2023-03-22,0.5667,34,33,1,0,0,3,57,3919.18,115.27,68.7575,3919.18,115.27,68.7575
Block12023roomtypes.xls,RoomSales,1064,2023-01-01,2023-04-02,60,2023-03-23,0.8833,53,39,14,0,0,3,57,6260.5,118.1226,109.8333,6260.5,118.1226,109.8333
Block12023roomtypes.xls,RoomSales,1077,2023-01-01,2023-04-02,60,2023-03-24,0.9833,59,44,15,0,0,1,59,8392.28,142.242,142.242,8392.28,142.242,142.242
Block12023roomtypes.xls,RoomSales,1090,2023-01-01,2023-04-02,60,2023-03-25,0.95,57,56,1,0,0,2,58,7669.0,134.5439,132.2241,7669.0,134.5439,132.2241
Block12023roomtypes.xls,RoomSales,1103,2023-01-01,2023-04-02,60,2023-03-26,0.4833,29,29,0,0,0,11,49,3155.86,108.8228,64.4053,3155.86,108.8228,64.4053
Block12023roomtypes.xls,RoomSales,1116,2023-01-01,2023-04-02,60,2023-03-27,0.4,24,24,0,0,0,5,55,2527.25,105.3021,45.95,2527.25,105.3021,45.95
Block12023roomtypes.xls,RoomSales,1129,2023-01-01,2023-04-02,60,2023-03-28,0.6167,37,37,0,0,0,4,56,4220.8,114.0757,75.3714,3898.31,105.3597,69.6127
Block12023roomtypes.xls,RoomSales,1142,2023-01-01,2023-04-02,60,2023-03-29,0.4333,26,26,0,0,0,15,45,2746.75,105.6442,61.0389,2746.75,105.6442,61.0389
Block12023roomtypes.xls,RoomSales,1155,2023-01-01,2023-04-02,60,2023-03-30,0.7,42,42,0,0,0,9,51,4665.24,111.0771,91.4753,4665.24,111.0771,91.4753
Block12023roomtypes.xls,RoomSales,1168,2023-01-01,2023-04-02,60,2023-03-31,0.9333,56,50,6,0,0,0,60,7405.97,132.2495,123.4328,7405.97,132.2495,123.4328
Block12023roomtypes.xls,RoomSales,1181,2023-01-01,2023-04-02,60,2023-04-01,1.0,60,54,6,0,0,0,60,8504.09,141.7348,141.7348,8504.09,141.7348,141.7348
Block12023roomtypes.xls,RoomSales,1194,2023-01-01,2023-04-02,60,2023-04-02,0.5833,35,35,0,0,1,0,60,3838.74,109.6783,63.979,3838.74,109.6783,63.979
Block22023roomtypes.xls,RoomSales,11,2023-04-03,2023-07-03,60,2023-04-03,0.6667,40,40,0,0,0,1,59,4432.72,110.818,75.1308,4432.72,110.818,75.1308
Block22023roomtypes.xls,RoomSales,24,2023-04-03,2023-07-03,60,2023-04-04,0.5667,34,34,0,0,0,3,57,3590.26,105.5959,62.987,3590.26,105.5959,62.987
Block22023roomtypes.xls,RoomSales,37,2023-04-03,2023-07-03,60,2023-04-05,0.85,51,51,0,0,0,1,59,6187.51,121.3237,104.8731,6187.51,121.3237,104.8731
Block22023roomtypes.xls,RoomSales,50,2023-04-03,2023-07-03,60,2023-04-06,1.0,60,59,1,1,0,0,60,7320.71,122.0118,122.0118,7038.51,117.3085,117.3085
Block22023roomtypes.xls,RoomSales,63,2023-04-03,2023-07-03,60,2023-04-07,1.0,60,53,7,0,0,0,60,8099.43,134.9905,134.9905,8099.43,134.9905,134.9905
Block22023roomtypes.xls,RoomSales,76,2023-04-03,2023-07-03,60,2023-04-08,1.0,60,55,5,0,0,0,60,7814.05,130.2342,130.2342,7814.05,130.2342,130.2342
Block22023roomtypes.xls,RoomSales,89,2023-04-03,2023-07-03,60,2023-04-09,0.65,39,39,0,0,0,0,60,4398.89,112.7921,73.3148,4398.89,112.7921,73.3148
Block22023roomtypes.xls,RoomSales,102,2023-04-03,2023-07-03,60,2023-04-10,0.9833,59,47,12,0,0,1,59,7354.03,124.6446,124.6446,7354.03,124.6446,124.6446
Block22023roomtypes.xls,RoomSales,115,2023-04-03,2023-07-03,60,2023-04-11,0.9833,59,46,13,0,0,0,60,7154.44,121.2617,119.2407,7033.82,119.2173,117.2303
Block22023roomtypes.xls,RoomSales,128,2023-04-03,2023-07-03,60,2023-04-12,0.7333,44,44,0,0,0,2,58,4876.1,110.8205,84.0707,4876.1,110.8205,84.0707
Block22023roomtypes.xls,RoomSales,141,2023-04-03,2023-07-03,60,2023-04-13,0.9333,56,56,0,0,0,2,58,6347.93,113.3559,109.4471,6347.93,113.3559,109.4471
Block22023roomtypes.xls,RoomSales,154,2023-04-03,2023-07-03,60,2023-04-14,1.0,60,49,11,0,0,0,60,7988.14,133.1357,133.1357,7988.14,133.1357,133.1357
Block22023roomtypes.xls,RoomSales,167,2023-04-03,2023-07-03,60,2023-04-15,1.0,60,49,11,0,0,0,60,7899.48,131.658,131.658,7899.48,131.658,131.658
Block22023roomtypes.xls,RoomSales,180,2023-04-03,2023-07-03,60,2023-04-16,0.9167,55,55,0,1,0,1,59,6354.52,115.5367,107.7037,6354.52,115.5367,107.7037
Block22023roomtypes.xls,RoomSales,193,2023-04-03,2023-07-03,60,2023-04-17,0.7333,44,44,0,0,0,13,47,4611.26,104.8014,98.1119,4611.26,104.8014,98.1119
Block22023roomtypes.xls,RoomSales,206,2023-04-03,2023-07-03,60,2023-04-18,0.8333,50,50,0,0,0,2,58,5582.67,111.6534,96.2529,5582.67,111.6534,96.2529
Block22023roomtypes.xls,RoomSales,219,2023-04-03,2023-07-03,60,2023-04-19,1.0,60,60,0,0,0,0,60,6839.12,113.9853,113.9853,6839.12,113.9853,113.9853
Block22023roomtypes.xls,RoomSales,232,2023-04-03,2023-07-03,60,2023-04-20,0.9833,59,57,2,0,0,0,60,6898.97,116.9317,114.9828,6898.97,116.9317,114.9828
Block22023roomtypes.xls,RoomSales,245,2023-04-03,2023-07-03,60,2023-04-21,0.9667,58,42,16,0,0,0,60,8013.66,138.1666,133.561,7746.54,133.561,129.109
Block22023roomtypes.xls,RoomSales,258,2023-04-03,2023-07-03,60,2023-04-22,1.0,60,43,17,0,0,0,60,7869.98,131.1663,131.1663,7869.98,131.1663,131.1663
Block22023roomtypes.xls,RoomSales,271,2023-04-03,2023-07-03,60,2023-04-23,0.3833,23,21,2,0,0,28,32,2863.31,124.4917,89.4784,2863.31,124.4917,89.4784
Block22023roomtypes.xls,RoomSales,284,2023-04-03,2023-07-03,60,2023-04-24,0.35,21,21,0,0,0,0,60,2350.84,111.9448,39.1807,2173.19,103.4852,36.2198
Block22023roomtypes.xls,RoomSales,297,2023-04-03,2023-07-03,60,2023-04-25,0.4333,26,26,0,0,0,0,60,3065.88,117.9185,51.098,3065.88,117.9185,51.098
Block22023roomtypes.xls,RoomSales,310,2023-04-03,2023-07-03,60,2023-04-26,0.4167,25,22,3,0,0,2,58,3020.84,120.8336,52.0834,3020.84,120.8336,52.0834
Block22023roomtypes.xls,RoomSales,323,2023-04-03,2023-07-03,60,2023-04-27,1.0,60,37,23,0,0,0,60,7424.47,123.7412,123.7412,7190.47,119.8412,119.8412
Block22023roomtypes.xls,RoomSales,336,2023-04-03,2023-07-03,60,2023-04-28,0.9833,59,18,41,0,0,1,59,7823.75,132.6059,132.6059,7823.75,132.6059,132.6059
Block22023roomtypes.xls,RoomSales,349,2023-04-03,2023-07-03,60,2023-04-29,0.95,57,31,26,0,2,0,60,8200.88,143.8751,136.6813,8198.88,143.84,136.648
Block22023roomtypes.xls,RoomSales,362,2023-04-03,2023-07-03,60,2023-04-30,0.2333,14,14,0,0,0,6,54,1770.84,126.4886,32.7933,1513.87,108.1336,28.0346
Block22023roomtypes.xls,RoomSales,375,2023-04-03,2023-07-03,60,2023-05-01,0.2833,17,17,0,0,0,2,58,2056.0,120.9412,35.4483,2056.0,120.9412,35.4483
Block22023roomtypes.xls,RoomSales,388,2023-04-03,2023-07-03,60,2023-05-02,0.3333,20,20,0,0,0,1,59,2390.72,119.536,40.5207,2390.72,119.536,40.5207
Block22023roomtypes.xls,RoomSales,401,2023-04-03,2023-07-03,60,2023-05-03,0.2667,16,14,2,0,0,0,60,1909.23,119.3269,31.8205,1909.23,119.3269,31.8205
Block22023roomtypes.xls,RoomSales,414,2023-04-03,2023-07-03,60,2023-05-04,0.3333,20,15,5,0,0,0,60,3477.73,173.8865,57.9622,3477.73,173.8865,57.9622
Block22023roomtypes.xls,RoomSales,427,2023-04-03,2023-07-03,60,2023-05-05,1.0,60,39,21,0,0,0,60,12423.1,207.0517,207.0517,12423.1,207.0517,207.0517
Block22023roomtypes.xls,RoomSales,440,2023-04-03,2023-07-03,60,2023-05-06,1.0,60,30,30,0,0,0,60,12900.42,215.007,215.007,12900.42,215.007,215.007
Block22023roomtypes.xls,RoomSales,453,2023-04-03,2023-07-03,60,2023-05-07,0.4,24,24,0,0,0,14,46,3231.79,134.6579,70.2563,3200.54,133.3558,69.577
Block22023roomtypes.xls,RoomSales,466,2023-04-03,2023-07-03,60,2023-05-08,0.65,39,39,0,0,0,2,58,5075.25,130.1346,87.5043,5075.25,130.1346,87.5043
Block22023roomtypes.xls,RoomSales,479,2023-04-03,2023-07-03,60,2023-05-09,0.55,33,33,0,0,0,2,58,4103.81,124.3579,70.7553,4103.81,124.3579,70.7553
Block22023roomtypes.xls,RoomSales,492,2023-04-03,2023-07-03,60,2023-05-10,0.4833,29,29,0,0,1,3,57,3775.47,130.1886,66.2363,3775.47,130.1886,66.2363
Block22023roomtypes.xls,RoomSales,505,2023-04-03,2023-07-03,60,2023-05-11,0.4167,25,21,4,0,0,3,57,4236.96,169.4784,74.3326,4236.96,169.4784,74.3326
Block22023roomtypes.xls,RoomSales,518,2023-04-03,2023-07-03,60,2023-05-12,0.9667,58,33,25,0,0,1,59,12182.68,210.0462,206.4861,12182.68,210.0462,206.4861
Block22023roomtypes.xls,RoomSales,531,2023-04-03,2023-07-03,60,2023-05-13,0.9833,59,31,28,0,0,1,59,12133.37,205.6503,205.6503,12133.37,205.6503,205.6503
Block22023roomtypes.xls,RoomSales,544,2023-04-03,2023-07-03,60,2023-05-14,0.45,27,27,0,0,0,1,59,3423.72,126.8044,58.0292,3423.72,126.8044,58.0292
Block22023roomtypes.xls,RoomSales,557,2023-04-03,2023-07-03,60,2023-05-15,0.6333,38,38,0,0,0,1,59,4547.9,119.6816,77.0831,4547.9,119.6816,77.0831
Block22023roomtypes.xls,RoomSales,570,2023-04-03,2023-07-03,60,2023-05-16,0.7333,44,44,0,0,0,2,58,5443.0,123.7045,93.8448,5443.0,123.7045,93.8448
Block22023roomtypes.xls,RoomSales,583,2023-04-03,2023-07-03,60,2023-05-17,0.6833,41,41,0,0,0,2,58,5172.44,126.1571,89.18,5172.44,126.1571,89.18
Block22023roomtypes.xls,RoomSales,596,2023-04-03,2023-07-03,60,2023-05-18,0.5667,34,34,0,0,0,3,57,5036.95,148.1456,88.3675,5036.95,148.1456,88.3675
Block22023roomtypes.xls,RoomSales,609,2023-04-03,2023-07-03,60,2023-05-19,1.0,60,45,15,0,0,0,60,13483.33,224.7222,224.7222,13483.33,224.7222,224.7222
Block22023roomtypes.xls,RoomSales,622,2023-04-03,2023-07-03,60,2023-05-20,0.95,57,28,29,0,0,0,60,12735.24,223.4253,212.254,12735.24,223.4253,212.254
Block22023roomtypes.xls,RoomSales,635,2023-04-03,2023-07-03,60,2023-05-21,0.7667,46,46,0,2,0,1,59,6060.55,131.7511,102.7212,6060.55,131.7511,102.7212
Block22023roomtypes.xls,RoomSales,648,2023-04-03,2023-07-03,60,2023-05-22,0.5,30,30,0,0,0,1,59,3623.85,120.795,61.4212,3623.85,120.795,61.4212
Block22023roomtypes.xls,RoomSales,661,2023-04-03,2023-07-03,60,2023-05-23,0.4667,28,28,0,0,1,0,60,3184.81,113.7432,53.0802,3184.81,113.7432,53.0802
Block22023roomtypes.xls,RoomSales,674,2023-04-03,2023-07-03,60,2023-05-24,0.7167,43,43,0,0,0,1,59,5408.38,125.7763,91.6675,5408.38,125.7763,91.6675
Block22023roomtypes.xls,RoomSales,687,2023-04-03,2023-07-03,60,2023-05-25,0.9833,59,47,12,0,0,0,60,12385.24,209.9193,206.4207,11867.59,201.1456,197.7932
Block22023roomtypes.xls,RoomSales,700,2023-04-03,2023-07-03,60,2023-05-26,1.0,60,45,15,0,0,0,60,13218.5,220.3083,220.3083,12961.5,216.025,216.025
Block22023roomtypes.xls,RoomSales,713,2023-04-03,2023-07-03,60,2023-05-27,1.0,60,38,22,0,0,0,60,13784.67,229.7445,229.7445,12720.52,212.0087,212.0087
Block22023roomtypes.xls,RoomSales,726,2023-04-03,2023-07-03,60,2023-05-28,1.0,60,38,22,0,0,0,60,8027.36,133.7893,133.7893,7503.76,125.0627,125.0627
Block22023roomtypes.xls,RoomSales,739,2023-04-03,2023-07-03,60,2023-05-29,0.4333,26,26,0,0,0,13,47,3530.94,135.8054,75.1264,3336.29,128.3188,70.9849
Block22023roomtypes.xls,RoomSales,752,2023-04-03,2023-07-03,60,2023-05-30,0.6833,41,24,17,0,0,0,60,5324.2,129.8585,88.7367,5324.2,129.8585,88.7367
Block22023roomtypes.xls,RoomSales,765,2023-04-03,2023-07-03,60,2023-05-31,0.9833,59,12,47,0,0,0,60,8451.22,143.241,140.8537,8284.62,140.4173,138.077
Block22023roomtypes.xls,RoomSales,778,2023-04-03,2023-07-03,60,2023-06-01,0.85,51,40,11,0,0,0,60,7471.43,146.4986,124.5238,7471.43,146.4986,124.5238
Block22023roomtypes.xls,RoomSales,791,2023-04-03,2023-07-03,60,2023-06-02,1.0,60,45,15,0,0,0,60,11476.98,191.283,191.283,11476.98,191.283,191.283
Block22023roomtypes.xls,RoomSales,804,2023-04-03,2023-07-03,60,2023-06-03,0.9833,59,26,33,0,0,0,60,11650.05,197.4585,194.1675,11650.05,197.4585,194.1675
Block22023roomtypes.xls,RoomSales,817,2023-04-03,2023-07-03,60,2023-06-04,0.7167,43,37,6,0,0,11,49,4952.71,115.1793,101.0757,4952.71,115.1793,101.0757
Block22023roomtypes.xls,RoomSales,830,2023-04-03,2023-07-03,60,2023-06-05,0.6,36,31,5,0,0,1,59,4047.56,112.4322,68.6027,4047.56,112.4322,68.6027
Block22023roomtypes.xls,RoomSales,843,2023-04-03,2023-07-03,60,2023-06-06,0.9167,55,50,5,0,0,0,60,6332.63,115.1387,105.5438,6332.63,115.1387,105.5438
Block22023roomtypes.xls,RoomSales,856,2023-04-03,2023-07-03,60,2023-06-07,0.9667,58,49,9,0,0,0,60,7455.95,128.5509,124.2658,7455.95,128.5509,124.2658
Block22023roomtypes.xls,RoomSales,869,2023-04-03,2023-07-03,60,2023-06-08,1.0,60,37,23,0,0,0,60,9344.59,155.7432,155.7432,9328.09,155.4682,155.4682
Block22023roomtypes.xls,RoomSales,882,2023-04-03,2023-07-03,60,2023-06-09,0.9833,59,17,42,0,0,0,60,11231.83,190.37,187.1972,11231.83,190.37,187.1972
Block22023roomtypes.xls,RoomSales,895,2023-04-03,2023-07-03,60,2023-06-10,0.9833,59,31,28,0,0,0,60,10837.83,183.692,180.6305,10645.08,180.4251,177.418
Block22023roomtypes.xls,RoomSales,908,2023-04-03,2023-07-03,60,2023-06-11,0.5,30,30,0,1,0,18,42,3155.64,105.188,75.1343,3155.64,105.188,75.1343
Block22023roomtypes.xls,RoomSales,921,2023-04-03,2023-07-03,60,2023-06-12,0.75,45,45,0,0,0,4,56,5142.95,114.2878,91.8384,5142.95,114.2878,91.8384
Block22023roomtypes.xls,RoomSales,934,2023-04-03,2023-07-03,60,2023-06-13,0.9333,56,56,0,0,0,3,57,6656.63,118.8684,116.783,6557.63,117.1005,115.0461
Block22023roomtypes.xls,RoomSales,947,2023-04-03,2023-07-03,60,2023-06-14,0.85,51,51,0,0,0,4,56,5758.11,112.9041,102.8234,5758.11,112.9041,102.8234
Block22023roomtypes.xls,RoomSales,960,2023-04-03,2023-07-03,60,2023-06-15,0.9167,55,53,2,0,0,2,58,6604.07,120.074,113.8633,6604.07,120.074,113.8633
Block22023roomtypes.xls,RoomSales,973,2023-04-03,2023-07-03,60,2023-06-16,0.95,57,26,31,0,2,0,60,10221.69,179.3279,170.3615,9862.14,173.02,164.369
Block22023roomtypes.xls,RoomSales,986,2023-04-03,2023-07-03,60,2023-06-17,0.95,57,9,48,0,3,0,60,11035.93,193.6128,183.9322,10932.5,191.7982,182.2083
Block22023roomtypes.xls,RoomSales,999,2023-04-03,2023-07-03,60,2023-06-18,0.7333,44,44,0,0,0,1,59,5006.28,113.7791,84.8522,5006.28,113.7791,84.8522
Block22023roomtypes.xls,RoomSales,1012,2023-04-03,2023-07-03,60,2023-06-19,0.6833,41,41,0,0,0,13,47,4548.98,110.9507,96.7868,4548.98,110.9507,96.7868
Block22023roomtypes.xls,RoomSales,1025,2023-04-03,2023-07-03,60,2023-06-20,0.95,57,56,1,0,0,2,58,6747.88,118.3839,116.3428,6747.88,118.3839,116.3428
Block22023roomtypes.xls,RoomSales,1038,2023-04-03,2023-07-03,60,2023-06-21,0.9667,58,56,2,0,0,1,59,7158.38,123.4203,121.3285,7158.38,123.4203,121.3285
Block22023roomtypes.xls,RoomSales,1051,2023-04-03,2023-07-03,60,2023-06-22,0.9833,59,51,8,1,0,2,58,7568.31,128.2764,130.4881,7568.31,128.2764,130.4881
Block22023roomtypes.xls,RoomSales,1064,2023-04-03,2023-07-03,60,2023-06-23,0.9833,59,12,47,0,0,0,60,11232.66,190.3841,187.211,11232.66,190.3841,187.211
Block22023roomtypes.xls,RoomSales,1077,2023-04-03,2023-07-03,60,2023-06-24,1.0,60,20,40,0,0,0,60,11485.73,191.4288,191.4288,11485.73,191.4288,191.4288
Block22023roomtypes.xls,RoomSales,1090,2023-04-03,2023-07-03,60,2023-06-25,0.6667,40,40,0,0,0,5,55,4376.17,109.4043,79.5667,4376.17,109.4043,79.5667
Block22023roomtypes.xls,RoomSales,1103,2023-04-03,2023-07-03,60,2023-06-26,0.9167,55,55,0,0,0,3,57,6014.85,109.3609,105.5237,5827.35,105.9518,102.2342
Block22023roomtypes.xls,RoomSales,1116,2023-04-03,2023-07-03,60,2023-06-27,0.8667,52,52,0,0,0,5,55,5919.41,113.8348,107.6256,5919.41,113.8348,107.6256
Block22023roomtypes.xls,RoomSales,1129,2023-04-03,2023-07-03,60,2023-06-28,0.95,57,57,0,0,0,3,57,6708.12,117.6863,117.6863,6708.12,117.6863,117.6863
Block22023roomtypes.xls,RoomSales,1142,2023-04-03,2023-07-03,60,2023-06-29,0.9333,56,33,23,0,0,2,58,8417.08,150.305,145.1221,8417.08,150.305,145.1221
Block22023roomtypes.xls,RoomSales,1155,2023-04-03,2023-07-03,60,2023-06-30,1.0,60,19,41,0,0,0,60,11148.07,185.8012,185.8012,11148.07,185.8012,185.8012
Block22023roomtypes.xls,RoomSales,1168,2023-04-03,2023-07-03,60,2023-07-01,0.9833,59,27,32,0,0,0,60,10931.98,185.2878,182.1997,10931.98,185.2878,182.1997
Block22023roomtypes.xls,RoomSales,1181,2023-04-03,2023-07-03,60,2023-07-02,0.7667,46,46,0,0,0,1,59,5062.92,110.0635,85.8122,4862.67,105.7102,82.4181
Block22023roomtypes.xls,RoomSales,1194,2023-04-03,2023-07-03,60,2023-07-03,0.8833,53,53,0,0,0,2,58,5717.84,107.8838,98.5834,5717.84,107.8838,98.5834
Block32023roomtypes.xls,RoomSales,11,2023-07-04,2023-10-03,60,2023-07-04,0.6333,38,38,0,0,0,11,49,4252.97,111.9203,86.7953,4138.91,108.9187,84.4676
Block32023roomtypes.xls,RoomSales,24,2023-07-04,2023-10-03,60,2023-07-05,0.7833,47,47,0,0,0,5,55,5430.27,115.5377,98.7322,5430.27,115.5377,98.7322
Block32023roomtypes.xls,RoomSales,37,2023-07-04,2023-10-03,60,2023-07-06,0.9667,58,58,0,0,0,1,59,7244.75,124.9095,122.7924,7244.75,124.9095,122.7924
Block32023roomtypes.xls,RoomSales,50,2023-07-04,2023-10-03,60,2023-07-07,0.9833,59,48,11,0,1,0,60,10098.89,171.1676,168.3148,10098.89,171.1676,168.3148
Block32023roomtypes.xls,RoomSales,63,2023-07-04,2023-10-03,60,2023-07-08,0.9667,58,39,19,0,2,0,60,11296.14,194.761,188.269,11084.49,191.1119,184.7415
Block32023roomtypes.xls,RoomSales,76,2023-07-04,2023-10-03,60,2023-07-09,0.65,39,39,0,0,0,3,57,4365.16,111.9272,76.5818,4365.16,111.9272,76.5818
Block32023roomtypes.xls,RoomSales,89,2023-07-04,2023-10-03,60,2023-07-10,0.8667,52,52,0,0,0,2,58,6261.61,120.4156,107.9588,6092.46,117.1627,105.0424
Block32023roomtypes.xls,RoomSales,102,2023-07-04,2023-10-03,60,2023-07-11,0.8667,52,52,0,0,0,2,58,6189.88,119.0362,106.7221,5982.48,115.0477,103.1462
Block32023roomtypes.xls,RoomSales,115,2023-07-04,2023-10-03,60,2023-07-12,0.7667,46,46,0,0,0,1,59,5827.98,126.6952,98.7793,5827.98,126.6952,98.7793
Block32023roomtypes.xls,RoomSales,128,2023-07-04,2023-10-03,60,2023-07-13,0.9,54,48,6,0,0,1,59,7250.39,134.2665,122.888,7028.11,130.1502,119.1205
Block32023roomtypes.xls,RoomSales,141,2023-07-04,2023-10-03,60,2023-07-14,0.9833,59,18,41,0,0,1,59,10708.5,181.5,181.5,10708.5,181.5,181.5
Block32023roomtypes.xls,RoomSales,154,2023-07-04,2023-10-03,60,2023-07-15,0.9833,59,20,39,0,0,1,59,10641.91,180.3714,180.3714,10641.91,180.3714,180.3714
Block32023roomtypes.xls,RoomSales,167,2023-07-04,2023-10-03,60,2023-07-16,0.6333,38,38,0,0,0,3,57,5032.14,132.4247,88.2832,4607.14,121.2405,80.827
Block32023roomtypes.xls,RoomSales,180,2023-07-04,2023-10-03,60,2023-07-17,0.5833,35,35,0,0,0,1,59,4132.29,118.0654,70.0388,4132.29,118.0654,70.0388
Block32023roomtypes.xls,RoomSales,193,2023-07-04,2023-10-03,60,2023-07-18,0.8667,52,52,0,0,0,0,60,7075.44,136.0662,117.924,7075.44,136.0662,117.924
Block32023roomtypes.xls,RoomSales,206,2023-07-04,2023-10-03,60,2023-07-19,0.9,54,49,5,0,0,0,60,7824.79,144.9035,130.4132,7824.79,144.9035,130.4132
Block32023roomtypes.xls,RoomSales,219,2023-07-04,2023-10-03,60,2023-07-20,0.9333,56,50,6,0,0,0,60,8315.04,148.4829,138.584,8315.04,148.4829,138.584
Block32023roomtypes.xls,RoomSales,232,2023-07-04,2023-10-03,60,2023-07-21,0.9833,59,46,13,0,0,0,60,9466.46,160.4485,157.7743,9466.46,160.4485,157.7743
Block32023roomtypes.xls,RoomSales,245,2023-07-04,2023-10-03,60,2023-07-22,1.0,60,35,25,0,0,0,60,9888.13,164.8022,164.8022,9599.35,159.9892,159.9892
Block32023roomtypes.xls,RoomSales,258,2023-07-04,2023-10-03,60,2023-07-23,0.8167,49,44,5,0,0,1,59,6837.32,139.5371,115.8868,6788.87,138.5484,115.0656
Block32023roomtypes.xls,RoomSales,271,2023-07-04,2023-10-03,60,2023-07-24,0.9333,56,56,0,0,1,1,59,6989.13,124.8059,118.4598,6318.23,112.8255,107.0886
Block32023roomtypes.xls,RoomSales,284,2023-07-04,2023-10-03,60,2023-07-25,0.9167,55,55,0,0,1,1,59,7318.41,133.062,124.0408,7318.41,133.062,124.0408
Block32023roomtypes.xls,RoomSales,297,2023-07-04,2023-10-03,60,2023-07-26,0.9667,58,58,0,1,0,0,60,8477.54,146.1645,141.2923,8477.54,146.1645,141.2923
Block32023roomtypes.xls,RoomSales,312,2023-07-04,2023-10-03,60,2023-07-27,0.9833,59,56,3,0,0,0,60,7878.16,133.5281,131.3027,7878.16,133.5281,131.3027
Block32023roomtypes.xls,RoomSales,325,2023-07-04,2023-10-03,60,2023-07-28,1.0,60,47,13,0,0,0,60,9309.54,155.159,155.159,8924.74,148.7457,148.7457
Block32023roomtypes.xls,RoomSales,338,2023-07-04,2023-10-03,60,2023-07-29,0.9833,59,38,21,0,0,1,59,9918.26,168.1061,168.1061,9918.26,168.1061,168.1061
Block32023roomtypes.xls,RoomSales,351,2023-07-04,2023-10-03,60,2023-07-30,0.7,42,39,3,0,0,8,52,5704.75,135.8274,109.7067,5704.75,135.8274,109.7067
Block32023roomtypes.xls,RoomSales,364,2023-07-04,2023-10-03,60,2023-07-31,0.7833,47,42,5,0,0,2,58,6575.59,139.9062,113.3722,6211.79,132.1657,107.0998
Block32023roomtypes.xls,RoomSales,377,2023-07-04,2023-10-03,60,2023-08-01,0.55,33,28,5,0,0,0,60,5188.33,157.2221,86.4722,5188.33,157.2221,86.4722
Block32023roomtypes.xls,RoomSales,390,2023-07-04,2023-10-03,60,2023-08-02,0.6833,41,37,4,0,0,0,60,6178.28,150.6898,102.9713,6178.28,150.6898,102.9713
Block32023roomtypes.xls,RoomSales,403,2023-07-04,2023-10-03,60,2023-08-03,0.6667,40,36,4,0,0,2,58,6061.88,151.547,104.5152,6061.88,151.547,104.5152
Block32023roomtypes.xls,RoomSales,416,2023-07-04,2023-10-03,60,2023-08-04,1.0,60,39,21,0,0,0,60,10025.21,167.0868,167.0868,10025.21,167.0868,167.0868
Block32023roomtypes.xls,RoomSales,429,2023-07-04,2023-10-03,60,2023-08-05,1.0,60,21,39,0,0,0,60,11686.02,194.767,194.767,11453.12,190.8853,190.8853
Block32023roomtypes.xls,RoomSales,442,2023-07-04,2023-10-03,60,2023-08-06,0.3,18,18,0,0,0,19,41,3174.21,176.345,77.4198,3174.21,176.345,77.4198
Block32023roomtypes.xls,RoomSales,455,2023-07-04,2023-10-03,60,2023-08-07,0.4,24,24,0,0,0,3,57,3819.33,159.1387,67.0058,3344.33,139.3471,58.6725
Block32023roomtypes.xls,RoomSales,468,2023-07-04,2023-10-03,60,2023-08-08,0.5167,31,31,0,0,0,2,58,5273.47,170.1119,90.9219,5009.47,161.5958,86.3702
Block32023roomtypes.xls,RoomSales,481,2023-07-04,2023-10-03,60,2023-08-09,0.45,27,27,0,0,0,2,58,4183.22,154.9341,72.1245,4183.22,154.9341,72.1245
Block32023roomtypes.xls,RoomSales,494,2023-07-04,2023-10-03,60,2023-08-10,0.55,33,30,3,0,0,1,59,5087.41,154.1639,86.2273,5087.41,154.1639,86.2273
Block32023roomtypes.xls,RoomSales,507,2023-07-04,2023-10-03,60,2023-08-11,1.0,60,29,31,0,0,0,60,11194.95,186.5825,186.5825,11004.55,183.4092,183.4092
Block32023roomtypes.xls,RoomSales,520,2023-07-04,2023-10-03,60,2023-08-12,1.0,60,23,37,0,0,0,60,11370.66,189.511,189.511,11259.19,187.6532,187.6532
Block32023roomtypes.xls,RoomSales,533,2023-07-04,2023-10-03,60,2023-08-13,0.4333,26,16,10,0,0,1,59,4843.22,186.2777,82.0885,4843.22,186.2777,82.0885
Block32023roomtypes.xls,RoomSales,546,2023-07-04,2023-10-03,60,2023-08-14,0.5,30,30,0,0,0,3,57,4122.08,137.4027,72.3172,4122.08,137.4027,72.3172
Block32023roomtypes.xls,RoomSales,559,2023-07-04,2023-10-03,60,2023-08-15,0.4833,29,29,0,0,0,3,57,4053.43,139.7734,71.1128,4053.43,139.7734,71.1128
Block32023roomtypes.xls,RoomSales,572,2023-07-04,2023-10-03,60,2023-08-16,0.6,36,36,0,0,0,4,56,5043.05,140.0847,90.0545,5043.05,140.0847,90.0545
Block32023roomtypes.xls,RoomSales,585,2023-07-04,2023-10-03,60,2023-08-17,0.5167,31,27,4,0,0,3,57,5606.06,180.8406,98.3519,4940.86,159.3826,86.6818
Block32023roomtypes.xls,RoomSales,598,2023-07-04,2023-10-03,60,2023-08-18,1.0,60,39,21,0,0,0,60,10696.24,178.2707,178.2707,10696.24,178.2707,178.2707
Block32023roomtypes.xls,RoomSales,611,2023-07-04,2023-10-03,60,2023-08-19,1.0,60,37,23,0,0,0,60,11284.36,188.0727,188.0727,11284.36,188.0727,188.0727
Block32023roomtypes.xls,RoomSales,624,2023-07-04,2023-10-03,60,2023-08-20,0.5,30,28,2,0,0,4,56,4387.81,146.2603,78.3538,4387.81,146.2603,78.3538
Block32023roomtypes.xls,RoomSales,637,2023-07-04,2023-10-03,60,2023-08-21,0.4,24,24,0,0,0,9,51,3250.22,135.4258,63.7298,3250.22,135.4258,63.7298
Block32023roomtypes.xls,RoomSales,650,2023-07-04,2023-10-03,60,2023-08-22,0.45,27,27,0,0,0,1,59,3454.26,127.9356,58.5468,3454.26,127.9356,58.5468
Block32023roomtypes.xls,RoomSales,663,2023-07-04,2023-10-03,60,2023-08-23,0.3667,22,19,3,0,3,3,57,2937.95,133.5432,51.543,2760.3,125.4682,48.4263
Block32023roomtypes.xls,RoomSales,676,2023-07-04,2023-10-03,60,2023-08-24,0.1667,10,-30,40,0,40,1,59,1195.01,119.501,20.2544,1195.01,119.501,20.2544
Block32023roomtypes.xls,RoomSales,689,2023-07-04,2023-10-03,60,2023-08-25,0.0167,1,-58,59,1,59,1,59,433.95,433.95,7.3551,128.65,128.65,2.1805
Block32023roomtypes.xls,RoomSales,702,2023-07-04,2023-10-03,60,2023-08-26,0.0,0,-60,60,0,60,0,60,0.0,0.0,0.0,0.0,0.0,0.0
Block32023roomtypes.xls,RoomSales,715,2023-07-04,2023-10-03,60,2023-08-27,0.2167,13,1,12,0,13,2,58,1568.74,120.6723,27.0472,1568.74,120.6723,27.0472
Block32023roomtypes.xls,RoomSales,728,2023-07-04,2023-10-03,60,2023-08-28,0.7833,47,47,0,0,1,5,55,6272.64,133.4604,114.048,6272.64,133.4604,114.048
Block32023roomtypes.xls,RoomSales,741,2023-07-04,2023-10-03,60,2023-08-29,0.6667,40,40,0,0,0,4,56,5469.23,136.7308,97.6648,5469.23,136.7308,97.6648
Block32023roomtypes.xls,RoomSales,754,2023-07-04,2023-10-03,60,2023-08-30,0.9167,55,55,0,0,0,3,57,7568.34,137.6062,132.7779,7568.34,137.6062,132.7779
Block32023roomtypes.xls,RoomSales,767,2023-07-04,2023-10-03,60,2023-08-31,1.0,60,36,24,0,0,0,60,10747.63,179.1272,179.1272,10747.63,179.1272,179.1272
Block32023roomtypes.xls,RoomSales,780,2023-07-04,2023-10-03,60,2023-09-01,1.0,60,14,46,0,0,0,60,11586.93,193.1155,193.1155,11586.93,193.1155,193.1155
Block32023roomtypes.xls,RoomSales,793,2023-07-04,2023-10-03,60,2023-09-02,1.0,60,12,48,0,0,0,60,11268.3,187.805,187.805,11268.3,187.805,187.805
Block32023roomtypes.xls,RoomSales,806,2023-07-04,2023-10-03,60,2023-09-03,1.0,60,33,27,0,0,0,60,10052.26,167.5377,167.5377,10052.26,167.5377,167.5377
Block32023roomtypes.xls,RoomSales,819,2023-07-04,2023-10-03,60,2023-09-04,0.5167,31,31,0,0,0,0,60,4462.87,143.9635,74.3812,4462.87,143.9635,74.3812
Block32023roomtypes.xls,RoomSales,832,2023-07-04,2023-10-03,60,2023-09-05,0.4833,29,29,0,0,0,5,55,3639.0,125.4828,66.1636,3639.0,125.4828,66.1636
Block32023roomtypes.xls,RoomSales,845,2023-07-04,2023-10-03,60,2023-09-06,0.5333,32,24,8,0,0,1,59,4512.9,141.0281,76.4898,4322.43,135.0759,73.2615
Block32023roomtypes.xls,RoomSales,858,2023-07-04,2023-10-03,60,2023-09-07,0.8333,50,26,24,0,0,0,60,8251.03,165.0206,137.5172,8251.03,165.0206,137.5172
Block32023roomtypes.xls,RoomSales,871,2023-07-04,2023-10-03,60,2023-09-08,1.0,60,20,40,0,0,0,60,11779.32,196.322,196.322,11535.31,192.2552,192.2552
Block32023roomtypes.xls,RoomSales,884,2023-07-04,2023-10-03,60,2023-09-09,0.9667,58,27,31,0,0,2,58,11450.67,197.4253,197.4253,11023.12,190.0538,190.0538
Block32023roomtypes.xls,RoomSales,897,2023-07-04,2023-10-03,60,2023-09-10,0.2833,17,17,0,0,0,2,58,2389.08,140.5341,41.191,2389.08,140.5341,41.191
Block32023roomtypes.xls,RoomSales,910,2023-07-04,2023-10-03,60,2023-09-11,0.3333,20,20,0,0,0,3,57,2561.4,128.07,44.9368,2561.4,128.07,44.9368
Block32023roomtypes.xls,RoomSales,923,2023-07-04,2023-10-03,60,2023-09-12,0.6667,40,28,12,0,0,2,58,5588.3,139.7075,96.35,5588.3,139.7075,96.35
Block32023roomtypes.xls,RoomSales,936,2023-07-04,2023-10-03,60,2023-09-13,0.95,57,30,27,0,0,1,59,8066.89,141.5244,136.7269,8066.89,141.5244,136.7269
Block32023roomtypes.xls,RoomSales,949,2023-07-04,2023-10-03,60,2023-09-14,0.7833,47,18,29,0,3,0,60,5986.66,127.3757,99.7777,5986.66,127.3757,99.7777
Block32023roomtypes.xls,RoomSales,962,2023-07-04,2023-10-03,60,2023-09-15,0.9833,59,44,15,0,0,0,60,10943.03,185.4751,182.3838,10765.38,182.4641,179.423
Block32023roomtypes.xls,RoomSales,975,2023-07-04,2023-10-03,60,2023-09-16,1.0,60,28,32,0,0,0,60,11360.16,189.336,189.336,11360.16,189.336,189.336
Block32023roomtypes.xls,RoomSales,988,2023-07-04,2023-10-03,60,2023-09-17,0.6167,37,37,0,0,0,1,59,4603.56,124.4205,78.0264,4603.56,124.4205,78.0264
Block32023roomtypes.xls,RoomSales,1001,2023-07-04,2023-10-03,60,2023-09-18,0.7333,44,44,0,0,0,1,59,8904.25,202.3693,150.9195,5100.25,115.9148,86.4449
Block32023roomtypes.xls,RoomSales,1016,2023-07-04,2023-10-03,60,2023-09-19,0.8667,52,49,3,0,0,3,57,7330.76,140.9762,128.6098,7330.76,140.9762,128.6098
Block32023roomtypes.xls,RoomSales,1029,2023-07-04,2023-10-03,60,2023-09-20,0.9667,58,38,20,0,0,1,59,7754.45,133.6974,131.4314,7754.45,133.6974,131.4314
Block32023roomtypes.xls,RoomSales,1042,2023-07-04,2023-10-03,60,2023-09-21,0.95,57,25,32,0,2,0,60,9141.78,160.3821,152.363,9141.78,160.3821,152.363
Block32023roomtypes.xls,RoomSales,1055,2023-07-04,2023-10-03,60,2023-09-22,1.0,60,5,55,0,0,0,60,11495.33,191.5888,191.5888,11356.33,189.2722,189.2722
Block32023roomtypes.xls,RoomSales,1068,2023-07-04,2023-10-03,60,2023-09-23,0.9833,59,32,27,0,0,1,59,12771.2,216.461,216.461,12573.2,213.1051,213.1051
Block32023roomtypes.xls,RoomSales,1081,2023-07-04,2023-10-03,60,2023-09-24,0.55,33,33,0,0,0,2,58,3987.81,120.8427,68.7553,3987.81,120.8427,68.7553
Block32023roomtypes.xls,RoomSales,1094,2023-07-04,2023-10-03,60,2023-09-25,0.6833,41,41,0,0,0,3,57,4850.72,118.3102,85.1004,4850.72,118.3102,85.1004
Block32023roomtypes.xls,RoomSales,1107,2023-07-04,2023-10-03,60,2023-09-26,0.8,48,48,0,0,0,2,58,5778.16,120.3783,99.6234,5778.16,120.3783,99.6234
Block32023roomtypes.xls,RoomSales,1120,2023-07-04,2023-10-03,60,2023-09-27,0.85,51,51,0,0,0,2,58,6416.48,125.8133,110.629,6416.48,125.8133,110.629
Block32023roomtypes.xls,RoomSales,1133,2023-07-04,2023-10-03,60,2023-09-28,0.9667,58,48,10,0,0,1,59,9082.71,156.5984,153.9442,9082.71,156.5984,153.9442
Block32023roomtypes.xls,RoomSales,1146,2023-07-04,2023-10-03,60,2023-09-29,1.0,60,15,45,0,0,0,60,11805.14,196.7523,196.7523,11610.49,193.5082,193.5082
Block32023roomtypes.xls,RoomSales,1159,2023-07-04,2023-10-03,60,2023-09-30,1.0,60,26,34,0,0,0,60,11638.81,193.9802,193.9802,11430.31,190.5052,190.5052
Block32023roomtypes.xls,RoomSales,1172,2023-07-04,2023-10-03,60,2023-10-01,0.9167,55,49,6,0,0,5,55,8682.56,157.8647,157.8647,8682.56,157.8647,157.8647
Block32023roomtypes.xls,RoomSales,1185,2023-07-04,2023-10-03,60,2023-10-02,0.7,42,41,1,0,0,6,54,5981.07,142.4064,110.7606,5981.07,142.4064,110.7606
Block32023roomtypes.xls,RoomSales,1198,2023-07-04,2023-10-03,60,2023-10-03,0.75,45,45,0,0,0,3,57,6101.0,135.5778,107.0351,5903.0,131.1778,103.5614
Block 4 October 4 to December 31.xls,RoomSales,11,2023-10-04,2023-12-31,60,2023-10-04,0.7333,44,44,0,0,0,3,57,6263.85,142.3602,109.8921,6263.85,142.3602,109.8921
Block 4 October 4 to December 31.xls,RoomSales,24,2023-10-04,2023-12-31,60,2023-10-05,0.9333,56,31,25,0,0,3,57,9565.73,170.8166,167.8198,9565.73,170.8166,167.8198
Block 4 October 4 to December 31.xls,RoomSales,37,2023-10-04,2023-12-31,60,2023-10-06,0.9833,59,9,50,0,0,0,60,12212.38,206.9895,203.5397,11789.08,199.8149,196.4847
Block 4 October 4 to December 31.xls,RoomSales,50,2023-10-04,2023-12-31,60,2023-10-07,1.0,60,9,51,0,0,0,60,11444.3,190.7383,190.7383,9501.05,158.3508,158.3508
Block 4 October 4 to December 31.xls,RoomSales,65,2023-10-04,2023-12-31,60,2023-10-08,0.9833,59,22,37,0,0,0,60,10666.16,180.7824,177.7693,10666.16,180.7824,177.7693
Block 4 October 4 to December 31.xls,RoomSales,78,2023-10-04,2023-12-31,60,2023-10-09,0.7333,44,35,9,0,0,1,59,5661.84,128.6782,95.9634,5661.84,128.6782,95.9634
Block 4 October 4 to December 31.xls,RoomSales,91,2023-10-04,2023-12-31,60,2023-10-10,0.7167,43,43,0,0,0,3,57,5713.86,132.8805,100.2432,5713.86,132.8805,100.2432
Block 4 October 4 to December 31.xls,RoomSales,104,2023-10-04,2023-12-31,60,2023-10-11,0.8333,50,50,0,0,0,2,58,6907.51,138.1502,119.095,6907.51,138.1502,119.095
Block 4 October 4 to December 31.xls,RoomSales,117,2023-10-04,2023-12-31,60,2023-10-12,1.0,60,40,20,0,0,0,60,9642.67,160.7112,160.7112,9642.67,160.7112,160.7112
Block 4 October 4 to December 31.xls,RoomSales,130,2023-10-04,2023-12-31,60,2023-10-13,0.9833,59,18,41,0,1,0,60,11944.37,202.4469,199.0728,11917.81,201.9968,198.6302
Block 4 October 4 to December 31.xls,RoomSales,143,2023-10-04,2023-12-31,60,2023-10-14,0.9667,58,17,41,0,0,0,60,11768.33,202.9022,196.1388,11768.33,202.9022,196.1388
Block 4 October 4 to December 31.xls,RoomSales,156,2023-10-04,2023-12-31,60,2023-10-15,0.75,45,32,13,0,0,2,58,7667.23,170.3829,132.1936,7480.91,166.2424,128.9812
Block 4 October 4 to December 31.xls,RoomSales,169,2023-10-04,2023-12-31,60,2023-10-16,0.7667,46,46,0,0,0,10,50,6715.57,145.9907,134.3114,6715.57,145.9907,134.3114
Block 4 October 4 to December 31.xls,RoomSales,182,2023-10-04,2023-12-31,60,2023-10-17,0.7833,47,47,0,0,0,10,50,6184.73,131.59,123.6946,6184.73,131.59,123.6946
Block 4 October 4 to December 31.xls,RoomSales,195,2023-10-04,2023-12-31,60,2023-10-18,0.8167,49,49,0,0,0,1,59,7393.72,150.8922,125.3173,7393.72,150.8922,125.3173
Block 4 October 4 to December 31.xls,RoomSales,208,2023-10-04,2023-12-31,60,2023-10-19,0.9833,59,32,27,0,0,0,60,9917.64,168.0956,165.294,9917.64,168.0956,165.294
Block 4 October 4 to December 31.xls,RoomSales,221,2023-10-04,2023-12-31,60,2023-10-20,1.0,60,26,34,0,0,0,60,11118.97,185.3162,185.3162,11118.97,185.3162,185.3162
Block 4 October 4 to December 31.xls,RoomSales,234,2023-10-04,2023-12-31,60,2023-10-21,1.0,60,27,33,0,0,0,60,10763.0,179.3833,179.3833,10763.0,179.3833,179.3833
Block 4 October 4 to December 31.xls,RoomSales,247,2023-10-04,2023-12-31,60,2023-10-22,0.9167,55,28,27,0,0,1,59,9650.24,175.4589,163.5634,9446.01,171.7456,160.1019
Block 4 October 4 to December 31.xls,RoomSales,260,2023-10-04,2023-12-31,60,2023-10-23,0.6167,37,29,8,0,0,3,57,5645.76,152.5881,99.0484,5645.76,152.5881,99.0484
Block 4 October 4 to December 31.xls,RoomSales,273,2023-10-04,2023-12-31,60,2023-10-24,0.6667,40,34,6,0,0,2,58,5747.8,143.695,99.1,5529.8,138.245,95.3414
Block 4 October 4 to December 31.xls,RoomSales,286,2023-10-04,2023-12-31,60,2023-10-25,0.5,30,26,4,1,0,3,57,3983.3,132.7767,69.8825,3983.3,132.7767,69.8825
Block 4 October 4 to December 31.xls,RoomSales,299,2023-10-04,2023-12-31,60,2023-10-26,0.7333,44,32,12,0,0,1,59,6778.72,154.0618,114.8936,6778.72,154.0618,114.8936
Block 4 October 4 to December 31.xls,RoomSales,312,2023-10-04,2023-12-31,60,2023-10-27,1.0,60,32,28,0,0,0,60,10283.54,171.3923,171.3923,10283.54,171.3923,171.3923
Block 4 October 4 to December 31.xls,RoomSales,325,2023-10-04,2023-12-31,60,2023-10-28,1.0,60,37,23,0,0,0,60,10387.98,173.133,173.133,10387.98,173.133,173.133
Block 4 October 4 to December 31.xls,RoomSales,338,2023-10-04,2023-12-31,60,2023-10-29,0.5333,32,32,0,0,1,5,55,4231.07,132.2209,76.9285,4231.07,132.2209,76.9285
Block 4 October 4 to December 31.xls,RoomSales,351,2023-10-04,2023-12-31,60,2023-10-30,0.3167,19,19,0,0,0,2,58,2124.72,111.8274,36.6331,2045.72,107.6695,35.271
Block 4 October 4 to December 31.xls,RoomSales,364,2023-10-04,2023-12-31,60,2023-10-31,0.3167,19,19,0,0,0,2,58,2338.71,123.09,40.3226,2117.71,111.4584,36.5122
Block 4 October 4 to December 31.xls,RoomSales,377,2023-10-04,2023-12-31,60,2023-11-01,0.45,27,27,0,0,0,2,58,3276.72,121.36,56.4952,3276.72,121.36,56.4952
Block 4 October 4 to December 31.xls,RoomSales,390,2023-10-04,2023-12-31,60,2023-11-02,0.7833,47,40,7,0,0,1,59,7541.45,160.4564,127.8212,7302.45,155.3713,123.7703
Block 4 October 4 to December 31.xls,RoomSales,403,2023-10-04,2023-12-31,60,2023-11-03,1.0,60,49,11,0,0,0,60,9845.21,164.0868,164.0868,9845.21,164.0868,164.0868
Block 4 October 4 to December 31.xls,RoomSales,416,2023-10-04,2023-12-31,60,2023-11-04,1.0,60,51,9,0,0,0,60,10488.44,174.8073,174.8073,10289.44,171.4907,171.4907
Block 4 October 4 to December 31.xls,RoomSales,429,2023-10-04,2023-12-31,60,2023-11-05,0.35,21,21,0,0,0,12,48,3191.76,151.9886,66.495,3191.76,151.9886,66.495
Block 4 October 4 to December 31.xls,RoomSales,442,2023-10-04,2023-12-31,60,2023-11-06,0.7333,44,38,6,0,0,5,55,5292.7,120.2886,96.2309,5292.7,120.2886,96.2309
Block 4 October 4 to December 31.xls,RoomSales,455,2023-10-04,2023-12-31,60,2023-11-07,0.9333,56,44,12,0,0,1,59,7066.0,126.1786,119.7627,6853.5,122.3839,116.161
Block 4 October 4 to December 31.xls,RoomSales,468,2023-10-04,2023-12-31,60,2023-11-08,0.95,57,57,0,0,0,1,59,7376.55,129.4132,125.0263,7376.55,129.4132,125.0263
Block 4 October 4 to December 31.xls,RoomSales,481,2023-10-04,2023-12-31,60,2023-11-09,1.0,60,54,6,0,0,0,60,8702.6,145.0433,145.0433,8702.6,145.0433,145.0433
Block 4 October 4 to December 31.xls,RoomSales,494,2023-10-04,2023-12-31,60,2023-11-10,0.9833,59,40,19,0,0,0,60,10485.16,177.7146,174.7527,10307.51,174.7036,171.7918
Block 4 October 4 to December 31.xls,RoomSales,507,2023-10-04,2023-12-31,60,2023-11-11,1.0,60,33,27,0,0,0,60,10680.73,178.0122,178.0122,10680.73,178.0122,178.0122
Block 4 October 4 to December 31.xls,RoomSales,520,2023-10-04,2023-12-31,60,2023-11-12,0.5167,31,25,6,0,0,0,60,4802.18,154.909,80.0363,4407.28,142.1703,73.4547
Block 4 October 4 to December 31.xls,RoomSales,533,2023-10-04,2023-12-31,60,2023-11-13,0.3167,19,19,0,0,0,3,57,2426.88,127.7305,42.5768,2426.88,127.7305,42.5768
Block 4 October 4 to December 31.xls,RoomSales,546,2023-10-04,2023-12-31,60,2023-11-14,0.4167,25,25,0,0,0,1,59,2878.15,115.126,48.7822,2665.65,106.626,45.1805
Block 4 October 4 to December 31.xls,RoomSales,559,2023-10-04,2023-12-31,60,2023-11-15,0.3833,23,23,0,0,0,3,57,2595.17,112.8335,45.5293,2595.17,112.8335,45.5293
Block 4 October 4 to December 31.xls,RoomSales,572,2023-10-04,2023-12-31,60,2023-11-16,0.4667,28,22,6,0,0,2,58,3532.25,126.1518,60.9009,3532.25,126.1518,60.9009
Block 4 October 4 to December 31.xls,RoomSales,585,2023-10-04,2023-12-31,60,2023-11-17,1.0,60,47,13,0,0,0,60,8792.21,146.5368,146.5368,8792.21,146.5368,146.5368
Block 4 October 4 to December 31.xls,RoomSales,598,2023-10-04,2023-12-31,60,2023-11-18,0.9667,58,49,9,0,0,0,60,8738.73,150.6678,145.6455,8738.73,150.6678,145.6455
Block 4 October 4 to December 31.xls,RoomSales,611,2023-10-04,2023-12-31,60,2023-11-19,0.3,18,17,1,0,0,14,46,2250.06,125.0033,48.9143,2250.06,125.0033,48.9143
Block 4 October 4 to December 31.xls,RoomSales,624,2023-10-04,2023-12-31,60,2023-11-20,0.4167,25,25,0,0,0,3,57,2990.2,119.608,52.4596,2990.2,119.608,52.4596
Block 4 October 4 to December 31.xls,RoomSales,637,2023-10-04,2023-12-31,60,2023-11-21,0.4667,28,28,0,0,0,3,57,3086.24,110.2229,54.1446,2877.24,102.7586,50.4779
Block 4 October 4 to December 31.xls,RoomSales,650,2023-10-04,2023-12-31,60,2023-11-22,0.7167,43,43,0,0,0,1,59,5221.52,121.4307,88.5003,5221.52,121.4307,88.5003
Block 4 October 4 to December 31.xls,RoomSales,663,2023-10-04,2023-12-31,60,2023-11-23,1.0,60,60,0,0,0,0,60,7414.74,123.579,123.579,7414.74,123.579,123.579
Block 4 October 4 to December 31.xls,RoomSales,676,2023-10-04,2023-12-31,60,2023-11-24,0.9667,58,58,0,0,1,0,60,8097.93,139.6195,134.9655,8097.93,139.6195,134.9655
Block 4 October 4 to December 31.xls,RoomSales,689,2023-10-04,2023-12-31,60,2023-11-25,0.9667,58,58,0,0,0,0,60,7179.83,123.7902,119.6638,7179.83,123.7902,119.6638
Block 4 October 4 to December 31.xls,RoomSales,702,2023-10-04,2023-12-31,60,2023-11-26,0.3167,19,19,0,0,0,5,55,2183.06,114.8979,39.692,2183.06,114.8979,39.692
Block 4 October 4 to December 31.xls,RoomSales,715,2023-10-04,2023-12-31,60,2023-11-27,0.3667,22,22,0,0,0,2,58,2505.52,113.8873,43.1986,2505.52,113.8873,43.1986
Block 4 October 4 to December 31.xls,RoomSales,728,2023-10-04,2023-12-31,60,2023-11-28,0.3833,23,23,0,0,0,2,58,2351.03,102.2187,40.535,2351.03,102.2187,40.535
Block 4 October 4 to December 31.xls,RoomSales,741,2023-10-04,2023-12-31,60,2023-11-29,0.3833,23,23,0,0,0,1,59,2641.07,114.8291,44.7639,2641.07,114.8291,44.7639
Block 4 October 4 to December 31.xls,RoomSales,754,2023-10-04,2023-12-31,60,2023-11-30,0.3167,19,17,2,0,1,1,59,2112.03,111.1595,35.7971,2112.03,111.1595,35.7971
Block 4 October 4 to December 31.xls,RoomSales,767,2023-10-04,2023-12-31,60,2023-12-01,0.9167,55,40,15,0,1,1,59,7759.38,141.0796,131.5149,7759.38,141.0796,131.5149
Block 4 October 4 to December 31.xls,RoomSales,780,2023-10-04,2023-12-31,60,2023-12-02,1.0,60,55,5,0,0,0,60,8090.68,134.8447,134.8447,7863.76,131.0627,131.0627
Block 4 October 4 to December 31.xls,RoomSales,793,2023-10-04,2023-12-31,60,2023-12-03,0.4,24,24,0,0,0,1,59,2962.52,123.4383,50.2122,2784.87,116.0362,47.2012
Block 4 October 4 to December 31.xls,RoomSales,806,2023-10-04,2023-12-31,60,2023-12-04,0.4,24,24,0,0,0,1,59,2228.94,92.8725,37.7786,2228.94,92.8725,37.7786
Block 4 October 4 to December 31.xls,RoomSales,819,2023-10-04,2023-12-31,60,2023-12-05,0.5833,35,35,0,0,0,1,59,3988.37,113.9534,67.5995,3988.37,113.9534,67.5995
Block 4 October 4 to December 31.xls,RoomSales,832,2023-10-04,2023-12-31,60,2023-12-06,0.4,24,20,4,0,0,1,59,2615.07,108.9613,44.3232,2615.07,108.9613,44.3232
Block 4 October 4 to December 31.xls,RoomSales,845,2023-10-04,2023-12-31,60,2023-12-07,0.3833,23,18,5,0,0,1,59,2664.65,115.8543,45.1636,2664.65,115.8543,45.1636
Block 4 October 4 to December 31.xls,RoomSales,858,2023-10-04,2023-12-31,60,2023-12-08,0.9,54,37,17,1,0,2,58,7230.32,133.8948,124.6607,7230.32,133.8948,124.6607
Block 4 October 4 to December 31.xls,RoomSales,871,2023-10-04,2023-12-31,60,2023-12-09,0.95,57,39,18,0,0,0,60,7938.4,139.2702,132.3067,7699.4,135.0772,128.3233
Block 4 October 4 to December 31.xls,RoomSales,884,2023-10-04,2023-12-31,60,2023-12-10,0.1333,8,8,0,0,0,12,48,1437.97,179.7463,29.9577,1437.97,179.7463,29.9577
Block 4 October 4 to December 31.xls,RoomSales,897,2023-10-04,2023-12-31,60,2023-12-11,0.3,18,18,0,0,0,5,55,2472.0,137.3333,44.9455,2472.0,137.3333,44.9455
Block 4 October 4 to December 31.xls,RoomSales,910,2023-10-04,2023-12-31,60,2023-12-12,0.2833,17,17,0,0,0,2,58,1722.79,101.3406,29.7033,1722.79,101.3406,29.7033
Block 4 October 4 to December 31.xls,RoomSales,923,2023-10-04,2023-12-31,60,2023-12-13,0.3333,20,20,0,0,0,4,56,2567.12,128.356,45.8414,2567.12,128.356,45.8414
Block 4 October 4 to December 31.xls,RoomSales,936,2023-10-04,2023-12-31,60,2023-12-14,0.55,33,33,0,0,0,2,58,4804.32,145.5855,82.8331,4333.32,131.3127,74.7124
Block 4 October 4 to December 31.xls,RoomSales,949,2023-10-04,2023-12-31,60,2023-12-15,0.8333,50,41,9,0,0,1,59,7974.36,159.4872,135.1586,7974.36,159.4872,135.1586
Block 4 October 4 to December 31.xls,RoomSales,962,2023-10-04,2023-12-31,60,2023-12-16,0.95,57,41,16,0,0,1,59,8287.83,145.4005,140.4717,8287.83,145.4005,140.4717
Block 4 October 4 to December 31.xls,RoomSales,975,2023-10-04,2023-12-31,60,2023-12-17,0.25,15,15,0,1,0,2,58,1804.24,120.2827,31.1076,1804.24,120.2827,31.1076
Block 4 October 4 to December 31.xls,RoomSales,988,2023-10-04,2023-12-31,60,2023-12-18,0.1667,10,10,0,0,0,10,50,1016.2,101.62,20.324,1016.2,101.62,20.324
Block 4 October 4 to December 31.xls,RoomSales,1001,2023-10-04,2023-12-31,60,2023-12-19,0.3,18,16,2,0,2,7,53,2175.55,120.8639,41.0481,1982.95,110.1639,37.4142
Block 4 October 4 to December 31.xls,RoomSales,1014,2023-10-04,2023-12-31,60,2023-12-20,0.2667,16,16,0,0,0,4,56,1989.84,124.365,35.5329,1989.84,124.365,35.5329
Block 4 October 4 to December 31.xls,RoomSales,1027,2023-10-04,2023-12-31,60,2023-12-21,0.5833,35,30,5,1,0,0,60,4067.04,116.2011,67.784,4067.04,116.2011,67.784
Block 4 October 4 to December 31.xls,RoomSales,1040,2023-10-04,2023-12-31,60,2023-12-22,0.7667,46,38,8,0,0,1,59,6886.82,149.7135,116.7258,6886.82,149.7135,116.7258
Block 4 October 4 to December 31.xls,RoomSales,1053,2023-10-04,2023-12-31,60,2023-12-23,0.7,42,42,0,1,0,2,58,5613.52,133.6552,96.7848,5613.52,133.6552,96.7848
Block 4 October 4 to December 31.xls,RoomSales,1066,2023-10-04,2023-12-31,60,2023-12-24,0.75,45,45,0,0,0,2,58,5938.61,131.9691,102.3898,5938.61,131.9691,102.3898
Block 4 October 4 to December 31.xls,RoomSales,1079,2023-10-04,2023-12-31,60,2023-12-25,0.7167,43,43,0,1,0,7,53,5192.55,120.757,97.9726,5192.55,120.757,97.9726
Block 4 October 4 to December 31.xls,RoomSales,1092,2023-10-04,2023-12-31,60,2023-12-26,0.5167,31,31,0,0,0,4,56,4163.25,134.2984,74.3438,4163.25,134.2984,74.3438
Block 4 October 4 to December 31.xls,RoomSales,1105,2023-10-04,2023-12-31,60,2023-12-27,0.45,27,27,0,0,0,3,57,3384.19,125.3404,59.3718,3384.19,125.3404,59.3718
Block 4 October 4 to December 31.xls,RoomSales,1118,2023-10-04,2023-12-31,60,2023-12-28,0.5,30,30,0,0,0,3,57,4137.5,137.9167,72.5877,4137.5,137.9167,72.5877
Block 4 October 4 to December 31.xls,RoomSales,1131,2023-10-04,2023-12-31,60,2023-12-29,0.5833,35,35,0,1,1,0,60,4695.38,134.1537,78.2563,4695.38,134.1537,78.2563
Block 4 October 4 to December 31.xls,RoomSales,1144,2023-10-04,2023-12-31,60,2023-12-30,0.9167,55,52,3,0,0,0,60,8027.86,145.9611,133.7977,8027.86,145.9611,133.7977
Block 4 October 4 to December 31.xls,RoomSales,1157,2023-10-04,2023-12-31,60,2023-12-31,0.9667,58,55,3,0,0,1,59,8490.14,146.3817,143.9007,8309.09,143.2602,140.832
Block 1  92 daysJanuary 1 to April 1 2024.xls,RoomSales,11,2024-01-01,2024-04-01,60,2024-01-01,0.2167,13,13,0,0,0,31,29,1610.29,123.8685,55.5272,1415.89,108.9146,48.8238
Block 1  92 daysJanuary 1 to April 1 2024.xls,RoomSales,24,2024-01-01,2024-04-01,60,2024-01-02,0.25,15,15,0,0,0,20,40,2092.24,139.4827,52.306,1547.99,103.1993,38.6998
Block 1  92 daysJanuary 1 to April 1 2024.xls,RoomSales,37,2024-01-01,2024-04-01,60,2024-01-03,0.3667,22,20,2,0,0,21,39,2740.17,124.5532,70.2608,2617.81,118.9914,67.1233
Block 1  92 daysJanuary 1 to April 1 2024.xls,RoomSales,50,2024-01-01,2024-04-01,60,2024-01-04,0.25,15,13,2,0,0,15,45,1887.7,125.8467,41.9489,1887.7,125.8467,41.9489
Block 1  92 daysJanuary 1 to April 1 2024.xls,RoomSales,63,2024-01-01,2024-04-01,60,2024-01-05,0.55,33,13,20,0,0,17,43,4280.08,129.6994,99.5367,4280.08,129.6994,99.5367
Block 1  92 daysJanuary 1 to April 1 2024.xls,RoomSales,76,2024-01-01,2024-04-01,60,2024-01-06,0.6667,40,36,4,1,2,14,46,5942.53,148.5633,129.1854,5825.76,145.644,126.647
Block 1  92 daysJanuary 1 to April 1 2024.xls,RoomSales,89,2024-01-01,2024-04-01,60,2024-01-07,0.1167,7,7,0,0,2,35,25,1350.42,192.9171,54.0168,553.46,79.0657,22.1384
Block 1  92 daysJanuary 1 to April 1 2024.xls,RoomSales,102,2024-01-01,2024-04-01,60,2024-01-08,0.1333,8,8,0,0,1,17,43,775.83,96.9788,18.0426,775.83,96.9788,18.0426
Block 1  92 daysJanuary 1 to April 1 2024.xls,RoomSales,115,2024-01-01,2024-04-01,60,2024-01-09,0.1,6,6,0,0,1,14,46,650.2,108.3667,14.1348,650.2,108.3667,14.1348
Block 1  92 daysJanuary 1 to April 1 2024.xls,RoomSales,128,2024-01-01,2024-04-01,60,2024-01-10,0.2,12,12,0,0,1,4,56,1571.56,130.9633,28.0636,1571.56,130.9633,28.0636
Block 1  92 daysJanuary 1 to April 1 2024.xls,RoomSales,141,2024-01-01,2024-04-01,60,2024-01-11,0.9167,55,14,41,0,2,1,59,8923.92,162.2531,151.2529,8923.92,162.2531,151.2529
Block 1  92 daysJanuary 1 to April 1 2024.xls,RoomSales,154,2024-01-01,2024-04-01,60,2024-01-12,0.75,45,40,5,0,1,1,59,5710.35,126.8967,96.7856,5710.35,126.8967,96.7856
Block 1  92 daysJanuary 1 to April 1 2024.xls,RoomSales,167,2024-01-01,2024-04-01,60,2024-01-13,0.9667,58,42,16,1,2,1,59,8374.23,144.3833,141.9361,8185.23,141.1247,138.7327
Block 1  92 daysJanuary 1 to April 1 2024.xls,RoomSales,180,2024-01-01,2024-04-01,60,2024-01-14,0.25,15,15,0,0,0,18,42,2023.64,134.9093,48.1819,1628.64,108.576,38.7771
Block 1  92 daysJanuary 1 to April 1 2024.xls,RoomSales,193,2024-01-01,2024-04-01,60,2024-01-15,0.1833,11,11,0,0,0,13,47,1870.63,170.0573,39.8006,1870.63,170.0573,39.8006
Block 1  92 daysJanuary 1 to April 1 2024.xls,RoomSales,206,2024-01-01,2024-04-01,60,2024-01-16,0.1333,8,8,0,0,0,13,47,1045.29,130.6612,22.2402,785.44,98.18,16.7115
Block 1  92 daysJanuary 1 to April 1 2024.xls,RoomSales,219,2024-01-01,2024-04-01,60,2024-01-17,0.3,18,12,6,0,0,5,55,2410.75,133.9306,43.8318,2232.34,124.0189,40.588
Block 1  92 daysJanuary 1 to April 1 2024.xls,RoomSales,232,2024-01-01,2024-04-01,60,2024-01-18,0.3333,20,19,1,0,0,8,52,2622.76,131.138,50.4377,2622.76,131.138,50.4377
Block 1  92 daysJanuary 1 to April 1 2024.xls,RoomSales,245,2024-01-01,2024-04-01,60,2024-01-19,0.7167,43,35,8,0,1,5,55,5786.32,134.5656,105.2058,5786.32,134.5656,105.2058
Block 1  92 daysJanuary 1 to April 1 2024.xls,RoomSales,258,2024-01-01,2024-04-01,60,2024-01-20,0.8833,53,40,13,0,1,3,57,7327.11,138.2474,128.5458,7327.11,138.2474,128.5458
Block 1  92 daysJanuary 1 to April 1 2024.xls,RoomSales,271,2024-01-01,2024-04-01,60,2024-01-21,0.3833,23,23,0,0,0,5,55,2980.95,129.6065,54.1991,2980.95,129.6065,54.1991
Block 1  92 daysJanuary 1 to April 1 2024.xls,RoomSales,284,2024-01-01,2024-04-01,60,2024-01-22,0.3167,19,19,0,0,0,4,56,2232.65,117.5079,39.8687,2232.65,117.5079,39.8687
Block 1  92 daysJanuary 1 to April 1 2024.xls,RoomSales,297,2024-01-01,2024-04-01,60,2024-01-23,0.3,18,18,0,0,0,2,58,1791.05,99.5028,30.8802,1791.05,99.5028,30.8802
Block 1  92 daysJanuary 1 to April 1 2024.xls,RoomSales,310,2024-01-01,2024-04-01,60,2024-01-24,0.35,21,21,0,0,0,2,58,2215.25,105.4881,38.194,2215.25,105.4881,38.194
Block 1  92 daysJanuary 1 to April 1 2024.xls,RoomSales,323,2024-01-01,2024-04-01,60,2024-01-25,0.3167,19,19,0,0,0,4,56,2711.97,142.7353,48.428,2507.97,131.9984,44.7852
Block 1  92 daysJanuary 1 to April 1 2024.xls,RoomSales,336,2024-01-01,2024-04-01,60,2024-01-26,0.9167,55,55,0,0,0,2,58,7222.89,131.3253,124.5326,7222.89,131.3253,124.5326
Block 1  92 daysJanuary 1 to April 1 2024.xls,RoomSales,349,2024-01-01,2024-04-01,60,2024-01-27,1.0,60,36,24,0,0,0,60,8232.89,137.2148,137.2148,8232.89,137.2148,137.2148
Block 1  92 daysJanuary 1 to April 1 2024.xls,RoomSales,362,2024-01-01,2024-04-01,60,2024-01-28,0.4333,26,26,0,0,0,4,56,2828.01,108.7696,50.5002,2773.01,106.6542,49.518
Block 1  92 daysJanuary 1 to April 1 2024.xls,RoomSales,375,2024-01-01,2024-04-01,60,2024-01-29,0.4333,26,26,0,0,0,4,56,2897.0,111.4231,51.7321,2897.0,111.4231,51.7321
Block 1  92 daysJanuary 1 to April 1 2024.xls,RoomSales,388,2024-01-01,2024-04-01,60,2024-01-30,0.2667,16,16,0,0,0,4,56,1833.21,114.5756,32.7359,1833.21,114.5756,32.7359
Block 1  92 daysJanuary 1 to April 1 2024.xls,RoomSales,401,2024-01-01,2024-04-01,60,2024-01-31,0.3,18,18,0,1,0,5,55,2035.81,113.1006,37.0147,2035.81,113.1006,37.0147
Block 1  92 daysJanuary 1 to April 1 2024.xls,RoomSales,414,2024-01-01,2024-04-01,60,2024-02-01,0.3333,20,20,0,0,0,5,55,2288.53,114.4265,41.6096,2140.12,107.006,38.9113
Block 1  92 daysJanuary 1 to April 1 2024.xls,RoomSales,427,2024-01-01,2024-04-01,60,2024-02-02,0.55,33,26,7,0,0,1,59,4688.76,142.0836,79.4705,4688.76,142.0836,79.4705
Block 1  92 daysJanuary 1 to April 1 2024.xls,RoomSales,440,2024-01-01,2024-04-01,60,2024-02-03,1.0,60,50,10,1,0,0,60,8708.92,145.1487,145.1487,8708.92,145.1487,145.1487
Block 1  92 daysJanuary 1 to April 1 2024.xls,RoomSales,453,2024-01-01,2024-04-01,60,2024-02-04,0.1833,11,11,0,0,0,28,32,1906.98,173.3618,59.5931,1531.1,139.1909,47.8469
Block 1  92 daysJanuary 1 to April 1 2024.xls,RoomSales,466,2024-01-01,2024-04-01,60,2024-02-05,0.1333,8,8,0,0,0,13,47,1003.18,125.3975,21.3443,1003.18,125.3975,21.3443
Block 1  92 daysJanuary 1 to April 1 2024.xls,RoomSales,479,2024-01-01,2024-04-01,60,2024-02-06,0.2833,17,17,0,0,0,10,50,1967.03,115.7076,39.3406,1967.03,115.7076,39.3406
Block 1  92 daysJanuary 1 to April 1 2024.xls,RoomSales,492,2024-01-01,2024-04-01,60,2024-02-07,0.3333,20,20,0,0,0,2,58,2340.47,117.0235,40.3529,2340.47,117.0235,40.3529
Block 1  92 daysJanuary 1 to April 1 2024.xls,RoomSales,505,2024-01-01,2024-04-01,60,2024-02-08,0.4333,26,26,0,1,1,0,60,3134.7,120.5654,52.245,3134.7,120.5654,52.245
Block 1  92 daysJanuary 1 to April 1 2024.xls,RoomSales,518,2024-01-01,2024-04-01,60,2024-02-09,0.9833,59,59,0,1,0,0,60,7715.53,130.7717,128.5922,7715.53,130.7717,128.5922
Block 1  92 daysJanuary 1 to April 1 2024.xls,RoomSales,531,2024-01-01,2024-04-01,60,2024-02-10,1.0,60,60,0,0,0,0,60,8591.28,143.188,143.188,8591.28,143.188,143.188
Block 1  92 daysJanuary 1 to April 1 2024.xls,RoomSales,544,2024-01-01,2024-04-01,60,2024-02-11,0.2667,16,16,0,0,0,29,31,1938.79,121.1744,62.5416,1938.79,121.1744,62.5416
Block 1  92 daysJanuary 1 to April 1 2024.xls,RoomSales,557,2024-01-01,2024-04-01,60,2024-02-12,0.2333,14,14,0,0,0,28,32,1556.36,111.1686,48.6362,1556.36,111.1686,48.6362
Block 1  92 daysJanuary 1 to April 1 2024.xls,RoomSales,570,2024-01-01,2024-04-01,60,2024-02-13,0.2167,13,13,0,0,0,17,43,1514.76,116.52,35.227,1514.76,116.52,35.227
Block 1  92 daysJanuary 1 to April 1 2024.xls,RoomSales,583,2024-01-01,2024-04-01,60,2024-02-14,0.35,21,21,0,0,1,4,56,3076.14,146.4829,54.9311,3076.14,146.4829,54.9311
Block 1  92 daysJanuary 1 to April 1 2024.xls,RoomSales,596,2024-01-01,2024-04-01,60,2024-02-15,0.2833,17,17,0,0,0,2,58,2303.17,135.4806,39.7098,2303.17,135.4806,39.7098
Block 1  92 daysJanuary 1 to April 1 2024.xls,RoomSales,609,2024-01-01,2024-04-01,60,2024-02-16,0.85,51,49,2,1,0,1,59,6472.73,126.9163,109.7073,6298.13,123.4927,106.748
Block 1  92 daysJanuary 1 to April 1 2024.xls,RoomSales,622,2024-01-01,2024-04-01,60,2024-02-17,0.95,57,54,3,0,1,1,59,7532.15,132.143,127.6636,7532.15,132.143,127.6636
Block 1  92 daysJanuary 1 to April 1 2024.xls,RoomSales,635,2024-01-01,2024-04-01,60,2024-02-18,0.6333,38,38,0,0,1,20,40,5260.29,138.4287,131.5072,5260.29,138.4287,131.5072
Block 1  92 daysJanuary 1 to April 1 2024.xls,RoomSales,648,2024-01-01,2024-04-01,60,2024-02-19,0.6333,38,38,0,0,0,15,45,4646.74,122.2826,103.2609,4646.74,122.2826,103.2609
Block 1  92 daysJanuary 1 to April 1 2024.xls,RoomSales,661,2024-01-01,2024-04-01,60,2024-02-20,0.4167,25,25,0,0,0,10,50,3209.07,128.3628,64.1814,3130.07,125.2028,62.6014
Block 1  92 daysJanuary 1 to April 1 2024.xls,RoomSales,674,2024-01-01,2024-04-01,60,2024-02-21,0.4667,28,28,0,0,0,9,51,3697.08,132.0386,72.4918,3697.08,132.0386,72.4918
Block 1  92 daysJanuary 1 to April 1 2024.xls,RoomSales,687,2024-01-01,2024-04-01,60,2024-02-22,0.4667,28,28,0,0,0,10,50,3636.92,129.89,72.7384,3606.92,128.8186,72.1384
Block 1  92 daysJanuary 1 to April 1 2024.xls,RoomSales,700,2024-01-01,2024-04-01,60,2024-02-23,0.9333,56,55,1,0,0,1,59,7072.11,126.2877,119.8663,7072.11,126.2877,119.8663
Block 1  92 daysJanuary 1 to April 1 2024.xls,RoomSales,713,2024-01-01,2024-04-01,60,2024-02-24,0.95,57,54,3,0,0,2,58,7868.77,138.0486,135.6684,7868.77,138.0486,135.6684
Block 1  92 daysJanuary 1 to April 1 2024.xls,RoomSales,726,2024-01-01,2024-04-01,60,2024-02-25,0.25,15,15,0,0,0,30,30,2484.96,165.664,82.832,2129.16,141.944,70.972
Block 1  92 daysJanuary 1 to April 1 2024.xls,RoomSales,739,2024-01-01,2024-04-01,60,2024-02-26,0.3167,19,19,0,0,0,27,33,2380.3,125.2789,72.1303,2380.3,125.2789,72.1303
Block 1  92 daysJanuary 1 to April 1 2024.xls,RoomSales,752,2024-01-01,2024-04-01,60,2024-02-27,0.3,18,18,0,0,0,27,33,2122.6,117.9222,64.3212,2122.6,117.9222,64.3212
Block 1  92 daysJanuary 1 to April 1 2024.xls,RoomSales,765,2024-01-01,2024-04-01,60,2024-02-28,0.3,18,18,0,0,0,10,50,2206.91,122.6061,44.1382,2206.91,122.6061,44.1382
Block 1  92 daysJanuary 1 to April 1 2024.xls,RoomSales,778,2024-01-01,2024-04-01,60,2024-02-29,0.3833,23,23,0,0,0,11,49,2837.38,123.3643,57.9057,2733.93,118.8665,55.7945
Block 1  92 daysJanuary 1 to April 1 2024.xls,RoomSales,791,2024-01-01,2024-04-01,60,2024-03-01,0.9167,55,55,0,3,0,5,55,7581.1,137.8382,137.8382,6818.1,123.9655,123.9655
Block 1  92 daysJanuary 1 to April 1 2024.xls,RoomSales,804,2024-01-01,2024-04-01,60,2024-03-02,0.95,57,57,0,0,0,2,58,7574.37,132.8837,130.5926,7549.37,132.4451,130.1616
Block 1  92 daysJanuary 1 to April 1 2024.xls,RoomSales,817,2024-01-01,2024-04-01,60,2024-03-03,0.25,15,15,0,0,0,10,50,1926.22,128.4147,38.5244,1926.22,128.4147,38.5244
Block 1  92 daysJanuary 1 to April 1 2024.xls,RoomSales,830,2024-01-01,2024-04-01,60,2024-03-04,0.4833,29,29,0,0,0,3,57,3470.38,119.6683,60.8839,3470.38,119.6683,60.8839
Block 1  92 daysJanuary 1 to April 1 2024.xls,RoomSales,843,2024-01-01,2024-04-01,60,2024-03-05,0.5333,32,32,0,0,0,3,57,4054.91,126.7159,71.1388,3866.81,120.8378,67.8388
Block 1  92 daysJanuary 1 to April 1 2024.xls,RoomSales,856,2024-01-01,2024-04-01,60,2024-03-06,0.5833,35,35,0,0,0,3,57,4143.23,118.378,72.6882,4143.23,118.378,72.6882
Block 1  92 daysJanuary 1 to April 1 2024.xls,RoomSales,869,2024-01-01,2024-04-01,60,2024-03-07,0.5167,31,31,0,0,0,5,55,3721.89,120.061,67.6707,3721.89,120.061,67.6707
Block 1  92 daysJanuary 1 to April 1 2024.xls,RoomSales,882,2024-01-01,2024-04-01,60,2024-03-08,0.9,54,54,0,0,0,4,56,7156.49,132.5276,127.7945,7156.49,132.5276,127.7945
Block 1  92 daysJanuary 1 to April 1 2024.xls,RoomSales,895,2024-01-01,2024-04-01,60,2024-03-09,0.9833,59,59,0,2,0,1,59,8208.25,139.1229,139.1229,8080.28,136.9539,136.9539
Block 1  92 daysJanuary 1 to April 1 2024.xls,RoomSales,908,2024-01-01,2024-04-01,60,2024-03-10,0.35,21,21,0,0,0,15,45,2740.41,130.4957,60.898,2587.77,123.2271,57.506
Block 1  92 daysJanuary 1 to April 1 2024.xls,RoomSales,921,2024-01-01,2024-04-01,60,2024-03-11,0.2,12,12,0,0,0,11,49,1550.06,129.1717,31.6339,1550.06,129.1717,31.6339
Block 1  92 daysJanuary 1 to April 1 2024.xls,RoomSales,934,2024-01-01,2024-04-01,60,2024-03-12,0.4833,29,29,0,0,0,5,55,3984.48,137.3959,72.4451,3984.48,137.3959,72.4451
Block 1  92 daysJanuary 1 to April 1 2024.xls,RoomSales,947,2024-01-01,2024-04-01,60,2024-03-13,0.45,27,27,0,0,0,5,55,4133.5,153.0926,75.1545,3947.35,146.1981,71.77
Block 1  92 daysJanuary 1 to April 1 2024.xls,RoomSales,960,2024-01-01,2024-04-01,60,2024-03-14,0.35,21,21,0,0,0,5,55,2849.57,135.6938,51.8104,2849.57,135.6938,51.8104
Block 1  92 daysJanuary 1 to April 1 2024.xls,RoomSales,973,2024-01-01,2024-04-01,60,2024-03-15,0.8833,53,48,5,0,1,3,57,7722.69,145.7111,135.4858,7722.69,145.7111,135.4858
Block 1  92 daysJanuary 1 to April 1 2024.xls,RoomSales,986,2024-01-01,2024-04-01,60,2024-03-16,0.9167,55,50,5,0,2,1,59,8075.13,146.8205,136.8666,8075.13,146.8205,136.8666
Block 1  92 daysJanuary 1 to April 1 2024.xls,RoomSales,999,2024-01-01,2024-04-01,60,2024-03-17,0.4667,28,28,0,0,0,6,54,3931.48,140.41,72.8052,3931.48,140.41,72.8052
Block 1  92 daysJanuary 1 to April 1 2024.xls,RoomSales,1012,2024-01-01,2024-04-01,60,2024-03-18,0.3667,22,22,0,0,0,12,48,2997.45,136.2477,62.4469,2997.45,136.2477,62.4469
Block 1  92 daysJanuary 1 to April 1 2024.xls,RoomSales,1025,2024-01-01,2024-04-01,60,2024-03-19,0.4333,26,26,0,0,0,4,56,3325.6,127.9077,59.3857,3325.6,127.9077,59.3857
Block 1  92 daysJanuary 1 to April 1 2024.xls,RoomSales,1038,2024-01-01,2024-04-01,60,2024-03-20,0.3,18,18,0,0,0,2,58,2472.08,137.3378,42.6221,2472.08,137.3378,42.6221
Block 1  92 daysJanuary 1 to April 1 2024.xls,RoomSales,1051,2024-01-01,2024-04-01,60,2024-03-21,0.2833,17,17,0,0,0,2,58,2606.01,153.2947,44.9312,2606.01,153.2947,44.9312
Block 1  92 daysJanuary 1 to April 1 2024.xls,RoomSales,1064,2024-01-01,2024-04-01,60,2024-03-22,0.9,54,54,0,0,0,2,58,7120.9,131.8685,122.7741,7120.9,131.8685,122.7741
Block 1  92 daysJanuary 1 to April 1 2024.xls,RoomSales,1077,2024-01-01,2024-04-01,60,2024-03-23,0.9667,58,55,3,0,0,1,59,8273.85,142.6526,140.2347,8273.85,142.6526,140.2347
Block 1  92 daysJanuary 1 to April 1 2024.xls,RoomSales,1090,2024-01-01,2024-04-01,60,2024-03-24,0.3167,19,19,0,0,0,19,41,2572.03,135.37,62.7324,2299.87,121.0458,56.0944
Block 1  92 daysJanuary 1 to April 1 2024.xls,RoomSales,1103,2024-01-01,2024-04-01,60,2024-03-25,0.2667,16,16,0,0,0,14,46,1892.48,118.28,41.1409,1892.48,118.28,41.1409
Block 1  92 daysJanuary 1 to April 1 2024.xls,RoomSales,1116,2024-01-01,2024-04-01,60,2024-03-26,0.3333,20,20,0,0,0,4,56,2560.41,128.0205,45.7216,2560.41,128.0205,45.7216
Block 1  92 daysJanuary 1 to April 1 2024.xls,RoomSales,1129,2024-01-01,2024-04-01,60,2024-03-27,0.35,21,21,0,0,0,6,54,2856.3,136.0143,52.8944,2856.3,136.0143,52.8944
Block 1  92 daysJanuary 1 to April 1 2024.xls,RoomSales,1142,2024-01-01,2024-04-01,60,2024-03-28,0.3833,23,23,0,0,0,9,51,2622.95,114.0413,51.4304,2622.95,114.0413,51.4304
Block 1  92 daysJanuary 1 to April 1 2024.xls,RoomSales,1155,2024-01-01,2024-04-01,60,2024-03-29,0.9167,55,55,0,0,0,3,57,7336.68,133.3942,128.7137,7148.58,129.9742,125.4137
Block 1  92 daysJanuary 1 to April 1 2024.xls,RoomSales,1168,2024-01-01,2024-04-01,60,2024-03-30,0.8667,52,52,0,0,0,3,57,10502.69,201.9748,184.2577,9611.6,184.8385,168.6246
Block 1  92 daysJanuary 1 to April 1 2024.xls,RoomSales,1181,2024-01-01,2024-04-01,60,2024-03-31,0.3,18,18,0,0,0,13,47,2411.63,133.9794,51.3113,2411.63,133.9794,51.3113
Block 1  92 daysJanuary 1 to April 1 2024.xls,RoomSales,1194,2024-01-01,2024-04-01,60,2024-04-01,0.25,15,15,0,0,0,11,49,2044.53,136.302,41.7251,1933.09,128.8727,39.4508
Block 2 April 2 to July 2 2024.xls,RoomSales,11,2024-04-02,2024-07-02,60,2024-04-02,0.3833,23,23,0,0,0,3,57,2858.0,124.2609,50.1404,2696.9,117.2565,47.314
Block 2 April 2 to July 2 2024.xls,RoomSales,24,2024-04-02,2024-07-02,60,2024-04-03,0.5833,35,35,0,0,0,3,57,4032.92,115.2263,70.753,4032.92,115.2263,70.753
Block 2 April 2 to July 2 2024.xls,RoomSales,37,2024-04-02,2024-07-02,60,2024-04-04,0.45,27,27,0,0,0,3,57,2923.63,108.2826,51.2918,2923.63,108.2826,51.2918
Block 2 April 2 to July 2 2024.xls,RoomSales,50,2024-04-02,2024-07-02,60,2024-04-05,1.0,60,60,0,0,0,0,60,9332.75,155.5458,155.5458,9332.75,155.5458,155.5458
Block 2 April 2 to July 2 2024.xls,RoomSales,63,2024-04-02,2024-07-02,60,2024-04-06,1.0,60,56,4,1,0,0,60,8237.93,137.2988,137.2988,8237.93,137.2988,137.2988
Block 2 April 2 to July 2 2024.xls,RoomSales,76,2024-04-02,2024-07-02,60,2024-04-07,0.5167,31,31,0,0,0,2,58,3767.97,121.5474,64.965,3767.97,121.5474,64.965
Block 2 April 2 to July 2 2024.xls,RoomSales,89,2024-04-02,2024-07-02,60,2024-04-08,0.5833,35,35,0,0,0,12,48,4614.14,131.8326,96.1279,4614.14,131.8326,96.1279
Block 2 April 2 to July 2 2024.xls,RoomSales,102,2024-04-02,2024-07-02,60,2024-04-09,0.3667,22,22,0,1,0,3,57,3231.55,146.8886,56.6939,3047.95,138.5432,53.4728
Block 2 April 2 to July 2 2024.xls,RoomSales,115,2024-04-02,2024-07-02,60,2024-04-10,0.3,18,18,0,0,0,2,58,2239.96,124.4422,38.62,2239.96,124.4422,38.62
Block 2 April 2 to July 2 2024.xls,RoomSales,128,2024-04-02,2024-07-02,60,2024-04-11,0.35,21,21,0,0,0,3,57,2616.85,124.6119,45.9096,2616.85,124.6119,45.9096
Block 2 April 2 to July 2 2024.xls,RoomSales,141,2024-04-02,2024-07-02,60,2024-04-12,0.9833,59,46,13,0,0,1,59,8271.13,140.1886,140.1886,8271.13,140.1886,140.1886
Block 2 April 2 to July 2 2024.xls,RoomSales,154,2024-04-02,2024-07-02,60,2024-04-13,1.0,60,40,20,0,0,0,60,8439.14,140.6523,140.6523,8439.14,140.6523,140.6523
Block 2 April 2 to July 2 2024.xls,RoomSales,167,2024-04-02,2024-07-02,60,2024-04-14,0.5333,32,31,1,0,0,3,57,4411.8,137.8688,77.4,4411.8,137.8688,77.4
Block 2 April 2 to July 2 2024.xls,RoomSales,180,2024-04-02,2024-07-02,60,2024-04-15,0.4833,29,29,0,0,0,12,48,3778.64,130.2979,78.7217,3778.64,130.2979,78.7217
Block 2 April 2 to July 2 2024.xls,RoomSales,193,2024-04-02,2024-07-02,60,2024-04-16,0.5333,32,32,0,0,0,6,54,3997.33,124.9166,74.0246,3896.27,121.7584,72.1531
Block 2 April 2 to July 2 2024.xls,RoomSales,206,2024-04-02,2024-07-02,60,2024-04-17,0.4833,29,29,0,0,0,2,58,3677.05,126.7948,63.3974,3511.05,121.0707,60.5353
Block 2 April 2 to July 2 2024.xls,RoomSales,219,2024-04-02,2024-07-02,60,2024-04-18,0.6833,41,35,6,0,0,2,58,5493.65,133.9915,94.7181,5493.65,133.9915,94.7181
Block 2 April 2 to July 2 2024.xls,RoomSales,232,2024-04-02,2024-07-02,60,2024-04-19,0.9667,58,37,21,0,0,0,60,10175.86,175.4459,169.5977,10002.46,172.4562,166.7077
Block 2 April 2 to July 2 2024.xls,RoomSales,245,2024-04-02,2024-07-02,60,2024-04-20,0.9667,58,36,22,0,0,0,60,8579.71,147.926,142.9952,8468.42,146.0072,141.1403
Block 2 April 2 to July 2 2024.xls,RoomSales,258,2024-04-02,2024-07-02,60,2024-04-21,0.4833,29,29,0,0,0,6,54,3722.27,128.3541,68.9309,3561.62,122.8145,65.9559
Block 2 April 2 to July 2 2024.xls,RoomSales,271,2024-04-02,2024-07-02,60,2024-04-22,0.4667,28,28,0,0,0,12,48,3802.7,135.8107,79.2229,3653.01,130.4646,76.1044
Block 2 April 2 to July 2 2024.xls,RoomSales,284,2024-04-02,2024-07-02,60,2024-04-23,0.4,24,24,0,0,0,5,55,2819.86,117.4942,51.2702,2819.86,117.4942,51.2702
Block 2 April 2 to July 2 2024.xls,RoomSales,297,2024-04-02,2024-07-02,60,2024-04-24,0.4,24,24,0,0,0,3,57,3231.8,134.6583,56.6982,3231.8,134.6583,56.6982
Block 2 April 2 to July 2 2024.xls,RoomSales,310,2024-04-02,2024-07-02,60,2024-04-25,0.55,33,32,1,0,0,1,59,4384.31,132.8579,74.3103,4384.31,132.8579,74.3103
Block 2 April 2 to July 2 2024.xls,RoomSales,323,2024-04-02,2024-07-02,60,2024-04-26,0.9667,58,55,3,0,0,0,60,8594.65,148.1836,143.2442,8594.65,148.1836,143.2442
Block 2 April 2 to July 2 2024.xls,RoomSales,336,2024-04-02,2024-07-02,60,2024-04-27,1.0,60,51,9,0,0,0,60,8604.37,143.4062,143.4062,8604.37,143.4062,143.4062
Block 2 April 2 to July 2 2024.xls,RoomSales,349,2024-04-02,2024-07-02,60,2024-04-28,0.3333,20,20,0,0,0,17,43,2511.23,125.5615,58.4007,2395.31,119.7655,55.7049
Block 2 April 2 to July 2 2024.xls,RoomSales,362,2024-04-02,2024-07-02,60,2024-04-29,0.3833,23,23,0,0,0,2,58,2870.83,124.8187,49.4971,2870.83,124.8187,49.4971
Block 2 April 2 to July 2 2024.xls,RoomSales,375,2024-04-02,2024-07-02,60,2024-04-30,0.4,24,23,1,0,0,3,57,2844.43,118.5179,49.9023,2844.43,118.5179,49.9023
Block 2 April 2 to July 2 2024.xls,RoomSales,388,2024-04-02,2024-07-02,60,2024-05-01,0.4833,29,26,3,0,0,5,55,4684.46,161.5331,85.172,4684.46,161.5331,85.172
Block 2 April 2 to July 2 2024.xls,RoomSales,401,2024-04-02,2024-07-02,60,2024-05-02,0.6333,38,27,11,0,0,5,55,7309.52,192.3558,132.9004,7309.52,192.3558,132.9004
Block 2 April 2 to July 2 2024.xls,RoomSales,414,2024-04-02,2024-07-02,60,2024-05-03,0.9833,59,40,19,0,0,0,60,12566.08,212.9844,209.4347,12566.08,212.9844,209.4347
Block 2 April 2 to July 2 2024.xls,RoomSales,427,2024-04-02,2024-07-02,60,2024-05-04,0.9667,58,50,8,0,0,0,60,12274.63,211.6316,204.5772,12274.63,211.6316,204.5772
Block 2 April 2 to July 2 2024.xls,RoomSales,440,2024-04-02,2024-07-02,60,2024-05-05,0.2833,17,16,1,0,0,10,50,3026.45,178.0265,60.529,3026.45,178.0265,60.529
Block 2 April 2 to July 2 2024.xls,RoomSales,453,2024-04-02,2024-07-02,60,2024-05-06,0.3,18,18,0,0,0,4,56,3020.99,167.8328,53.9462,3020.99,167.8328,53.9462
Block 2 April 2 to July 2 2024.xls,RoomSales,466,2024-04-02,2024-07-02,60,2024-05-07,0.2667,16,16,0,0,0,2,58,2349.66,146.8537,40.5114,2349.66,146.8537,40.5114
Block 2 April 2 to July 2 2024.xls,RoomSales,479,2024-04-02,2024-07-02,60,2024-05-08,0.25,15,15,0,0,0,4,56,1948.91,129.9273,34.802,1948.91,129.9273,34.802
Block 2 April 2 to July 2 2024.xls,RoomSales,492,2024-04-02,2024-07-02,60,2024-05-09,0.35,21,21,0,0,0,2,58,2943.55,140.169,50.7509,2943.55,140.169,50.7509
Block 2 April 2 to July 2 2024.xls,RoomSales,505,2024-04-02,2024-07-02,60,2024-05-10,0.6,36,36,0,0,0,3,57,6203.81,172.3281,108.8388,6203.81,172.3281,108.8388
Block 2 April 2 to July 2 2024.xls,RoomSales,518,2024-04-02,2024-07-02,60,2024-05-11,0.9,54,54,0,0,1,2,58,11160.53,206.6765,192.4229,11160.53,206.6765,192.4229
Block 2 April 2 to July 2 2024.xls,RoomSales,531,2024-04-02,2024-07-02,60,2024-05-12,0.3167,19,19,0,2,0,10,50,2510.71,132.1426,50.2142,2403.31,126.49,48.0662
Block 2 April 2 to July 2 2024.xls,RoomSales,544,2024-04-02,2024-07-02,60,2024-05-13,0.4667,28,28,0,0,0,5,55,3871.4,138.2643,70.3891,3565.3,127.3321,64.8236
Block 2 April 2 to July 2 2024.xls,RoomSales,557,2024-04-02,2024-07-02,60,2024-05-14,0.3667,22,22,0,0,0,2,58,3090.06,140.4573,53.2769,2954.63,134.3014,50.9419
Block 2 April 2 to July 2 2024.xls,RoomSales,570,2024-04-02,2024-07-02,60,2024-05-15,0.5,30,30,0,0,0,1,59,4378.28,145.9427,74.2081,4378.28,145.9427,74.2081
Block 2 April 2 to July 2 2024.xls,RoomSales,583,2024-04-02,2024-07-02,60,2024-05-16,0.9167,55,55,0,0,0,2,58,10785.19,196.0944,185.9516,10785.19,196.0944,185.9516
Block 2 April 2 to July 2 2024.xls,RoomSales,596,2024-04-02,2024-07-02,60,2024-05-17,0.9667,58,57,1,0,0,0,60,14043.99,242.1378,234.0665,13843.99,238.6895,230.7332
Block 2 April 2 to July 2 2024.xls,RoomSales,609,2024-04-02,2024-07-02,60,2024-05-18,0.9833,59,48,11,0,0,0,60,15251.22,258.4953,254.187,15236.22,258.241,253.937
Block 2 April 2 to July 2 2024.xls,RoomSales,622,2024-04-02,2024-07-02,60,2024-05-19,0.65,39,38,1,0,0,15,45,7006.58,179.6559,155.7018,6769.43,173.5751,150.4318
Block 2 April 2 to July 2 2024.xls,RoomSales,635,2024-04-02,2024-07-02,60,2024-05-20,0.3333,20,20,0,0,0,23,37,3405.76,170.288,92.0476,3405.76,170.288,92.0476
Block 2 April 2 to July 2 2024.xls,RoomSales,648,2024-04-02,2024-07-02,60,2024-05-21,0.3333,20,20,0,0,0,3,57,2470.53,123.5265,43.3426,2470.53,123.5265,43.3426
Block 2 April 2 to July 2 2024.xls,RoomSales,661,2024-04-02,2024-07-02,60,2024-05-22,0.35,21,21,0,0,0,2,58,2620.25,124.7738,45.1767,2620.25,124.7738,45.1767
Block 2 April 2 to July 2 2024.xls,RoomSales,674,2024-04-02,2024-07-02,60,2024-05-23,0.3833,23,20,3,0,0,3,57,4700.85,204.3848,82.4711,3449.41,149.9743,60.516
Block 2 April 2 to July 2 2024.xls,RoomSales,687,2024-04-02,2024-07-02,60,2024-05-24,1.0,60,42,18,0,0,0,60,12728.35,212.1392,212.1392,12728.35,212.1392,212.1392
Block 2 April 2 to July 2 2024.xls,RoomSales,700,2024-04-02,2024-07-02,60,2024-05-25,0.9833,59,28,31,0,0,0,60,13334.83,226.0141,222.2472,13334.83,226.0141,222.2472
Block 2 April 2 to July 2 2024.xls,RoomSales,713,2024-04-02,2024-07-02,60,2024-05-26,0.7833,47,37,10,0,0,10,50,8114.55,172.65,162.291,7700.55,163.8415,154.011
Block 2 April 2 to July 2 2024.xls,RoomSales,726,2024-04-02,2024-07-02,60,2024-05-27,0.2167,13,13,0,0,0,7,53,1869.17,143.7823,35.2674,1869.17,143.7823,35.2674
Block 2 April 2 to July 2 2024.xls,RoomSales,739,2024-04-02,2024-07-02,60,2024-05-28,0.2333,14,14,0,0,0,1,59,1922.56,137.3257,32.5858,1773.81,126.7007,30.0646
Block 2 April 2 to July 2 2024.xls,RoomSales,752,2024-04-02,2024-07-02,60,2024-05-29,0.35,21,21,0,0,0,0,60,2907.88,138.4705,48.4647,2747.88,130.8514,45.798
Block 2 April 2 to July 2 2024.xls,RoomSales,765,2024-04-02,2024-07-02,60,2024-05-30,0.5167,31,29,2,0,0,0,60,4499.66,145.1503,74.9943,4390.36,141.6245,73.1727
Block 2 April 2 to July 2 2024.xls,RoomSales,778,2024-04-02,2024-07-02,60,2024-05-31,0.9667,58,17,41,0,0,0,60,12273.32,211.609,204.5553,12160.07,209.6564,202.6678
Block 2 April 2 to July 2 2024.xls,RoomSales,791,2024-04-02,2024-07-02,60,2024-06-01,1.0,60,12,48,0,0,0,60,12026.98,200.4497,200.4497,11390.23,189.8372,189.8372
Block 2 April 2 to July 2 2024.xls,RoomSales,806,2024-04-02,2024-07-02,60,2024-06-02,0.3333,20,17,3,0,0,31,29,3011.64,150.582,103.8497,2607.39,130.3695,89.91
Block 2 April 2 to July 2 2024.xls,RoomSales,819,2024-04-02,2024-07-02,60,2024-06-03,0.4,24,24,0,0,0,19,41,3284.0,136.8333,80.0976,3284.0,136.8333,80.0976
Block 2 April 2 to July 2 2024.xls,RoomSales,832,2024-04-02,2024-07-02,60,2024-06-04,0.75,45,45,0,0,0,3,57,6814.5,151.4333,119.5526,6814.5,151.4333,119.5526
Block 2 April 2 to July 2 2024.xls,RoomSales,845,2024-04-02,2024-07-02,60,2024-06-05,0.9333,56,56,0,0,1,3,57,8699.6,155.35,152.6246,8699.6,155.35,152.6246
Block 2 April 2 to July 2 2024.xls,RoomSales,858,2024-04-02,2024-07-02,60,2024-06-06,0.7,42,20,22,0,0,12,48,7456.51,177.536,155.344,7201.63,171.4674,150.034
Block 2 April 2 to July 2 2024.xls,RoomSales,871,2024-04-02,2024-07-02,60,2024-06-07,0.9833,59,11,48,0,0,0,60,12033.31,203.9544,200.5552,12033.31,203.9544,200.5552
Block 2 April 2 to July 2 2024.xls,RoomSales,884,2024-04-02,2024-07-02,60,2024-06-08,1.0,60,19,41,0,0,0,60,13152.87,219.2145,219.2145,12606.87,210.1145,210.1145
Block 2 April 2 to July 2 2024.xls,RoomSales,897,2024-04-02,2024-07-02,60,2024-06-09,0.1333,8,8,0,0,0,11,49,1072.48,134.06,21.8873,874.48,109.31,17.8465
Block 2 April 2 to July 2 2024.xls,RoomSales,910,2024-04-02,2024-07-02,60,2024-06-10,0.4833,29,29,0,0,0,5,55,3798.45,130.981,69.0627,3584.46,123.6021,65.172
Block 2 April 2 to July 2 2024.xls,RoomSales,923,2024-04-02,2024-07-02,60,2024-06-11,0.65,39,39,0,0,0,4,56,5093.75,130.609,90.9598,5093.75,130.609,90.9598
Block 2 April 2 to July 2 2024.xls,RoomSales,936,2024-04-02,2024-07-02,60,2024-06-12,0.6,36,35,1,0,0,4,56,4663.98,129.555,83.2854,4663.98,129.555,83.2854
Block 2 April 2 to July 2 2024.xls,RoomSales,949,2024-04-02,2024-07-02,60,2024-06-13,0.6,36,33,3,0,0,3,57,5326.26,147.9517,93.4432,5326.26,147.9517,93.4432
Block 2 April 2 to July 2 2024.xls,RoomSales,962,2024-04-02,2024-07-02,60,2024-06-14,0.9667,58,35,23,0,0,0,60,11769.64,202.9248,196.1607,11467.64,197.7179,191.1273
Block 2 April 2 to July 2 2024.xls,RoomSales,975,2024-04-02,2024-07-02,60,2024-06-15,1.0,60,28,32,0,0,0,60,12259.3,204.3217,204.3217,12259.3,204.3217,204.3217
Block 2 April 2 to July 2 2024.xls,RoomSales,988,2024-04-02,2024-07-02,60,2024-06-16,0.1833,11,11,0,0,0,20,40,1541.14,140.1036,38.5285,1541.14,140.1036,38.5285
Block 2 April 2 to July 2 2024.xls,RoomSales,1001,2024-04-02,2024-07-02,60,2024-06-17,0.2833,17,17,0,0,0,4,56,2517.28,148.0753,44.9514,2517.28,148.0753,44.9514
Block 2 April 2 to July 2 2024.xls,RoomSales,1014,2024-04-02,2024-07-02,60,2024-06-18,0.3,18,18,0,0,0,3,57,2359.36,131.0756,41.3923,2184.36,121.3533,38.3221
Block 2 April 2 to July 2 2024.xls,RoomSales,1027,2024-04-02,2024-07-02,60,2024-06-19,0.3833,23,22,1,0,0,2,58,3130.06,136.0896,53.9666,3117.11,135.5265,53.7433
Block 2 April 2 to July 2 2024.xls,RoomSales,1040,2024-04-02,2024-07-02,60,2024-06-20,0.8833,53,25,28,0,0,2,58,9377.8,176.9396,161.6862,9140.85,172.4689,157.6009
Block 2 April 2 to July 2 2024.xls,RoomSales,1053,2024-04-02,2024-07-02,60,2024-06-21,1.0,60,6,54,1,0,0,60,12479.77,207.9962,207.9962,12281.77,204.6962,204.6962
Block 2 April 2 to July 2 2024.xls,RoomSales,1066,2024-04-02,2024-07-02,60,2024-06-22,0.9667,58,23,35,0,0,0,60,12591.59,217.0964,209.8598,12358.69,213.0809,205.9782
Block 2 April 2 to July 2 2024.xls,RoomSales,1079,2024-04-02,2024-07-02,60,2024-06-23,0.55,33,21,12,1,0,5,55,5598.07,169.6385,101.7831,5346.07,162.0021,97.2013
Block 2 April 2 to July 2 2024.xls,RoomSales,1092,2024-04-02,2024-07-02,60,2024-06-24,0.3667,22,22,0,0,0,3,57,2834.68,128.8491,49.7312,2646.58,120.2991,46.4312
Block 2 April 2 to July 2 2024.xls,RoomSales,1105,2024-04-02,2024-07-02,60,2024-06-25,0.5333,32,32,0,0,0,3,57,4192.76,131.0238,73.5572,4192.76,131.0238,73.5572
Block 2 April 2 to July 2 2024.xls,RoomSales,1118,2024-04-02,2024-07-02,60,2024-06-26,0.7,42,36,6,0,0,2,58,6159.15,146.6464,106.1922,6045.9,143.95,104.2397
Block 2 April 2 to July 2 2024.xls,RoomSales,1131,2024-04-02,2024-07-02,60,2024-06-27,0.55,33,20,13,0,0,6,54,5272.56,159.7745,97.64,5272.56,159.7745,97.64
Block 2 April 2 to July 2 2024.xls,RoomSales,1144,2024-04-02,2024-07-02,60,2024-06-28,0.9833,59,4,55,0,0,0,60,12027.92,203.8631,200.4653,12027.92,203.8631,200.4653
Block 2 April 2 to July 2 2024.xls,RoomSales,1157,2024-04-02,2024-07-02,60,2024-06-29,0.9833,59,15,44,0,0,0,60,12464.93,211.27,207.7488,12464.93,211.27,207.7488
Block 2 April 2 to July 2 2024.xls,RoomSales,1170,2024-04-02,2024-07-02,60,2024-06-30,0.3333,20,20,0,0,0,29,31,3092.99,154.6495,99.7739,3092.99,154.6495,99.7739
Block 2 April 2 to July 2 2024.xls,RoomSales,1183,2024-04-02,2024-07-02,60,2024-07-01,0.2333,14,14,0,0,0,7,53,1921.22,137.23,36.2494,1921.22,137.23,36.2494
Block 2 April 2 to July 2 2024.xls,RoomSales,1196,2024-04-02,2024-07-02,60,2024-07-02,0.2833,17,17,0,0,0,2,58,2173.21,127.8359,37.4691,2173.21,127.8359,37.4691
Block 3  July 3 to October 2 2024.xls,RoomSales,11,2024-07-03,2024-10-02,60,2024-07-03,0.3833,23,23,0,0,0,1,59,3047.35,132.4935,51.65,3047.35,132.4935,51.65
Block 3  July 3 to October 2 2024.xls,RoomSales,24,2024-07-03,2024-10-02,60,2024-07-04,0.4333,26,26,0,0,0,1,59,3382.23,130.0858,57.3259,3382.23,130.0858,57.3259
Block 3  July 3 to October 2 2024.xls,RoomSales,37,2024-07-03,2024-10-02,60,2024-07-05,0.9833,59,46,13,0,0,1,59,11247.8,190.6407,190.6407,10145.8,171.9627,171.9627
Block 3  July 3 to October 2 2024.xls,RoomSales,50,2024-07-03,2024-10-02,60,2024-07-06,0.9833,59,42,17,0,0,1,59,11957.18,202.6641,202.6641,11957.18,202.6641,202.6641
Block 3  July 3 to October 2 2024.xls,RoomSales,63,2024-07-03,2024-10-02,60,2024-07-07,0.3667,22,22,0,0,0,30,30,3198.97,145.4077,106.6323,2974.57,135.2077,99.1523
Block 3  July 3 to October 2 2024.xls,RoomSales,76,2024-07-03,2024-10-02,60,2024-07-08,0.45,27,27,0,0,0,14,46,3568.36,132.1615,77.573,3285.81,121.6967,71.4307
Block 3  July 3 to October 2 2024.xls,RoomSales,89,2024-07-03,2024-10-02,60,2024-07-09,0.55,33,33,0,0,0,1,59,4691.26,142.1594,79.5129,4691.26,142.1594,79.5129
Block 3  July 3 to October 2 2024.xls,RoomSales,102,2024-07-03,2024-10-02,60,2024-07-10,0.6667,40,34,6,0,0,2,58,6268.4,156.71,108.0759,6268.4,156.71,108.0759
Block 3  July 3 to October 2 2024.xls,RoomSales,115,2024-07-03,2024-10-02,60,2024-07-11,0.8333,50,37,13,0,0,2,58,8592.49,171.8498,148.1464,8434.49,168.6898,145.4222
Block 3  July 3 to October 2 2024.xls,RoomSales,128,2024-07-03,2024-10-02,60,2024-07-12,0.9667,58,43,15,0,0,1,59,11437.19,197.1929,193.8507,11437.19,197.1929,193.8507
Block 3  July 3 to October 2 2024.xls,RoomSales,141,2024-07-03,2024-10-02,60,2024-07-13,1.0,60,44,16,0,0,0,60,11806.01,196.7668,196.7668,11806.01,196.7668,196.7668
Block 3  July 3 to October 2 2024.xls,RoomSales,154,2024-07-03,2024-10-02,60,2024-07-14,0.4167,25,24,1,0,0,28,32,3381.33,135.2532,105.6666,3381.33,135.2532,105.6666
Block 3  July 3 to October 2 2024.xls,RoomSales,167,2024-07-03,2024-10-02,60,2024-07-15,0.4667,28,28,0,0,0,18,42,5102.69,182.2389,121.4926,3694.94,131.9621,87.9748
Block 3  July 3 to October 2 2024.xls,RoomSales,182,2024-07-03,2024-10-02,60,2024-07-16,0.6,36,36,0,0,0,6,54,4570.89,126.9692,84.6461,4570.89,126.9692,84.6461
Block 3  July 3 to October 2 2024.xls,RoomSales,195,2024-07-03,2024-10-02,60,2024-07-17,0.45,27,27,0,0,0,7,53,3741.8,138.5852,70.6,3741.8,138.5852,70.6
Block 3  July 3 to October 2 2024.xls,RoomSales,208,2024-07-03,2024-10-02,60,2024-07-18,0.5333,32,31,1,0,0,5,55,4221.6,131.925,76.7564,4221.6,131.925,76.7564
Block 3  July 3 to October 2 2024.xls,RoomSales,221,2024-07-03,2024-10-02,60,2024-07-19,0.9833,59,40,19,0,0,0,60,11439.97,193.8978,190.6662,11439.97,193.8978,190.6662
Block 3  July 3 to October 2 2024.xls,RoomSales,234,2024-07-03,2024-10-02,60,2024-07-20,1.0,60,26,34,0,0,0,60,12192.84,203.214,203.214,12192.84,203.214,203.214
Block 3  July 3 to October 2 2024.xls,RoomSales,247,2024-07-03,2024-10-02,60,2024-07-21,0.6833,41,35,6,0,0,9,51,5866.21,143.0783,115.0237,5250.82,128.0688,102.9573
Block 3  July 3 to October 2 2024.xls,RoomSales,260,2024-07-03,2024-10-02,60,2024-07-22,0.75,45,45,0,0,0,1,59,5560.01,123.5558,94.2375,5560.01,123.5558,94.2375
Block 3  July 3 to October 2 2024.xls,RoomSales,273,2024-07-03,2024-10-02,60,2024-07-23,0.8667,52,52,0,1,0,4,56,6697.82,128.8042,119.6039,6697.82,128.8042,119.6039
Block 3  July 3 to October 2 2024.xls,RoomSales,286,2024-07-03,2024-10-02,60,2024-07-24,0.95,57,57,0,0,0,2,58,7960.74,139.6621,137.2541,7960.74,139.6621,137.2541
Block 3  July 3 to October 2 2024.xls,RoomSales,299,2024-07-03,2024-10-02,60,2024-07-25,0.9667,58,57,1,0,0,1,59,7890.92,136.0503,133.7444,7503.74,129.3748,127.182
Block 3  July 3 to October 2 2024.xls,RoomSales,312,2024-07-03,2024-10-02,60,2024-07-26,1.0,60,44,16,1,0,1,59,11493.56,191.5593,194.8061,11321.01,188.6835,191.8815
Block 3  July 3 to October 2 2024.xls,RoomSales,325,2024-07-03,2024-10-02,60,2024-07-27,1.0,60,41,19,0,0,0,60,12726.8,212.1133,212.1133,12359.3,205.9883,205.9883
Block 3  July 3 to October 2 2024.xls,RoomSales,338,2024-07-03,2024-10-02,60,2024-07-28,0.4667,28,27,1,0,0,25,35,4232.8,151.1714,120.9371,4232.8,151.1714,120.9371
Block 3  July 3 to October 2 2024.xls,RoomSales,351,2024-07-03,2024-10-02,60,2024-07-29,0.3667,22,21,1,0,0,22,38,2988.5,135.8409,78.6447,2638.07,119.9123,69.4229
Block 3  July 3 to October 2 2024.xls,RoomSales,364,2024-07-03,2024-10-02,60,2024-07-30,0.45,27,26,1,0,0,2,58,3304.63,122.3937,56.9764,3304.63,122.3937,56.9764
Block 3  July 3 to October 2 2024.xls,RoomSales,377,2024-07-03,2024-10-02,60,2024-07-31,0.6667,40,39,1,0,0,4,56,5075.58,126.8895,90.6354,4964.13,124.1033,88.6452
Block 3  July 3 to October 2 2024.xls,RoomSales,390,2024-07-03,2024-10-02,60,2024-08-01,0.55,33,30,3,0,0,4,56,4530.5,137.2879,80.9018,4530.5,137.2879,80.9018
Block 3  July 3 to October 2 2024.xls,RoomSales,403,2024-07-03,2024-10-02,60,2024-08-02,1.0,60,34,26,0,0,0,60,11478.61,191.3102,191.3102,11478.61,191.3102,191.3102
Block 3  July 3 to October 2 2024.xls,RoomSales,416,2024-07-03,2024-10-02,60,2024-08-03,1.0,60,18,42,0,0,0,60,12486.36,208.106,208.106,12486.36,208.106,208.106
Block 3  July 3 to October 2 2024.xls,RoomSales,429,2024-07-03,2024-10-02,60,2024-08-04,0.3667,22,21,1,0,0,29,31,2613.03,118.7741,84.2913,2613.03,118.7741,84.2913
Block 3  July 3 to October 2 2024.xls,RoomSales,442,2024-07-03,2024-10-02,60,2024-08-05,0.4,24,24,0,0,0,19,41,2969.45,123.7271,72.4256,2874.0,119.75,70.0976
Block 3  July 3 to October 2 2024.xls,RoomSales,455,2024-07-03,2024-10-02,60,2024-08-06,0.5,30,30,0,0,0,10,50,3472.31,115.7437,69.4462,3472.31,115.7437,69.4462
Block 3  July 3 to October 2 2024.xls,RoomSales,468,2024-07-03,2024-10-02,60,2024-08-07,0.6167,37,37,0,1,0,7,53,4763.37,128.7397,89.8749,4763.37,128.7397,89.8749
Block 3  July 3 to October 2 2024.xls,RoomSales,481,2024-07-03,2024-10-02,60,2024-08-08,0.6833,41,41,0,0,0,7,53,4845.3,118.178,91.4208,4684.65,114.2598,88.3896
Block 3  July 3 to October 2 2024.xls,RoomSales,494,2024-07-03,2024-10-02,60,2024-08-09,0.9167,55,52,3,0,1,1,59,9352.34,170.0425,158.5142,9352.34,170.0425,158.5142
Block 3  July 3 to October 2 2024.xls,RoomSales,507,2024-07-03,2024-10-02,60,2024-08-10,0.9833,59,51,8,1,0,0,60,10545.38,178.7353,175.7563,10545.38,178.7353,175.7563
Block 3  July 3 to October 2 2024.xls,RoomSales,520,2024-07-03,2024-10-02,60,2024-08-11,0.4333,26,25,1,0,0,21,39,3350.16,128.8523,85.9015,3350.16,128.8523,85.9015
Block 3  July 3 to October 2 2024.xls,RoomSales,533,2024-07-03,2024-10-02,60,2024-08-12,0.5167,31,30,1,1,0,11,49,4417.64,142.5045,90.1559,4251.04,137.1303,86.7559
Block 3  July 3 to October 2 2024.xls,RoomSales,546,2024-07-03,2024-10-02,60,2024-08-13,0.8667,52,52,0,0,0,6,54,7087.3,136.2942,131.2463,7087.3,136.2942,131.2463
Block 3  July 3 to October 2 2024.xls,RoomSales,559,2024-07-03,2024-10-02,60,2024-08-14,0.6,36,34,2,0,0,9,51,5103.85,141.7736,100.0755,5103.85,141.7736,100.0755
Block 3  July 3 to October 2 2024.xls,RoomSales,572,2024-07-03,2024-10-02,60,2024-08-15,0.8333,50,41,9,0,0,5,55,7106.92,142.1384,129.2167,7106.92,142.1384,129.2167
Block 3  July 3 to October 2 2024.xls,RoomSales,585,2024-07-03,2024-10-02,60,2024-08-16,1.0,60,32,28,0,0,0,60,11771.65,196.1942,196.1942,11624.98,193.7497,193.7497
Block 3  July 3 to October 2 2024.xls,RoomSales,598,2024-07-03,2024-10-02,60,2024-08-17,1.0,60,23,37,0,0,0,60,12389.44,206.4907,206.4907,12389.44,206.4907,206.4907
Block 3  July 3 to October 2 2024.xls,RoomSales,611,2024-07-03,2024-10-02,60,2024-08-18,0.4167,25,24,1,0,0,25,35,3058.04,122.3216,87.3726,3058.04,122.3216,87.3726
Block 3  July 3 to October 2 2024.xls,RoomSales,624,2024-07-03,2024-10-02,60,2024-08-19,0.55,33,33,0,0,0,6,54,3870.82,117.2976,71.6819,3870.82,117.2976,71.6819
Block 3  July 3 to October 2 2024.xls,RoomSales,637,2024-07-03,2024-10-02,60,2024-08-20,0.45,27,27,0,0,0,9,51,3728.31,138.0856,73.1041,3728.31,138.0856,73.1041
Block 3  July 3 to October 2 2024.xls,RoomSales,650,2024-07-03,2024-10-02,60,2024-08-21,0.6333,38,35,3,0,0,7,53,4789.9,126.05,90.3755,4435.3,116.7184,83.6849
Block 3  July 3 to October 2 2024.xls,RoomSales,663,2024-07-03,2024-10-02,60,2024-08-22,0.75,45,33,12,0,0,5,55,6555.7,145.6822,119.1945,6410.7,142.46,116.5582
Block 3  July 3 to October 2 2024.xls,RoomSales,676,2024-07-03,2024-10-02,60,2024-08-23,1.0,60,13,47,1,0,0,60,12413.59,206.8932,206.8932,12413.59,206.8932,206.8932
Block 3  July 3 to October 2 2024.xls,RoomSales,689,2024-07-03,2024-10-02,60,2024-08-24,1.0,60,17,43,0,0,0,60,13047.39,217.4565,217.4565,12895.58,214.9263,214.9263
Block 3  July 3 to October 2 2024.xls,RoomSales,702,2024-07-03,2024-10-02,60,2024-08-25,0.7,42,42,0,0,0,7,53,5235.66,124.6586,98.786,5235.66,124.6586,98.786
Block 3  July 3 to October 2 2024.xls,RoomSales,715,2024-07-03,2024-10-02,60,2024-08-26,0.8667,52,52,0,0,0,3,57,6800.92,130.7869,119.3144,6800.92,130.7869,119.3144
Block 3  July 3 to October 2 2024.xls,RoomSales,728,2024-07-03,2024-10-02,60,2024-08-27,0.95,57,57,0,0,0,2,58,7041.13,123.5286,121.3988,7041.13,123.5286,121.3988
Block 3  July 3 to October 2 2024.xls,RoomSales,741,2024-07-03,2024-10-02,60,2024-08-28,1.0,60,60,0,0,0,0,60,8598.78,143.313,143.313,8498.02,141.6337,141.6337
Block 3  July 3 to October 2 2024.xls,RoomSales,754,2024-07-03,2024-10-02,60,2024-08-29,0.9833,59,58,1,0,0,0,60,9671.85,163.9297,161.1975,9487.4,160.8034,158.1233
Block 3  July 3 to October 2 2024.xls,RoomSales,767,2024-07-03,2024-10-02,60,2024-08-30,0.8167,49,37,12,0,0,0,60,9317.14,190.1457,155.2857,8698.2,177.5143,144.97
Block 3  July 3 to October 2 2024.xls,RoomSales,780,2024-07-03,2024-10-02,60,2024-08-31,,66,44,22,6,0,0,60,12725.44,192.8097,212.0907,12725.44,192.8097,212.0907
Block 3  July 3 to October 2 2024.xls,RoomSales,793,2024-07-03,2024-10-02,60,2024-09-01,1.0,60,51,9,0,0,0,60,9886.63,164.7772,164.7772,9886.63,164.7772,164.7772
Block 3  July 3 to October 2 2024.xls,RoomSales,806,2024-07-03,2024-10-02,60,2024-09-02,0.6333,38,38,0,0,0,12,48,4727.72,124.4137,98.4942,4727.72,124.4137,98.4942
Block 3  July 3 to October 2 2024.xls,RoomSales,819,2024-07-03,2024-10-02,60,2024-09-03,0.55,33,33,0,0,0,6,54,4182.93,126.7555,77.4617,4182.93,126.7555,77.4617
Block 3  July 3 to October 2 2024.xls,RoomSales,832,2024-07-03,2024-10-02,60,2024-09-04,0.5167,31,31,0,0,0,1,59,3871.91,124.9003,65.6256,3846.91,124.0939,65.2019
Block 3  July 3 to October 2 2024.xls,RoomSales,845,2024-07-03,2024-10-02,60,2024-09-05,0.6,36,29,7,0,0,1,59,5214.56,144.8489,88.3824,5214.56,144.8489,88.3824
Block 3  July 3 to October 2 2024.xls,RoomSales,858,2024-07-03,2024-10-02,60,2024-09-06,0.95,57,21,36,0,0,0,60,11091.03,194.5795,184.8505,11091.03,194.5795,184.8505
Block 3  July 3 to October 2 2024.xls,RoomSales,871,2024-07-03,2024-10-02,60,2024-09-07,0.9833,59,14,45,0,0,0,60,11876.88,201.3031,197.948,11652.48,197.4997,194.208
Block 3  July 3 to October 2 2024.xls,RoomSales,884,2024-07-03,2024-10-02,60,2024-09-08,0.4,24,24,0,0,0,7,53,2772.75,115.5312,52.316,2564.25,106.8438,48.3821
Block 3  July 3 to October 2 2024.xls,RoomSales,897,2024-07-03,2024-10-02,60,2024-09-09,0.4833,29,29,0,0,0,7,53,3857.73,133.0252,72.7874,3857.73,133.0252,72.7874
Block 3  July 3 to October 2 2024.xls,RoomSales,910,2024-07-03,2024-10-02,60,2024-09-10,0.4167,25,25,0,0,0,1,59,3701.11,148.0444,62.7307,3701.11,148.0444,62.7307
Block 3  July 3 to October 2 2024.xls,RoomSales,923,2024-07-03,2024-10-02,60,2024-09-11,0.3667,22,22,0,0,0,1,59,2896.95,131.6795,49.1008,2896.95,131.6795,49.1008
Block 3  July 3 to October 2 2024.xls,RoomSales,936,2024-07-03,2024-10-02,60,2024-09-12,0.65,39,33,6,0,0,0,60,5778.95,148.1782,96.3158,5778.95,148.1782,96.3158
Block 3  July 3 to October 2 2024.xls,RoomSales,949,2024-07-03,2024-10-02,60,2024-09-13,0.9833,59,19,40,0,1,0,60,11871.46,201.2112,197.8577,11871.46,201.2112,197.8577
Block 3  July 3 to October 2 2024.xls,RoomSales,962,2024-07-03,2024-10-02,60,2024-09-14,1.0,60,20,40,0,0,0,60,11395.92,189.932,189.932,11395.92,189.932,189.932
Block 3  July 3 to October 2 2024.xls,RoomSales,975,2024-07-03,2024-10-02,60,2024-09-15,0.4833,29,26,3,0,0,11,49,3055.51,105.3624,62.3573,3055.51,105.3624,62.3573
Block 3  July 3 to October 2 2024.xls,RoomSales,988,2024-07-03,2024-10-02,60,2024-09-16,0.6667,40,40,0,0,1,11,49,4692.01,117.3003,95.7553,4692.01,117.3003,95.7553
Block 3  July 3 to October 2 2024.xls,RoomSales,1001,2024-07-03,2024-10-02,60,2024-09-17,0.8167,49,49,0,0,2,1,59,6106.33,124.619,103.4971,6106.33,124.619,103.4971
Block 3  July 3 to October 2 2024.xls,RoomSales,1014,2024-07-03,2024-10-02,60,2024-09-18,0.8333,50,48,2,0,2,4,56,6708.29,134.1658,119.7909,6708.29,134.1658,119.7909
Block 3  July 3 to October 2 2024.xls,RoomSales,1027,2024-07-03,2024-10-02,60,2024-09-19,0.9,54,29,25,0,2,0,60,9093.88,168.4052,151.5647,8954.96,165.8326,149.2493
Block 3  July 3 to October 2 2024.xls,RoomSales,1040,2024-07-03,2024-10-02,60,2024-09-20,0.9833,59,1,58,0,1,0,60,11951.03,202.5598,199.1838,11951.03,202.5598,199.1838
Block 3  July 3 to October 2 2024.xls,RoomSales,1053,2024-07-03,2024-10-02,60,2024-09-21,0.9833,59,14,45,0,1,0,60,12333.84,209.0481,205.564,12333.84,209.0481,205.564
Block 3  July 3 to October 2 2024.xls,RoomSales,1066,2024-07-03,2024-10-02,60,2024-09-22,0.6,36,35,1,0,1,7,53,4553.18,126.4772,85.9091,4553.18,126.4772,85.9091
Block 3  July 3 to October 2 2024.xls,RoomSales,1079,2024-07-03,2024-10-02,60,2024-09-23,0.7,42,42,0,0,1,0,60,4955.71,117.9931,82.5952,4782.01,113.8574,79.7002
Block 3  July 3 to October 2 2024.xls,RoomSales,1092,2024-07-03,2024-10-02,60,2024-09-24,0.9167,55,55,0,0,2,1,59,7109.92,129.2713,120.5071,7109.92,129.2713,120.5071
Block 3  July 3 to October 2 2024.xls,RoomSales,1105,2024-07-03,2024-10-02,60,2024-09-25,0.9333,56,56,0,0,2,0,60,7203.09,128.6266,120.0515,7203.09,128.6266,120.0515
Block 3  July 3 to October 2 2024.xls,RoomSales,1118,2024-07-03,2024-10-02,60,2024-09-26,0.9333,56,38,18,0,2,1,59,8791.28,156.9871,149.0047,8791.28,156.9871,149.0047
Block 3  July 3 to October 2 2024.xls,RoomSales,1131,2024-07-03,2024-10-02,60,2024-09-27,0.9833,59,15,44,0,1,0,60,11898.94,201.6769,198.3157,11898.94,201.6769,198.3157
Block 3  July 3 to October 2 2024.xls,RoomSales,1144,2024-07-03,2024-10-02,60,2024-09-28,0.95,57,18,39,0,1,0,60,11468.06,201.194,191.1343,11468.06,201.194,191.1343
Block 3  July 3 to October 2 2024.xls,RoomSales,1157,2024-07-03,2024-10-02,60,2024-09-29,0.6333,38,38,0,1,0,16,44,4512.9,118.7605,102.5659,4171.41,109.7739,94.8048
Block 3  July 3 to October 2 2024.xls,RoomSales,1170,2024-07-03,2024-10-02,60,2024-09-30,0.5,30,30,0,0,0,11,49,3730.47,124.349,76.132,3537.47,117.9157,72.1933
Block 3  July 3 to October 2 2024.xls,RoomSales,1183,2024-07-03,2024-10-02,60,2024-10-01,0.2333,14,14,0,0,0,12,48,2245.59,160.3993,46.7831,2245.59,160.3993,46.7831
Block 3  July 3 to October 2 2024.xls,RoomSales,1196,2024-07-03,2024-10-02,60,2024-10-02,0.1833,11,10,1,0,0,7,53,1744.7,158.6091,32.9189,1744.7,158.6091,32.9189
Block 4  October 3 to December 31 2024.xls,RoomSales,11,2024-10-03,2024-12-31,60,2024-10-03,0.65,39,23,16,0,0,1,59,7751.57,198.7582,131.3825,7751.57,198.7582,131.3825
Block 4  October 3 to December 31 2024.xls,RoomSales,24,2024-10-03,2024-12-31,60,2024-10-04,1.0,60,24,36,0,0,0,60,12618.9,210.315,210.315,12618.9,210.315,210.315
Block 4  October 3 to December 31 2024.xls,RoomSales,37,2024-10-03,2024-12-31,60,2024-10-05,0.9667,58,27,31,0,0,0,60,11692.02,201.5866,194.867,11494.02,198.1728,191.567
Block 4  October 3 to December 31 2024.xls,RoomSales,50,2024-10-03,2024-12-31,60,2024-10-06,0.4167,25,25,0,1,0,17,43,3351.75,134.07,77.9477,3351.75,134.07,77.9477
Block 4  October 3 to December 31 2024.xls,RoomSales,63,2024-10-03,2024-12-31,60,2024-10-07,0.3667,22,22,0,1,0,11,49,2684.02,122.0009,54.7759,2684.02,122.0009,54.7759
Block 4  October 3 to December 31 2024.xls,RoomSales,76,2024-10-03,2024-12-31,60,2024-10-08,0.5,30,30,0,0,0,11,49,3226.36,107.5453,65.8441,2979.76,99.3253,60.8114
Block 4  October 3 to December 31 2024.xls,RoomSales,89,2024-10-03,2024-12-31,60,2024-10-09,0.6333,38,29,9,0,0,7,53,5538.3,145.7447,104.4962,5538.3,145.7447,104.4962
Block 4  October 3 to December 31 2024.xls,RoomSales,102,2024-10-03,2024-12-31,60,2024-10-10,0.9833,59,14,45,0,0,1,59,11855.45,200.9398,200.9398,11855.45,200.9398,200.9398
Block 4  October 3 to December 31 2024.xls,RoomSales,115,2024-10-03,2024-12-31,60,2024-10-11,1.0,60,17,43,0,0,0,60,12117.88,201.9647,201.9647,12117.88,201.9647,201.9647
Block 4  October 3 to December 31 2024.xls,RoomSales,128,2024-10-03,2024-12-31,60,2024-10-12,1.0,60,11,49,0,0,0,60,12174.88,202.9147,202.9147,12174.88,202.9147,202.9147
Block 4  October 3 to December 31 2024.xls,RoomSales,141,2024-10-03,2024-12-31,60,2024-10-13,1.0,60,17,43,0,0,0,60,11818.93,196.9822,196.9822,11818.93,196.9822,196.9822
Block 4  October 3 to December 31 2024.xls,RoomSales,154,2024-10-03,2024-12-31,60,2024-10-14,0.3,18,17,1,0,0,19,41,2770.7,153.9278,67.578,2326.82,129.2678,56.7517
Block 4  October 3 to December 31 2024.xls,RoomSales,167,2024-10-03,2024-12-31,60,2024-10-15,0.4,24,24,0,1,1,6,54,3661.29,152.5538,67.8017,3648.34,152.0142,67.5619
Block 4  October 3 to December 31 2024.xls,RoomSales,180,2024-10-03,2024-12-31,60,2024-10-16,0.5667,34,34,0,0,0,9,51,4866.55,143.1338,95.4225,4642.15,136.5338,91.0225
Block 4  October 3 to December 31 2024.xls,RoomSales,193,2024-10-03,2024-12-31,60,2024-10-17,0.85,51,41,10,0,0,8,52,7720.17,151.3759,148.4648,7534.02,147.7259,144.885
Block 4  October 3 to December 31 2024.xls,RoomSales,206,2024-10-03,2024-12-31,60,2024-10-18,1.0,60,12,48,0,0,0,60,12208.19,203.4698,203.4698,11758.19,195.9698,195.9698
Block 4  October 3 to December 31 2024.xls,RoomSales,219,2024-10-03,2024-12-31,60,2024-10-19,1.0,60,19,41,0,0,0,60,12230.11,203.8352,203.8352,12230.11,203.8352,203.8352
Block 4  October 3 to December 31 2024.xls,RoomSales,232,2024-10-03,2024-12-31,60,2024-10-20,0.7333,44,38,6,0,0,14,46,6123.89,139.1793,133.128,5925.89,134.6793,128.8237
Block 4  October 3 to December 31 2024.xls,RoomSales,245,2024-10-03,2024-12-31,60,2024-10-21,0.5167,31,31,0,0,0,18,42,3060.17,98.7152,72.8612,2968.92,95.7716,70.6886
Block 4  October 3 to December 31 2024.xls,RoomSales,258,2024-10-03,2024-12-31,60,2024-10-22,0.6167,37,37,0,0,0,3,57,4066.2,109.8973,71.3368,3951.03,106.7846,69.3163
Block 4  October 3 to December 31 2024.xls,RoomSales,271,2024-10-03,2024-12-31,60,2024-10-23,0.85,51,30,21,0,0,2,58,7997.13,156.8065,137.8816,7997.13,156.8065,137.8816
Block 4  October 3 to December 31 2024.xls,RoomSales,284,2024-10-03,2024-12-31,60,2024-10-24,0.9667,58,22,36,0,1,0,60,11308.94,194.9817,188.4823,10813.9,186.4466,180.2317
Block 4  October 3 to December 31 2024.xls,RoomSales,297,2024-10-03,2024-12-31,60,2024-10-25,0.9833,59,14,45,0,0,0,60,13641.07,231.2046,227.3512,13641.07,231.2046,227.3512
Block 4  October 3 to December 31 2024.xls,RoomSales,312,2024-10-03,2024-12-31,60,2024-10-26,0.9833,59,7,52,0,0,0,60,11932.72,202.2495,198.8787,11932.72,202.2495,198.8787
Block 4  October 3 to December 31 2024.xls,RoomSales,325,2024-10-03,2024-12-31,60,2024-10-27,0.9833,59,30,29,0,0,0,60,11509.89,195.0829,191.8315,11301.39,191.549,188.3565
Block 4  October 3 to December 31 2024.xls,RoomSales,338,2024-10-03,2024-12-31,60,2024-10-28,0.35,21,21,0,0,0,10,50,4498.77,214.2271,89.9754,2893.77,137.7986,57.8754
Block 4  October 3 to December 31 2024.xls,RoomSales,351,2024-10-03,2024-12-31,60,2024-10-29,0.3833,23,23,0,0,0,8,52,3048.29,132.5343,58.621,2589.29,112.5778,49.794
Block 4  October 3 to December 31 2024.xls,RoomSales,364,2024-10-03,2024-12-31,60,2024-10-30,0.4333,26,26,0,0,0,13,47,3136.91,120.6504,66.7428,3136.91,120.6504,66.7428
Block 4  October 3 to December 31 2024.xls,RoomSales,377,2024-10-03,2024-12-31,60,2024-10-31,0.6667,40,23,17,0,0,9,51,7287.13,182.1782,142.8849,7287.13,182.1782,142.8849
Block 4  October 3 to December 31 2024.xls,RoomSales,390,2024-10-03,2024-12-31,60,2024-11-01,1.0,60,17,43,0,0,0,60,13093.52,218.2253,218.2253,13093.52,218.2253,218.2253
Block 4  October 3 to December 31 2024.xls,RoomSales,403,2024-10-03,2024-12-31,60,2024-11-02,1.0,60,18,42,0,0,0,60,12907.74,215.129,215.129,12907.74,215.129,215.129
Block 4  October 3 to December 31 2024.xls,RoomSales,416,2024-10-03,2024-12-31,60,2024-11-03,0.4333,26,24,2,0,0,28,32,3760.18,144.6223,117.5056,3760.18,144.6223,117.5056
Block 4  October 3 to December 31 2024.xls,RoomSales,429,2024-10-03,2024-12-31,60,2024-11-04,0.2667,16,16,0,0,3,27,33,1750.85,109.4281,53.0561,1750.85,109.4281,53.0561
Block 4  October 3 to December 31 2024.xls,RoomSales,442,2024-10-03,2024-12-31,60,2024-11-05,0.2667,16,16,0,1,3,6,54,1537.83,96.1144,28.4783,1537.83,96.1144,28.4783
Block 4  October 3 to December 31 2024.xls,RoomSales,455,2024-10-03,2024-12-31,60,2024-11-06,0.4833,29,29,0,0,2,10,50,3407.13,117.4872,68.1426,3407.13,117.4872,68.1426
Block 4  October 3 to December 31 2024.xls,RoomSales,468,2024-10-03,2024-12-31,60,2024-11-07,0.7833,47,44,3,1,2,4,56,6853.11,145.8109,122.377,6853.11,145.8109,122.377
Block 4  October 3 to December 31 2024.xls,RoomSales,481,2024-10-03,2024-12-31,60,2024-11-08,0.9833,59,50,9,0,0,0,60,11632.66,197.1637,193.8777,11395.06,193.1366,189.9177
Block 4  October 3 to December 31 2024.xls,RoomSales,494,2024-10-03,2024-12-31,60,2024-11-09,1.0,60,28,32,0,0,0,60,12303.42,205.057,205.057,12303.42,205.057,205.057
Block 4  October 3 to December 31 2024.xls,RoomSales,507,2024-10-03,2024-12-31,60,2024-11-10,1.0,60,27,33,0,0,0,60,11106.39,185.1065,185.1065,11106.39,185.1065,185.1065
Block 4  October 3 to December 31 2024.xls,RoomSales,520,2024-10-03,2024-12-31,60,2024-11-11,0.6333,38,29,9,0,0,20,40,5068.75,133.3882,126.7188,4312.75,113.4934,107.8187
Block 4  October 3 to December 31 2024.xls,RoomSales,533,2024-10-03,2024-12-31,60,2024-11-12,0.9,54,33,21,0,0,5,55,6488.0,120.1481,117.9636,6488.0,120.1481,117.9636
Block 4  October 3 to December 31 2024.xls,RoomSales,546,2024-10-03,2024-12-31,60,2024-11-13,0.6,36,33,3,0,0,6,54,4529.62,125.8228,83.8819,4346.02,120.7228,80.4819
Block 4  October 3 to December 31 2024.xls,RoomSales,559,2024-10-03,2024-12-31,60,2024-11-14,0.8833,53,30,23,0,0,4,56,8983.52,169.5004,160.42,8983.52,169.5004,160.42
Block 4  October 3 to December 31 2024.xls,RoomSales,572,2024-10-03,2024-12-31,60,2024-11-15,1.0,60,19,41,0,0,0,60,10105.05,168.4175,168.4175,9925.95,165.4325,165.4325
Block 4  October 3 to December 31 2024.xls,RoomSales,585,2024-10-03,2024-12-31,60,2024-11-16,1.0,60,38,22,0,0,0,60,9874.42,164.5737,164.5737,9874.42,164.5737,164.5737
Block 4  October 3 to December 31 2024.xls,RoomSales,598,2024-10-03,2024-12-31,60,2024-11-17,0.25,15,15,0,0,0,24,36,2242.57,149.5047,62.2936,2242.57,149.5047,62.2936
Block 4  October 3 to December 31 2024.xls,RoomSales,611,2024-10-03,2024-12-31,60,2024-11-18,0.2,12,12,0,0,0,17,43,1477.36,123.1133,34.3572,1477.36,123.1133,34.3572
Block 4  October 3 to December 31 2024.xls,RoomSales,624,2024-10-03,2024-12-31,60,2024-11-19,0.3833,23,23,0,0,0,8,52,3633.44,157.9757,69.8738,3424.94,148.9104,65.8642
Block 4  October 3 to December 31 2024.xls,RoomSales,637,2024-10-03,2024-12-31,60,2024-11-20,0.5667,34,34,0,0,0,9,51,4039.24,118.8012,79.2008,4039.24,118.8012,79.2008
Block 4  October 3 to December 31 2024.xls,RoomSales,650,2024-10-03,2024-12-31,60,2024-11-21,0.4833,29,29,0,0,0,5,55,3597.77,124.061,65.414,3597.77,124.061,65.414
Block 4  October 3 to December 31 2024.xls,RoomSales,663,2024-10-03,2024-12-31,60,2024-11-22,0.8333,50,46,4,0,0,1,59,6926.59,138.5318,117.3998,6926.59,138.5318,117.3998
Block 4  October 3 to December 31 2024.xls,RoomSales,676,2024-10-03,2024-12-31,60,2024-11-23,0.9333,56,50,6,0,2,1,59,8573.74,153.1025,145.3176,8383.34,149.7025,142.0905
Block 4  October 3 to December 31 2024.xls,RoomSales,689,2024-10-03,2024-12-31,60,2024-11-24,0.4167,25,23,2,0,0,13,47,3153.55,126.142,67.0968,3153.55,126.142,67.0968
Block 4  October 3 to December 31 2024.xls,RoomSales,702,2024-10-03,2024-12-31,60,2024-11-25,0.4167,25,25,0,0,0,9,51,2903.95,116.158,56.9402,2576.95,103.078,50.5284
Block 4  October 3 to December 31 2024.xls,RoomSales,715,2024-10-03,2024-12-31,60,2024-11-26,0.3833,23,23,0,0,0,6,54,2757.57,119.8943,51.0661,2757.57,119.8943,51.0661
Block 4  October 3 to December 31 2024.xls,RoomSales,728,2024-10-03,2024-12-31,60,2024-11-27,0.7167,43,43,0,0,0,1,59,6269.68,145.8065,106.2658,6111.27,142.1226,103.5808
Block 4  October 3 to December 31 2024.xls,RoomSales,741,2024-10-03,2024-12-31,60,2024-11-28,0.9667,58,58,0,0,0,0,60,8180.71,141.0467,136.3452,8180.71,141.0467,136.3452
Block 4  October 3 to December 31 2024.xls,RoomSales,754,2024-10-03,2024-12-31,60,2024-11-29,0.9833,59,58,1,0,0,0,60,8170.96,138.4908,136.1827,8170.96,138.4908,136.1827
Block 4  October 3 to December 31 2024.xls,RoomSales,767,2024-10-03,2024-12-31,60,2024-11-30,0.9833,59,50,9,0,0,0,60,8595.01,145.6781,143.2502,8595.01,145.6781,143.2502
Block 4  October 3 to December 31 2024.xls,RoomSales,780,2024-10-03,2024-12-31,60,2024-12-01,0.4667,28,28,0,0,0,27,33,3534.75,126.2411,107.1136,3534.75,126.2411,107.1136
Block 4  October 3 to December 31 2024.xls,RoomSales,793,2024-10-03,2024-12-31,60,2024-12-02,0.3667,22,22,0,0,0,24,36,2406.39,109.3814,66.8442,2406.39,109.3814,66.8442
Block 4  October 3 to December 31 2024.xls,RoomSales,806,2024-10-03,2024-12-31,60,2024-12-03,0.5667,34,34,0,0,0,17,43,3584.97,105.4403,83.3714,3584.97,105.4403,83.3714
Block 4  October 3 to December 31 2024.xls,RoomSales,819,2024-10-03,2024-12-31,60,2024-12-04,0.6333,38,38,0,0,4,14,46,4267.45,112.3013,92.7707,4267.45,112.3013,92.7707
Block 4  October 3 to December 31 2024.xls,RoomSales,832,2024-10-03,2024-12-31,60,2024-12-05,0.4833,29,28,1,0,1,13,47,3277.5,113.0172,69.734,3277.5,113.0172,69.734
Block 4  October 3 to December 31 2024.xls,RoomSales,845,2024-10-03,2024-12-31,60,2024-12-06,1.0,60,49,11,0,0,0,60,9027.26,150.4543,150.4543,9027.26,150.4543,150.4543
Block 4  October 3 to December 31 2024.xls,RoomSales,858,2024-10-03,2024-12-31,60,2024-12-07,1.0,60,45,15,0,0,0,60,9686.78,161.4463,161.4463,9304.88,155.0813,155.0813
Block 4  October 3 to December 31 2024.xls,RoomSales,871,2024-10-03,2024-12-31,60,2024-12-08,0.45,27,27,0,0,0,23,37,3149.86,116.6615,85.1314,3149.86,116.6615,85.1314
Block 4  October 3 to December 31 2024.xls,RoomSales,884,2024-10-03,2024-12-31,60,2024-12-09,0.4,24,24,0,0,0,28,32,2664.2,111.0083,83.2562,2664.2,111.0083,83.2562
Block 4  October 3 to December 31 2024.xls,RoomSales,897,2024-10-03,2024-12-31,60,2024-12-10,0.4333,26,26,0,0,0,20,40,3223.59,123.9842,80.5897,3089.27,118.8181,77.2318
Block 4  October 3 to December 31 2024.xls,RoomSales,910,2024-10-03,2024-12-31,60,2024-12-11,0.5333,32,32,0,0,0,14,46,3383.04,105.72,73.5443,3383.04,105.72,73.5443
Block 4  October 3 to December 31 2024.xls,RoomSales,923,2024-10-03,2024-12-31,60,2024-12-12,0.4833,29,29,0,0,1,10,50,3202.35,110.4259,64.047,3202.35,110.4259,64.047
Block 4  October 3 to December 31 2024.xls,RoomSales,936,2024-10-03,2024-12-31,60,2024-12-13,0.7833,47,47,0,0,0,2,58,5867.55,124.8415,101.1647,5867.55,124.8415,101.1647
Block 4  October 3 to December 31 2024.xls,RoomSales,949,2024-10-03,2024-12-31,60,2024-12-14,0.9667,58,55,3,0,1,1,59,8290.61,142.9416,140.5188,8290.61,142.9416,140.5188
Block 4  October 3 to December 31 2024.xls,RoomSales,962,2024-10-03,2024-12-31,60,2024-12-15,0.5667,34,34,0,0,0,25,35,4317.14,126.9747,123.3469,4129.04,121.4424,117.9726
Block 4  October 3 to December 31 2024.xls,RoomSales,975,2024-10-03,2024-12-31,60,2024-12-16,0.3833,23,23,0,0,0,33,27,2569.46,111.7157,95.1652,2569.46,111.7157,95.1652
Block 4  October 3 to December 31 2024.xls,RoomSales,988,2024-10-03,2024-12-31,60,2024-12-17,0.4333,26,26,0,0,0,26,34,3102.75,119.3365,91.2574,3102.75,119.3365,91.2574
Block 4  October 3 to December 31 2024.xls,RoomSales,1001,2024-10-03,2024-12-31,60,2024-12-18,0.5333,32,32,0,0,0,8,52,3817.83,119.3072,73.4198,3817.83,119.3072,73.4198
Block 4  October 3 to December 31 2024.xls,RoomSales,1014,2024-10-03,2024-12-31,60,2024-12-19,0.4167,25,25,0,0,0,16,44,3635.91,145.4364,82.6343,3245.23,129.8092,73.7552
Block 4  October 3 to December 31 2024.xls,RoomSales,1027,2024-10-03,2024-12-31,60,2024-12-20,0.8667,52,50,2,0,1,2,58,6889.21,132.4848,118.7795,6889.21,132.4848,118.7795
Block 4  October 3 to December 31 2024.xls,RoomSales,1040,2024-10-03,2024-12-31,60,2024-12-21,0.9833,59,56,3,0,1,0,60,8244.12,139.7308,137.402,8005.09,135.6795,133.4182
Block 4  October 3 to December 31 2024.xls,RoomSales,1053,2024-10-03,2024-12-31,60,2024-12-22,0.5167,31,29,2,0,1,20,40,3797.59,122.5029,94.9398,3714.82,119.8329,92.8705
Block 4  October 3 to December 31 2024.xls,RoomSales,1066,2024-10-03,2024-12-31,60,2024-12-23,0.5833,35,35,0,0,0,15,45,4386.95,125.3414,97.4878,4198.85,119.9671,93.3078
Block 4  October 3 to December 31 2024.xls,RoomSales,1079,2024-10-03,2024-12-31,60,2024-12-24,0.75,45,45,0,0,0,10,50,5371.09,119.3576,107.4218,5371.09,119.3576,107.4218
Block 4  October 3 to December 31 2024.xls,RoomSales,1092,2024-10-03,2024-12-31,60,2024-12-25,0.6667,40,40,0,0,0,14,46,4646.44,116.161,101.0096,4646.44,116.161,101.0096
Block 4  October 3 to December 31 2024.xls,RoomSales,1105,2024-10-03,2024-12-31,60,2024-12-26,0.8,48,48,0,0,0,6,54,5855.99,121.9998,108.4443,5736.59,119.5123,106.2331
Block 4  October 3 to December 31 2024.xls,RoomSales,1118,2024-10-03,2024-12-31,60,2024-12-27,0.9333,56,56,0,0,0,3,57,6281.69,112.173,110.2051,6141.69,109.673,107.7489
Block 4  October 3 to December 31 2024.xls,RoomSales,1131,2024-10-03,2024-12-31,60,2024-12-28,0.9667,58,58,0,0,0,0,60,7133.75,122.9957,118.8958,7133.75,122.9957,118.8958
Block 4  October 3 to December 31 2024.xls,RoomSales,1144,2024-10-03,2024-12-31,60,2024-12-29,0.65,39,39,0,0,1,3,57,4724.01,121.1285,82.8774,4724.01,121.1285,82.8774
Block 4  October 3 to December 31 2024.xls,RoomSales,1157,2024-10-03,2024-12-31,60,2024-12-30,0.65,39,21,18,0,0,12,48,5909.99,151.5382,123.1248,5909.99,151.5382,123.1248
Block 4  October 3 to December 31 2024.xls,RoomSales,1170,2024-10-03,2024-12-31,60,2024-12-31,0.8333,50,9,41,0,2,2,58,8997.73,179.9546,155.1333,8803.73,176.0746,151.7884
Block 1 January 1 to April 2 2025.xls,RoomSales,11,2025-01-01,2025-04-02,60,2025-01-01,0.1833,11,11,0,0,1,30,30,1551.75,141.0682,51.725,1551.75,141.0682,51.725
Block 1 January 1 to April 2 2025.xls,RoomSales,24,2025-01-01,2025-04-02,60,2025-01-02,0.25,15,15,0,0,1,14,46,2020.97,134.7313,43.9341,2020.97,134.7313,43.9341
Block 1 January 1 to April 2 2025.xls,RoomSales,37,2025-01-01,2025-04-02,60,2025-01-03,0.2833,17,17,0,0,2,8,52,2160.92,127.1129,41.5562,1766.72,103.9247,33.9754
Block 1 January 1 to April 2 2025.xls,RoomSales,50,2025-01-01,2025-04-02,60,2025-01-04,0.3667,22,22,0,0,1,9,51,3079.67,139.985,60.3857,3079.67,139.985,60.3857
Block 1 January 1 to April 2 2025.xls,RoomSales,63,2025-01-01,2025-04-02,60,2025-01-05,0.0,0,0,0,0,1,0,60,0.0,0.0,0.0,0.0,0.0,0.0
Block 1 January 1 to April 2 2025.xls,RoomSales,76,2025-01-01,2025-04-02,60,2025-01-06,0.0,0,0,0,0,1,0,60,0.0,0.0,0.0,0.0,0.0,0.0
Block 1 January 1 to April 2 2025.xls,RoomSales,89,2025-01-01,2025-04-02,60,2025-01-07,0.0,0,0,0,0,1,0,60,0.0,0.0,0.0,0.0,0.0,0.0
Block 1 January 1 to April 2 2025.xls,RoomSales,102,2025-01-01,2025-04-02,60,2025-01-08,0.0,0,0,0,0,1,0,60,0.0,0.0,0.0,0.0,0.0,0.0
Block 1 January 1 to April 2 2025.xls,RoomSales,115,2025-01-01,2025-04-02,60,2025-01-09,0.0,0,0,0,0,1,0,60,318.68,0.0,5.3113,318.68,0.0,5.3113
Block 1 January 1 to April 2 2025.xls,RoomSales,128,2025-01-01,2025-04-02,60,2025-01-10,0.0,0,0,0,0,1,0,60,0.0,0.0,0.0,0.0,0.0,0.0
Block 1 January 1 to April 2 2025.xls,RoomSales,141,2025-01-01,2025-04-02,60,2025-01-11,0.0,0,0,0,0,1,0,60,0.0,0.0,0.0,0.0,0.0,0.0
Block 1 January 1 to April 2 2025.xls,RoomSales,154,2025-01-01,2025-04-02,60,2025-01-12,0.0,0,0,0,0,1,0,60,0.0,0.0,0.0,0.0,0.0,0.0
Block 1 January 1 to April 2 2025.xls,RoomSales,167,2025-01-01,2025-04-02,60,2025-01-13,0.0,0,0,0,0,1,0,60,0.0,0.0,0.0,0.0,0.0,0.0
Block 1 January 1 to April 2 2025.xls,RoomSales,180,2025-01-01,2025-04-02,60,2025-01-14,0.0,0,0,0,0,1,0,60,0.0,0.0,0.0,0.0,0.0,0.0
Block 1 January 1 to April 2 2025.xls,RoomSales,193,2025-01-01,2025-04-02,60,2025-01-15,0.0,0,0,0,0,1,12,48,0.0,0.0,0.0,0.0,0.0,0.0
Block 1 January 1 to April 2 2025.xls,RoomSales,206,2025-01-01,2025-04-02,60,2025-01-16,0.0167,1,1,0,0,1,12,48,109.0,109.0,2.2708,109.0,109.0,2.2708
Block 1 January 1 to April 2 2025.xls,RoomSales,219,2025-01-01,2025-04-02,60,2025-01-17,0.3833,23,23,0,0,0,12,48,2972.91,129.257,61.9356,2972.91,129.257,61.9356
Block 1 January 1 to April 2 2025.xls,RoomSales,232,2025-01-01,2025-04-02,60,2025-01-18,0.7333,44,38,6,0,0,13,47,6848.58,155.6495,145.7145,6606.93,150.1575,140.573
Block 1 January 1 to April 2 2025.xls,RoomSales,245,2025-01-01,2025-04-02,60,2025-01-19,0.2167,13,13,0,0,5,36,24,1686.02,129.6938,70.2508,1686.02,129.6938,70.2508
Block 1 January 1 to April 2 2025.xls,RoomSales,258,2025-01-01,2025-04-02,60,2025-01-20,0.0833,5,5,0,0,1,38,22,864.45,172.89,39.2932,864.45,172.89,39.2932
Block 1 January 1 to April 2 2025.xls,RoomSales,271,2025-01-01,2025-04-02,60,2025-01-21,0.0333,2,2,0,0,1,40,20,328.19,164.095,16.4095,328.19,164.095,16.4095
Block 1 January 1 to April 2 2025.xls,RoomSales,284,2025-01-01,2025-04-02,60,2025-01-22,0.2167,13,13,0,0,1,40,20,1724.62,132.6631,86.231,1724.62,132.6631,86.231
Block 1 January 1 to April 2 2025.xls,RoomSales,297,2025-01-01,2025-04-02,60,2025-01-23,0.2333,14,14,0,0,1,40,20,1644.01,117.4293,82.2005,1644.01,117.4293,82.2005
Block 1 January 1 to April 2 2025.xls,RoomSales,310,2025-01-01,2025-04-02,60,2025-01-24,0.9333,56,56,0,0,1,1,59,7332.08,130.93,124.2725,7332.08,130.93,124.2725
Block 1 January 1 to April 2 2025.xls,RoomSales,323,2025-01-01,2025-04-02,60,2025-01-25,0.9667,58,58,0,0,1,1,59,7580.44,130.6972,128.482,7405.44,127.68,125.5159
Block 1 January 1 to April 2 2025.xls,RoomSales,336,2025-01-01,2025-04-02,60,2025-01-26,0.3333,20,20,0,0,1,22,38,2355.62,117.781,61.99,2235.95,111.7975,58.8408
Block 1 January 1 to April 2 2025.xls,RoomSales,349,2025-01-01,2025-04-02,60,2025-01-27,0.2833,17,17,0,0,0,22,38,1698.72,99.9247,44.7032,1698.72,99.9247,44.7032
Block 1 January 1 to April 2 2025.xls,RoomSales,362,2025-01-01,2025-04-02,60,2025-01-28,0.35,21,21,0,0,0,20,40,2278.21,108.4862,56.9552,2278.21,108.4862,56.9552
Block 1 January 1 to April 2 2025.xls,RoomSales,375,2025-01-01,2025-04-02,60,2025-01-29,0.4167,25,25,0,0,0,20,40,3049.22,121.9688,76.2305,2956.21,118.2484,73.9052
Block 1 January 1 to April 2 2025.xls,RoomSales,388,2025-01-01,2025-04-02,60,2025-01-30,0.4667,28,28,0,0,0,22,38,3854.32,137.6543,101.4295,3854.32,137.6543,101.4295
Block 1 January 1 to April 2 2025.xls,RoomSales,401,2025-01-01,2025-04-02,60,2025-01-31,0.8833,53,53,0,0,0,0,60,7068.97,133.3768,117.8162,7068.97,133.3768,117.8162
Block 1 January 1 to April 2 2025.xls,RoomSales,414,2025-01-01,2025-04-02,60,2025-02-01,0.9833,59,59,0,0,0,0,60,8058.19,136.5795,134.3032,7817.61,132.5019,130.2935
Block 1 January 1 to April 2 2025.xls,RoomSales,427,2025-01-01,2025-04-02,60,2025-02-02,0.3167,19,19,0,0,3,29,31,2394.54,126.0284,77.2432,2222.79,116.9889,71.7029
Block 1 January 1 to April 2 2025.xls,RoomSales,440,2025-01-01,2025-04-02,60,2025-02-03,0.3833,23,23,0,0,0,17,43,2792.65,121.4196,64.9453,2609.05,113.437,60.6756
Block 1 January 1 to April 2 2025.xls,RoomSales,453,2025-01-01,2025-04-02,60,2025-02-04,0.4167,25,25,0,0,0,9,51,2933.91,117.3564,57.5276,2933.91,117.3564,57.5276
Block 1 January 1 to April 2 2025.xls,RoomSales,466,2025-01-01,2025-04-02,60,2025-02-05,0.4167,25,25,0,0,2,5,55,3278.02,131.1208,59.6004,3194.02,127.7608,58.0731
Block 1 January 1 to April 2 2025.xls,RoomSales,479,2025-01-01,2025-04-02,60,2025-02-06,0.4333,26,26,0,0,1,9,51,3257.27,125.2796,63.868,3257.27,125.2796,63.868
Block 1 January 1 to April 2 2025.xls,RoomSales,492,2025-01-01,2025-04-02,60,2025-02-07,0.5167,31,31,0,0,1,1,59,4072.81,131.381,69.0307,3749.81,120.9616,63.5561
Block 1 January 1 to April 2 2025.xls,RoomSales,505,2025-01-01,2025-04-02,60,2025-02-08,0.7667,46,45,1,0,11,3,57,6356.76,138.1904,111.5221,5667.18,123.1996,99.4242
Block 1 January 1 to April 2 2025.xls,RoomSales,518,2025-01-01,2025-04-02,60,2025-02-09,0.2167,13,13,0,0,1,30,30,1467.28,112.8677,48.9093,1467.28,112.8677,48.9093
Block 1 January 1 to April 2 2025.xls,RoomSales,531,2025-01-01,2025-04-02,60,2025-02-10,0.2667,16,16,0,0,1,20,40,3259.33,203.7081,81.4832,3259.33,203.7081,81.4832
Block 1 January 1 to April 2 2025.xls,RoomSales,544,2025-01-01,2025-04-02,60,2025-02-11,0.35,21,21,0,0,1,15,45,2630.94,125.2829,58.4653,2317.74,110.3686,51.5053
Block 1 January 1 to April 2 2025.xls,RoomSales,557,2025-01-01,2025-04-02,60,2025-02-12,0.35,21,21,0,0,2,15,45,2454.51,116.8814,54.5447,2454.51,116.8814,54.5447
Block 1 January 1 to April 2 2025.xls,RoomSales,570,2025-01-01,2025-04-02,60,2025-02-13,0.4167,25,25,0,0,0,8,52,3975.55,159.022,76.4529,3975.55,159.022,76.4529
Block 1 January 1 to April 2 2025.xls,RoomSales,583,2025-01-01,2025-04-02,60,2025-02-14,1.0,60,60,0,0,0,0,60,10028.69,167.1448,167.1448,9728.69,162.1448,162.1448
Block 1 January 1 to April 2 2025.xls,RoomSales,596,2025-01-01,2025-04-02,60,2025-02-15,0.9,54,54,0,0,2,0,60,8809.0,163.1296,146.8167,8809.0,163.1296,146.8167
Block 1 January 1 to April 2 2025.xls,RoomSales,609,2025-01-01,2025-04-02,60,2025-02-16,0.5167,31,31,0,0,2,16,44,4762.92,153.6426,108.2482,4465.92,144.0619,101.4982
Block 1 January 1 to April 2 2025.xls,RoomSales,622,2025-01-01,2025-04-02,60,2025-02-17,0.3333,20,20,0,0,0,29,31,2393.27,119.6635,77.2023,2255.81,112.7905,72.7681
Block 1 January 1 to April 2 2025.xls,RoomSales,635,2025-01-01,2025-04-02,60,2025-02-18,0.5167,31,31,0,0,0,19,41,3473.7,112.0548,84.7244,3473.7,112.0548,84.7244
Block 1 January 1 to April 2 2025.xls,RoomSales,648,2025-01-01,2025-04-02,60,2025-02-19,0.6167,37,37,0,0,1,22,38,4192.99,113.3241,110.3418,4192.99,113.3241,110.3418
Block 1 January 1 to April 2 2025.xls,RoomSales,661,2025-01-01,2025-04-02,60,2025-02-20,0.7333,44,44,0,0,2,8,52,4927.19,111.9816,94.7537,4927.19,111.9816,94.7537
Block 1 January 1 to April 2 2025.xls,RoomSales,674,2025-01-01,2025-04-02,60,2025-02-21,0.9833,59,59,0,0,0,0,60,7982.94,135.3041,133.049,7815.41,132.4646,130.2568
Block 1 January 1 to April 2 2025.xls,RoomSales,687,2025-01-01,2025-04-02,60,2025-02-22,0.9833,59,59,0,0,0,0,60,9226.68,156.3844,153.778,8799.13,149.1378,146.6522
Block 1 January 1 to April 2 2025.xls,RoomSales,702,2025-01-01,2025-04-02,60,2025-02-23,0.1833,11,11,0,0,0,25,35,1452.96,132.0873,41.5131,1112.86,101.1691,31.796
Block 1 January 1 to April 2 2025.xls,RoomSales,715,2025-01-01,2025-04-02,60,2025-02-24,0.4833,29,29,0,0,0,3,57,2964.45,102.2224,52.0079,2964.45,102.2224,52.0079
Block 1 January 1 to April 2 2025.xls,RoomSales,728,2025-01-01,2025-04-02,60,2025-02-25,0.3667,22,22,0,0,0,7,53,2404.93,109.315,45.376,2404.93,109.315,45.376
Block 1 January 1 to April 2 2025.xls,RoomSales,741,2025-01-01,2025-04-02,60,2025-02-26,0.5833,35,35,0,0,0,3,57,3953.67,112.962,69.3626,3793.02,108.372,66.5442
Block 1 January 1 to April 2 2025.xls,RoomSales,756,2025-01-01,2025-04-02,60,2025-02-27,0.5333,32,32,0,0,0,1,59,3565.59,111.4247,60.4337,3389.81,105.9316,57.4544
Block 1 January 1 to April 2 2025.xls,RoomSales,769,2025-01-01,2025-04-02,60,2025-02-28,0.8833,53,53,0,0,0,1,59,6418.85,121.1104,108.7941,6320.96,119.2634,107.1349
Block 1 January 1 to April 2 2025.xls,RoomSales,782,2025-01-01,2025-04-02,60,2025-03-01,0.9667,58,58,0,0,2,0,60,7846.13,135.2781,130.7688,7846.13,135.2781,130.7688
Block 1 January 1 to April 2 2025.xls,RoomSales,795,2025-01-01,2025-04-02,60,2025-03-02,0.1833,11,11,0,0,0,21,39,1218.12,110.7382,31.2338,1060.12,96.3745,27.1826
Block 1 January 1 to April 2 2025.xls,RoomSales,808,2025-01-01,2025-04-02,60,2025-03-03,0.5833,35,35,0,0,2,4,56,4016.1,114.7457,71.7161,4016.1,114.7457,71.7161
Block 1 January 1 to April 2 2025.xls,RoomSales,821,2025-01-01,2025-04-02,60,2025-03-04,0.5833,35,35,0,0,0,1,59,4036.33,115.3237,68.4124,4036.33,115.3237,68.4124
Block 1 January 1 to April 2 2025.xls,RoomSales,834,2025-01-01,2025-04-02,60,2025-03-05,0.65,39,39,0,0,0,0,60,4663.68,119.5815,77.728,4663.68,119.5815,77.728
Block 1 January 1 to April 2 2025.xls,RoomSales,847,2025-01-01,2025-04-02,60,2025-03-06,0.5833,35,35,0,0,0,1,59,4133.9,118.1114,70.0661,4133.9,118.1114,70.0661
Block 1 January 1 to April 2 2025.xls,RoomSales,860,2025-01-01,2025-04-02,60,2025-03-07,1.0,60,53,7,0,0,0,60,8134.38,135.573,135.573,8134.38,135.573,135.573
Block 1 January 1 to April 2 2025.xls,RoomSales,873,2025-01-01,2025-04-02,60,2025-03-08,0.9833,59,29,30,0,0,0,60,9303.93,157.6937,155.0655,8675.91,147.0493,144.5985
Block 1 January 1 to April 2 2025.xls,RoomSales,886,2025-01-01,2025-04-02,60,2025-03-09,0.3333,20,20,0,1,0,27,33,1629.09,81.4545,49.3664,1629.09,81.4545,49.3664
Block 1 January 1 to April 2 2025.xls,RoomSales,899,2025-01-01,2025-04-02,60,2025-03-10,0.5333,32,25,7,0,0,13,47,3301.98,103.1869,70.2549,3301.98,103.1869,70.2549
Block 1 January 1 to April 2 2025.xls,RoomSales,912,2025-01-01,2025-04-02,60,2025-03-11,0.5167,31,31,0,0,0,15,45,3068.29,98.9771,68.1842,3068.29,98.9771,68.1842
Block 1 January 1 to April 2 2025.xls,RoomSales,925,2025-01-01,2025-04-02,60,2025-03-12,0.6167,37,37,0,0,0,7,53,3897.78,105.3454,73.543,3601.98,97.3508,67.9619
Block 1 January 1 to April 2 2025.xls,RoomSales,938,2025-01-01,2025-04-02,60,2025-03-13,0.7,42,42,0,0,0,6,54,4020.03,95.715,74.445,4020.03,95.715,74.445
Block 1 January 1 to April 2 2025.xls,RoomSales,951,2025-01-01,2025-04-02,60,2025-03-14,0.9667,58,58,0,0,0,0,60,6956.69,119.9429,115.9448,6956.69,119.9429,115.9448
Block 1 January 1 to April 2 2025.xls,RoomSales,964,2025-01-01,2025-04-02,60,2025-03-15,0.9833,59,59,0,0,0,0,60,7115.97,120.6097,118.5995,7115.97,120.6097,118.5995
Block 1 January 1 to April 2 2025.xls,RoomSales,977,2025-01-01,2025-04-02,60,2025-03-16,0.5667,34,34,0,0,0,4,56,3599.97,105.8815,64.2852,3599.97,105.8815,64.2852
Block 1 January 1 to April 2 2025.xls,RoomSales,990,2025-01-01,2025-04-02,60,2025-03-17,0.5167,31,31,0,0,1,8,52,2990.04,96.4529,57.5008,2674.04,86.2594,51.4238
Block 1 January 1 to April 2 2025.xls,RoomSales,1003,2025-01-01,2025-04-02,60,2025-03-18,0.5333,32,32,0,0,0,6,54,3359.06,104.9706,62.2048,3255.36,101.73,60.2844
Block 1 January 1 to April 2 2025.xls,RoomSales,1016,2025-01-01,2025-04-02,60,2025-03-19,0.4,24,24,0,0,0,6,54,2829.24,117.885,52.3933,2601.24,108.385,48.1711
Block 1 January 1 to April 2 2025.xls,RoomSales,1029,2025-01-01,2025-04-02,60,2025-03-20,0.8167,49,47,2,2,0,7,53,6188.23,126.2904,116.7591,6188.23,126.2904,116.7591
Block 1 January 1 to April 2 2025.xls,RoomSales,1042,2025-01-01,2025-04-02,60,2025-03-21,0.9667,58,50,8,0,0,0,60,9245.46,159.4045,154.091,9080.56,156.5614,151.3427
Block 1 January 1 to April 2 2025.xls,RoomSales,1055,2025-01-01,2025-04-02,60,2025-03-22,1.0,60,56,4,0,0,0,60,9006.38,150.1063,150.1063,9006.38,150.1063,150.1063
Block 1 January 1 to April 2 2025.xls,RoomSales,1068,2025-01-01,2025-04-02,60,2025-03-23,0.5,30,30,0,0,0,9,51,3422.34,114.078,67.1047,3422.34,114.078,67.1047
Block 1 January 1 to April 2 2025.xls,RoomSales,1081,2025-01-01,2025-04-02,60,2025-03-24,0.5,30,30,0,0,0,15,45,3596.33,119.8777,79.9184,3465.0,115.5,77.0
Block 1 January 1 to April 2 2025.xls,RoomSales,1094,2025-01-01,2025-04-02,60,2025-03-25,0.5,30,30,0,0,0,4,56,3217.42,107.2473,57.4539,3217.42,107.2473,57.4539
Block 1 January 1 to April 2 2025.xls,RoomSales,1107,2025-01-01,2025-04-02,60,2025-03-26,0.5833,35,35,0,0,0,1,59,4102.43,117.2123,69.5327,4027.02,115.0577,68.2546
Block 1 January 1 to April 2 2025.xls,RoomSales,1120,2025-01-01,2025-04-02,60,2025-03-27,0.7167,43,43,0,0,0,2,58,4717.15,109.7012,81.3302,4705.15,109.4221,81.1233
Block 1 January 1 to April 2 2025.xls,RoomSales,1133,2025-01-01,2025-04-02,60,2025-03-28,0.9667,58,56,2,0,0,0,60,8891.95,153.3095,148.1992,8891.95,153.3095,148.1992
Block 1 January 1 to April 2 2025.xls,RoomSales,1146,2025-01-01,2025-04-02,60,2025-03-29,0.9667,58,58,0,0,0,0,60,8476.83,146.1522,141.2805,8345.83,143.8936,139.0972
Block 1 January 1 to April 2 2025.xls,RoomSales,1159,2025-01-01,2025-04-02,60,2025-03-30,0.6667,40,40,0,0,1,15,45,4724.38,118.1095,104.9862,4724.38,118.1095,104.9862
Block 1 January 1 to April 2 2025.xls,RoomSales,1172,2025-01-01,2025-04-02,60,2025-03-31,0.55,33,33,0,0,0,11,49,3458.27,104.7961,70.5769,3458.27,104.7961,70.5769
Block 1 January 1 to April 2 2025.xls,RoomSales,1185,2025-01-01,2025-04-02,60,2025-04-01,0.3833,23,23,0,0,0,20,40,2319.09,100.83,57.9772,2179.89,94.7778,54.4973
Block 1 January 1 to April 2 2025.xls,RoomSales,1198,2025-01-01,2025-04-02,60,2025-04-02,0.4,24,24,0,0,0,4,56,2631.45,109.6437,46.9902,2631.45,109.6437,46.9902
Block 2  April 3 to July 3 2025.xls,RoomSales,11,2025-04-03,2025-07-03,60,2025-04-03,0.55,33,33,0,0,0,2,58,3876.74,117.477,66.8403,3876.74,117.477,66.8403
Block 2  April 3 to July 3 2025.xls,RoomSales,24,2025-04-03,2025-07-03,60,2025-04-04,0.9833,59,56,3,0,0,0,60,9467.33,160.4632,157.7888,9253.33,156.8361,154.2222
Block 2  April 3 to July 3 2025.xls,RoomSales,37,2025-04-03,2025-07-03,60,2025-04-05,0.9833,59,52,7,0,0,0,60,9739.55,165.0771,162.3258,9739.55,165.0771,162.3258
Block 2  April 3 to July 3 2025.xls,RoomSales,50,2025-04-03,2025-07-03,60,2025-04-06,0.6,36,35,1,1,0,11,49,4415.25,122.6458,90.1071,4415.25,122.6458,90.1071
Block 2  April 3 to July 3 2025.xls,RoomSales,63,2025-04-03,2025-07-03,60,2025-04-07,0.3167,19,19,0,0,0,17,43,1995.3,105.0158,46.4023,1995.3,105.0158,46.4023
Block 2  April 3 to July 3 2025.xls,RoomSales,76,2025-04-03,2025-07-03,60,2025-04-08,0.3833,23,23,0,0,0,6,54,2497.8,108.6,46.2556,2497.8,108.6,46.2556
Block 2  April 3 to July 3 2025.xls,RoomSales,89,2025-04-03,2025-07-03,60,2025-04-09,0.4667,28,26,2,0,0,1,59,2923.82,104.4221,49.5563,2923.82,104.4221,49.5563
Block 2  April 3 to July 3 2025.xls,RoomSales,102,2025-04-03,2025-07-03,60,2025-04-10,0.8333,50,26,24,0,0,1,59,7278.68,145.5736,123.3675,7278.68,145.5736,123.3675
Block 2  April 3 to July 3 2025.xls,RoomSales,115,2025-04-03,2025-07-03,60,2025-04-11,0.9833,59,35,24,0,0,0,60,10875.41,184.329,181.2568,10875.41,184.329,181.2568
Block 2  April 3 to July 3 2025.xls,RoomSales,128,2025-04-03,2025-07-03,60,2025-04-12,0.9833,59,51,8,0,1,0,60,10281.51,174.2629,171.3585,9819.96,166.44,163.666
Block 2  April 3 to July 3 2025.xls,RoomSales,141,2025-04-03,2025-07-03,60,2025-04-13,0.5333,32,32,0,0,0,13,47,3641.5,113.7969,77.4787,3641.5,113.7969,77.4787
Block 2  April 3 to July 3 2025.xls,RoomSales,154,2025-04-03,2025-07-03,60,2025-04-14,0.65,39,39,0,0,0,11,49,4247.85,108.9192,86.6908,4247.85,108.9192,86.6908
Block 2  April 3 to July 3 2025.xls,RoomSales,167,2025-04-03,2025-07-03,60,2025-04-15,0.55,33,33,0,0,0,8,52,3497.91,105.9973,67.2675,3497.91,105.9973,67.2675
Block 2  April 3 to July 3 2025.xls,RoomSales,180,2025-04-03,2025-07-03,60,2025-04-16,0.5667,34,34,0,0,0,6,54,3921.28,115.3318,72.6163,3921.28,115.3318,72.6163
Block 2  April 3 to July 3 2025.xls,RoomSales,193,2025-04-03,2025-07-03,60,2025-04-17,0.7167,43,43,0,0,0,3,57,5009.18,116.4926,87.8804,5009.18,116.4926,87.8804
Block 2  April 3 to July 3 2025.xls,RoomSales,206,2025-04-03,2025-07-03,60,2025-04-18,1.0,60,55,5,0,0,0,60,8831.14,147.1857,147.1857,8831.14,147.1857,147.1857
Block 2  April 3 to July 3 2025.xls,RoomSales,219,2025-04-03,2025-07-03,60,2025-04-19,0.9833,59,56,3,0,0,0,60,8755.94,148.4058,145.9323,8755.94,148.4058,145.9323
Block 2  April 3 to July 3 2025.xls,RoomSales,232,2025-04-03,2025-07-03,60,2025-04-20,0.45,27,27,0,0,1,29,31,3085.37,114.273,99.5281,3085.37,114.273,99.5281
Block 2  April 3 to July 3 2025.xls,RoomSales,245,2025-04-03,2025-07-03,60,2025-04-21,0.65,39,39,0,0,0,18,42,4525.7,116.0436,107.7548,4525.7,116.0436,107.7548
Block 2  April 3 to July 3 2025.xls,RoomSales,258,2025-04-03,2025-07-03,60,2025-04-22,0.7333,44,44,0,0,0,9,51,5110.33,116.1439,100.2025,4953.73,112.5848,97.132
Block 2  April 3 to July 3 2025.xls,RoomSales,271,2025-04-03,2025-07-03,60,2025-04-23,0.6,36,35,1,0,0,15,45,3966.29,110.1747,88.1398,3966.29,110.1747,88.1398
Block 2  April 3 to July 3 2025.xls,RoomSales,284,2025-04-03,2025-07-03,60,2025-04-24,0.8333,50,45,5,0,2,3,57,6085.86,121.7172,106.7695,5927.86,118.5572,103.9975
Block 2  April 3 to July 3 2025.xls,RoomSales,297,2025-04-03,2025-07-03,60,2025-04-25,0.9167,55,29,26,0,3,0,60,9187.72,167.0495,153.1287,9187.72,167.0495,153.1287
Block 2  April 3 to July 3 2025.xls,RoomSales,310,2025-04-03,2025-07-03,60,2025-04-26,0.9833,59,36,23,0,0,0,60,10422.49,176.6524,173.7082,10422.49,176.6524,173.7082
Block 2  April 3 to July 3 2025.xls,RoomSales,323,2025-04-03,2025-07-03,60,2025-04-27,0.35,21,21,0,0,0,20,40,2506.45,119.3548,62.6613,2506.45,119.3548,62.6613
Block 2  April 3 to July 3 2025.xls,RoomSales,336,2025-04-03,2025-07-03,60,2025-04-28,0.5,30,30,0,0,0,19,41,3459.94,115.3313,84.3888,3459.94,115.3313,84.3888
Block 2  April 3 to July 3 2025.xls,RoomSales,349,2025-04-03,2025-07-03,60,2025-04-29,0.5833,35,24,11,0,0,6,54,4508.72,128.8206,83.4948,4508.72,128.8206,83.4948
Block 2  April 3 to July 3 2025.xls,RoomSales,362,2025-04-03,2025-07-03,60,2025-04-30,0.4833,29,29,0,0,0,8,52,3142.31,108.3555,60.429,3142.31,108.3555,60.429
Block 2  April 3 to July 3 2025.xls,RoomSales,375,2025-04-03,2025-07-03,60,2025-05-01,0.5,30,30,0,0,0,6,54,3584.51,119.4837,66.3798,3584.51,119.4837,66.3798
Block 2  April 3 to July 3 2025.xls,RoomSales,388,2025-04-03,2025-07-03,60,2025-05-02,0.9667,58,56,2,0,0,1,59,8871.61,152.9588,150.3663,8871.61,152.9588,150.3663
Block 2  April 3 to July 3 2025.xls,RoomSales,401,2025-04-03,2025-07-03,60,2025-05-03,0.9833,59,44,15,0,0,0,60,11465.36,194.3281,191.0893,11465.36,194.3281,191.0893
Block 2  April 3 to July 3 2025.xls,RoomSales,414,2025-04-03,2025-07-03,60,2025-05-04,0.3167,19,19,0,0,0,31,29,2487.76,130.9347,85.7848,2298.22,120.9589,79.249
Block 2  April 3 to July 3 2025.xls,RoomSales,427,2025-04-03,2025-07-03,60,2025-05-05,0.1333,8,8,0,1,0,22,38,1343.62,167.9525,35.3584,814.42,101.8025,21.4321
Block 2  April 3 to July 3 2025.xls,RoomSales,440,2025-04-03,2025-07-03,60,2025-05-06,0.2167,13,13,0,0,0,8,52,1659.0,127.6154,31.9038,1489.85,114.6038,28.651
Block 2  April 3 to July 3 2025.xls,RoomSales,453,2025-04-03,2025-07-03,60,2025-05-07,0.7167,43,19,24,0,1,7,53,7748.37,180.1947,146.1957,7748.37,180.1947,146.1957
Block 2  April 3 to July 3 2025.xls,RoomSales,466,2025-04-03,2025-07-03,60,2025-05-08,0.9,54,29,25,0,0,4,56,10402.87,192.6457,185.7655,10402.87,192.6457,185.7655
Block 2  April 3 to July 3 2025.xls,RoomSales,479,2025-04-03,2025-07-03,60,2025-05-09,1.0,60,33,27,0,0,0,60,11876.05,197.9342,197.9342,11876.05,197.9342,197.9342
Block 2  April 3 to July 3 2025.xls,RoomSales,492,2025-04-03,2025-07-03,60,2025-05-10,0.9833,59,17,42,0,0,0,60,13790.24,233.7329,229.8373,13790.24,233.7329,229.8373
Block 2  April 3 to July 3 2025.xls,RoomSales,505,2025-04-03,2025-07-03,60,2025-05-11,0.25,15,15,0,0,1,27,33,2027.99,135.1993,61.4542,1627.39,108.4927,49.3148
Block 2  April 3 to July 3 2025.xls,RoomSales,518,2025-04-03,2025-07-03,60,2025-05-12,0.5667,34,34,0,0,0,23,37,4417.22,129.9182,119.3843,4417.22,129.9182,119.3843
Block 2  April 3 to July 3 2025.xls,RoomSales,531,2025-04-03,2025-07-03,60,2025-05-13,0.7333,44,44,0,0,0,15,45,6295.47,143.0789,139.8993,6184.94,140.5668,137.4431
Block 2  April 3 to July 3 2025.xls,RoomSales,544,2025-04-03,2025-07-03,60,2025-05-14,0.9333,56,56,0,0,0,4,56,8239.69,147.1373,147.1373,8239.69,147.1373,147.1373
Block 2  April 3 to July 3 2025.xls,RoomSales,557,2025-04-03,2025-07-03,60,2025-05-15,0.8333,50,50,0,0,0,0,60,9780.43,195.6086,163.0072,9780.43,195.6086,163.0072
Block 2  April 3 to July 3 2025.xls,RoomSales,570,2025-04-03,2025-07-03,60,2025-05-16,0.9833,59,32,27,0,0,0,60,16038.7,271.8424,267.3117,15560.15,263.7314,259.3358
Block 2  April 3 to July 3 2025.xls,RoomSales,585,2025-04-03,2025-07-03,60,2025-05-17,0.9667,58,24,34,0,1,0,60,15276.97,263.396,254.6162,15276.97,263.396,254.6162
Block 2  April 3 to July 3 2025.xls,RoomSales,598,2025-04-03,2025-07-03,60,2025-05-18,0.6,36,36,0,0,1,18,42,6451.37,179.2047,153.604,6451.37,179.2047,153.604
Block 2  April 3 to July 3 2025.xls,RoomSales,611,2025-04-03,2025-07-03,60,2025-05-19,0.3667,22,22,0,1,0,22,38,3930.24,178.6473,103.4274,3669.24,166.7836,96.5589
Block 2  April 3 to July 3 2025.xls,RoomSales,626,2025-04-03,2025-07-03,60,2025-05-20,0.4333,26,26,0,0,0,20,40,3896.08,149.8492,97.402,3896.08,149.8492,97.402
Block 2  April 3 to July 3 2025.xls,RoomSales,639,2025-04-03,2025-07-03,60,2025-05-21,0.3667,22,22,0,0,0,1,59,2909.21,132.2368,49.3086,2909.21,132.2368,49.3086
Block 2  April 3 to July 3 2025.xls,RoomSales,652,2025-04-03,2025-07-03,60,2025-05-22,0.3333,20,20,0,0,0,1,59,3078.31,153.9155,52.1747,3078.31,153.9155,52.1747
Block 2  April 3 to July 3 2025.xls,RoomSales,665,2025-04-03,2025-07-03,60,2025-05-23,0.9333,56,37,19,0,0,1,59,13589.09,242.6623,230.3236,13428.44,239.7936,227.6007
Block 2  April 3 to July 3 2025.xls,RoomSales,678,2025-04-03,2025-07-03,60,2025-05-24,0.95,57,29,28,0,0,1,59,13509.91,237.016,228.9815,13509.91,237.016,228.9815
Block 2  April 3 to July 3 2025.xls,RoomSales,691,2025-04-03,2025-07-03,60,2025-05-25,0.8667,52,44,8,0,2,3,57,9232.55,177.549,161.9746,8732.8,167.9385,153.207
Block 2  April 3 to July 3 2025.xls,RoomSales,704,2025-04-03,2025-07-03,60,2025-05-26,0.15,9,9,0,0,0,16,44,1549.47,172.1633,35.2152,903.27,100.3633,20.5289
Block 2  April 3 to July 3 2025.xls,RoomSales,717,2025-04-03,2025-07-03,60,2025-05-27,0.15,9,9,0,0,0,9,51,1325.95,147.3278,25.999,1325.95,147.3278,25.999
Block 2  April 3 to July 3 2025.xls,RoomSales,730,2025-04-03,2025-07-03,60,2025-05-28,0.2833,17,17,0,0,0,11,49,2496.65,146.8618,50.952,2496.65,146.8618,50.952
Block 2  April 3 to July 3 2025.xls,RoomSales,743,2025-04-03,2025-07-03,60,2025-05-29,0.6167,37,23,14,0,0,13,47,6362.89,171.97,135.3806,6362.89,171.97,135.3806
Block 2  April 3 to July 3 2025.xls,RoomSales,756,2025-04-03,2025-07-03,60,2025-05-30,0.9,54,29,25,0,0,1,59,11212.29,207.635,190.0388,11212.29,207.635,190.0388
Block 2  April 3 to July 3 2025.xls,RoomSales,769,2025-04-03,2025-07-03,60,2025-05-31,0.9667,58,44,14,0,1,0,60,11743.01,202.4657,195.7168,11743.01,202.4657,195.7168
Block 2  April 3 to July 3 2025.xls,RoomSales,782,2025-04-03,2025-07-03,60,2025-06-01,0.75,45,34,11,0,0,1,59,6850.58,152.2351,116.1115,6589.57,146.4349,111.6876
Block 2  April 3 to July 3 2025.xls,RoomSales,795,2025-04-03,2025-07-03,60,2025-06-02,0.4167,25,25,0,0,0,7,53,3397.39,135.8956,64.1017,3397.39,135.8956,64.1017
Block 2  April 3 to July 3 2025.xls,RoomSales,808,2025-04-03,2025-07-03,60,2025-06-03,0.4167,25,25,0,0,0,1,59,3048.45,121.938,51.6686,3048.45,121.938,51.6686
Block 2  April 3 to July 3 2025.xls,RoomSales,821,2025-04-03,2025-07-03,60,2025-06-04,0.65,39,39,0,0,0,4,56,4867.32,124.8031,86.9164,4867.32,124.8031,86.9164
Block 2  April 3 to July 3 2025.xls,RoomSales,834,2025-04-03,2025-07-03,60,2025-06-05,0.5667,34,29,5,0,0,3,57,4665.3,137.2147,81.8474,4665.3,137.2147,81.8474
Block 2  April 3 to July 3 2025.xls,RoomSales,847,2025-04-03,2025-07-03,60,2025-06-06,0.9667,58,16,42,0,1,0,60,12669.91,218.4467,211.1652,12234.81,210.945,203.9135
Block 2  April 3 to July 3 2025.xls,RoomSales,860,2025-04-03,2025-07-03,60,2025-06-07,0.95,57,18,39,0,1,1,59,12603.36,221.1116,213.6163,12603.36,221.1116,213.6163
Block 2  April 3 to July 3 2025.xls,RoomSales,873,2025-04-03,2025-07-03,60,2025-06-08,0.4833,29,29,0,0,0,12,48,3705.85,127.7879,77.2052,3705.85,127.7879,77.2052
Block 2  April 3 to July 3 2025.xls,RoomSales,886,2025-04-03,2025-07-03,60,2025-06-09,0.5667,34,34,0,0,0,5,55,4403.75,129.5221,80.0682,3507.75,103.1691,63.7773
Block 2  April 3 to July 3 2025.xls,RoomSales,899,2025-04-03,2025-07-03,60,2025-06-10,0.8,48,48,0,0,0,3,57,6130.8,127.725,107.5579,6130.8,127.725,107.5579
Block 2  April 3 to July 3 2025.xls,RoomSales,912,2025-04-03,2025-07-03,60,2025-06-11,0.65,39,39,0,0,0,5,55,5240.64,134.3754,95.2844,5057.04,129.6677,91.9462
Block 2  April 3 to July 3 2025.xls,RoomSales,925,2025-04-03,2025-07-03,60,2025-06-12,0.7333,44,31,13,0,0,4,56,7327.8,166.5409,130.8536,7327.8,166.5409,130.8536
Block 2  April 3 to July 3 2025.xls,RoomSales,938,2025-04-03,2025-07-03,60,2025-06-13,1.0,60,35,25,0,0,0,60,11967.1,199.4517,199.4517,11967.1,199.4517,199.4517
Block 2  April 3 to July 3 2025.xls,RoomSales,951,2025-04-03,2025-07-03,60,2025-06-14,0.9833,59,40,19,0,0,0,60,11974.47,202.9571,199.5745,11529.07,195.408,192.1512
Block 2  April 3 to July 3 2025.xls,RoomSales,964,2025-04-03,2025-07-03,60,2025-06-15,0.2667,16,16,0,0,1,1,59,2049.08,128.0675,34.7302,2049.08,128.0675,34.7302
Block 2  April 3 to July 3 2025.xls,RoomSales,977,2025-04-03,2025-07-03,60,2025-06-16,0.1667,10,10,0,0,1,0,60,1022.62,102.262,17.0437,1022.62,102.262,17.0437
Block 2  April 3 to July 3 2025.xls,RoomSales,990,2025-04-03,2025-07-03,60,2025-06-17,0.3667,22,22,0,0,0,0,60,2634.65,119.7568,43.9108,2634.65,119.7568,43.9108
Block 2  April 3 to July 3 2025.xls,RoomSales,1003,2025-04-03,2025-07-03,60,2025-06-18,0.2167,13,13,0,0,0,0,60,1618.48,124.4985,26.9747,1618.48,124.4985,26.9747
Block 2  April 3 to July 3 2025.xls,RoomSales,1016,2025-04-03,2025-07-03,60,2025-06-19,0.5167,31,20,11,0,0,0,60,4953.77,159.799,82.5628,4953.77,159.799,82.5628
Block 2  April 3 to July 3 2025.xls,RoomSales,1029,2025-04-03,2025-07-03,60,2025-06-20,1.0,60,35,25,0,0,0,60,11675.96,194.5993,194.5993,11675.96,194.5993,194.5993
Block 2  April 3 to July 3 2025.xls,RoomSales,1042,2025-04-03,2025-07-03,60,2025-06-21,0.95,57,37,20,0,2,0,60,11354.96,199.2098,189.2493,11354.96,199.2098,189.2493
Block 2  April 3 to July 3 2025.xls,RoomSales,1055,2025-04-03,2025-07-03,60,2025-06-22,0.3167,19,19,0,0,0,1,59,3170.86,166.8874,53.7434,2984.71,157.09,50.5883
Block 2  April 3 to July 3 2025.xls,RoomSales,1068,2025-04-03,2025-07-03,60,2025-06-23,0.3167,19,19,0,0,0,0,60,2660.21,140.0111,44.3368,2660.21,140.0111,44.3368
Block 2  April 3 to July 3 2025.xls,RoomSales,1081,2025-04-03,2025-07-03,60,2025-06-24,0.5667,34,34,0,0,0,0,60,5248.95,154.3809,87.4825,5248.95,154.3809,87.4825
Block 2  April 3 to July 3 2025.xls,RoomSales,1094,2025-04-03,2025-07-03,60,2025-06-25,0.6,36,31,5,0,0,1,59,5840.35,162.2319,98.989,5840.35,162.2319,98.989
Block 2  April 3 to July 3 2025.xls,RoomSales,1107,2025-04-03,2025-07-03,60,2025-06-26,0.5167,31,26,5,0,0,1,59,4810.97,155.1926,81.5419,4810.97,155.1926,81.5419
Block 2  April 3 to July 3 2025.xls,RoomSales,1120,2025-04-03,2025-07-03,60,2025-06-27,0.9833,59,19,40,0,0,0,60,12916.14,218.9176,215.269,12916.14,218.9176,215.269
Block 2  April 3 to July 3 2025.xls,RoomSales,1133,2025-04-03,2025-07-03,60,2025-06-28,0.9833,59,10,49,0,1,0,60,12674.64,214.8244,211.244,12674.64,214.8244,211.244
Block 2  April 3 to July 3 2025.xls,RoomSales,1146,2025-04-03,2025-07-03,60,2025-06-29,0.5333,32,32,0,0,0,19,41,4065.47,127.0459,99.1578,3807.47,118.9834,92.8651
Block 2  April 3 to July 3 2025.xls,RoomSales,1159,2025-04-03,2025-07-03,60,2025-06-30,0.4167,25,25,0,0,0,3,57,3014.85,120.594,52.8921,3014.85,120.594,52.8921
Block 2  April 3 to July 3 2025.xls,RoomSales,1172,2025-04-03,2025-07-03,60,2025-07-01,0.4833,29,29,0,0,0,1,59,3629.44,125.1531,61.5159,3629.44,125.1531,61.5159
Block 2  April 3 to July 3 2025.xls,RoomSales,1185,2025-04-03,2025-07-03,60,2025-07-02,0.3833,23,23,0,0,0,1,59,2868.02,124.6965,48.6105,2868.02,124.6965,48.6105
Block 2  April 3 to July 3 2025.xls,RoomSales,1198,2025-04-03,2025-07-03,60,2025-07-03,0.5,30,30,0,0,0,1,59,4414.29,147.143,74.8185,4414.29,147.143,74.8185
Block 3 July 4 to October 3 2025.xls,RoomSales,11,2025-07-04,2025-10-03,60,2025-07-04,0.95,57,57,0,0,1,1,59,8604.05,150.9482,145.8314,8604.05,150.9482,145.8314
Block 3 July 4 to October 3 2025.xls,RoomSales,24,2025-07-04,2025-10-03,60,2025-07-05,0.9833,59,59,0,0,0,1,59,9345.29,158.3947,158.3947,9345.29,158.3947,158.3947
Block 3 July 4 to October 3 2025.xls,RoomSales,37,2025-07-04,2025-10-03,60,2025-07-06,0.5333,32,32,0,0,0,9,51,4135.38,129.2306,81.0859,4135.38,129.2306,81.0859
Block 3 July 4 to October 3 2025.xls,RoomSales,50,2025-07-04,2025-10-03,60,2025-07-07,0.3833,23,23,0,0,0,1,59,3524.18,153.2252,59.7319,3524.18,153.2252,59.7319
Block 3 July 4 to October 3 2025.xls,RoomSales,63,2025-07-04,2025-10-03,60,2025-07-08,0.65,39,39,0,0,0,1,59,6468.85,165.8679,109.6415,6308.76,161.7631,106.9281
Block 3 July 4 to October 3 2025.xls,RoomSales,76,2025-07-04,2025-10-03,60,2025-07-09,0.7333,44,44,0,0,0,0,60,6699.05,152.2511,111.6508,6699.05,152.2511,111.6508
Block 3 July 4 to October 3 2025.xls,RoomSales,89,2025-07-04,2025-10-03,60,2025-07-10,0.75,45,39,6,0,0,0,60,7785.98,173.0218,129.7663,7608.33,169.074,126.8055
Block 3 July 4 to October 3 2025.xls,RoomSales,102,2025-07-04,2025-10-03,60,2025-07-11,1.0,60,47,13,0,0,0,60,11409.42,190.157,190.157,11409.42,190.157,190.157
Block 3 July 4 to October 3 2025.xls,RoomSales,115,2025-07-04,2025-10-03,60,2025-07-12,0.9833,59,59,0,0,0,0,60,10957.19,185.7151,182.6198,9921.69,168.1642,165.3615
Block 3 July 4 to October 3 2025.xls,RoomSales,128,2025-07-04,2025-10-03,60,2025-07-13,0.5,30,30,0,0,0,13,47,3560.98,118.6993,75.7655,3560.98,118.6993,75.7655
Block 3 July 4 to October 3 2025.xls,RoomSales,141,2025-07-04,2025-10-03,60,2025-07-14,0.4833,29,29,0,0,0,1,59,3905.79,134.6824,66.1998,3905.79,134.6824,66.1998
Block 3 July 4 to October 3 2025.xls,RoomSales,154,2025-07-04,2025-10-03,60,2025-07-15,0.5,30,30,0,0,0,8,52,3795.32,126.5107,72.9869,3795.32,126.5107,72.9869
Block 3 July 4 to October 3 2025.xls,RoomSales,167,2025-07-04,2025-10-03,60,2025-07-16,0.4333,26,25,1,0,0,6,54,3512.55,135.0981,65.0472,3512.55,135.0981,65.0472
Block 3 July 4 to October 3 2025.xls,RoomSales,180,2025-07-04,2025-10-03,60,2025-07-17,0.6,36,31,5,0,0,5,55,5403.5,150.0972,98.2455,4654.7,129.2972,84.6309
Block 3 July 4 to October 3 2025.xls,RoomSales,193,2025-07-04,2025-10-03,60,2025-07-18,1.0,60,37,23,0,0,0,60,11597.54,193.2923,193.2923,11369.62,189.4937,189.4937
Block 3 July 4 to October 3 2025.xls,RoomSales,206,2025-07-04,2025-10-03,60,2025-07-19,1.0,60,34,26,0,0,0,60,12318.31,205.3052,205.3052,12131.56,202.1927,202.1927
Block 3 July 4 to October 3 2025.xls,RoomSales,219,2025-07-04,2025-10-03,60,2025-07-20,0.6167,37,37,0,0,0,20,40,4670.38,126.2265,116.7595,4670.38,126.2265,116.7595
Block 3 July 4 to October 3 2025.xls,RoomSales,232,2025-07-04,2025-10-03,60,2025-07-21,0.7167,43,43,0,0,0,17,43,6093.08,141.6995,141.6995,6093.08,141.6995,141.6995
Block 3 July 4 to October 3 2025.xls,RoomSales,245,2025-07-04,2025-10-03,60,2025-07-22,0.45,27,27,0,0,1,13,47,3813.34,141.2348,81.1349,3813.34,141.2348,81.1349
Block 3 July 4 to October 3 2025.xls,RoomSales,258,2025-07-04,2025-10-03,60,2025-07-23,0.5333,32,32,0,0,0,5,55,4540.49,141.8903,82.5544,4540.49,141.8903,82.5544
Block 3 July 4 to October 3 2025.xls,RoomSales,271,2025-07-04,2025-10-03,60,2025-07-24,0.7,42,41,1,0,0,11,49,5663.66,134.849,115.5849,5663.66,134.849,115.5849
Block 3 July 4 to October 3 2025.xls,RoomSales,284,2025-07-04,2025-10-03,60,2025-07-25,0.9667,58,47,11,0,0,0,60,10331.49,178.1291,172.1915,10331.49,178.1291,172.1915
Block 3 July 4 to October 3 2025.xls,RoomSales,297,2025-07-04,2025-10-03,60,2025-07-26,1.0,60,44,16,0,0,0,60,11709.77,195.1628,195.1628,11709.77,195.1628,195.1628
Block 3 July 4 to October 3 2025.xls,RoomSales,310,2025-07-04,2025-10-03,60,2025-07-27,0.4833,29,29,0,0,0,1,59,3619.91,124.8245,61.3544,3619.91,124.8245,61.3544
Block 3 July 4 to October 3 2025.xls,RoomSales,323,2025-07-04,2025-10-03,60,2025-07-28,0.45,27,27,0,0,0,1,59,4121.0,152.6296,69.8475,4121.0,152.6296,69.8475
Block 3 July 4 to October 3 2025.xls,RoomSales,336,2025-07-04,2025-10-03,60,2025-07-29,0.4667,28,28,0,0,0,3,57,3714.13,132.6475,65.1602,3714.13,132.6475,65.1602
Block 3 July 4 to October 3 2025.xls,RoomSales,349,2025-07-04,2025-10-03,60,2025-07-30,0.4167,25,25,0,0,1,3,57,3378.26,135.1304,59.2677,3378.26,135.1304,59.2677
Block 3 July 4 to October 3 2025.xls,RoomSales,362,2025-07-04,2025-10-03,60,2025-07-31,0.6333,38,23,15,0,1,2,58,6799.36,178.9305,117.2303,6799.36,178.9305,117.2303
Block 3 July 4 to October 3 2025.xls,RoomSales,375,2025-07-04,2025-10-03,60,2025-08-01,0.95,57,29,28,0,2,0,60,11596.49,203.4472,193.2748,11596.49,203.4472,193.2748
Block 3 July 4 to October 3 2025.xls,RoomSales,388,2025-07-04,2025-10-03,60,2025-08-02,0.9833,59,50,9,0,1,0,60,10746.43,182.1429,179.1072,10746.43,182.1429,179.1072
Block 3 July 4 to October 3 2025.xls,RoomSales,401,2025-07-04,2025-10-03,60,2025-08-03,0.3,18,18,0,0,1,33,27,1882.24,104.5689,69.7126,1882.24,104.5689,69.7126
Block 3 July 4 to October 3 2025.xls,RoomSales,414,2025-07-04,2025-10-03,60,2025-08-04,0.35,21,21,0,0,0,3,57,2363.4,112.5429,41.4632,2363.4,112.5429,41.4632
Block 3 July 4 to October 3 2025.xls,RoomSales,427,2025-07-04,2025-10-03,60,2025-08-05,0.3,18,18,0,0,0,4,56,2335.84,129.7689,41.7114,2220.46,123.3589,39.6511
Block 3 July 4 to October 3 2025.xls,RoomSales,440,2025-07-04,2025-10-03,60,2025-08-06,0.3,18,18,0,0,0,8,52,2320.01,128.8894,44.6156,2320.01,128.8894,44.6156
Block 3 July 4 to October 3 2025.xls,RoomSales,453,2025-07-04,2025-10-03,60,2025-08-07,0.3167,19,19,0,0,0,9,51,2535.29,133.4363,49.7116,2535.29,133.4363,49.7116
Block 3 July 4 to October 3 2025.xls,RoomSales,466,2025-07-04,2025-10-03,60,2025-08-08,0.8667,52,48,4,0,2,0,60,8146.27,156.659,135.7712,8146.27,156.659,135.7712
Block 3 July 4 to October 3 2025.xls,RoomSales,479,2025-07-04,2025-10-03,60,2025-08-09,0.95,57,42,15,0,3,0,60,9914.79,173.9437,165.2465,9914.79,173.9437,165.2465
Block 3 July 4 to October 3 2025.xls,RoomSales,492,2025-07-04,2025-10-03,60,2025-08-10,0.7,42,26,16,0,0,0,60,7398.54,176.1557,123.309,7398.54,176.1557,123.309
Block 3 July 4 to October 3 2025.xls,RoomSales,505,2025-07-04,2025-10-03,60,2025-08-11,0.3667,22,22,0,0,0,1,59,3019.43,137.2468,51.1768,3019.43,137.2468,51.1768
Block 3 July 4 to October 3 2025.xls,RoomSales,518,2025-07-04,2025-10-03,60,2025-08-12,0.6,36,36,0,0,0,1,59,4651.92,129.22,78.8461,4651.92,129.22,78.8461
Block 3 July 4 to October 3 2025.xls,RoomSales,531,2025-07-04,2025-10-03,60,2025-08-13,0.65,39,39,0,0,0,2,58,5267.42,135.0621,90.8176,4909.22,125.8774,84.6417
Block 3 July 4 to October 3 2025.xls,RoomSales,544,2025-07-04,2025-10-03,60,2025-08-14,0.7667,46,45,1,0,0,0,60,6772.35,147.225,112.8725,6772.35,147.225,112.8725
Block 3 July 4 to October 3 2025.xls,RoomSales,557,2025-07-04,2025-10-03,60,2025-08-15,1.0,60,45,15,0,0,0,60,11635.12,193.9187,193.9187,11635.12,193.9187,193.9187
Block 3 July 4 to October 3 2025.xls,RoomSales,570,2025-07-04,2025-10-03,60,2025-08-16,0.9833,59,42,17,0,1,0,60,11364.55,192.6195,189.4092,11364.55,192.6195,189.4092
Block 3 July 4 to October 3 2025.xls,RoomSales,583,2025-07-04,2025-10-03,60,2025-08-17,0.4333,26,26,0,0,0,10,50,2335.13,89.8127,46.7026,2335.13,89.8127,46.7026
Block 3 July 4 to October 3 2025.xls,RoomSales,596,2025-07-04,2025-10-03,60,2025-08-18,0.6,36,36,0,0,0,11,49,3522.91,97.8586,71.8961,3522.91,97.8586,71.8961
Block 3 July 4 to October 3 2025.xls,RoomSales,609,2025-07-04,2025-10-03,60,2025-08-19,0.4,24,24,0,0,1,16,44,2932.37,122.1821,66.6448,2932.37,122.1821,66.6448
Block 3 July 4 to October 3 2025.xls,RoomSales,622,2025-07-04,2025-10-03,60,2025-08-20,0.5333,32,32,0,0,0,7,53,4348.13,135.8791,82.0402,4348.13,135.8791,82.0402
Block 3 July 4 to October 3 2025.xls,RoomSales,635,2025-07-04,2025-10-03,60,2025-08-21,0.7,42,22,20,0,0,3,57,7340.89,174.7831,128.7875,7340.89,174.7831,128.7875
Block 3 July 4 to October 3 2025.xls,RoomSales,648,2025-07-04,2025-10-03,60,2025-08-22,1.0,60,17,43,0,0,0,60,13074.91,217.9152,217.9152,13074.91,217.9152,217.9152
Block 3 July 4 to October 3 2025.xls,RoomSales,661,2025-07-04,2025-10-03,60,2025-08-23,0.9833,59,25,34,1,1,0,60,11772.19,199.5286,196.2032,11772.19,199.5286,196.2032
Block 3 July 4 to October 3 2025.xls,RoomSales,674,2025-07-04,2025-10-03,60,2025-08-24,0.8,48,47,1,0,0,2,58,5400.14,112.5029,93.1059,5400.14,112.5029,93.1059
Block 3 July 4 to October 3 2025.xls,RoomSales,687,2025-07-04,2025-10-03,60,2025-08-25,0.9167,55,55,0,0,0,2,58,6336.96,115.2175,109.2579,6098.96,110.8902,105.1545
Block 3 July 4 to October 3 2025.xls,RoomSales,700,2025-07-04,2025-10-03,60,2025-08-26,0.9833,59,59,0,0,0,0,60,7655.1,129.7475,127.585,7655.1,129.7475,127.585
Block 3 July 4 to October 3 2025.xls,RoomSales,713,2025-07-04,2025-10-03,60,2025-08-27,1.0,60,60,0,0,0,0,60,8711.39,145.1898,145.1898,8711.39,145.1898,145.1898
Block 3 July 4 to October 3 2025.xls,RoomSales,726,2025-07-04,2025-10-03,60,2025-08-28,1.0,60,59,1,0,0,0,60,9953.97,165.8995,165.8995,9953.97,165.8995,165.8995
Block 3 July 4 to October 3 2025.xls,RoomSales,739,2025-07-04,2025-10-03,60,2025-08-29,0.95,57,41,16,0,0,0,60,11076.63,194.3268,184.6105,11076.63,194.3268,184.6105
Block 3 July 4 to October 3 2025.xls,RoomSales,752,2025-07-04,2025-10-03,60,2025-08-30,0.9833,59,8,51,0,0,0,60,13226.13,224.1717,220.4355,13226.13,224.1717,220.4355
Block 3 July 4 to October 3 2025.xls,RoomSales,765,2025-07-04,2025-10-03,60,2025-08-31,0.9833,59,35,24,0,0,0,60,10897.98,184.7115,181.633,10897.98,184.7115,181.633
Block 3 July 4 to October 3 2025.xls,RoomSales,778,2025-07-04,2025-10-03,60,2025-09-01,0.4167,25,25,0,0,0,12,48,3454.9,138.196,71.9771,3422.9,136.916,71.3104
Block 3 July 4 to October 3 2025.xls,RoomSales,791,2025-07-04,2025-10-03,60,2025-09-02,0.4,24,24,0,0,0,6,54,2752.6,114.6917,50.9741,2752.6,114.6917,50.9741
Block 3 July 4 to October 3 2025.xls,RoomSales,804,2025-07-04,2025-10-03,60,2025-09-03,0.3667,22,22,0,0,0,4,56,2404.32,109.2873,42.9343,2404.32,109.2873,42.9343
Block 3 July 4 to October 3 2025.xls,RoomSales,817,2025-07-04,2025-10-03,60,2025-09-04,0.55,33,18,15,0,0,2,58,5839.54,176.9558,100.6817,5839.54,176.9558,100.6817
Block 3 July 4 to October 3 2025.xls,RoomSales,830,2025-07-04,2025-10-03,60,2025-09-05,1.0,60,20,40,0,0,0,60,12593.29,209.8882,209.8882,12593.29,209.8882,209.8882
Block 3 July 4 to October 3 2025.xls,RoomSales,843,2025-07-04,2025-10-03,60,2025-09-06,0.9833,59,21,38,0,1,0,60,12300.83,208.4886,205.0138,12300.83,208.4886,205.0138
Block 3 July 4 to October 3 2025.xls,RoomSales,856,2025-07-04,2025-10-03,60,2025-09-07,0.2167,13,13,0,0,0,0,60,1637.93,125.9946,27.2988,1425.43,109.6485,23.7572
Block 3 July 4 to October 3 2025.xls,RoomSales,869,2025-07-04,2025-10-03,60,2025-09-08,0.3667,22,22,0,0,0,1,59,2667.03,121.2286,45.2039,2667.03,121.2286,45.2039
Block 3 July 4 to October 3 2025.xls,RoomSales,882,2025-07-04,2025-10-03,60,2025-09-09,0.3,18,18,0,0,0,2,58,1948.62,108.2567,33.5969,1948.62,108.2567,33.5969
Block 3 July 4 to October 3 2025.xls,RoomSales,895,2025-07-04,2025-10-03,60,2025-09-10,0.3333,20,20,0,0,0,2,58,2335.3,116.765,40.2638,2335.3,116.765,40.2638
Block 3 July 4 to October 3 2025.xls,RoomSales,908,2025-07-04,2025-10-03,60,2025-09-11,0.4667,28,28,0,0,2,2,58,3179.34,113.5479,54.8162,3179.34,113.5479,54.8162
Block 3 July 4 to October 3 2025.xls,RoomSales,921,2025-07-04,2025-10-03,60,2025-09-12,0.9667,58,46,12,0,2,0,60,10019.93,172.7574,166.9988,10019.93,172.7574,166.9988
Block 3 July 4 to October 3 2025.xls,RoomSales,934,2025-07-04,2025-10-03,60,2025-09-13,0.9667,58,35,23,0,2,0,60,11534.53,198.8712,192.2422,11534.53,198.8712,192.2422
Block 3 July 4 to October 3 2025.xls,RoomSales,947,2025-07-04,2025-10-03,60,2025-09-14,0.3333,20,20,0,0,2,1,59,2121.74,106.087,35.9617,2121.74,106.087,35.9617
Block 3 July 4 to October 3 2025.xls,RoomSales,960,2025-07-04,2025-10-03,60,2025-09-15,0.6167,37,37,0,0,0,3,57,4086.35,110.4419,71.6904,3996.35,108.0095,70.1114
Block 3 July 4 to October 3 2025.xls,RoomSales,973,2025-07-04,2025-10-03,60,2025-09-16,0.7,42,42,0,0,0,4,56,4816.03,114.6674,86.0005,4816.03,114.6674,86.0005
Block 3 July 4 to October 3 2025.xls,RoomSales,986,2025-07-04,2025-10-03,60,2025-09-17,0.65,39,39,0,0,0,2,58,4501.47,115.4223,77.6116,4501.47,115.4223,77.6116
Block 3 July 4 to October 3 2025.xls,RoomSales,999,2025-07-04,2025-10-03,60,2025-09-18,0.6,36,36,0,0,0,2,58,4376.42,121.5672,75.4555,4376.42,121.5672,75.4555
Block 3 July 4 to October 3 2025.xls,RoomSales,1012,2025-07-04,2025-10-03,60,2025-09-19,0.9833,59,33,26,0,0,0,60,11687.19,198.088,194.7865,11687.19,198.088,194.7865
Block 3 July 4 to October 3 2025.xls,RoomSales,1025,2025-07-04,2025-10-03,60,2025-09-20,1.0,60,5,55,0,0,0,60,13389.51,223.1585,223.1585,13389.51,223.1585,223.1585
Block 3 July 4 to October 3 2025.xls,RoomSales,1038,2025-07-04,2025-10-03,60,2025-09-21,0.6667,40,26,14,0,0,0,60,6876.64,171.916,114.6107,6876.64,171.916,114.6107
Block 3 July 4 to October 3 2025.xls,RoomSales,1051,2025-07-04,2025-10-03,60,2025-09-22,0.55,33,33,0,0,0,0,60,3921.39,118.83,65.3565,3921.39,118.83,65.3565
Block 3 July 4 to October 3 2025.xls,RoomSales,1064,2025-07-04,2025-10-03,60,2025-09-23,0.7,42,42,0,0,0,0,60,5062.6,120.5381,84.3767,5062.6,120.5381,84.3767
Block 3 July 4 to October 3 2025.xls,RoomSales,1077,2025-07-04,2025-10-03,60,2025-09-24,0.5333,32,32,0,0,0,1,59,3896.36,121.7613,66.04,3896.36,121.7613,66.04
Block 3 July 4 to October 3 2025.xls,RoomSales,1090,2025-07-04,2025-10-03,60,2025-09-25,0.65,39,36,3,0,0,0,60,5256.41,134.7797,87.6068,5256.41,134.7797,87.6068
Block 3 July 4 to October 3 2025.xls,RoomSales,1103,2025-07-04,2025-10-03,60,2025-09-26,0.9667,58,35,23,0,0,0,60,10816.12,186.4848,180.2687,10816.12,186.4848,180.2687
Block 3 July 4 to October 3 2025.xls,RoomSales,1116,2025-07-04,2025-10-03,60,2025-09-27,0.9833,59,28,31,0,1,0,60,11403.58,193.281,190.0597,11403.58,193.281,190.0597
Block 3 July 4 to October 3 2025.xls,RoomSales,1129,2025-07-04,2025-10-03,60,2025-09-28,0.6,36,36,0,0,0,12,48,4408.96,122.4711,91.8533,4378.96,121.6378,91.2283
Block 3 July 4 to October 3 2025.xls,RoomSales,1142,2025-07-04,2025-10-03,60,2025-09-29,0.7167,43,32,11,0,1,7,53,5723.81,133.1119,107.9964,5723.81,133.1119,107.9964
Block 3 July 4 to October 3 2025.xls,RoomSales,1155,2025-07-04,2025-10-03,60,2025-09-30,0.5833,35,24,11,0,0,6,54,4453.97,127.2563,82.4809,4453.97,127.2563,82.4809
Block 3 July 4 to October 3 2025.xls,RoomSales,1168,2025-07-04,2025-10-03,60,2025-10-01,0.3833,23,23,0,0,0,3,57,2857.96,124.2591,50.1396,2857.96,124.2591,50.1396
Block 3 July 4 to October 3 2025.xls,RoomSales,1181,2025-07-04,2025-10-03,60,2025-10-02,0.55,33,26,7,0,0,0,60,5335.08,161.6691,88.918,5335.08,161.6691,88.918
Block 3 July 4 to October 3 2025.xls,RoomSales,1194,2025-07-04,2025-10-03,60,2025-10-03,1.0,60,31,29,0,0,0,60,12181.83,203.0305,203.0305,12181.83,203.0305,203.0305
Block 4  October 4 to December 31 2025.xls,RoomSales,11,2025-10-04,2025-12-31,60,2025-10-04,0.9833,59,26,33,0,1,0,60,12084.21,204.8171,201.4035,12084.21,204.8171,201.4035
Block 4  October 4 to December 31 2025.xls,RoomSales,24,2025-10-04,2025-12-31,60,2025-10-05,0.4833,29,29,0,0,0,10,50,3076.5,106.0862,61.53,3076.5,106.0862,61.53
Block 4  October 4 to December 31 2025.xls,RoomSales,37,2025-10-04,2025-12-31,60,2025-10-06,0.5667,34,34,0,0,0,0,60,3500.57,102.9579,58.3428,3500.57,102.9579,58.3428
Block 4  October 4 to December 31 2025.xls,RoomSales,50,2025-10-04,2025-12-31,60,2025-10-07,0.5667,34,34,0,0,0,4,56,3853.13,113.3274,68.8059,3853.13,113.3274,68.8059
Block 4  October 4 to December 31 2025.xls,RoomSales,63,2025-10-04,2025-12-31,60,2025-10-08,0.6833,41,40,1,0,0,7,53,5201.75,126.872,98.1462,5015.75,122.3354,94.6368
Block 4  October 4 to December 31 2025.xls,RoomSales,76,2025-10-04,2025-12-31,60,2025-10-09,0.8167,49,43,6,0,0,3,57,6327.89,129.1406,111.0156,6327.89,129.1406,111.0156
Block 4  October 4 to December 31 2025.xls,RoomSales,89,2025-10-04,2025-12-31,60,2025-10-10,0.9667,58,26,32,0,2,0,60,11364.64,195.9421,189.4107,11364.64,195.9421,189.4107
Block 4  October 4 to December 31 2025.xls,RoomSales,102,2025-10-04,2025-12-31,60,2025-10-11,1.0,60,13,47,0,0,0,60,12227.03,203.7838,203.7838,12227.03,203.7838,203.7838
Block 4  October 4 to December 31 2025.xls,RoomSales,115,2025-10-04,2025-12-31,60,2025-10-12,0.9833,59,30,29,0,1,0,60,11019.41,186.7697,183.6568,10994.41,186.3459,183.2402
Block 4  October 4 to December 31 2025.xls,RoomSales,128,2025-10-04,2025-12-31,60,2025-10-13,0.3667,22,22,0,0,0,27,33,2313.96,105.18,70.12,2313.96,105.18,70.12
Block 4  October 4 to December 31 2025.xls,RoomSales,141,2025-10-04,2025-12-31,60,2025-10-14,0.6167,37,35,2,0,0,1,59,4232.47,114.3911,71.7368,4232.47,114.3911,71.7368
Block 4  October 4 to December 31 2025.xls,RoomSales,154,2025-10-04,2025-12-31,60,2025-10-15,0.8833,53,33,20,0,0,4,56,8274.52,156.123,147.7593,8274.52,156.123,147.7593
Block 4  October 4 to December 31 2025.xls,RoomSales,167,2025-10-04,2025-12-31,60,2025-10-16,0.95,57,34,23,0,0,1,59,9404.14,164.9849,159.3922,9404.14,164.9849,159.3922
Block 4  October 4 to December 31 2025.xls,RoomSales,180,2025-10-04,2025-12-31,60,2025-10-17,0.8833,53,8,45,0,2,0,60,11918.75,224.8821,198.6458,11918.75,224.8821,198.6458
Block 4  October 4 to December 31 2025.xls,RoomSales,193,2025-10-04,2025-12-31,60,2025-10-18,0.9833,59,8,51,0,1,0,60,13674.37,231.769,227.9062,13539.59,229.4846,225.6598
Block 4  October 4 to December 31 2025.xls,RoomSales,206,2025-10-04,2025-12-31,60,2025-10-19,0.75,45,35,10,0,1,3,57,6987.8,155.2844,122.593,6987.8,155.2844,122.593
Block 4  October 4 to December 31 2025.xls,RoomSales,219,2025-10-04,2025-12-31,60,2025-10-20,0.7,42,33,9,0,0,2,58,6602.48,157.2019,113.8359,6602.48,157.2019,113.8359
Block 4  October 4 to December 31 2025.xls,RoomSales,232,2025-10-04,2025-12-31,60,2025-10-21,0.7667,46,46,0,0,0,2,58,5294.05,115.088,91.2767,5132.95,111.5859,88.4991
Block 4  October 4 to December 31 2025.xls,RoomSales,245,2025-10-04,2025-12-31,60,2025-10-22,0.4667,28,28,0,0,1,3,57,2632.45,94.0161,46.1833,2632.45,94.0161,46.1833
Block 4  October 4 to December 31 2025.xls,RoomSales,258,2025-10-04,2025-12-31,60,2025-10-23,0.7833,47,45,2,0,0,0,60,5919.98,125.957,98.6663,5919.98,125.957,98.6663
Block 4  October 4 to December 31 2025.xls,RoomSales,271,2025-10-04,2025-12-31,60,2025-10-24,0.9333,56,20,36,0,1,0,60,12633.86,225.6046,210.5643,11937.86,213.1761,198.9643
Block 4  October 4 to December 31 2025.xls,RoomSales,284,2025-10-04,2025-12-31,60,2025-10-25,0.9833,59,8,51,0,1,0,60,13201.43,223.7531,220.0238,12883.43,218.3632,214.7238
Block 4  October 4 to December 31 2025.xls,RoomSales,297,2025-10-04,2025-12-31,60,2025-10-26,0.4833,29,18,11,0,0,19,41,4479.03,154.4493,109.2446,4479.03,154.4493,109.2446
Block 4  October 4 to December 31 2025.xls,RoomSales,310,2025-10-04,2025-12-31,60,2025-10-27,0.45,27,20,7,0,0,6,54,3713.2,137.5259,68.763,3713.2,137.5259,68.763
Block 4  October 4 to December 31 2025.xls,RoomSales,323,2025-10-04,2025-12-31,60,2025-10-28,0.6667,40,14,26,0,0,1,59,7701.98,192.5495,130.542,7701.98,192.5495,130.542
Block 4  October 4 to December 31 2025.xls,RoomSales,336,2025-10-04,2025-12-31,60,2025-10-29,0.7667,46,18,28,0,0,1,59,8334.41,181.1828,141.2612,8334.41,181.1828,141.2612
Block 4  October 4 to December 31 2025.xls,RoomSales,349,2025-10-04,2025-12-31,60,2025-10-30,0.75,45,27,18,0,0,1,59,7719.85,171.5522,130.8449,7719.85,171.5522,130.8449
Block 4  October 4 to December 31 2025.xls,RoomSales,362,2025-10-04,2025-12-31,60,2025-10-31,1.0,60,35,25,1,0,0,60,11202.08,186.7013,186.7013,11202.08,186.7013,186.7013
Block 4  October 4 to December 31 2025.xls,RoomSales,375,2025-10-04,2025-12-31,60,2025-11-01,1.0,60,21,39,0,0,0,60,12509.98,208.4997,208.4997,12509.98,208.4997,208.4997
Block 4  October 4 to December 31 2025.xls,RoomSales,388,2025-10-04,2025-12-31,60,2025-11-02,0.6333,38,27,11,0,0,1,59,6160.25,162.1118,104.411,6160.25,162.1118,104.411
Block 4  October 4 to December 31 2025.xls,RoomSales,401,2025-10-04,2025-12-31,60,2025-11-03,0.35,21,21,0,0,0,0,60,2499.8,119.0381,41.6633,2499.8,119.0381,41.6633
Block 4  October 4 to December 31 2025.xls,RoomSales,414,2025-10-04,2025-12-31,60,2025-11-04,0.45,27,27,0,0,0,2,58,3272.34,121.1978,56.4197,3272.34,121.1978,56.4197
Block 4  October 4 to December 31 2025.xls,RoomSales,427,2025-10-04,2025-12-31,60,2025-11-05,0.3333,20,20,0,0,0,1,59,2533.71,126.6855,42.9442,2394.21,119.7105,40.5798
Block 4  October 4 to December 31 2025.xls,RoomSales,440,2025-10-04,2025-12-31,60,2025-11-06,0.4833,29,29,0,1,0,0,60,3090.4,106.5655,51.5067,3090.4,106.5655,51.5067
Block 4  October 4 to December 31 2025.xls,RoomSales,453,2025-10-04,2025-12-31,60,2025-11-07,1.0,60,43,17,0,0,0,60,11759.47,195.9912,195.9912,11654.82,194.247,194.247
Block 4  October 4 to December 31 2025.xls,RoomSales,466,2025-10-04,2025-12-31,60,2025-11-08,1.0,60,38,22,0,0,0,60,11848.24,197.4707,197.4707,11848.24,197.4707,197.4707
Block 4  October 4 to December 31 2025.xls,RoomSales,479,2025-10-04,2025-12-31,60,2025-11-09,0.5333,32,32,0,0,0,5,55,4736.01,148.0003,86.1093,4498.01,140.5628,81.782
Block 4  October 4 to December 31 2025.xls,RoomSales,492,2025-10-04,2025-12-31,60,2025-11-10,0.5833,35,35,0,2,0,6,54,3759.53,107.4151,69.6209,3759.53,107.4151,69.6209
Block 4  October 4 to December 31 2025.xls,RoomSales,505,2025-10-04,2025-12-31,60,2025-11-11,0.4833,29,29,0,1,0,3,57,3308.63,114.0907,58.0461,2625.99,90.5514,46.07
Block 4  October 4 to December 31 2025.xls,RoomSales,518,2025-10-04,2025-12-31,60,2025-11-12,0.4833,29,29,0,0,0,6,54,2898.42,99.9455,53.6744,2898.42,99.9455,53.6744
Block 4  October 4 to December 31 2025.xls,RoomSales,531,2025-10-04,2025-12-31,60,2025-11-13,0.4167,25,24,1,0,0,4,56,3073.95,122.958,54.892,3073.95,122.958,54.892
Block 4  October 4 to December 31 2025.xls,RoomSales,544,2025-10-04,2025-12-31,60,2025-11-14,0.9,54,49,5,0,0,0,60,7999.33,148.1357,133.3222,7999.33,148.1357,133.3222
Block 4  October 4 to December 31 2025.xls,RoomSales,557,2025-10-04,2025-12-31,60,2025-11-15,0.9833,59,51,8,0,0,0,60,9796.67,166.0453,163.2778,9796.67,166.0453,163.2778
Block 4  October 4 to December 31 2025.xls,RoomSales,570,2025-10-04,2025-12-31,60,2025-11-16,0.3167,19,19,0,0,0,15,45,2626.39,138.2311,58.3642,2626.39,138.2311,58.3642
Block 4  October 4 to December 31 2025.xls,RoomSales,583,2025-10-04,2025-12-31,60,2025-11-17,0.1833,11,11,0,0,0,18,42,1319.5,119.9545,31.4167,1319.5,119.9545,31.4167
Block 4  October 4 to December 31 2025.xls,RoomSales,596,2025-10-04,2025-12-31,60,2025-11-18,0.2667,16,16,0,0,0,5,55,1805.88,112.8675,32.8342,1805.88,112.8675,32.8342
Block 4  October 4 to December 31 2025.xls,RoomSales,609,2025-10-04,2025-12-31,60,2025-11-19,0.45,27,27,0,0,0,5,55,3519.87,130.3656,63.9976,3519.87,130.3656,63.9976
Block 4  October 4 to December 31 2025.xls,RoomSales,622,2025-10-04,2025-12-31,60,2025-11-20,0.4333,26,26,0,0,0,2,58,3078.41,118.4004,53.076,3028.41,116.4773,52.214
Block 4  October 4 to December 31 2025.xls,RoomSales,635,2025-10-04,2025-12-31,60,2025-11-21,0.9667,58,49,9,0,0,1,59,8939.49,154.1291,151.5168,8635.19,148.8826,146.3592
Block 4  October 4 to December 31 2025.xls,RoomSales,648,2025-10-04,2025-12-31,60,2025-11-22,0.9667,58,50,8,0,1,0,60,9352.11,161.2433,155.8685,9352.11,161.2433,155.8685
Block 4  October 4 to December 31 2025.xls,RoomSales,661,2025-10-04,2025-12-31,60,2025-11-23,0.45,27,27,0,0,0,12,48,3475.51,128.7226,72.4065,3263.01,120.8522,67.9794
Block 4  October 4 to December 31 2025.xls,RoomSales,674,2025-10-04,2025-12-31,60,2025-11-24,0.5,30,30,0,0,0,4,56,3204.7,106.8233,57.2268,3204.7,106.8233,57.2268
Block 4  October 4 to December 31 2025.xls,RoomSales,687,2025-10-04,2025-12-31,60,2025-11-25,0.4667,28,28,0,0,0,6,54,3185.57,113.7704,58.992,3185.57,113.7704,58.992
Block 4  October 4 to December 31 2025.xls,RoomSales,700,2025-10-04,2025-12-31,60,2025-11-26,0.7,42,42,0,0,0,1,59,5981.08,142.4067,101.3742,5981.08,142.4067,101.3742
Block 4  October 4 to December 31 2025.xls,RoomSales,713,2025-10-04,2025-12-31,60,2025-11-27,0.9667,58,58,0,0,0,1,59,8584.12,148.0021,145.4936,8584.12,148.0021,145.4936
Block 4  October 4 to December 31 2025.xls,RoomSales,726,2025-10-04,2025-12-31,60,2025-11-28,0.9833,59,58,1,0,0,0,60,7931.16,134.4264,132.186,7931.16,134.4264,132.186
Block 4  October 4 to December 31 2025.xls,RoomSales,739,2025-10-04,2025-12-31,60,2025-11-29,0.9167,55,52,3,0,2,1,59,7416.72,134.8495,125.7071,7416.72,134.8495,125.7071
Block 4  October 4 to December 31 2025.xls,RoomSales,752,2025-10-04,2025-12-31,60,2025-11-30,0.4667,28,28,0,0,0,5,55,2240.64,80.0229,40.7389,2240.64,80.0229,40.7389
Block 4  October 4 to December 31 2025.xls,RoomSales,765,2025-10-04,2025-12-31,60,2025-12-01,0.5,30,30,0,1,0,4,56,2168.15,72.2717,38.717,2168.15,72.2717,38.717
Block 4  October 4 to December 31 2025.xls,RoomSales,778,2025-10-04,2025-12-31,60,2025-12-02,0.5167,31,31,0,0,3,4,56,2329.38,75.1413,41.5961,2329.38,75.1413,41.5961
Block 4  October 4 to December 31 2025.xls,RoomSales,791,2025-10-04,2025-12-31,60,2025-12-03,0.4667,28,28,0,0,0,3,57,2184.1,78.0036,38.3175,2184.1,78.0036,38.3175
Block 4  October 4 to December 31 2025.xls,RoomSales,804,2025-10-04,2025-12-31,60,2025-12-04,0.6167,37,37,0,0,0,2,58,3298.62,89.1519,56.8728,3298.62,89.1519,56.8728
Block 4  October 4 to December 31 2025.xls,RoomSales,817,2025-10-04,2025-12-31,60,2025-12-05,0.8333,50,44,6,0,0,3,57,6671.67,133.4334,117.0468,6604.67,132.0934,115.8714
Block 4  October 4 to December 31 2025.xls,RoomSales,830,2025-10-04,2025-12-31,60,2025-12-06,1.0,60,48,12,0,0,0,60,9637.97,160.6328,160.6328,9637.97,160.6328,160.6328
Block 4  October 4 to December 31 2025.xls,RoomSales,843,2025-10-04,2025-12-31,60,2025-12-07,0.6,36,26,10,0,0,1,59,5429.84,150.8289,92.0312,5429.84,150.8289,92.0312
Block 4  October 4 to December 31 2025.xls,RoomSales,856,2025-10-04,2025-12-31,60,2025-12-08,0.4333,26,26,0,0,1,10,50,2532.69,97.4112,50.6538,2532.69,97.4112,50.6538
Block 4  October 4 to December 31 2025.xls,RoomSales,869,2025-10-04,2025-12-31,60,2025-12-09,0.6667,40,40,0,0,0,4,56,3628.49,90.7122,64.7945,3530.32,88.258,63.0414
Block 4  October 4 to December 31 2025.xls,RoomSales,882,2025-10-04,2025-12-31,60,2025-12-10,0.35,21,21,0,0,0,6,54,2060.68,98.1276,38.1607,2060.68,98.1276,38.1607
Block 4  October 4 to December 31 2025.xls,RoomSales,895,2025-10-04,2025-12-31,60,2025-12-11,0.4,24,24,0,0,0,2,58,2194.69,91.4454,37.8395,2194.69,91.4454,37.8395
Block 4  October 4 to December 31 2025.xls,RoomSales,908,2025-10-04,2025-12-31,60,2025-12-12,0.8333,50,43,7,0,0,1,59,6137.18,122.7436,104.02,6058.18,121.1636,102.681
Block 4  October 4 to December 31 2025.xls,RoomSales,921,2025-10-04,2025-12-31,60,2025-12-13,0.8667,52,47,5,0,2,2,58,6554.93,126.0563,113.016,6554.93,126.0563,113.016
Block 4  October 4 to December 31 2025.xls,RoomSales,934,2025-10-04,2025-12-31,60,2025-12-14,0.4,24,24,0,0,0,13,47,2027.07,84.4613,43.1291,2027.07,84.4613,43.1291
Block 4  October 4 to December 31 2025.xls,RoomSales,947,2025-10-04,2025-12-31,60,2025-12-15,0.3,18,18,0,0,0,13,47,1601.43,88.9683,34.073,1601.43,88.9683,34.073
Block 4  October 4 to December 31 2025.xls,RoomSales,960,2025-10-04,2025-12-31,60,2025-12-16,0.3833,23,23,0,0,0,3,57,2039.79,88.6865,35.7858,2039.79,88.6865,35.7858
Block 4  October 4 to December 31 2025.xls,RoomSales,973,2025-10-04,2025-12-31,60,2025-12-17,0.5667,34,34,0,0,0,2,58,3567.0,104.9118,61.5,3382.08,99.4729,58.3117
Block 4  October 4 to December 31 2025.xls,RoomSales,986,2025-10-04,2025-12-31,60,2025-12-18,0.7167,43,43,0,0,0,2,58,4981.24,115.8428,85.8834,4914.38,114.2879,84.7307
Block 4  October 4 to December 31 2025.xls,RoomSales,999,2025-10-04,2025-12-31,60,2025-12-19,0.8167,49,49,0,0,0,2,58,6572.06,134.1237,113.3114,6572.06,134.1237,113.3114
Block 4  October 4 to December 31 2025.xls,RoomSales,1012,2025-10-04,2025-12-31,60,2025-12-20,0.95,57,57,0,0,0,1,59,7529.19,132.0911,127.6134,7295.19,127.9858,123.6473
Block 4  October 4 to December 31 2025.xls,RoomSales,1025,2025-10-04,2025-12-31,60,2025-12-21,0.5833,35,35,0,0,0,1,59,3661.49,104.614,62.0592,3477.89,99.3683,58.9473
Block 4  October 4 to December 31 2025.xls,RoomSales,1038,2025-10-04,2025-12-31,60,2025-12-22,0.4667,28,28,0,0,0,2,58,3039.28,108.5457,52.4014,3039.28,108.5457,52.4014
Block 4  October 4 to December 31 2025.xls,RoomSales,1051,2025-10-04,2025-12-31,60,2025-12-23,0.45,27,27,0,0,0,4,56,2961.03,109.6678,52.8755,2961.03,109.6678,52.8755
Block 4  October 4 to December 31 2025.xls,RoomSales,1064,2025-10-04,2025-12-31,60,2025-12-24,0.6667,40,40,0,0,0,3,57,4399.93,109.9982,77.1918,4399.93,109.9982,77.1918
Block 4  October 4 to December 31 2025.xls,RoomSales,1077,2025-10-04,2025-12-31,60,2025-12-25,0.5167,31,31,0,0,0,4,56,3287.42,106.0458,58.7039,3287.42,106.0458,58.7039
Block 4  October 4 to December 31 2025.xls,RoomSales,1090,2025-10-04,2025-12-31,60,2025-12-26,0.6667,40,38,2,0,2,2,58,5851.28,146.282,100.8841,5506.05,137.6513,94.9319
Block 4  October 4 to December 31 2025.xls,RoomSales,1103,2025-10-04,2025-12-31,60,2025-12-27,0.7333,44,41,3,0,0,1,59,6431.07,146.1607,109.0012,6431.07,146.1607,109.0012
Block 4  October 4 to December 31 2025.xls,RoomSales,1116,2025-10-04,2025-12-31,60,2025-12-28,0.5,30,30,0,0,0,3,57,3358.55,111.9517,58.9219,3358.55,111.9517,58.9219
Block 4  October 4 to December 31 2025.xls,RoomSales,1129,2025-10-04,2025-12-31,60,2025-12-29,0.4667,28,28,0,0,0,1,59,3163.8,112.9929,53.6237,3163.8,112.9929,53.6237
Block 4  October 4 to December 31 2025.xls,RoomSales,1142,2025-10-04,2025-12-31,60,2025-12-30,0.6,36,22,14,0,0,2,58,6040.87,167.8019,104.1529,5364.07,149.0019,92.484
Block 4  October 4 to December 31 2025.xls,RoomSales,1155,2025-10-04,2025-12-31,60,2025-12-31,0.9167,55,27,28,0,2,0,60,10299.27,187.2595,171.6545,10299.27,187.2595,171.6545
