source_file,source_sheet,source_row,report_period_start,report_period_end,business_date,arrivals,departures,stayovers,projected_walk_ins,projected_cxl_no_show_rate,rooms_sold,total_comp_rooms,out_of_order_rooms,occupancy_rate_reported,room_revenue_net,adr_reported,revpar_reported,transient_rooms,group_rooms_picked_up,group_rooms_not_picked_up,group_room_revenue_net,group_adr_reported,group_non_gtd_arrivals,group_gtd_arrivals,group_comp_rooms,total_group_guests_in_house
ReservationForecast2023.xls,ReservationForecast,10,2023-01-01,2023-12-31,2023-01-01,18,53,5,0,0.0,23,0,28,0.72,2458.43,106.8882,76.8259,23,0,0,0.0,0.0,0,0,0,0
ReservationForecast2023.xls,ReservationForecast,11,2023-01-01,2023-12-31,2023-01-02,9,19,4,0,0.0,13,0,24,0.36,1269.7,97.6692,35.2694,13,0,0,0.0,0.0,0,0,0,0
ReservationForecast2023.xls,ReservationForecast,12,2023-01-01,2023-12-31,2023-01-03,23,10,3,0,0.0,26,0,20,0.65,2973.79,114.3765,74.3447,26,0,0,0.0,0.0,0,0,0,0
ReservationForecast2023.xls,ReservationForecast,13,2023-01-01,2023-12-31,2023-01-04,13,14,12,0,0.0,25,0,7,0.47,2706.71,108.2684,51.07,25,0,0,0.0,0.0,0,0,0,0
ReservationForecast2023.xls,ReservationForecast,14,2023-01-01,2023-12-31,2023-01-05,24,21,4,0,0.0,28,0,1,0.47,3084.63,110.1653,52.2818,28,0,0,0.0,0.0,0,0,0,0
ReservationForecast2023.xls,ReservationForecast,15,2023-01-01,2023-12-31,2023-01-06,41,22,6,0,0.0,47,0,2,0.81,5372.1,114.3,92.6224,47,0,0,0.0,0.0,0,0,0,0
ReservationForecast2023.xls,ReservationForecast,16,2023-01-01,2023-12-31,2023-01-07,37,30,17,0,0.0,54,0,1,0.92,6245.71,115.6612,105.8594,54,0,0,0.0,0.0,0,0,0,0
ReservationForecast2023.xls,ReservationForecast,17,2023-01-01,2023-12-31,2023-01-08,17,49,5,0,0.0,22,0,8,0.42,2417.92,109.9054,46.4984,22,0,0,0.0,0.0,0,0,0,0
ReservationForecast2023.xls,ReservationForecast,18,2023-01-01,2023-12-31,2023-01-09,19,15,7,0,0.0,26,0,8,0.5,2809.16,108.0446,54.0223,26,0,0,0.0,0.0,0,0,0,0
ReservationForecast2023.xls,ReservationForecast,19,2023-01-01,2023-12-31,2023-01-10,15,17,9,0,0.0,24,0,9,0.47,2658.53,110.772,52.128,24,0,0,0.0,0.0,0,0,0,0
ReservationForecast2023.xls,ReservationForecast,20,2023-01-01,2023-12-31,2023-01-11,17,9,15,0,0.0,32,0,3,0.56,3532.66,110.3956,61.9764,32,0,0,0.0,0.0,0,0,0,0
ReservationForecast2023.xls,ReservationForecast,21,2023-01-01,2023-12-31,2023-01-12,22,19,13,0,0.0,35,0,1,0.59,3664.45,104.6985,62.1093,35,0,0,0.0,0.0,0,0,0,0
ReservationForecast2023.xls,ReservationForecast,22,2023-01-01,2023-12-31,2023-01-13,56,32,3,0,0.0,59,0,0,0.98,6642.61,112.5866,110.7101,59,0,0,0.0,0.0,0,0,0,0
ReservationForecast2023.xls,ReservationForecast,23,2023-01-01,2023-12-31,2023-01-14,39,41,18,0,0.0,57,0,0,0.95,6476.7,113.6263,107.945,57,0,0,0.0,0.0,0,0,0,0
ReservationForecast2023.xls,ReservationForecast,24,2023-01-01,2023-12-31,2023-01-15,37,44,13,0,0.0,50,0,3,0.88,5263.39,105.2678,92.3401,50,0,0,0.0,0.0,0,0,0,0
ReservationForecast2023.xls,ReservationForecast,25,2023-01-01,2023-12-31,2023-01-16,24,48,2,0,0.0,26,0,28,0.81,2769.16,106.5061,86.5362,16,10,0,990.0,99.0,0,10,0,19
ReservationForecast2023.xls,ReservationForecast,26,2023-01-01,2023-12-31,2023-01-17,22,5,21,0,0.0,43,0,3,0.75,4736.82,110.1586,83.1021,33,10,0,990.0,99.0,0,0,0,19
ReservationForecast2023.xls,ReservationForecast,27,2023-01-01,2023-12-31,2023-01-18,19,26,17,0,0.0,36,0,2,0.62,3983.72,110.6588,68.6848,36,0,0,0.0,0.0,0,0,0,0
ReservationForecast2023.xls,ReservationForecast,28,2023-01-01,2023-12-31,2023-01-19,47,24,12,0,0.0,59,0,0,0.98,6720.17,113.9011,112.0028,24,35,0,4063.5,116.1,0,35,0,52
ReservationForecast2023.xls,ReservationForecast,29,2023-01-01,2023-12-31,2023-01-20,53,52,8,0,0.0,61,0,0,,6889.1,112.936,114.8183,47,14,0,1410.55,100.7535,0,13,0,28
ReservationForecast2023.xls,ReservationForecast,30,2023-01-01,2023-12-31,2023-01-21,38,38,22,0,0.0,59,1,0,0.98,6559.29,111.1744,109.3215,47,13,0,1458.65,112.2038,0,9,0,18
ReservationForecast2023.xls,ReservationForecast,31,2023-01-01,2023-12-31,2023-01-22,29,56,4,0,0.0,33,0,11,0.67,3637.8,110.2363,74.2408,21,12,0,1317.75,109.8125,0,11,0,13
ReservationForecast2023.xls,ReservationForecast,32,2023-01-01,2023-12-31,2023-01-23,19,18,15,0,0.0,34,0,1,0.58,3424.59,100.7232,58.0438,22,12,0,1418.25,118.1875,0,1,0,12
ReservationForecast2023.xls,ReservationForecast,33,2023-01-01,2023-12-31,2023-01-24,42,25,9,0,0.0,51,0,0,0.85,5614.57,110.0896,93.5761,28,23,0,2722.5,118.3695,0,23,0,23
ReservationForecast2023.xls,ReservationForecast,34,2023-01-01,2023-12-31,2023-01-25,19,13,38,0,0.0,56,1,0,0.93,5932.92,105.945,98.882,29,28,0,3171.0,113.25,0,8,0,28
ReservationForecast2023.xls,ReservationForecast,35,2023-01-01,2023-12-31,2023-01-26,21,43,14,0,0.0,35,0,1,0.59,4119.5,117.7,69.822,35,0,0,125.25,0.0,0,0,0,0
ReservationForecast2023.xls,ReservationForecast,36,2023-01-01,2023-12-31,2023-01-27,49,26,9,0,0.0,57,1,1,0.97,6697.21,117.4949,113.512,58,0,0,0.0,0.0,0,0,0,0
ReservationForecast2023.xls,ReservationForecast,37,2023-01-01,2023-12-31,2023-01-28,34,33,25,0,0.0,59,0,0,0.98,7682.67,130.2147,128.0445,59,0,0,0.0,0.0,0,0,0,0
ReservationForecast2023.xls,ReservationForecast,38,2023-01-01,2023-12-31,2023-01-29,16,52,7,0,0.0,23,0,1,0.39,2510.66,109.1591,42.5535,23,0,0,0.0,0.0,0,0,0,0
ReservationForecast2023.xls,ReservationForecast,39,2023-01-01,2023-12-31,2023-01-30,16,18,5,0,0.0,21,0,1,0.36,1979.63,94.268,33.553,21,0,0,0.0,0.0,0,0,0,0
ReservationForecast2023.xls,ReservationForecast,40,2023-01-01,2023-12-31,2023-01-31,13,14,7,0,0.0,20,0,1,0.34,1895.94,94.797,32.1345,20,0,0,0.0,0.0,0,0,0,0
ReservationForecast2023.xls,ReservationForecast,41,2023-01-01,2023-12-31,2023-02-01,20,13,7,0,0.0,27,0,1,0.46,2732.66,101.2096,46.3162,27,0,0,0.0,0.0,0,0,0,0
ReservationForecast2023.xls,ReservationForecast,42,2023-01-01,2023-12-31,2023-02-02,22,16,11,0,0.0,33,0,2,0.57,3343.48,101.3175,57.6462,33,0,0,0.0,0.0,0,0,0,0
ReservationForecast2023.xls,ReservationForecast,43,2023-01-01,2023-12-31,2023-02-03,46,23,10,0,0.0,56,0,2,0.97,6253.4,111.6678,107.8172,56,0,0,0.0,0.0,0,0,0,0
ReservationForecast2023.xls,ReservationForecast,44,2023-01-01,2023-12-31,2023-02-04,41,38,18,0,0.0,59,0,1,1.0,7228.82,122.5223,122.5223,59,0,0,0.0,0.0,0,0,0,0
ReservationForecast2023.xls,ReservationForecast,45,2023-01-01,2023-12-31,2023-02-05,12,52,7,0,0.0,19,0,4,0.34,2136.75,112.4605,38.1562,19,0,0,0.0,0.0,0,0,0,0
ReservationForecast2023.xls,ReservationForecast,46,2023-01-01,2023-12-31,2023-02-06,15,12,7,0,0.0,22,0,3,0.39,2531.41,115.064,44.4107,22,0,0,0.0,0.0,0,0,0,0
ReservationForecast2023.xls,ReservationForecast,47,2023-01-01,2023-12-31,2023-02-07,29,15,7,0,0.0,36,0,3,0.63,4183.16,116.1988,73.3887,34,2,0,211.65,105.825,0,2,0,3
ReservationForecast2023.xls,ReservationForecast,48,2023-01-01,2023-12-31,2023-02-08,20,17,19,0,0.0,39,0,4,0.7,4200.93,107.7161,75.0166,37,2,0,211.65,105.825,0,0,0,3
ReservationForecast2023.xls,ReservationForecast,49,2023-01-01,2023-12-31,2023-02-09,16,17,22,0,0.0,38,0,3,0.67,4408.77,116.0202,77.3468,36,2,0,211.65,105.825,0,0,0,3
ReservationForecast2023.xls,ReservationForecast,50,2023-01-01,2023-12-31,2023-02-10,38,31,7,0,0.0,45,0,4,0.8,6827.79,151.7286,121.9248,39,6,0,657.0,109.5,0,4,0,12
ReservationForecast2023.xls,ReservationForecast,51,2023-01-01,2023-12-31,2023-02-11,37,23,22,0,0.0,59,0,1,1.0,9299.67,157.6215,157.6215,53,6,0,657.0,109.5,0,0,0,12
ReservationForecast2023.xls,ReservationForecast,52,2023-01-01,2023-12-31,2023-02-12,10,55,4,0,0.0,14,0,4,0.25,1591.37,113.6692,28.4173,14,0,0,0.0,0.0,0,0,0,0
ReservationForecast2023.xls,ReservationForecast,53,2023-01-01,2023-12-31,2023-02-13,17,9,5,0,0.0,22,0,2,0.38,2934.04,133.3654,50.5868,22,0,0,0.0,0.0,0,0,0,0
ReservationForecast2023.xls,ReservationForecast,54,2023-01-01,2023-12-31,2023-02-14,28,10,12,0,0.0,40,0,1,0.68,4736.35,118.4087,80.2771,40,0,0,0.0,0.0,0,0,0,0
ReservationForecast2023.xls,ReservationForecast,55,2023-01-01,2023-12-31,2023-02-15,10,29,11,0,0.0,21,0,6,0.39,2323.55,110.6452,43.0287,20,1,0,-30.75,-30.75,0,1,0,1
ReservationForecast2023.xls,ReservationForecast,56,2023-01-01,2023-12-31,2023-02-16,20,14,7,0,0.0,27,0,2,0.47,3537.38,131.014,60.9893,26,1,0,109.0,109.0,0,0,0,1
ReservationForecast2023.xls,ReservationForecast,57,2023-01-01,2023-12-31,2023-02-17,50,19,8,0,0.0,58,0,0,0.97,7729.08,133.26,128.818,52,6,0,688.05,114.675,0,6,0,13
ReservationForecast2023.xls,ReservationForecast,58,2023-01-01,2023-12-31,2023-02-18,37,36,22,0,0.0,59,0,0,0.98,8034.42,136.1766,133.907,46,13,0,1463.05,112.5423,0,7,0,27
ReservationForecast2023.xls,ReservationForecast,59,2023-01-01,2023-12-31,2023-02-19,42,49,10,0,0.0,52,0,0,0.87,6762.9,130.0557,112.715,52,0,0,0.0,0.0,0,0,0,0
ReservationForecast2023.xls,ReservationForecast,60,2023-01-01,2023-12-31,2023-02-20,23,39,13,0,0.0,36,0,3,0.63,4903.46,136.2072,86.0256,36,0,0,0.0,0.0,0,0,0,0
ReservationForecast2023.xls,ReservationForecast,61,2023-01-01,2023-12-31,2023-02-21,14,22,14,0,0.0,28,0,0,0.47,3666.22,130.9364,61.1036,28,0,0,0.0,0.0,0,0,0,0
ReservationForecast2023.xls,ReservationForecast,62,2023-01-01,2023-12-31,2023-02-22,26,15,13,0,0.0,38,1,1,0.64,5031.5,132.4078,85.2796,39,0,0,100.5,0.0,0,0,0,0
ReservationForecast2023.xls,ReservationForecast,63,2023-01-01,2023-12-31,2023-02-23,16,28,11,0,0.0,27,0,4,0.48,3851.26,142.6392,68.7725,27,0,0,0.0,0.0,0,0,0,0
ReservationForecast2023.xls,ReservationForecast,64,2023-01-01,2023-12-31,2023-02-24,52,20,7,0,0.0,59,0,0,0.98,8173.99,138.5422,136.2331,48,11,0,1225.05,111.3681,0,11,0,25
ReservationForecast2023.xls,ReservationForecast,65,2023-01-01,2023-12-31,2023-02-25,39,41,18,0,0.0,57,0,0,0.95,8201.4,143.8842,136.69,57,0,0,0.0,0.0,0,0,0,0
ReservationForecast2023.xls,ReservationForecast,66,2023-01-01,2023-12-31,2023-02-26,7,50,7,0,0.0,14,0,19,0.34,2134.05,152.4321,52.05,14,0,0,0.0,0.0,0,0,0,0
ReservationForecast2023.xls,ReservationForecast,67,2023-01-01,2023-12-31,2023-02-27,9,9,5,0,0.0,12,2,13,0.26,1430.64,119.22,30.4391,14,0,0,0.0,0.0,0,0,0,0
ReservationForecast2023.xls,ReservationForecast,68,2023-01-01,2023-12-31,2023-02-28,5,8,6,0,0.0,10,1,5,0.18,1231.19,123.119,22.3852,11,0,0,0.0,0.0,0,0,0,0
ReservationForecast2023.xls,ReservationForecast,69,2023-01-01,2023-12-31,2023-03-01,16,11,2,0,0.0,18,0,3,0.32,2710.55,150.5861,47.5535,18,0,0,0.0,0.0,0,0,0,0
ReservationForecast2023.xls,ReservationForecast,70,2023-01-01,2023-12-31,2023-03-02,16,11,5,0,0.0,21,0,3,0.37,2907.38,138.4466,51.0066,19,2,0,232.9,116.45,0,2,0,5
ReservationForecast2023.xls,ReservationForecast,71,2023-01-01,2023-12-31,2023-03-03,52,16,5,0,0.0,55,2,1,0.93,7222.19,131.3125,122.41,26,31,0,3738.75,120.6048,0,29,0,57
ReservationForecast2023.xls,ReservationForecast,72,2023-01-01,2023-12-31,2023-03-04,21,21,36,0,0.0,57,0,0,0.95,7525.57,132.0275,125.4261,23,34,0,4257.0,125.2058,0,10,0,69
ReservationForecast2023.xls,ReservationForecast,73,2023-01-01,2023-12-31,2023-03-05,5,56,1,0,0.0,6,0,2,0.1,744.01,124.0016,12.8277,6,0,0,0.0,0.0,0,0,0,0
ReservationForecast2023.xls,ReservationForecast,74,2023-01-01,2023-12-31,2023-03-06,23,5,1,0,0.0,24,0,3,0.42,2807.71,116.9879,49.258,24,0,0,0.0,0.0,0,0,0,0
ReservationForecast2023.xls,ReservationForecast,75,2023-01-01,2023-12-31,2023-03-07,16,10,14,0,0.0,30,0,2,0.52,3533.19,117.773,60.917,30,0,0,0.0,0.0,0,0,0,0
ReservationForecast2023.xls,ReservationForecast,76,2023-01-01,2023-12-31,2023-03-08,11,17,13,0,0.0,24,0,2,0.41,2986.81,124.4504,51.4967,24,0,0,0.0,0.0,0,0,0,0
ReservationForecast2023.xls,ReservationForecast,77,2023-01-01,2023-12-31,2023-03-09,16,12,12,0,0.0,28,0,2,0.48,3614.05,129.0732,62.3112,28,0,0,0.0,0.0,0,0,0,0
ReservationForecast2023.xls,ReservationForecast,78,2023-01-01,2023-12-31,2023-03-10,39,21,7,0,0.0,46,0,1,0.78,6829.14,148.4595,115.7481,42,4,0,491.6,122.9,0,4,0,7
ReservationForecast2023.xls,ReservationForecast,79,2023-01-01,2023-12-31,2023-03-11,35,24,22,0,0.0,57,0,1,0.97,8886.21,155.8984,150.6137,50,7,0,867.95,123.9928,0,3,0,13
ReservationForecast2023.xls,ReservationForecast,80,2023-01-01,2023-12-31,2023-03-12,5,55,2,0,0.0,7,0,16,0.16,900.39,128.6271,20.4634,7,0,0,0.0,0.0,0,0,0,0
ReservationForecast2023.xls,ReservationForecast,81,2023-01-01,2023-12-31,2023-03-13,14,5,2,0,0.0,15,1,2,0.26,2091.43,139.4286,36.0591,16,0,0,0.0,0.0,0,0,0,0
ReservationForecast2023.xls,ReservationForecast,82,2023-01-01,2023-12-31,2023-03-14,14,10,7,0,0.0,20,1,4,0.36,2631.93,131.5965,46.9987,21,0,21,0.0,0.0,0,0,0,0
ReservationForecast2023.xls,ReservationForecast,83,2023-01-01,2023-12-31,2023-03-15,35,17,3,0,0.0,38,0,2,0.66,12425.21,326.9792,214.2277,23,15,7,8365.0,557.6666,0,15,0,24
ReservationForecast2023.xls,ReservationForecast,84,2023-01-01,2023-12-31,2023-03-16,51,31,7,0,0.0,58,0,1,0.98,9835.69,169.5808,166.7066,33,25,0,4390.04,175.6016,0,22,0,41
ReservationForecast2023.xls,ReservationForecast,85,2023-01-01,2023-12-31,2023-03-17,24,52,6,0,0.0,30,0,1,0.51,4775.59,159.1863,80.9422,30,0,0,0.0,0.0,0,0,0,0
ReservationForecast2023.xls,ReservationForecast,86,2023-01-01,2023-12-31,2023-03-18,37,12,18,0,0.0,55,0,2,0.95,9753.18,177.3305,168.1582,46,9,1,2198.5,244.2777,0,9,0,9
ReservationForecast2023.xls,ReservationForecast,87,2023-01-01,2023-12-31,2023-03-19,17,44,11,0,0.0,28,0,1,0.47,3408.21,121.7217,57.7662,28,0,2,0.0,0.0,0,0,0,0
ReservationForecast2023.xls,ReservationForecast,88,2023-01-01,2023-12-31,2023-03-20,28,23,5,0,0.0,33,0,3,0.58,4073.1,123.4272,71.4578,33,0,0,0.0,0.0,0,0,0,0
ReservationForecast2023.xls,ReservationForecast,89,2023-01-01,2023-12-31,2023-03-21,20,10,23,0,0.0,43,0,2,0.74,4960.42,115.3586,85.5244,43,0,0,0.0,0.0,0,0,0,0
ReservationForecast2023.xls,ReservationForecast,90,2023-01-01,2023-12-31,2023-03-22,16,25,18,0,0.0,34,0,3,0.6,3919.18,115.27,68.7575,33,1,0,141.1,141.1,0,1,0,1
ReservationForecast2023.xls,ReservationForecast,91,2023-01-01,2023-12-31,2023-03-23,37,18,16,0,0.0,53,0,3,0.93,6260.5,118.1226,109.8333,39,14,0,1617.7,115.55,0,13,0,23
ReservationForecast2023.xls,ReservationForecast,92,2023-01-01,2023-12-31,2023-03-24,44,38,15,0,0.0,59,0,1,1.0,8392.28,142.242,142.242,44,15,0,1920.81,128.054,0,11,0,20
ReservationForecast2023.xls,ReservationForecast,93,2023-01-01,2023-12-31,2023-03-25,40,42,17,0,0.0,57,0,2,0.98,7669.0,134.5438,132.2241,56,1,0,162.05,162.05,0,0,0,2
ReservationForecast2023.xls,ReservationForecast,94,2023-01-01,2023-12-31,2023-03-26,17,45,12,0,0.0,29,0,11,0.59,3155.86,108.8227,64.4053,29,0,0,0.0,0.0,0,0,0,0
ReservationForecast2023.xls,ReservationForecast,95,2023-01-01,2023-12-31,2023-03-27,21,26,3,0,0.0,24,0,5,0.44,2527.25,105.302,45.95,24,0,0,0.0,0.0,0,0,0,0
ReservationForecast2023.xls,ReservationForecast,96,2023-01-01,2023-12-31,2023-03-28,25,12,12,0,0.0,37,0,4,0.66,3898.31,105.3597,69.6126,37,0,0,-25.68,0.0,0,0,0,0
ReservationForecast2023.xls,ReservationForecast,97,2023-01-01,2023-12-31,2023-03-29,17,28,9,0,0.0,26,0,15,0.58,2746.75,105.6442,61.0388,26,0,0,0.0,0.0,0,0,0,0
ReservationForecast2023.xls,ReservationForecast,98,2023-01-01,2023-12-31,2023-03-30,31,15,11,0,0.0,42,0,9,0.82,4665.24,111.0771,91.4752,42,0,0,0.0,0.0,0,0,0,0
ReservationForecast2023.xls,ReservationForecast,99,2023-01-01,2023-12-31,2023-03-31,49,35,7,0,0.0,56,0,0,0.93,7405.97,132.2494,123.4328,50,6,0,747.0,124.5,0,6,0,12
ReservationForecast2023.xls,ReservationForecast,100,2023-01-01,2023-12-31,2023-04-01,29,25,31,0,0.0,60,0,0,1.0,8504.09,141.7348,141.7348,54,6,0,747.0,124.5,0,0,0,12
ReservationForecast2023.xls,ReservationForecast,101,2023-01-01,2023-12-31,2023-04-02,27,51,9,0,0.0,35,1,0,0.58,3838.74,109.6782,63.979,36,0,0,0.0,0.0,0,0,0,0
ReservationForecast2023.xls,ReservationForecast,102,2023-01-01,2023-12-31,2023-04-03,26,22,14,0,0.0,40,0,1,0.68,4432.72,110.818,75.1308,40,0,0,0.0,0.0,0,0,0,0
ReservationForecast2023.xls,ReservationForecast,103,2023-01-01,2023-12-31,2023-04-04,15,21,19,0,0.0,34,0,3,0.6,3590.26,105.5958,62.987,34,0,0,0.0,0.0,0,0,0,0
ReservationForecast2023.xls,ReservationForecast,104,2023-01-01,2023-12-31,2023-04-05,36,19,15,0,0.0,51,0,1,0.86,6187.51,121.3237,104.873,51,0,0,0.0,0.0,0,0,0,0
ReservationForecast2023.xls,ReservationForecast,105,2023-01-01,2023-12-31,2023-04-06,41,33,19,0,0.0,60,0,0,1.0,7038.51,117.3085,117.3085,59,1,0,138.55,138.55,0,1,0,1
ReservationForecast2023.xls,ReservationForecast,106,2023-01-01,2023-12-31,2023-04-07,42,41,18,0,0.0,60,0,0,1.0,8099.43,134.9905,134.9905,53,7,0,928.9,132.7,0,6,0,13
ReservationForecast2023.xls,ReservationForecast,107,2023-01-01,2023-12-31,2023-04-08,30,30,30,0,0.0,60,0,0,1.0,7814.05,130.2341,130.2341,55,5,0,655.5,131.1,0,0,0,9
ReservationForecast2023.xls,ReservationForecast,108,2023-01-01,2023-12-31,2023-04-09,27,48,12,0,0.0,39,0,0,0.65,4398.89,112.792,73.3148,39,0,0,0.0,0.0,0,0,0,0
ReservationForecast2023.xls,ReservationForecast,109,2023-01-01,2023-12-31,2023-04-10,51,31,8,0,0.0,59,0,1,1.0,7354.03,124.6445,124.6445,47,12,0,1523.21,126.9341,0,12,0,12
ReservationForecast2023.xls,ReservationForecast,110,2023-01-01,2023-12-31,2023-04-11,38,38,21,0,0.0,59,0,0,0.98,7033.82,119.2172,117.2303,46,13,0,1581.6,121.6615,0,10,0,13
ReservationForecast2023.xls,ReservationForecast,111,2023-01-01,2023-12-31,2023-04-12,36,51,8,0,0.0,44,0,2,0.76,4876.1,110.8204,84.0706,44,0,0,0.0,0.0,0,0,0,0
ReservationForecast2023.xls,ReservationForecast,112,2023-01-01,2023-12-31,2023-04-13,42,30,14,0,0.0,56,0,2,0.97,6347.93,113.3558,109.447,56,0,0,0.0,0.0,0,0,0,0
ReservationForecast2023.xls,ReservationForecast,113,2023-01-01,2023-12-31,2023-04-14,51,47,9,0,0.0,60,0,0,1.0,7988.14,133.1356,133.1356,49,11,0,1344.72,122.2472,0,11,0,22
ReservationForecast2023.xls,ReservationForecast,114,2023-01-01,2023-12-31,2023-04-15,30,30,30,0,0.0,60,0,0,1.0,7899.48,131.658,131.658,49,11,0,1344.72,122.2472,0,0,0,22
ReservationForecast2023.xls,ReservationForecast,115,2023-01-01,2023-12-31,2023-04-16,42,48,13,0,0.0,55,0,1,0.93,6354.52,115.5367,107.7037,55,0,0,0.0,0.0,0,0,0,0
ReservationForecast2023.xls,ReservationForecast,116,2023-01-01,2023-12-31,2023-04-17,30,40,14,0,0.0,44,0,13,0.94,4611.26,104.8013,98.1119,44,0,0,0.0,0.0,0,0,0,0
ReservationForecast2023.xls,ReservationForecast,117,2023-01-01,2023-12-31,2023-04-18,32,26,18,0,0.0,50,0,2,0.86,5582.67,111.6534,96.2529,50,0,0,0.0,0.0,0,0,0,0
ReservationForecast2023.xls,ReservationForecast,118,2023-01-01,2023-12-31,2023-04-19,37,27,23,0,0.0,60,0,0,1.0,6839.12,113.9853,113.9853,60,0,0,0.0,0.0,0,0,0,0
ReservationForecast2023.xls,ReservationForecast,119,2023-01-01,2023-12-31,2023-04-20,32,33,27,0,0.0,59,0,0,0.98,6898.97,116.9316,114.9828,57,2,0,292.1,146.05,0,2,0,5
ReservationForecast2023.xls,ReservationForecast,120,2023-01-01,2023-12-31,2023-04-21,49,50,9,0,0.0,58,0,0,0.97,7746.54,133.561,129.109,42,16,0,2058.75,128.6718,0,14,0,34
ReservationForecast2023.xls,ReservationForecast,121,2023-01-01,2023-12-31,2023-04-22,15,13,45,0,0.0,60,0,0,1.0,7869.98,131.1663,131.1663,43,17,0,2191.9,128.9352,0,2,0,35
ReservationForecast2023.xls,ReservationForecast,122,2023-01-01,2023-12-31,2023-04-23,13,50,10,0,0.0,23,0,28,0.72,2863.31,124.4917,89.4784,21,2,0,481.95,240.975,0,0,0,4
ReservationForecast2023.xls,ReservationForecast,123,2023-01-01,2023-12-31,2023-04-24,12,14,9,0,0.0,21,0,0,0.35,2173.19,103.4852,36.2198,21,0,0,-177.65,0.0,0,0,0,0
ReservationForecast2023.xls,ReservationForecast,124,2023-01-01,2023-12-31,2023-04-25,13,8,13,0,0.0,26,0,0,0.43,3065.88,117.9184,51.098,26,0,0,0.0,0.0,0,0,0,0
ReservationForecast2023.xls,ReservationForecast,125,2023-01-01,2023-12-31,2023-04-26,16,17,9,0,0.0,25,0,2,0.43,3020.84,120.8336,52.0834,22,3,0,384.0,128.0,0,3,0,5
ReservationForecast2023.xls,ReservationForecast,126,2023-01-01,2023-12-31,2023-04-27,48,13,12,0,0.0,60,0,0,1.0,7190.47,119.8411,119.8411,37,23,0,2744.83,119.3404,0,20,0,38
ReservationForecast2023.xls,ReservationForecast,127,2023-01-01,2023-12-31,2023-04-28,31,32,28,0,0.0,59,0,1,1.0,7823.75,132.6059,132.6059,18,41,0,5204.09,126.929,0,18,0,64
ReservationForecast2023.xls,ReservationForecast,128,2023-01-01,2023-12-31,2023-04-29,41,41,18,0,0.0,57,2,0,0.95,8198.88,143.84,136.648,33,26,0,3329.99,128.0765,0,14,0,54
ReservationForecast2023.xls,ReservationForecast,129,2023-01-01,2023-12-31,2023-04-30,12,57,2,0,0.0,14,0,6,0.26,1513.87,108.1335,28.0346,14,0,0,0.0,0.0,0,0,0,0
ReservationForecast2023.xls,ReservationForecast,130,2023-01-01,2023-12-31,2023-05-01,11,8,6,0,0.0,17,0,2,0.29,2056.0,120.9411,35.4482,17,0,0,0.0,0.0,0,0,0,0
ReservationForecast2023.xls,ReservationForecast,131,2023-01-01,2023-12-31,2023-05-02,13,10,7,0,0.0,20,0,1,0.34,2390.72,119.536,40.5206,20,0,0,0.0,0.0,0,0,0,0
ReservationForecast2023.xls,ReservationForecast,132,2023-01-01,2023-12-31,2023-05-03,13,17,3,0,0.0,16,0,0,0.27,1909.23,119.3268,31.8205,14,2,0,316.2,158.1,0,2,0,4
ReservationForecast2023.xls,ReservationForecast,133,2023-01-01,2023-12-31,2023-05-04,14,10,6,0,0.0,20,0,0,0.33,3477.73,173.8865,57.9621,15,5,0,1004.65,200.93,0,3,0,9
ReservationForecast2023.xls,ReservationForecast,134,2023-01-01,2023-12-31,2023-05-05,48,8,12,0,0.0,60,0,0,1.0,12423.1,207.0516,207.0516,39,21,0,4502.6,214.4095,0,16,0,45
ReservationForecast2023.xls,ReservationForecast,135,2023-01-01,2023-12-31,2023-05-06,28,28,32,0,0.0,60,0,0,1.0,12900.42,215.007,215.007,30,30,0,6322.25,210.7416,0,10,0,61
ReservationForecast2023.xls,ReservationForecast,136,2023-01-01,2023-12-31,2023-05-07,19,55,5,0,0.0,24,0,14,0.52,3200.54,133.3558,69.5769,24,0,0,0.0,0.0,0,0,0,0
ReservationForecast2023.xls,ReservationForecast,137,2023-01-01,2023-12-31,2023-05-08,29,14,10,0,0.0,39,0,2,0.67,5075.25,130.1346,87.5043,39,0,0,0.0,0.0,0,0,0,0
ReservationForecast2023.xls,ReservationForecast,138,2023-01-01,2023-12-31,2023-05-09,15,21,18,0,0.0,33,0,2,0.57,4103.81,124.3578,70.7553,33,0,0,0.0,0.0,0,0,0,0
ReservationForecast2023.xls,ReservationForecast,139,2023-01-01,2023-12-31,2023-05-10,18,21,12,0,0.0,29,1,3,0.51,3775.47,130.1886,66.2363,30,0,0,0.0,0.0,0,0,0,0
ReservationForecast2023.xls,ReservationForecast,140,2023-01-01,2023-12-31,2023-05-11,16,21,9,0,0.0,25,0,3,0.44,4236.96,169.4784,74.3326,21,4,0,808.3,202.075,0,4,0,8
ReservationForecast2023.xls,ReservationForecast,141,2023-01-01,2023-12-31,2023-05-12,53,20,5,0,0.0,58,0,1,0.98,12182.68,210.0462,206.4861,33,25,0,5146.38,205.8552,0,21,0,53
ReservationForecast2023.xls,ReservationForecast,142,2023-01-01,2023-12-31,2023-05-13,35,34,24,0,0.0,59,0,1,1.0,12133.37,205.6503,205.6503,31,28,0,5489.07,196.0382,0,14,0,59
ReservationForecast2023.xls,ReservationForecast,143,2023-01-01,2023-12-31,2023-05-14,23,55,4,0,0.0,27,0,1,0.46,3423.72,126.8044,58.0291,27,0,0,0.0,0.0,0,0,0,0
ReservationForecast2023.xls,ReservationForecast,144,2023-01-01,2023-12-31,2023-05-15,29,18,9,0,0.0,38,0,1,0.64,4547.9,119.6815,77.083,38,0,0,0.0,0.0,0,0,0,0
ReservationForecast2023.xls,ReservationForecast,145,2023-01-01,2023-12-31,2023-05-16,28,22,16,0,0.0,44,0,2,0.76,5443.0,123.7045,93.8448,44,0,0,0.0,0.0,0,0,0,0
ReservationForecast2023.xls,ReservationForecast,146,2023-01-01,2023-12-31,2023-05-17,28,31,13,0,0.0,41,0,2,0.71,5172.44,126.157,89.18,41,0,0,0.0,0.0,0,0,0,0
ReservationForecast2023.xls,ReservationForecast,147,2023-01-01,2023-12-31,2023-05-18,24,31,10,0,0.0,34,0,3,0.6,5036.95,148.1455,88.3675,34,0,0,0.0,0.0,0,0,0,0
ReservationForecast2023.xls,ReservationForecast,148,2023-01-01,2023-12-31,2023-05-19,50,24,10,0,0.0,60,0,0,1.0,13483.33,224.7221,224.7221,45,15,0,3127.5,208.5,0,15,0,30
ReservationForecast2023.xls,ReservationForecast,149,2023-01-01,2023-12-31,2023-05-20,26,29,31,0,0.0,57,0,0,0.95,12735.24,223.4252,212.254,28,29,0,6025.5,207.7758,0,14,0,60
ReservationForecast2023.xls,ReservationForecast,150,2023-01-01,2023-12-31,2023-05-21,41,54,5,0,0.0,46,0,1,0.78,6060.55,131.751,102.7211,46,0,0,0.0,0.0,0,0,0,0
ReservationForecast2023.xls,ReservationForecast,151,2023-01-01,2023-12-31,2023-05-22,23,37,7,0,0.0,30,0,1,0.51,3623.85,120.795,61.4211,30,0,0,0.0,0.0,0,0,0,0
ReservationForecast2023.xls,ReservationForecast,152,2023-01-01,2023-12-31,2023-05-23,20,21,9,0,0.0,28,1,0,0.47,3184.81,113.7432,53.0801,29,0,0,0.0,0.0,0,0,0,0
ReservationForecast2023.xls,ReservationForecast,153,2023-01-01,2023-12-31,2023-05-24,28,14,15,0,0.0,43,0,1,0.73,5408.38,125.7762,91.6674,43,0,0,0.0,0.0,0,0,0,0
ReservationForecast2023.xls,ReservationForecast,154,2023-01-01,2023-12-31,2023-05-25,54,38,5,0,0.0,59,0,0,0.98,11867.59,201.1455,197.7931,47,12,0,2388.0,199.0,0,12,0,30
ReservationForecast2023.xls,ReservationForecast,155,2023-01-01,2023-12-31,2023-05-26,36,35,24,0,0.0,60,0,0,1.0,12961.5,216.025,216.025,45,15,0,3174.75,211.65,0,3,0,35
ReservationForecast2023.xls,ReservationForecast,156,2023-01-01,2023-12-31,2023-05-27,46,46,14,0,0.0,60,0,0,1.0,12720.52,212.0086,212.0086,38,22,0,4685.25,212.9659,0,22,0,46
ReservationForecast2023.xls,ReservationForecast,157,2023-01-01,2023-12-31,2023-05-28,51,51,9,0,0.0,60,0,0,1.0,7503.76,125.0626,125.0626,38,22,0,3206.9,145.7681,0,14,0,43
ReservationForecast2023.xls,ReservationForecast,158,2023-01-01,2023-12-31,2023-05-29,18,52,8,0,0.0,26,0,13,0.55,3336.29,128.3188,70.9848,26,0,0,0.0,0.0,0,0,0,0
ReservationForecast2023.xls,ReservationForecast,159,2023-01-01,2023-12-31,2023-05-30,36,21,5,0,0.0,41,0,0,0.68,5324.2,129.8585,88.7366,24,17,0,2432.65,143.097,0,17,0,17
ReservationForecast2023.xls,ReservationForecast,160,2023-01-01,2023-12-31,2023-05-31,41,23,18,0,0.0,59,0,0,0.98,8284.62,140.4172,138.077,12,47,0,6582.75,140.0585,0,32,0,50
ReservationForecast2023.xls,ReservationForecast,161,2023-01-01,2023-12-31,2023-06-01,42,50,9,0,0.0,51,0,0,0.85,7471.43,146.4986,124.5238,40,11,0,2228.2,202.5636,0,8,0,20
ReservationForecast2023.xls,ReservationForecast,162,2023-01-01,2023-12-31,2023-06-02,43,34,17,0,0.0,60,0,0,1.0,11476.98,191.283,191.283,45,15,0,2963.6,197.5733,0,7,0,36
ReservationForecast2023.xls,ReservationForecast,163,2023-01-01,2023-12-31,2023-06-03,49,50,10,0,0.0,59,0,0,0.98,11650.05,197.4584,194.1675,26,33,0,6341.22,192.1581,0,33,0,77
ReservationForecast2023.xls,ReservationForecast,164,2023-01-01,2023-12-31,2023-06-04,39,55,4,0,0.0,43,0,11,0.88,4952.71,115.1793,101.0757,37,6,0,732.5,122.0833,0,5,0,6
ReservationForecast2023.xls,ReservationForecast,165,2023-01-01,2023-12-31,2023-06-05,22,29,14,0,0.0,36,0,1,0.61,4047.56,112.4322,68.6027,31,5,0,545.0,109.0,0,0,0,5
ReservationForecast2023.xls,ReservationForecast,166,2023-01-01,2023-12-31,2023-06-06,37,18,18,0,0.0,55,0,0,0.92,6332.63,115.1387,105.5438,50,5,0,545.0,109.0,0,0,0,5
ReservationForecast2023.xls,ReservationForecast,167,2023-01-01,2023-12-31,2023-06-07,37,34,21,0,0.0,58,0,0,0.97,7455.95,128.5508,124.2658,49,9,0,1342.4,149.1555,0,4,0,13
ReservationForecast2023.xls,ReservationForecast,168,2023-01-01,2023-12-31,2023-06-08,38,36,22,0,0.0,60,0,0,1.0,9328.09,155.4681,155.4681,37,23,0,4079.65,177.376,0,15,0,44
ReservationForecast2023.xls,ReservationForecast,169,2023-01-01,2023-12-31,2023-06-09,42,43,17,0,0.0,59,0,0,0.98,11231.83,190.37,187.1971,17,42,0,8200.2,195.2428,0,30,0,99
ReservationForecast2023.xls,ReservationForecast,170,2023-01-01,2023-12-31,2023-06-10,26,26,33,0,0.0,59,0,0,0.98,10645.08,180.425,177.418,31,28,0,5232.75,186.8839,0,4,0,63
ReservationForecast2023.xls,ReservationForecast,171,2023-01-01,2023-12-31,2023-06-11,30,60,0,0,0.0,30,0,18,0.71,3155.64,105.188,75.1342,30,0,0,0.0,0.0,0,0,0,0
ReservationForecast2023.xls,ReservationForecast,172,2023-01-01,2023-12-31,2023-06-12,37,21,8,0,0.0,45,0,4,0.8,5142.95,114.2877,91.8383,45,0,0,0.0,0.0,0,0,0,0
ReservationForecast2023.xls,ReservationForecast,173,2023-01-01,2023-12-31,2023-06-13,28,17,28,0,0.0,56,0,3,0.98,6557.63,117.1005,115.0461,56,0,0,0.0,0.0,0,0,0,0
ReservationForecast2023.xls,ReservationForecast,174,2023-01-01,2023-12-31,2023-06-14,23,28,28,0,0.0,51,0,4,0.91,5758.11,112.9041,102.8233,51,0,0,0.0,0.0,0,0,0,0
ReservationForecast2023.xls,ReservationForecast,175,2023-01-01,2023-12-31,2023-06-15,42,38,13,0,0.0,55,0,2,0.95,6604.07,120.074,113.8632,53,2,0,448.8,224.4,0,2,0,3
ReservationForecast2023.xls,ReservationForecast,176,2023-01-01,2023-12-31,2023-06-16,50,46,9,0,0.0,57,2,0,0.95,9862.14,173.02,164.369,28,31,0,5638.5,181.887,0,29,0,61
ReservationForecast2023.xls,ReservationForecast,177,2023-01-01,2023-12-31,2023-06-17,32,31,28,0,0.0,57,3,0,0.95,10932.5,191.7982,182.2083,12,48,0,8536.2,177.8375,0,21,0,100
ReservationForecast2023.xls,ReservationForecast,178,2023-01-01,2023-12-31,2023-06-18,40,56,4,0,0.0,44,0,1,0.75,5006.28,113.779,84.8522,44,0,0,0.0,0.0,0,0,0,0
ReservationForecast2023.xls,ReservationForecast,179,2023-01-01,2023-12-31,2023-06-19,27,30,14,0,0.0,41,0,13,0.87,4548.98,110.9507,96.7868,41,0,0,0.0,0.0,0,0,0,0
ReservationForecast2023.xls,ReservationForecast,180,2023-01-01,2023-12-31,2023-06-20,39,23,18,0,0.0,57,0,2,0.98,6747.88,118.3838,116.3427,56,1,0,230.35,230.35,0,1,0,3
ReservationForecast2023.xls,ReservationForecast,181,2023-01-01,2023-12-31,2023-06-21,35,34,23,0,0.0,58,0,1,0.98,7158.38,123.4203,121.3284,56,2,0,380.9,190.45,0,1,0,5
ReservationForecast2023.xls,ReservationForecast,182,2023-01-01,2023-12-31,2023-06-22,40,40,19,0,0.0,59,0,2,,7568.31,128.2764,130.4881,51,8,0,1562.4,195.3,0,6,0,16
ReservationForecast2023.xls,ReservationForecast,183,2023-01-01,2023-12-31,2023-06-23,52,51,7,0,0.0,59,0,0,0.98,11232.66,190.384,187.211,12,47,0,9314.75,198.1861,0,40,0,98
ReservationForecast2023.xls,ReservationForecast,184,2023-01-01,2023-12-31,2023-06-24,29,28,31,0,0.0,60,0,0,1.0,11485.73,191.4288,191.4288,20,40,0,7868.25,196.7062,0,15,0,88
ReservationForecast2023.xls,ReservationForecast,185,2023-01-01,2023-12-31,2023-06-25,38,58,2,0,0.0,40,0,5,0.73,4376.17,109.4042,79.5667,40,0,0,0.0,0.0,0,0,0,0
ReservationForecast2023.xls,ReservationForecast,186,2023-01-01,2023-12-31,2023-06-26,38,23,17,0,0.0,55,0,3,0.96,5827.35,105.9518,102.2342,55,0,0,-187.5,0.0,0,0,0,0
ReservationForecast2023.xls,ReservationForecast,187,2023-01-01,2023-12-31,2023-06-27,35,38,17,0,0.0,52,0,5,0.95,5919.41,113.8348,107.6256,52,0,0,0.0,0.0,0,0,0,0
ReservationForecast2023.xls,ReservationForecast,188,2023-01-01,2023-12-31,2023-06-28,28,23,29,0,0.0,57,0,3,1.0,6708.12,117.6863,117.6863,57,0,0,0.0,0.0,0,0,0,0
ReservationForecast2023.xls,ReservationForecast,189,2023-01-01,2023-12-31,2023-06-29,45,46,11,0,0.0,56,0,2,0.97,8417.08,150.305,145.122,33,23,0,4529.2,196.9217,0,23,0,46
ReservationForecast2023.xls,ReservationForecast,190,2023-01-01,2023-12-31,2023-06-30,36,32,24,0,0.0,60,0,0,1.0,11148.07,185.8011,185.8011,19,41,0,8041.42,196.1321,0,20,0,87
ReservationForecast2023.xls,ReservationForecast,191,2023-01-01,2023-12-31,2023-07-01,46,47,13,0,0.0,59,0,0,0.98,10931.98,185.2877,182.1996,27,32,0,6359.45,198.7328,0,23,0,67
ReservationForecast2023.xls,ReservationForecast,192,2023-01-01,2023-12-31,2023-07-02,42,55,4,0,0.0,46,0,1,0.78,4862.67,105.7102,82.4181,46,0,0,-100.25,0.0,0,0,0,0
ReservationForecast2023.xls,ReservationForecast,193,2023-01-01,2023-12-31,2023-07-03,37,30,16,0,0.0,53,0,2,0.91,5717.84,107.8837,98.5834,53,0,0,0.0,0.0,0,0,0,0
ReservationForecast2023.xls,ReservationForecast,194,2023-01-01,2023-12-31,2023-07-04,16,31,22,0,0.0,38,0,11,0.78,4138.91,108.9186,84.4675,38,0,0,0.0,0.0,0,0,0,0
ReservationForecast2023.xls,ReservationForecast,195,2023-01-01,2023-12-31,2023-07-05,37,28,10,0,0.0,47,0,5,0.85,5430.27,115.5376,98.7321,47,0,0,0.0,0.0,0,0,0,0
ReservationForecast2023.xls,ReservationForecast,196,2023-01-01,2023-12-31,2023-07-06,41,30,17,0,0.0,58,0,1,0.98,7244.75,124.9094,122.7923,58,0,0,0.0,0.0,0,0,0,0
ReservationForecast2023.xls,ReservationForecast,197,2023-01-01,2023-12-31,2023-07-07,49,47,11,0,0.0,59,1,0,0.98,10098.89,171.1676,168.3148,49,11,0,1918.9,174.4454,0,11,0,23
ReservationForecast2023.xls,ReservationForecast,198,2023-01-01,2023-12-31,2023-07-08,34,34,26,0,0.0,58,2,0,0.97,11084.49,191.1118,184.7415,41,19,0,3461.68,182.1936,0,8,0,38
ReservationForecast2023.xls,ReservationForecast,199,2023-01-01,2023-12-31,2023-07-09,36,57,3,0,0.0,39,0,3,0.68,4365.16,111.9271,76.5817,39,0,0,0.0,0.0,0,0,0,0
ReservationForecast2023.xls,ReservationForecast,200,2023-01-01,2023-12-31,2023-07-10,38,25,14,0,0.0,52,0,2,0.9,6092.46,117.1626,105.0424,52,0,0,0.0,0.0,0,0,0,0
ReservationForecast2023.xls,ReservationForecast,201,2023-01-01,2023-12-31,2023-07-11,30,30,22,0,0.0,52,0,2,0.9,5982.48,115.0476,103.1462,52,0,0,0.0,0.0,0,0,0,0
ReservationForecast2023.xls,ReservationForecast,202,2023-01-01,2023-12-31,2023-07-12,19,25,27,0,0.0,46,0,1,0.78,5827.98,126.6952,98.7793,46,0,0,0.0,0.0,0,0,0,0
ReservationForecast2023.xls,ReservationForecast,203,2023-01-01,2023-12-31,2023-07-13,37,29,17,0,0.0,54,0,1,0.92,7028.11,130.1501,119.1205,48,6,0,1194.4,199.0666,0,6,0,15
ReservationForecast2023.xls,ReservationForecast,204,2023-01-01,2023-12-31,2023-07-14,52,47,7,0,0.0,59,0,1,1.0,10708.5,181.5,181.5,18,41,0,7896.18,192.5897,0,36,0,88
ReservationForecast2023.xls,ReservationForecast,205,2023-01-01,2023-12-31,2023-07-15,18,18,41,0,0.0,59,0,1,1.0,10641.91,180.3713,180.3713,20,39,0,7493.01,192.1284,0,10,0,77
ReservationForecast2023.xls,ReservationForecast,206,2023-01-01,2023-12-31,2023-07-16,34,55,4,0,0.0,38,0,3,0.67,4607.14,121.2405,80.827,38,0,0,0.0,0.0,0,0,0,0
ReservationForecast2023.xls,ReservationForecast,207,2023-01-01,2023-12-31,2023-07-17,16,19,19,0,0.0,35,0,1,0.59,4132.29,118.0654,70.0388,35,0,0,0.0,0.0,0,0,0,0
ReservationForecast2023.xls,ReservationForecast,208,2023-01-01,2023-12-31,2023-07-18,30,13,22,0,0.0,52,0,0,0.87,7075.44,136.0661,117.924,52,0,0,0.0,0.0,0,0,0,0
ReservationForecast2023.xls,ReservationForecast,209,2023-01-01,2023-12-31,2023-07-19,27,25,27,0,0.0,54,0,0,0.9,7824.79,144.9035,130.4131,49,5,0,1013.84,202.768,0,5,0,6
ReservationForecast2023.xls,ReservationForecast,210,2023-01-01,2023-12-31,2023-07-20,27,25,29,0,0.0,56,0,0,0.93,8315.04,148.4828,138.584,50,6,0,1161.2,193.5333,0,3,0,8
ReservationForecast2023.xls,ReservationForecast,211,2023-01-01,2023-12-31,2023-07-21,39,36,20,0,0.0,59,0,0,0.98,9466.46,160.4484,157.7743,46,13,0,2559.9,196.9153,0,7,0,21
ReservationForecast2023.xls,ReservationForecast,212,2023-01-01,2023-12-31,2023-07-22,39,38,21,0,0.0,60,0,0,1.0,9599.35,159.9891,159.9891,35,25,0,5003.25,200.13,0,18,0,49
ReservationForecast2023.xls,ReservationForecast,213,2023-01-01,2023-12-31,2023-07-23,39,50,10,0,0.0,49,0,1,0.83,6788.87,138.5483,115.0655,44,5,0,917.25,183.45,0,1,0,7
ReservationForecast2023.xls,ReservationForecast,214,2023-01-01,2023-12-31,2023-07-24,36,28,21,0,0.0,56,1,1,0.95,6318.23,112.8255,107.0886,57,0,0,0.0,0.0,0,0,0,0
ReservationForecast2023.xls,ReservationForecast,215,2023-01-01,2023-12-31,2023-07-25,27,28,29,0,0.0,55,1,1,0.93,7318.41,133.062,124.0408,56,0,0,0.0,0.0,0,0,0,0
ReservationForecast2023.xls,ReservationForecast,216,2023-01-01,2023-12-31,2023-07-26,30,29,28,0,0.0,58,0,0,0.97,8477.54,146.1644,141.2923,58,0,0,1233.4,0.0,0,0,0,0
ReservationForecast2023.xls,ReservationForecast,217,2023-01-01,2023-12-31,2023-07-27,38,36,21,0,0.0,59,0,0,0.98,7878.16,133.5281,131.3026,56,3,0,527.8,175.9333,0,3,0,6
ReservationForecast2023.xls,ReservationForecast,218,2023-01-01,2023-12-31,2023-07-28,44,43,16,0,0.0,60,0,0,1.0,8924.74,148.7456,148.7456,47,13,0,2476.64,190.5107,0,10,0,26
ReservationForecast2023.xls,ReservationForecast,219,2023-01-01,2023-12-31,2023-07-29,34,35,25,0,0.0,59,0,1,1.0,9918.26,168.1061,168.1061,38,21,0,3903.74,185.8923,0,8,0,41
ReservationForecast2023.xls,ReservationForecast,220,2023-01-01,2023-12-31,2023-07-30,32,49,10,0,0.0,42,0,8,0.81,5704.75,135.8273,109.7067,39,3,0,297.0,99.0,0,2,0,4
ReservationForecast2023.xls,ReservationForecast,221,2023-01-01,2023-12-31,2023-07-31,27,22,20,0,0.0,47,0,2,0.81,6211.79,132.1657,107.0998,42,5,0,495.0,99.0,0,2,0,6
ReservationForecast2023.xls,ReservationForecast,222,2023-01-01,2023-12-31,2023-08-01,15,29,18,0,0.0,33,0,0,0.55,5188.33,157.2221,86.4721,28,5,0,495.0,99.0,0,2,0,8
ReservationForecast2023.xls,ReservationForecast,223,2023-01-01,2023-12-31,2023-08-02,22,14,19,0,0.0,41,0,0,0.68,6178.28,150.6897,102.9713,37,4,0,396.0,99.0,0,1,0,7
ReservationForecast2023.xls,ReservationForecast,224,2023-01-01,2023-12-31,2023-08-03,21,22,19,0,0.0,40,0,2,0.69,6061.88,151.547,104.5151,36,4,0,396.0,99.0,0,1,0,7
ReservationForecast2023.xls,ReservationForecast,225,2023-01-01,2023-12-31,2023-08-04,54,34,6,0,0.0,60,0,0,1.0,10025.21,167.0868,167.0868,39,21,0,4023.27,191.5842,0,21,0,40
ReservationForecast2023.xls,ReservationForecast,226,2023-01-01,2023-12-31,2023-08-05,34,34,26,0,0.0,60,0,0,1.0,11453.12,190.8853,190.8853,21,39,0,7492.62,192.1184,0,18,0,77
ReservationForecast2023.xls,ReservationForecast,227,2023-01-01,2023-12-31,2023-08-06,17,59,1,0,0.0,18,0,19,0.44,3174.21,176.345,77.4197,18,0,0,0.0,0.0,0,0,0,0
ReservationForecast2023.xls,ReservationForecast,228,2023-01-01,2023-12-31,2023-08-07,16,10,8,0,0.0,24,0,3,0.42,3344.33,139.347,58.6724,24,0,0,0.0,0.0,0,0,0,0
ReservationForecast2023.xls,ReservationForecast,229,2023-01-01,2023-12-31,2023-08-08,22,15,9,0,0.0,31,0,2,0.53,5009.47,161.5958,86.3701,31,0,0,0.0,0.0,0,0,0,0
ReservationForecast2023.xls,ReservationForecast,230,2023-01-01,2023-12-31,2023-08-09,17,21,10,0,0.0,27,0,2,0.47,4183.22,154.934,72.1244,27,0,0,0.0,0.0,0,0,0,0
ReservationForecast2023.xls,ReservationForecast,231,2023-01-01,2023-12-31,2023-08-10,27,21,6,0,0.0,33,0,1,0.56,5087.41,154.1639,86.2272,30,3,0,611.25,203.75,0,3,0,5
ReservationForecast2023.xls,ReservationForecast,232,2023-01-01,2023-12-31,2023-08-11,53,26,7,0,0.0,60,0,0,1.0,11004.55,183.4091,183.4091,29,31,0,6100.42,196.7877,0,28,0,66
ReservationForecast2023.xls,ReservationForecast,233,2023-01-01,2023-12-31,2023-08-12,22,22,38,0,0.0,60,0,0,1.0,11259.19,187.6531,187.6531,23,37,0,7040.98,190.2967,0,6,0,78
ReservationForecast2023.xls,ReservationForecast,234,2023-01-01,2023-12-31,2023-08-13,13,47,13,0,0.0,26,0,1,0.44,4843.22,186.2776,82.0884,16,10,0,2005.9,200.59,0,0,0,25
ReservationForecast2023.xls,ReservationForecast,235,2023-01-01,2023-12-31,2023-08-14,26,22,4,0,0.0,30,0,3,0.53,4122.08,137.4026,72.3171,30,0,0,0.0,0.0,0,0,0,0
ReservationForecast2023.xls,ReservationForecast,236,2023-01-01,2023-12-31,2023-08-15,22,23,7,0,0.0,29,0,3,0.51,4053.43,139.7734,71.1128,29,0,0,0.0,0.0,0,0,0,0
ReservationForecast2023.xls,ReservationForecast,237,2023-01-01,2023-12-31,2023-08-16,24,17,12,0,0.0,36,0,4,0.64,5043.05,140.0847,90.0544,36,0,0,0.0,0.0,0,0,0,0
ReservationForecast2023.xls,ReservationForecast,238,2023-01-01,2023-12-31,2023-08-17,22,27,9,0,0.0,31,0,3,0.54,4940.86,159.3825,86.6817,27,4,0,793.5,198.375,0,4,0,7
ReservationForecast2023.xls,ReservationForecast,239,2023-01-01,2023-12-31,2023-08-18,47,18,13,0,0.0,60,0,0,1.0,10696.24,178.2706,178.2706,39,21,0,4171.2,198.6285,0,17,0,43
ReservationForecast2023.xls,ReservationForecast,240,2023-01-01,2023-12-31,2023-08-19,36,36,24,0,0.0,60,0,0,1.0,11284.36,188.0726,188.0726,37,23,0,4603.46,200.1504,0,13,0,47
ReservationForecast2023.xls,ReservationForecast,241,2023-01-01,2023-12-31,2023-08-20,25,55,5,0,0.0,30,0,4,0.54,4387.81,146.2603,78.3537,28,2,0,396.0,198.0,0,1,0,4
ReservationForecast2023.xls,ReservationForecast,242,2023-01-01,2023-12-31,2023-08-21,18,24,6,0,0.0,24,0,9,0.47,3250.22,135.4258,63.7298,24,0,0,0.0,0.0,0,0,0,0
ReservationForecast2023.xls,ReservationForecast,243,2023-01-01,2023-12-31,2023-08-22,21,18,6,0,0.0,27,0,1,0.46,3454.26,127.9355,58.5467,27,0,0,0.0,0.0,0,0,0,0
ReservationForecast2023.xls,ReservationForecast,244,2023-01-01,2023-12-31,2023-08-23,19,21,6,0,0.0,22,3,3,0.39,2760.3,125.4681,48.4263,22,3,0,0.0,0.0,0,3,0,5
ReservationForecast2023.xls,ReservationForecast,245,2023-01-01,2023-12-31,2023-08-24,46,21,4,0,0.0,10,40,1,0.17,1195.01,119.501,20.2544,10,40,0,0.0,0.0,0,37,0,87
ReservationForecast2023.xls,ReservationForecast,246,2023-01-01,2023-12-31,2023-08-25,20,11,40,0,0.0,1,59,1,0.02,128.65,128.65,2.1805,1,59,0,0.0,0.0,0,19,0,130
ReservationForecast2023.xls,ReservationForecast,247,2023-01-01,2023-12-31,2023-08-26,2,1,58,0,0.0,0,60,0,0.0,0.0,0.0,0.0,0,60,0,0.0,0.0,0,2,0,133
ReservationForecast2023.xls,ReservationForecast,248,2023-01-01,2023-12-31,2023-08-27,14,48,12,0,0.0,13,13,2,0.22,1568.74,120.6723,27.0472,14,12,11,0.0,0.0,0,0,0,24
ReservationForecast2023.xls,ReservationForecast,249,2023-01-01,2023-12-31,2023-08-28,47,25,1,0,0.0,47,1,5,0.85,6272.64,133.4604,114.048,48,0,0,0.0,0.0,0,0,0,0
ReservationForecast2023.xls,ReservationForecast,250,2023-01-01,2023-12-31,2023-08-29,25,33,15,0,0.0,40,0,4,0.71,5469.23,136.7307,97.6648,40,0,0,0.0,0.0,0,0,0,0
ReservationForecast2023.xls,ReservationForecast,251,2023-01-01,2023-12-31,2023-08-30,37,22,18,0,0.0,55,0,3,0.96,7568.34,137.6061,132.7778,55,0,0,0.0,0.0,0,0,0,0
ReservationForecast2023.xls,ReservationForecast,252,2023-01-01,2023-12-31,2023-08-31,48,43,12,0,0.0,60,0,0,1.0,10747.63,179.1271,179.1271,36,24,0,4680.0,195.0,0,24,0,49
ReservationForecast2023.xls,ReservationForecast,253,2023-01-01,2023-12-31,2023-09-01,33,33,27,0,0.0,60,0,0,1.0,11586.93,193.1155,193.1155,14,46,0,9049.5,196.7282,0,22,0,98
ReservationForecast2023.xls,ReservationForecast,254,2023-01-01,2023-12-31,2023-09-02,43,43,17,0,0.0,60,0,0,1.0,11268.3,187.805,187.805,12,48,0,9198.04,191.6258,0,33,0,108
ReservationForecast2023.xls,ReservationForecast,255,2023-01-01,2023-12-31,2023-09-03,39,39,21,0,0.0,60,0,0,1.0,10052.26,167.5376,167.5376,33,27,0,4983.07,184.5581,0,8,0,56
ReservationForecast2023.xls,ReservationForecast,256,2023-01-01,2023-12-31,2023-09-04,23,52,8,0,0.0,31,0,0,0.52,4462.87,143.9635,74.3811,31,0,0,0.0,0.0,0,0,0,0
ReservationForecast2023.xls,ReservationForecast,257,2023-01-01,2023-12-31,2023-09-05,22,24,7,0,0.0,29,0,5,0.53,3639.0,125.4827,66.1636,29,0,0,0.0,0.0,0,0,0,0
ReservationForecast2023.xls,ReservationForecast,258,2023-01-01,2023-12-31,2023-09-06,20,17,12,0,0.0,32,0,1,0.54,4322.43,135.0759,73.2615,24,8,0,1526.25,190.7812,0,8,0,14
ReservationForecast2023.xls,ReservationForecast,259,2023-01-01,2023-12-31,2023-09-07,32,14,18,0,0.0,50,0,0,0.83,8251.03,165.0206,137.5171,26,24,0,4859.16,202.465,0,16,0,46
ReservationForecast2023.xls,ReservationForecast,260,2023-01-01,2023-12-31,2023-09-08,43,33,17,0,0.0,60,0,0,1.0,11535.31,192.2551,192.2551,20,40,0,7972.8,199.32,0,27,0,83
ReservationForecast2023.xls,ReservationForecast,261,2023-01-01,2023-12-31,2023-09-09,28,30,30,0,0.0,58,0,2,1.0,11023.12,190.0537,190.0537,27,31,0,6056.2,195.3612,0,4,0,62
ReservationForecast2023.xls,ReservationForecast,262,2023-01-01,2023-12-31,2023-09-10,13,54,4,0,0.0,17,0,2,0.29,2389.08,140.5341,41.191,17,0,0,0.0,0.0,0,0,0,0
ReservationForecast2023.xls,ReservationForecast,263,2023-01-01,2023-12-31,2023-09-11,15,12,5,0,0.0,20,0,3,0.35,2561.4,128.07,44.9368,20,0,0,0.0,0.0,0,0,0,0
ReservationForecast2023.xls,ReservationForecast,264,2023-01-01,2023-12-31,2023-09-12,30,10,10,0,0.0,40,0,2,0.69,5588.3,139.7075,96.35,28,12,0,2238.0,186.5,0,12,0,16
ReservationForecast2023.xls,ReservationForecast,265,2023-01-01,2023-12-31,2023-09-13,34,17,23,0,0.0,57,0,1,0.97,8066.89,141.5243,136.7269,30,27,0,4713.0,174.5555,0,16,0,31
ReservationForecast2023.xls,ReservationForecast,266,2023-01-01,2023-12-31,2023-09-14,45,52,5,0,0.0,47,3,0,0.78,5986.66,127.3757,99.7776,21,29,2,3064.0,105.6551,0,29,0,54
ReservationForecast2023.xls,ReservationForecast,267,2023-01-01,2023-12-31,2023-09-15,55,46,4,0,0.0,59,0,0,0.98,10765.38,182.464,179.423,44,15,0,2950.5,196.7,0,15,0,37
ReservationForecast2023.xls,ReservationForecast,268,2023-01-01,2023-12-31,2023-09-16,35,34,25,0,0.0,60,0,0,1.0,11360.16,189.336,189.336,28,32,0,6350.4,198.45,0,17,0,74
ReservationForecast2023.xls,ReservationForecast,269,2023-01-01,2023-12-31,2023-09-17,35,58,2,0,0.0,37,0,1,0.63,4603.56,124.4205,78.0264,37,0,0,0.0,0.0,0,0,0,0
ReservationForecast2023.xls,ReservationForecast,270,2023-01-01,2023-12-31,2023-09-18,26,19,18,0,0.0,44,0,1,0.75,5100.25,115.9147,86.4449,44,0,0,-607.0,0.0,0,0,0,0
ReservationForecast2023.xls,ReservationForecast,271,2023-01-01,2023-12-31,2023-09-19,30,22,22,0,0.0,52,0,3,0.91,7330.76,140.9761,128.6098,49,3,0,472.8,157.6,0,3,0,6
ReservationForecast2023.xls,ReservationForecast,272,2023-01-01,2023-12-31,2023-09-20,38,32,20,0,0.0,58,0,1,0.98,7754.45,133.6974,131.4313,38,20,0,2434.8,121.74,0,17,0,30
ReservationForecast2023.xls,ReservationForecast,273,2023-01-01,2023-12-31,2023-09-21,31,30,28,0,0.0,57,2,0,0.95,9141.78,160.3821,152.363,27,32,0,5424.95,169.5296,0,19,0,60
ReservationForecast2023.xls,ReservationForecast,274,2023-01-01,2023-12-31,2023-09-22,39,38,21,0,0.0,60,0,0,1.0,11356.33,189.2721,189.2721,5,55,0,10500.24,190.9134,0,34,0,120
ReservationForecast2023.xls,ReservationForecast,275,2023-01-01,2023-12-31,2023-09-23,37,38,22,0,0.0,59,0,1,1.0,12573.2,213.105,213.105,32,27,0,7046.74,260.9903,0,7,0,58
ReservationForecast2023.xls,ReservationForecast,276,2023-01-01,2023-12-31,2023-09-24,28,54,5,0,0.0,33,0,2,0.57,3987.81,120.8427,68.7553,33,0,0,0.0,0.0,0,0,0,0
ReservationForecast2023.xls,ReservationForecast,277,2023-01-01,2023-12-31,2023-09-25,33,25,8,0,0.0,41,0,3,0.72,4850.72,118.3102,85.1003,41,0,0,0.0,0.0,0,0,0,0
ReservationForecast2023.xls,ReservationForecast,278,2023-01-01,2023-12-31,2023-09-26,26,19,22,0,0.0,48,0,2,0.83,5778.16,120.3783,99.6234,48,0,0,0.0,0.0,0,0,0,0
ReservationForecast2023.xls,ReservationForecast,279,2023-01-01,2023-12-31,2023-09-27,27,24,24,0,0.0,51,0,2,0.88,6416.48,125.8133,110.6289,51,0,0,0.0,0.0,0,0,0,0
ReservationForecast2023.xls,ReservationForecast,280,2023-01-01,2023-12-31,2023-09-28,37,30,21,0,0.0,58,0,1,0.98,9082.71,156.5984,153.9442,48,10,0,1919.16,191.916,0,10,0,23
ReservationForecast2023.xls,ReservationForecast,281,2023-01-01,2023-12-31,2023-09-29,44,42,16,0,0.0,60,0,0,1.0,11610.49,193.5081,193.5081,15,45,0,8491.91,188.7091,0,35,0,97
ReservationForecast2023.xls,ReservationForecast,282,2023-01-01,2023-12-31,2023-09-30,27,27,33,0,0.0,60,0,0,1.0,11430.31,190.5051,190.5051,26,34,0,6366.75,187.2573,0,7,0,69
ReservationForecast2023.xls,ReservationForecast,283,2023-01-01,2023-12-31,2023-10-01,47,52,8,0,0.0,55,0,5,1.0,8682.56,157.8647,157.8647,49,6,0,1179.05,196.5083,0,3,0,12
ReservationForecast2023.xls,ReservationForecast,284,2023-01-01,2023-12-31,2023-10-02,20,33,22,0,0.0,42,0,6,0.78,5981.07,142.4064,110.7605,41,1,0,198.0,198.0,0,0,0,2
ReservationForecast2023.xls,ReservationForecast,285,2023-01-01,2023-12-31,2023-10-03,21,18,24,0,0.0,45,0,3,0.79,5903.0,131.1777,103.5614,45,0,0,-39.6,0.0,0,0,0,0
ReservationForecast2023.xls,ReservationForecast,286,2023-01-01,2023-12-31,2023-10-04,28,29,16,0,0.0,44,0,3,0.77,6263.85,142.3602,109.8921,44,0,0,0.0,0.0,0,0,0,0
ReservationForecast2023.xls,ReservationForecast,287,2023-01-01,2023-12-31,2023-10-05,44,32,12,0,0.0,56,0,3,0.98,9565.73,170.8166,167.8198,31,25,0,4872.75,194.91,0,25,0,51
ReservationForecast2023.xls,ReservationForecast,288,2023-01-01,2023-12-31,2023-10-06,33,30,26,0,0.0,59,0,0,0.98,11789.08,199.8149,196.4846,9,50,0,10069.35,201.387,0,26,0,110
ReservationForecast2023.xls,ReservationForecast,289,2023-01-01,2023-12-31,2023-10-07,50,49,10,0,0.0,60,0,0,1.0,9501.05,158.3508,158.3508,9,51,0,8016.7,157.1901,0,41,0,102
ReservationForecast2023.xls,ReservationForecast,290,2023-01-01,2023-12-31,2023-10-08,39,40,20,0,0.0,59,0,0,0.98,10666.16,180.7823,177.7693,22,37,0,7211.78,194.9129,0,19,0,73
ReservationForecast2023.xls,ReservationForecast,291,2023-01-01,2023-12-31,2023-10-09,42,57,2,0,0.0,44,0,1,0.75,5661.84,128.6781,95.9633,35,9,0,1444.5,160.5,0,9,0,17
ReservationForecast2023.xls,ReservationForecast,292,2023-01-01,2023-12-31,2023-10-10,29,30,14,0,0.0,43,0,3,0.75,5713.86,132.8804,100.2431,43,0,0,0.0,0.0,0,0,0,0
ReservationForecast2023.xls,ReservationForecast,293,2023-01-01,2023-12-31,2023-10-11,32,25,18,0,0.0,50,0,2,0.86,6907.51,138.1502,119.095,50,0,0,0.0,0.0,0,0,0,0
ReservationForecast2023.xls,ReservationForecast,294,2023-01-01,2023-12-31,2023-10-12,42,32,18,0,0.0,60,0,0,1.0,9642.67,160.7111,160.7111,40,20,0,3898.5,194.925,0,20,0,39
ReservationForecast2023.xls,ReservationForecast,295,2023-01-01,2023-12-31,2023-10-13,36,36,24,0,0.0,59,1,0,0.98,11917.81,201.9967,198.6301,19,41,0,7873.3,192.0317,0,22,0,91
ReservationForecast2023.xls,ReservationForecast,296,2023-01-01,2023-12-31,2023-10-14,24,26,34,0,0.0,58,0,0,0.97,11768.33,202.9022,196.1388,17,41,0,8041.5,196.1341,0,16,0,91
ReservationForecast2023.xls,ReservationForecast,297,2023-01-01,2023-12-31,2023-10-15,32,45,13,0,0.0,45,0,2,0.78,7480.91,166.2424,128.9812,32,13,0,2693.25,207.173,0,1,0,21
ReservationForecast2023.xls,ReservationForecast,298,2023-01-01,2023-12-31,2023-10-16,38,37,8,0,0.0,46,0,10,0.92,6715.57,145.9906,134.3114,46,0,0,0.0,0.0,0,0,0,0
ReservationForecast2023.xls,ReservationForecast,299,2023-01-01,2023-12-31,2023-10-17,30,29,17,0,0.0,47,0,10,0.94,6184.73,131.59,123.6946,47,0,0,0.0,0.0,0,0,0,0
ReservationForecast2023.xls,ReservationForecast,300,2023-01-01,2023-12-31,2023-10-18,25,23,24,0,0.0,49,0,1,0.83,7393.72,150.8922,125.3172,49,0,0,0.0,0.0,0,0,0,0
ReservationForecast2023.xls,ReservationForecast,301,2023-01-01,2023-12-31,2023-10-19,51,41,8,0,0.0,59,0,0,0.98,9917.64,168.0955,165.294,32,27,0,4994.4,184.9777,0,27,0,42
ReservationForecast2023.xls,ReservationForecast,302,2023-01-01,2023-12-31,2023-10-20,44,43,16,0,0.0,60,0,0,1.0,11118.97,185.3161,185.3161,26,34,0,6670.65,196.1955,0,23,0,65
ReservationForecast2023.xls,ReservationForecast,303,2023-01-01,2023-12-31,2023-10-21,38,38,22,0,0.0,60,0,0,1.0,10763.0,179.3833,179.3833,27,33,0,6434.1,194.9727,0,17,0,61
ReservationForecast2023.xls,ReservationForecast,304,2023-01-01,2023-12-31,2023-10-22,41,46,14,0,0.0,55,0,1,0.93,9446.01,171.7456,160.1018,28,27,0,5223.39,193.4588,0,16,0,48
ReservationForecast2023.xls,ReservationForecast,305,2023-01-01,2023-12-31,2023-10-23,19,37,18,0,0.0,37,0,3,0.65,5645.76,152.5881,99.0484,29,8,0,1742.25,217.7812,0,0,0,13
ReservationForecast2023.xls,ReservationForecast,306,2023-01-01,2023-12-31,2023-10-24,22,19,18,0,0.0,40,0,2,0.69,5529.8,138.245,95.3413,34,6,0,1161.75,193.625,0,0,0,9
ReservationForecast2023.xls,ReservationForecast,307,2023-01-01,2023-12-31,2023-10-25,19,30,11,0,0.0,30,0,3,0.53,3983.3,132.7766,69.8824,26,4,0,710.85,177.7125,0,1,0,7
ReservationForecast2023.xls,ReservationForecast,308,2023-01-01,2023-12-31,2023-10-26,31,16,13,0,0.0,44,0,1,0.75,6778.72,154.0618,114.8935,32,12,0,2250.38,187.5316,0,10,0,27
ReservationForecast2023.xls,ReservationForecast,309,2023-01-01,2023-12-31,2023-10-27,42,26,18,0,0.0,60,0,0,1.0,10283.54,171.3923,171.3923,32,28,0,5375.41,191.9789,0,16,0,58
ReservationForecast2023.xls,ReservationForecast,310,2023-01-01,2023-12-31,2023-10-28,32,32,28,0,0.0,60,0,0,1.0,10387.98,173.133,173.133,37,23,0,4427.36,192.4939,0,10,0,45
ReservationForecast2023.xls,ReservationForecast,311,2023-01-01,2023-12-31,2023-10-29,27,54,6,0,0.0,32,1,5,0.58,4231.07,132.2209,76.9285,33,0,0,0.0,0.0,0,0,0,0
ReservationForecast2023.xls,ReservationForecast,312,2023-01-01,2023-12-31,2023-10-30,12,26,7,0,0.0,19,0,2,0.33,2045.72,107.6694,35.271,19,0,0,0.0,0.0,0,0,0,0
ReservationForecast2023.xls,ReservationForecast,313,2023-01-01,2023-12-31,2023-10-31,11,11,8,0,0.0,19,0,2,0.33,2117.71,111.4584,36.5122,19,0,0,0.0,0.0,0,0,0,0
ReservationForecast2023.xls,ReservationForecast,314,2023-01-01,2023-12-31,2023-11-01,15,7,12,0,0.0,27,0,2,0.47,3276.72,121.36,56.4951,27,0,0,0.0,0.0,0,0,0,0
ReservationForecast2023.xls,ReservationForecast,315,2023-01-01,2023-12-31,2023-11-02,35,15,12,0,0.0,47,0,1,0.8,7302.45,155.3712,123.7703,40,7,0,1349.25,192.75,0,7,0,14
ReservationForecast2023.xls,ReservationForecast,316,2023-01-01,2023-12-31,2023-11-03,46,33,14,0,0.0,60,0,0,1.0,9845.21,164.0868,164.0868,49,11,0,2109.75,191.7954,0,4,0,21
ReservationForecast2023.xls,ReservationForecast,317,2023-01-01,2023-12-31,2023-11-04,48,48,12,0,0.0,60,0,0,1.0,10289.44,171.4906,171.4906,51,9,0,1813.9,201.5444,0,9,0,13
ReservationForecast2023.xls,ReservationForecast,318,2023-01-01,2023-12-31,2023-11-05,18,57,3,0,0.0,21,0,12,0.44,3191.76,151.9885,66.495,21,0,0,0.0,0.0,0,0,0,0
ReservationForecast2023.xls,ReservationForecast,319,2023-01-01,2023-12-31,2023-11-06,39,16,5,0,0.0,44,0,5,0.8,5292.7,120.2886,96.2309,38,6,0,690.0,115.0,0,6,0,6
ReservationForecast2023.xls,ReservationForecast,320,2023-01-01,2023-12-31,2023-11-07,22,10,34,0,0.0,56,0,1,0.95,6853.5,122.3839,116.161,44,12,0,1380.0,115.0,0,7,0,12
ReservationForecast2023.xls,ReservationForecast,321,2023-01-01,2023-12-31,2023-11-08,28,27,29,0,0.0,57,0,1,0.97,7376.55,129.4131,125.0262,57,0,0,0.0,0.0,0,0,0,0
ReservationForecast2023.xls,ReservationForecast,322,2023-01-01,2023-12-31,2023-11-09,34,31,26,0,0.0,60,0,0,1.0,8702.6,145.0433,145.0433,54,6,0,1024.75,170.7916,0,6,0,11
ReservationForecast2023.xls,ReservationForecast,323,2023-01-01,2023-12-31,2023-11-10,37,38,22,0,0.0,59,0,0,0.98,10307.51,174.7035,171.7918,40,19,0,3524.9,185.521,0,14,0,41
ReservationForecast2023.xls,ReservationForecast,324,2023-01-01,2023-12-31,2023-11-11,40,39,20,0,0.0,60,0,0,1.0,10680.73,178.0121,178.0121,33,27,0,5065.0,187.5925,0,15,0,59
ReservationForecast2023.xls,ReservationForecast,325,2023-01-01,2023-12-31,2023-11-12,20,49,11,0,0.0,31,0,0,0.52,4407.28,142.1703,73.4546,25,6,0,999.25,166.5416,0,1,0,16
ReservationForecast2023.xls,ReservationForecast,326,2023-01-01,2023-12-31,2023-11-13,13,25,6,0,0.0,19,0,3,0.33,2426.88,127.7305,42.5768,19,0,0,0.0,0.0,0,0,0,0
ReservationForecast2023.xls,ReservationForecast,327,2023-01-01,2023-12-31,2023-11-14,16,10,9,0,0.0,25,0,1,0.42,2665.65,106.626,45.1805,25,0,0,0.0,0.0,0,0,0,0
ReservationForecast2023.xls,ReservationForecast,328,2023-01-01,2023-12-31,2023-11-15,13,15,10,0,0.0,23,0,3,0.4,2595.17,112.8334,45.5292,23,0,0,0.0,0.0,0,0,0,0
ReservationForecast2023.xls,ReservationForecast,329,2023-01-01,2023-12-31,2023-11-16,23,18,5,0,0.0,28,0,2,0.48,3532.25,126.1517,60.9008,22,6,0,757.71,126.285,0,6,0,10
ReservationForecast2023.xls,ReservationForecast,330,2023-01-01,2023-12-31,2023-11-17,45,13,15,0,0.0,60,0,0,1.0,8792.21,146.5368,146.5368,47,13,0,1842.79,141.753,0,7,0,24
ReservationForecast2023.xls,ReservationForecast,331,2023-01-01,2023-12-31,2023-11-18,29,31,29,0,0.0,58,0,0,0.97,8738.73,150.6677,145.6455,49,9,0,1320.75,146.75,0,0,0,17
ReservationForecast2023.xls,ReservationForecast,332,2023-01-01,2023-12-31,2023-11-19,14,54,4,0,0.0,18,0,14,0.39,2250.06,125.0033,48.9143,17,1,0,112.5,112.5,0,0,0,2
ReservationForecast2023.xls,ReservationForecast,333,2023-01-01,2023-12-31,2023-11-20,14,7,11,0,0.0,25,0,3,0.44,2990.2,119.608,52.4596,25,0,0,0.0,0.0,0,0,0,0
ReservationForecast2023.xls,ReservationForecast,334,2023-01-01,2023-12-31,2023-11-21,19,16,9,0,0.0,28,0,3,0.49,2877.24,102.7585,50.4778,28,0,0,0.0,0.0,0,0,0,0
ReservationForecast2023.xls,ReservationForecast,335,2023-01-01,2023-12-31,2023-11-22,36,21,7,0,0.0,43,0,1,0.73,5221.52,121.4306,88.5003,43,0,0,0.0,0.0,0,0,0,0
ReservationForecast2023.xls,ReservationForecast,336,2023-01-01,2023-12-31,2023-11-23,35,18,25,0,0.0,60,0,0,1.0,7414.74,123.579,123.579,60,0,0,0.0,0.0,0,0,0,0
ReservationForecast2023.xls,ReservationForecast,337,2023-01-01,2023-12-31,2023-11-24,32,33,27,0,0.0,58,1,0,0.97,8097.93,139.6194,134.9655,59,0,0,0.0,0.0,0,0,0,0
ReservationForecast2023.xls,ReservationForecast,338,2023-01-01,2023-12-31,2023-11-25,35,36,23,0,0.0,58,0,0,0.97,7179.83,123.7901,119.6638,58,0,0,0.0,0.0,0,0,0,0
ReservationForecast2023.xls,ReservationForecast,339,2023-01-01,2023-12-31,2023-11-26,12,51,7,0,0.0,19,0,5,0.35,2183.06,114.8978,39.692,19,0,0,0.0,0.0,0,0,0,0
ReservationForecast2023.xls,ReservationForecast,340,2023-01-01,2023-12-31,2023-11-27,18,15,4,0,0.0,22,0,2,0.38,2505.52,113.8872,43.1986,22,0,0,0.0,0.0,0,0,0,0
ReservationForecast2023.xls,ReservationForecast,341,2023-01-01,2023-12-31,2023-11-28,14,13,9,0,0.0,23,0,2,0.4,2351.03,102.2186,40.535,23,0,0,0.0,0.0,0,0,0,0
ReservationForecast2023.xls,ReservationForecast,342,2023-01-01,2023-12-31,2023-11-29,17,17,6,0,0.0,23,0,1,0.39,2641.07,114.8291,44.7638,23,0,0,0.0,0.0,0,0,0,0
ReservationForecast2023.xls,ReservationForecast,343,2023-01-01,2023-12-31,2023-11-30,15,18,5,0,0.0,19,1,1,0.32,2112.03,111.1594,35.7971,18,2,0,246.0,123.0,0,2,0,6
ReservationForecast2023.xls,ReservationForecast,344,2023-01-01,2023-12-31,2023-12-01,48,12,8,0,0.0,55,1,1,0.93,7759.38,141.0796,131.5149,41,15,0,2221.4,148.0933,0,13,0,34
ReservationForecast2023.xls,ReservationForecast,345,2023-01-01,2023-12-31,2023-12-02,43,39,17,0,0.0,60,0,0,1.0,7863.76,131.0626,131.0626,55,5,0,719.9,143.98,0,5,0,8
ReservationForecast2023.xls,ReservationForecast,346,2023-01-01,2023-12-31,2023-12-03,13,49,11,0,0.0,24,0,1,0.41,2784.87,116.0362,47.2011,24,0,0,-75.65,0.0,0,0,0,0
ReservationForecast2023.xls,ReservationForecast,347,2023-01-01,2023-12-31,2023-12-04,18,18,6,0,0.0,24,0,1,0.41,2228.94,92.8725,37.7786,24,0,0,0.0,0.0,0,0,0,0
ReservationForecast2023.xls,ReservationForecast,348,2023-01-01,2023-12-31,2023-12-05,19,8,16,0,0.0,35,0,1,0.59,3988.37,113.9534,67.5994,35,0,0,0.0,0.0,0,0,0,0
ReservationForecast2023.xls,ReservationForecast,349,2023-01-01,2023-12-31,2023-12-06,16,27,8,0,0.0,24,0,1,0.41,2615.07,108.9612,44.3232,20,4,0,481.5,120.375,0,4,0,4
ReservationForecast2023.xls,ReservationForecast,350,2023-01-01,2023-12-31,2023-12-07,15,16,8,0,0.0,23,0,1,0.39,2664.65,115.8543,45.1635,18,5,0,889.14,177.828,0,5,0,11
ReservationForecast2023.xls,ReservationForecast,351,2023-01-01,2023-12-31,2023-12-08,40,10,14,0,0.0,54,0,2,0.93,7230.32,133.8948,124.6606,37,17,0,2422.27,142.4864,0,11,0,35
ReservationForecast2023.xls,ReservationForecast,352,2023-01-01,2023-12-31,2023-12-09,29,25,28,0,0.0,57,0,0,0.95,7699.4,135.0771,128.3233,39,18,0,2579.58,143.31,0,1,0,38
ReservationForecast2023.xls,ReservationForecast,353,2023-01-01,2023-12-31,2023-12-10,4,53,4,0,0.0,8,0,12,0.17,1437.97,179.7462,29.9577,8,0,0,0.0,0.0,0,0,0,0
ReservationForecast2023.xls,ReservationForecast,354,2023-01-01,2023-12-31,2023-12-11,16,6,2,0,0.0,18,0,5,0.33,2472.0,137.3333,44.9454,18,0,0,0.0,0.0,0,0,0,0
ReservationForecast2023.xls,ReservationForecast,355,2023-01-01,2023-12-31,2023-12-12,11,12,6,0,0.0,17,0,2,0.29,1722.79,101.3405,29.7032,17,0,0,0.0,0.0,0,0,0,0
ReservationForecast2023.xls,ReservationForecast,356,2023-01-01,2023-12-31,2023-12-13,12,9,8,0,0.0,20,0,4,0.36,2567.12,128.356,45.8414,20,0,0,0.0,0.0,0,0,0,0
ReservationForecast2023.xls,ReservationForecast,357,2023-01-01,2023-12-31,2023-12-14,24,11,9,0,0.0,33,0,2,0.57,4333.32,131.3127,74.7124,33,0,0,0.0,0.0,0,0,0,0
ReservationForecast2023.xls,ReservationForecast,358,2023-01-01,2023-12-31,2023-12-15,35,18,15,0,0.0,50,0,1,0.85,7974.36,159.4872,135.1586,41,9,0,1299.0,144.3333,0,9,0,18
ReservationForecast2023.xls,ReservationForecast,359,2023-01-01,2023-12-31,2023-12-16,39,32,18,0,0.0,57,0,1,0.97,8287.83,145.4005,140.4716,41,16,0,2286.0,142.875,0,7,0,32
ReservationForecast2023.xls,ReservationForecast,360,2023-01-01,2023-12-31,2023-12-17,12,55,3,0,0.0,15,0,2,0.26,1804.24,120.2826,31.1075,15,0,0,0.0,0.0,0,0,0,0
ReservationForecast2023.xls,ReservationForecast,361,2023-01-01,2023-12-31,2023-12-18,6,10,4,0,0.0,10,0,10,0.2,1016.2,101.62,20.324,10,0,0,0.0,0.0,0,0,0,0
ReservationForecast2023.xls,ReservationForecast,362,2023-01-01,2023-12-31,2023-12-19,13,3,7,0,0.0,18,2,7,0.34,1982.95,110.1638,37.4141,18,2,7,0.0,0.0,0,2,0,2
ReservationForecast2023.xls,ReservationForecast,363,2023-01-01,2023-12-31,2023-12-20,7,11,9,0,0.0,16,0,4,0.29,1989.84,124.365,35.5328,16,0,0,0.0,0.0,0,0,0,0
ReservationForecast2023.xls,ReservationForecast,364,2023-01-01,2023-12-31,2023-12-21,28,10,7,0,0.0,35,0,0,0.58,4067.04,116.2011,67.784,30,5,0,636.0,127.2,0,5,0,9
ReservationForecast2023.xls,ReservationForecast,365,2023-01-01,2023-12-31,2023-12-22,27,15,19,0,0.0,46,0,1,0.78,6886.82,149.7134,116.7257,38,8,0,1126.5,140.8125,0,4,0,16
ReservationForecast2023.xls,ReservationForecast,366,2023-01-01,2023-12-31,2023-12-23,23,28,19,0,0.0,42,0,2,0.72,5613.52,133.6552,96.7848,42,0,0,0.0,0.0,0,0,0,0
ReservationForecast2023.xls,ReservationForecast,367,2023-01-01,2023-12-31,2023-12-24,15,11,30,0,0.0,45,0,2,0.78,5938.61,131.9691,102.3898,45,0,0,0.0,0.0,0,0,0,0
ReservationForecast2023.xls,ReservationForecast,368,2023-01-01,2023-12-31,2023-12-25,16,19,27,0,0.0,43,0,7,0.81,5192.55,120.7569,97.9726,43,0,0,0.0,0.0,0,0,0,0
ReservationForecast2023.xls,ReservationForecast,369,2023-01-01,2023-12-31,2023-12-26,12,23,19,0,0.0,31,0,4,0.55,4163.25,134.2983,74.3437,31,0,0,0.0,0.0,0,0,0,0
ReservationForecast2023.xls,ReservationForecast,370,2023-01-01,2023-12-31,2023-12-27,15,19,12,0,0.0,27,0,3,0.47,3384.19,125.3403,59.3717,27,0,0,0.0,0.0,0,0,0,0
ReservationForecast2023.xls,ReservationForecast,371,2023-01-01,2023-12-31,2023-12-28,15,12,15,0,0.0,30,0,3,0.53,4137.5,137.9166,72.5877,30,0,0,0.0,0.0,0,0,0,0
ReservationForecast2023.xls,ReservationForecast,372,2023-01-01,2023-12-31,2023-12-29,27,22,9,0,0.0,35,1,0,0.58,4695.38,134.1537,78.2563,36,0,0,0.0,0.0,0,0,0,0
ReservationForecast2023.xls,ReservationForecast,373,2023-01-01,2023-12-31,2023-12-30,41,21,14,0,0.0,55,0,0,0.92,8027.86,145.961,133.7976,52,3,0,458.25,152.75,0,3,0,4
ReservationForecast2023.xls,ReservationForecast,374,2023-01-01,2023-12-31,2023-12-31,36,33,22,0,0.0,58,0,1,0.98,8309.09,143.2601,140.832,55,3,1,458.25,152.75,0,0,0,4
ReservationForecast 2024.xls,ReservationForecast,10,2024-01-01,2024-12-31,2024-01-01,11,56,2,0,0.0,13,0,31,0.45,1415.89,108.9146,48.8237,13,0,0,0.0,0.0,0,0,0,0
ReservationForecast 2024.xls,ReservationForecast,11,2024-01-01,2024-12-31,2024-01-02,9,7,6,0,0.0,15,0,20,0.38,1547.99,103.1993,38.6997,15,0,0,0.0,0.0,0,0,0,0
ReservationForecast 2024.xls,ReservationForecast,12,2024-01-01,2024-12-31,2024-01-03,17,10,5,0,0.0,22,0,21,0.56,2617.81,118.9913,67.1233,20,2,0,304.3,152.15,0,2,0,4
ReservationForecast 2024.xls,ReservationForecast,13,2024-01-01,2024-12-31,2024-01-04,9,16,6,0,0.0,15,0,15,0.33,1887.7,125.8466,41.9488,13,2,0,304.3,152.15,0,1,0,4
ReservationForecast 2024.xls,ReservationForecast,14,2024-01-01,2024-12-31,2024-01-05,31,13,2,0,0.0,33,0,17,0.77,4280.08,129.6993,99.5367,13,20,0,2553.75,127.6875,0,20,0,24
ReservationForecast 2024.xls,ReservationForecast,15,2024-01-01,2024-12-31,2024-01-06,38,30,4,0,0.0,40,2,14,0.87,5825.76,145.644,126.6469,38,4,0,586.35,146.5875,0,4,0,5
ReservationForecast 2024.xls,ReservationForecast,16,2024-01-01,2024-12-31,2024-01-07,7,39,2,0,0.0,7,2,35,0.28,553.46,79.0657,22.1384,9,0,0,0.0,0.0,0,0,0,0
ReservationForecast 2024.xls,ReservationForecast,17,2024-01-01,2024-12-31,2024-01-08,7,7,2,0,0.0,8,1,17,0.19,775.83,96.9787,18.0425,9,0,0,0.0,0.0,0,0,0,0
ReservationForecast 2024.xls,ReservationForecast,18,2024-01-01,2024-12-31,2024-01-09,4,6,3,0,0.0,6,1,14,0.13,650.2,108.3666,14.1347,7,0,0,0.0,0.0,0,0,0,0
ReservationForecast 2024.xls,ReservationForecast,19,2024-01-01,2024-12-31,2024-01-10,10,4,3,0,0.0,12,1,4,0.21,1571.56,130.9633,28.0635,13,0,0,0.0,0.0,0,0,0,0
ReservationForecast 2024.xls,ReservationForecast,20,2024-01-01,2024-12-31,2024-01-11,53,9,4,0,0.0,55,2,1,0.93,8923.92,162.253,151.2528,16,41,0,6875.65,167.6987,0,41,0,54
ReservationForecast 2024.xls,ReservationForecast,21,2024-01-01,2024-12-31,2024-01-12,44,55,2,0,0.0,45,1,1,0.76,5710.35,126.8966,96.7855,41,5,0,827.15,165.43,0,5,0,12
ReservationForecast 2024.xls,ReservationForecast,22,2024-01-01,2024-12-31,2024-01-13,35,22,25,0,0.0,58,2,1,0.98,8185.23,141.1246,138.7327,44,16,0,2099.25,131.2031,0,11,0,29
ReservationForecast 2024.xls,ReservationForecast,23,2024-01-01,2024-12-31,2024-01-14,12,56,3,0,0.0,15,0,18,0.36,1628.64,108.576,38.7771,15,0,0,30.0,0.0,0,0,0,0
ReservationForecast 2024.xls,ReservationForecast,24,2024-01-01,2024-12-31,2024-01-15,10,14,1,0,0.0,11,0,13,0.23,1870.63,170.0572,39.8006,11,0,0,261.0,0.0,0,0,0,0
ReservationForecast 2024.xls,ReservationForecast,25,2024-01-01,2024-12-31,2024-01-16,4,7,4,0,0.0,8,0,13,0.17,785.44,98.18,16.7114,8,0,0,0.0,0.0,0,0,0,0
ReservationForecast 2024.xls,ReservationForecast,26,2024-01-01,2024-12-31,2024-01-17,14,4,4,0,0.0,18,0,5,0.33,2232.34,124.0188,40.588,12,6,0,798.0,133.0,0,6,0,14
ReservationForecast 2024.xls,ReservationForecast,27,2024-01-01,2024-12-31,2024-01-18,15,13,5,0,0.0,20,0,8,0.38,2622.76,131.138,50.4376,19,1,0,159.0,159.0,0,1,0,1
ReservationForecast 2024.xls,ReservationForecast,28,2024-01-01,2024-12-31,2024-01-19,36,12,8,0,0.0,43,1,5,0.78,5786.32,134.5655,105.2058,36,8,0,1276.4,159.55,0,7,0,16
ReservationForecast 2024.xls,ReservationForecast,29,2024-01-01,2024-12-31,2024-01-20,28,18,26,0,0.0,53,1,3,0.93,7327.11,138.2473,128.5457,41,13,0,2100.9,161.6076,0,5,0,22
ReservationForecast 2024.xls,ReservationForecast,30,2024-01-01,2024-12-31,2024-01-21,19,50,4,0,0.0,23,0,5,0.42,2980.95,129.6065,54.199,23,0,0,0.0,0.0,0,0,0,0
ReservationForecast 2024.xls,ReservationForecast,31,2024-01-01,2024-12-31,2024-01-22,8,12,11,0,0.0,19,0,4,0.34,2232.65,117.5078,39.8687,19,0,0,0.0,0.0,0,0,0,0
ReservationForecast 2024.xls,ReservationForecast,32,2024-01-01,2024-12-31,2024-01-23,6,7,12,0,0.0,18,0,2,0.31,1791.05,99.5027,30.8801,18,0,0,0.0,0.0,0,0,0,0
ReservationForecast 2024.xls,ReservationForecast,33,2024-01-01,2024-12-31,2024-01-24,10,7,11,0,0.0,21,0,2,0.36,2215.25,105.488,38.1939,21,0,0,0.0,0.0,0,0,0,0
ReservationForecast 2024.xls,ReservationForecast,34,2024-01-01,2024-12-31,2024-01-25,13,15,6,0,0.0,19,0,4,0.34,2507.97,131.9984,44.7851,19,0,0,0.0,0.0,0,0,0,0
ReservationForecast 2024.xls,ReservationForecast,35,2024-01-01,2024-12-31,2024-01-26,48,12,7,0,0.0,55,0,2,0.95,7222.89,131.3252,124.5325,55,0,0,0.0,0.0,0,0,0,0
ReservationForecast 2024.xls,ReservationForecast,36,2024-01-01,2024-12-31,2024-01-27,38,33,22,0,0.0,60,0,0,1.0,8232.89,137.2148,137.2148,36,24,0,3098.25,129.0937,0,24,0,50
ReservationForecast 2024.xls,ReservationForecast,37,2024-01-01,2024-12-31,2024-01-28,21,55,5,0,0.0,26,0,4,0.46,2773.01,106.6542,49.518,26,0,0,0.0,0.0,0,0,0,0
ReservationForecast 2024.xls,ReservationForecast,38,2024-01-01,2024-12-31,2024-01-29,14,14,12,0,0.0,26,0,4,0.46,2897.0,111.423,51.7321,26,0,0,0.0,0.0,0,0,0,0
ReservationForecast 2024.xls,ReservationForecast,39,2024-01-01,2024-12-31,2024-01-30,10,20,6,0,0.0,16,0,4,0.29,1833.21,114.5756,32.7358,16,0,0,0.0,0.0,0,0,0,0
ReservationForecast 2024.xls,ReservationForecast,40,2024-01-01,2024-12-31,2024-01-31,9,8,9,0,0.0,18,0,5,0.33,2035.81,113.1005,37.0147,18,0,0,0.0,0.0,0,0,0,0
ReservationForecast 2024.xls,ReservationForecast,41,2024-01-01,2024-12-31,2024-02-01,12,9,8,0,0.0,20,0,5,0.36,2140.12,107.006,38.9112,20,0,0,0.0,0.0,0,0,0,0
ReservationForecast 2024.xls,ReservationForecast,42,2024-01-01,2024-12-31,2024-02-02,29,16,4,0,0.0,33,0,1,0.56,4688.76,142.0836,79.4705,26,7,0,958.5,136.9285,0,7,0,17
ReservationForecast 2024.xls,ReservationForecast,43,2024-01-01,2024-12-31,2024-02-03,47,21,13,0,0.0,60,0,0,1.0,8708.92,145.1486,145.1486,50,10,0,1361.25,136.125,0,3,0,22
ReservationForecast 2024.xls,ReservationForecast,44,2024-01-01,2024-12-31,2024-02-04,7,55,4,0,0.0,11,0,28,0.34,1531.1,139.1909,47.8468,11,0,0,-20.5,0.0,0,0,0,0
ReservationForecast 2024.xls,ReservationForecast,45,2024-01-01,2024-12-31,2024-02-05,5,8,3,0,0.0,8,0,13,0.17,1003.18,125.3975,21.3442,8,0,0,0.0,0.0,0,0,0,0
ReservationForecast 2024.xls,ReservationForecast,46,2024-01-01,2024-12-31,2024-02-06,13,4,4,0,0.0,17,0,10,0.34,1967.03,115.7076,39.3406,17,0,0,0.0,0.0,0,0,0,0
ReservationForecast 2024.xls,ReservationForecast,47,2024-01-01,2024-12-31,2024-02-07,13,10,7,0,0.0,20,0,2,0.34,2340.47,117.0235,40.3529,20,0,0,0.0,0.0,0,0,0,0
ReservationForecast 2024.xls,ReservationForecast,48,2024-01-01,2024-12-31,2024-02-08,17,11,10,0,0.0,26,1,0,0.43,3134.7,120.5653,52.245,27,0,0,0.0,0.0,0,0,0,0
ReservationForecast 2024.xls,ReservationForecast,49,2024-01-01,2024-12-31,2024-02-09,53,21,6,0,0.0,59,0,0,0.98,7715.53,130.7716,128.5921,58,1,0,0.0,0.0,0,1,0,1
ReservationForecast 2024.xls,ReservationForecast,50,2024-01-01,2024-12-31,2024-02-10,39,37,21,0,0.0,60,0,0,1.0,8591.28,143.188,143.188,60,0,0,0.0,0.0,0,0,0,0
ReservationForecast 2024.xls,ReservationForecast,51,2024-01-01,2024-12-31,2024-02-11,11,55,5,0,0.0,16,0,29,0.52,1938.79,121.1743,62.5416,16,0,0,0.0,0.0,0,0,0,0
ReservationForecast 2024.xls,ReservationForecast,52,2024-01-01,2024-12-31,2024-02-12,9,11,5,0,0.0,14,0,28,0.44,1556.36,111.1685,48.6362,14,0,0,0.0,0.0,0,0,0,0
ReservationForecast 2024.xls,ReservationForecast,53,2024-01-01,2024-12-31,2024-02-13,8,9,5,0,0.0,13,0,17,0.3,1514.76,116.52,35.2269,13,0,0,0.0,0.0,0,0,0,0
ReservationForecast 2024.xls,ReservationForecast,54,2024-01-01,2024-12-31,2024-02-14,20,11,2,0,0.0,21,1,4,0.38,3076.14,146.4828,54.931,22,0,0,0.0,0.0,0,0,0,0
ReservationForecast 2024.xls,ReservationForecast,55,2024-01-01,2024-12-31,2024-02-15,12,17,5,0,0.0,17,0,2,0.29,2303.17,135.4805,39.7098,17,0,0,0.0,0.0,0,0,0,0
ReservationForecast 2024.xls,ReservationForecast,56,2024-01-01,2024-12-31,2024-02-16,47,14,4,0,0.0,51,0,1,0.86,6298.13,123.4927,106.7479,49,2,0,261.0,130.5,0,2,0,3
ReservationForecast 2024.xls,ReservationForecast,57,2024-01-01,2024-12-31,2024-02-17,36,28,22,0,0.0,57,1,1,0.97,7532.15,132.1429,127.6635,55,3,0,380.25,126.75,0,1,0,4
ReservationForecast 2024.xls,ReservationForecast,58,2024-01-01,2024-12-31,2024-02-18,31,50,8,0,0.0,38,1,20,0.95,5260.29,138.4286,131.5072,39,0,0,0.0,0.0,0,0,0,0
ReservationForecast 2024.xls,ReservationForecast,59,2024-01-01,2024-12-31,2024-02-19,27,28,11,0,0.0,38,0,15,0.84,4646.74,122.2826,103.2608,38,0,0,0.0,0.0,0,0,0,0
ReservationForecast 2024.xls,ReservationForecast,60,2024-01-01,2024-12-31,2024-02-20,12,25,13,0,0.0,25,0,10,0.5,3130.07,125.2028,62.6014,25,0,0,0.0,0.0,0,0,0,0
ReservationForecast 2024.xls,ReservationForecast,61,2024-01-01,2024-12-31,2024-02-21,17,14,11,0,0.0,28,0,9,0.55,3697.08,132.0385,72.4917,28,0,0,0.0,0.0,0,0,0,0
ReservationForecast 2024.xls,ReservationForecast,62,2024-01-01,2024-12-31,2024-02-22,18,18,10,0,0.0,28,0,10,0.56,3606.92,128.8185,72.1384,28,0,0,0.0,0.0,0,0,0,0
ReservationForecast 2024.xls,ReservationForecast,63,2024-01-01,2024-12-31,2024-02-23,48,20,8,0,0.0,56,0,1,0.95,7072.11,126.2876,119.8662,55,1,0,164.9,164.9,0,1,0,1
ReservationForecast 2024.xls,ReservationForecast,64,2024-01-01,2024-12-31,2024-02-24,36,35,21,0,0.0,57,0,2,0.98,7868.77,138.0485,135.6684,54,3,0,494.7,164.9,0,2,0,3
ReservationForecast 2024.xls,ReservationForecast,65,2024-01-01,2024-12-31,2024-02-25,8,50,7,0,0.0,15,0,30,0.5,2129.16,141.944,70.972,15,0,0,164.9,0.0,0,0,0,0
ReservationForecast 2024.xls,ReservationForecast,66,2024-01-01,2024-12-31,2024-02-26,15,11,4,0,0.0,19,0,27,0.58,2380.3,125.2789,72.1303,19,0,0,0.0,0.0,0,0,0,0
ReservationForecast 2024.xls,ReservationForecast,67,2024-01-01,2024-12-31,2024-02-27,7,8,11,0,0.0,18,0,27,0.55,2122.6,117.9222,64.3212,18,0,0,0.0,0.0,0,0,0,0
ReservationForecast 2024.xls,ReservationForecast,68,2024-01-01,2024-12-31,2024-02-28,9,9,9,0,0.0,18,0,10,0.36,2206.91,122.6061,44.1382,18,0,0,0.0,0.0,0,0,0,0
ReservationForecast 2024.xls,ReservationForecast,69,2024-01-01,2024-12-31,2024-02-29,15,10,8,0,0.0,23,0,11,0.47,2733.93,118.8665,55.7944,23,0,0,0.0,0.0,0,0,0,0
ReservationForecast 2024.xls,ReservationForecast,70,2024-01-01,2024-12-31,2024-03-01,49,20,6,0,0.0,55,0,5,1.0,6818.1,123.9654,123.9654,55,0,0,0.0,0.0,0,0,0,0
ReservationForecast 2024.xls,ReservationForecast,71,2024-01-01,2024-12-31,2024-03-02,42,37,15,0,0.0,57,0,2,0.98,7549.37,132.445,130.1615,57,0,0,0.0,0.0,0,0,0,0
ReservationForecast 2024.xls,ReservationForecast,72,2024-01-01,2024-12-31,2024-03-03,8,50,7,0,0.0,15,0,10,0.3,1926.22,128.4146,38.5244,15,0,0,0.0,0.0,0,0,0,0
ReservationForecast 2024.xls,ReservationForecast,73,2024-01-01,2024-12-31,2024-03-04,24,10,5,0,0.0,29,0,3,0.51,3470.38,119.6682,60.8838,29,0,0,0.0,0.0,0,0,0,0
ReservationForecast 2024.xls,ReservationForecast,74,2024-01-01,2024-12-31,2024-03-05,14,11,18,0,0.0,32,0,3,0.56,3866.81,120.8378,67.8387,32,0,0,0.0,0.0,0,0,0,0
ReservationForecast 2024.xls,ReservationForecast,75,2024-01-01,2024-12-31,2024-03-06,11,8,24,0,0.0,35,0,3,0.61,4143.23,118.378,72.6882,35,0,0,0.0,0.0,0,0,0,0
ReservationForecast 2024.xls,ReservationForecast,76,2024-01-01,2024-12-31,2024-03-07,12,16,19,0,0.0,31,0,5,0.56,3721.89,120.0609,67.6707,31,0,0,0.0,0.0,0,0,0,0
ReservationForecast 2024.xls,ReservationForecast,77,2024-01-01,2024-12-31,2024-03-08,46,23,8,0,0.0,54,0,4,0.96,7156.49,132.5275,127.7944,54,0,0,0.0,0.0,0,0,0,0
ReservationForecast 2024.xls,ReservationForecast,78,2024-01-01,2024-12-31,2024-03-09,34,31,25,0,0.0,59,0,1,1.0,8080.28,136.9538,136.9538,59,0,0,0.0,0.0,0,0,0,0
ReservationForecast 2024.xls,ReservationForecast,79,2024-01-01,2024-12-31,2024-03-10,11,47,10,0,0.0,21,0,15,0.47,2587.77,123.2271,57.506,21,0,0,0.0,0.0,0,0,0,0
ReservationForecast 2024.xls,ReservationForecast,80,2024-01-01,2024-12-31,2024-03-11,8,17,4,0,0.0,12,0,11,0.24,1550.06,129.1716,31.6338,12,0,0,0.0,0.0,0,0,0,0
ReservationForecast 2024.xls,ReservationForecast,81,2024-01-01,2024-12-31,2024-03-12,23,6,6,0,0.0,29,0,5,0.53,3984.48,137.3958,72.445,29,0,0,0.0,0.0,0,0,0,0
ReservationForecast 2024.xls,ReservationForecast,82,2024-01-01,2024-12-31,2024-03-13,12,14,15,0,0.0,27,0,5,0.49,3947.35,146.1981,71.77,27,0,0,0.0,0.0,0,0,0,0
ReservationForecast 2024.xls,ReservationForecast,83,2024-01-01,2024-12-31,2024-03-14,11,17,10,0,0.0,21,0,5,0.38,2849.57,135.6938,51.8103,21,0,0,0.0,0.0,0,0,0,0
ReservationForecast 2024.xls,ReservationForecast,84,2024-01-01,2024-12-31,2024-03-15,46,13,8,0,0.0,53,1,3,0.93,7722.69,145.7111,135.4857,49,5,0,727.5,145.5,0,5,0,10
ReservationForecast 2024.xls,ReservationForecast,85,2024-01-01,2024-12-31,2024-03-16,36,33,21,0,0.0,55,2,1,0.93,8075.13,146.8205,136.8666,52,5,0,727.5,145.5,0,0,0,10
ReservationForecast 2024.xls,ReservationForecast,86,2024-01-01,2024-12-31,2024-03-17,12,41,16,0,0.0,28,0,6,0.52,3931.48,140.41,72.8051,28,0,0,0.0,0.0,0,0,0,0
ReservationForecast 2024.xls,ReservationForecast,87,2024-01-01,2024-12-31,2024-03-18,12,18,10,0,0.0,22,0,12,0.46,2997.45,136.2477,62.4468,22,0,0,0.0,0.0,0,0,0,0
ReservationForecast 2024.xls,ReservationForecast,88,2024-01-01,2024-12-31,2024-03-19,12,8,14,0,0.0,26,0,4,0.46,3325.6,127.9076,59.3857,26,0,0,0.0,0.0,0,0,0,0
ReservationForecast 2024.xls,ReservationForecast,89,2024-01-01,2024-12-31,2024-03-20,7,15,11,0,0.0,18,0,2,0.31,2472.08,137.3377,42.622,18,0,0,0.0,0.0,0,0,0,0
ReservationForecast 2024.xls,ReservationForecast,90,2024-01-01,2024-12-31,2024-03-21,9,10,8,0,0.0,17,0,2,0.29,2606.01,153.2947,44.9312,17,0,0,0.0,0.0,0,0,0,0
ReservationForecast 2024.xls,ReservationForecast,91,2024-01-01,2024-12-31,2024-03-22,47,10,7,0,0.0,54,0,2,0.93,7120.9,131.8685,122.7741,54,0,0,0.0,0.0,0,0,0,0
ReservationForecast 2024.xls,ReservationForecast,92,2024-01-01,2024-12-31,2024-03-23,44,40,14,0,0.0,58,0,1,0.98,8273.85,142.6525,140.2347,55,3,0,481.95,160.65,0,3,0,7
ReservationForecast 2024.xls,ReservationForecast,93,2024-01-01,2024-12-31,2024-03-24,16,55,3,0,0.0,19,0,19,0.46,2299.87,121.0457,56.0943,19,0,0,0.0,0.0,0,0,0,0
ReservationForecast 2024.xls,ReservationForecast,94,2024-01-01,2024-12-31,2024-03-25,8,11,8,0,0.0,16,0,14,0.35,1892.48,118.28,41.1408,16,0,0,0.0,0.0,0,0,0,0
ReservationForecast 2024.xls,ReservationForecast,95,2024-01-01,2024-12-31,2024-03-26,12,8,8,0,0.0,20,0,4,0.36,2560.41,128.0205,45.7216,20,0,0,0.0,0.0,0,0,0,0
ReservationForecast 2024.xls,ReservationForecast,96,2024-01-01,2024-12-31,2024-03-27,11,10,10,0,0.0,21,0,6,0.39,2856.3,136.0142,52.8944,21,0,0,0.0,0.0,0,0,0,0
ReservationForecast 2024.xls,ReservationForecast,97,2024-01-01,2024-12-31,2024-03-28,19,17,4,0,0.0,23,0,9,0.45,2622.95,114.0413,51.4303,23,0,0,0.0,0.0,0,0,0,0
ReservationForecast 2024.xls,ReservationForecast,98,2024-01-01,2024-12-31,2024-03-29,46,14,9,0,0.0,55,0,3,0.96,7148.58,129.9741,125.4136,55,0,0,0.0,0.0,0,0,0,0
ReservationForecast 2024.xls,ReservationForecast,99,2024-01-01,2024-12-31,2024-03-30,31,34,21,0,0.0,52,0,3,0.91,9611.6,184.8384,168.6245,52,0,0,275.75,0.0,0,0,0,0
ReservationForecast 2024.xls,ReservationForecast,100,2024-01-01,2024-12-31,2024-03-31,6,40,12,0,0.0,18,0,13,0.38,2411.63,133.9794,51.3112,18,0,0,200.25,0.0,0,0,0,0
ReservationForecast 2024.xls,ReservationForecast,101,2024-01-01,2024-12-31,2024-04-01,11,14,4,0,0.0,15,0,11,0.31,1933.09,128.8726,39.4508,15,0,0,0.0,0.0,0,0,0,0
ReservationForecast 2024.xls,ReservationForecast,102,2024-01-01,2024-12-31,2024-04-02,16,8,7,0,0.0,23,0,3,0.4,2696.9,117.2565,47.314,23,0,0,0.0,0.0,0,0,0,0
ReservationForecast 2024.xls,ReservationForecast,103,2024-01-01,2024-12-31,2024-04-03,24,12,11,0,0.0,35,0,3,0.61,4032.92,115.2262,70.7529,35,0,0,0.0,0.0,0,0,0,0
ReservationForecast 2024.xls,ReservationForecast,104,2024-01-01,2024-12-31,2024-04-04,14,22,13,0,0.0,27,0,3,0.47,2923.63,108.2825,51.2917,27,0,0,0.0,0.0,0,0,0,0
ReservationForecast 2024.xls,ReservationForecast,105,2024-01-01,2024-12-31,2024-04-05,51,18,9,0,0.0,60,0,0,1.0,9332.75,155.5458,155.5458,60,0,0,0.0,0.0,0,0,0,0
ReservationForecast 2024.xls,ReservationForecast,106,2024-01-01,2024-12-31,2024-04-06,32,33,28,0,0.0,60,0,0,1.0,8237.93,137.2988,137.2988,55,5,0,567.0,113.4,0,5,0,12
ReservationForecast 2024.xls,ReservationForecast,107,2024-01-01,2024-12-31,2024-04-07,21,49,10,0,0.0,31,0,2,0.53,3767.97,121.5474,64.965,31,0,0,0.0,0.0,0,0,0,0
ReservationForecast 2024.xls,ReservationForecast,108,2024-01-01,2024-12-31,2024-04-08,27,23,8,0,0.0,35,0,12,0.73,4614.14,131.8325,96.1279,35,0,0,0.0,0.0,0,0,0,0
ReservationForecast 2024.xls,ReservationForecast,109,2024-01-01,2024-12-31,2024-04-09,15,29,7,0,0.0,22,0,3,0.39,3047.95,138.5431,53.4728,22,0,0,0.0,0.0,0,0,0,0
ReservationForecast 2024.xls,ReservationForecast,110,2024-01-01,2024-12-31,2024-04-10,15,18,3,0,0.0,18,0,2,0.31,2239.96,124.4422,38.62,18,0,0,0.0,0.0,0,0,0,0
ReservationForecast 2024.xls,ReservationForecast,111,2024-01-01,2024-12-31,2024-04-11,14,11,7,0,0.0,21,0,3,0.37,2616.85,124.6119,45.9096,21,0,0,0.0,0.0,0,0,0,0
ReservationForecast 2024.xls,ReservationForecast,112,2024-01-01,2024-12-31,2024-04-12,50,12,9,0,0.0,59,0,1,1.0,8271.13,140.1886,140.1886,46,13,0,1749.15,134.55,0,13,0,23
ReservationForecast 2024.xls,ReservationForecast,113,2024-01-01,2024-12-31,2024-04-13,35,34,25,0,0.0,60,0,0,1.0,8439.14,140.6523,140.6523,40,20,0,2832.51,141.6255,0,9,0,39
ReservationForecast 2024.xls,ReservationForecast,114,2024-01-01,2024-12-31,2024-04-14,24,52,8,0,0.0,32,0,3,0.56,4411.8,137.8687,77.4,31,1,0,188.1,188.1,0,0,0,2
ReservationForecast 2024.xls,ReservationForecast,115,2024-01-01,2024-12-31,2024-04-15,24,27,5,0,0.0,29,0,12,0.6,3778.64,130.2979,78.7216,29,0,0,0.0,0.0,0,0,0,0
ReservationForecast 2024.xls,ReservationForecast,116,2024-01-01,2024-12-31,2024-04-16,24,21,8,0,0.0,32,0,6,0.59,3896.27,121.7584,72.1531,32,0,0,0.0,0.0,0,0,0,0
ReservationForecast 2024.xls,ReservationForecast,117,2024-01-01,2024-12-31,2024-04-17,20,23,9,0,0.0,29,0,2,0.5,3511.05,121.0706,60.5353,29,0,0,0.0,0.0,0,0,0,0
ReservationForecast 2024.xls,ReservationForecast,118,2024-01-01,2024-12-31,2024-04-18,28,16,13,0,0.0,41,0,2,0.71,5493.65,133.9914,94.7181,35,6,0,684.0,114.0,0,6,0,12
ReservationForecast 2024.xls,ReservationForecast,119,2024-01-01,2024-12-31,2024-04-19,50,33,8,0,0.0,58,0,0,0.97,10002.46,172.4562,166.7076,37,21,0,2798.6,133.2666,0,16,0,46
ReservationForecast 2024.xls,ReservationForecast,120,2024-01-01,2024-12-31,2024-04-20,27,27,31,0,0.0,58,0,0,0.97,8468.42,146.0072,141.1403,36,22,0,2981.85,135.5386,0,9,0,45
ReservationForecast 2024.xls,ReservationForecast,121,2024-01-01,2024-12-31,2024-04-21,25,54,4,0,0.0,29,0,6,0.54,3561.62,122.8144,65.9559,29,0,0,25.0,0.0,0,0,0,0
ReservationForecast 2024.xls,ReservationForecast,122,2024-01-01,2024-12-31,2024-04-22,16,17,12,0,0.0,28,0,12,0.58,3653.01,130.4646,76.1043,28,0,0,0.0,0.0,0,0,0,0
ReservationForecast 2024.xls,ReservationForecast,123,2024-01-01,2024-12-31,2024-04-23,14,18,10,0,0.0,24,0,5,0.44,2819.86,117.4941,51.2701,24,0,0,0.0,0.0,0,0,0,0
ReservationForecast 2024.xls,ReservationForecast,124,2024-01-01,2024-12-31,2024-04-24,17,17,7,0,0.0,24,0,3,0.42,3231.8,134.6583,56.6982,24,0,0,0.0,0.0,0,0,0,0
ReservationForecast 2024.xls,ReservationForecast,125,2024-01-01,2024-12-31,2024-04-25,26,17,7,0,0.0,33,0,1,0.56,4384.31,132.8578,74.3103,32,1,0,145.0,145.0,0,1,0,3
ReservationForecast 2024.xls,ReservationForecast,126,2024-01-01,2024-12-31,2024-04-26,48,23,10,0,0.0,58,0,0,0.97,8594.65,148.1836,143.2441,55,3,0,414.0,138.0,0,2,0,7
ReservationForecast 2024.xls,ReservationForecast,127,2024-01-01,2024-12-31,2024-04-27,36,34,24,0,0.0,60,0,0,1.0,8604.37,143.4061,143.4061,51,9,0,1197.0,133.0,0,6,0,16
ReservationForecast 2024.xls,ReservationForecast,128,2024-01-01,2024-12-31,2024-04-28,12,52,8,0,0.0,20,0,17,0.47,2395.31,119.7655,55.7048,20,0,0,0.0,0.0,0,0,0,0
ReservationForecast 2024.xls,ReservationForecast,129,2024-01-01,2024-12-31,2024-04-29,18,15,5,0,0.0,23,0,2,0.4,2870.83,124.8186,49.497,23,0,0,0.0,0.0,0,0,0,0
ReservationForecast 2024.xls,ReservationForecast,130,2024-01-01,2024-12-31,2024-04-30,16,15,8,0,0.0,24,0,3,0.42,2844.43,118.5179,49.9022,23,1,0,212.5,212.5,0,1,0,1
ReservationForecast 2024.xls,ReservationForecast,131,2024-01-01,2024-12-31,2024-05-01,18,13,11,0,0.0,29,0,5,0.53,4684.46,161.5331,85.172,26,3,0,637.5,212.5,0,2,0,4
ReservationForecast 2024.xls,ReservationForecast,132,2024-01-01,2024-12-31,2024-05-02,29,20,9,0,0.0,38,0,5,0.69,7309.52,192.3557,132.9003,27,11,0,2499.82,227.2563,0,9,0,25
ReservationForecast 2024.xls,ReservationForecast,133,2024-01-01,2024-12-31,2024-05-03,38,17,21,0,0.0,59,0,0,0.98,12566.08,212.9844,209.4346,40,19,0,4245.56,223.4505,0,10,0,44
ReservationForecast 2024.xls,ReservationForecast,134,2024-01-01,2024-12-31,2024-05-04,28,29,30,0,0.0,58,0,0,0.97,12274.63,211.6315,204.5771,50,8,0,1748.91,218.6137,0,3,0,17
ReservationForecast 2024.xls,ReservationForecast,135,2024-01-01,2024-12-31,2024-05-05,15,56,2,0,0.0,17,0,10,0.34,3026.45,178.0264,60.529,16,1,0,446.41,446.41,0,0,0,2
ReservationForecast 2024.xls,ReservationForecast,136,2024-01-01,2024-12-31,2024-05-06,13,12,5,0,0.0,18,0,4,0.32,3020.99,167.8327,53.9462,18,0,0,0.0,0.0,0,0,0,0
ReservationForecast 2024.xls,ReservationForecast,137,2024-01-01,2024-12-31,2024-05-07,7,9,9,0,0.0,16,0,2,0.28,2349.66,146.8537,40.5113,16,0,0,0.0,0.0,0,0,0,0
ReservationForecast 2024.xls,ReservationForecast,138,2024-01-01,2024-12-31,2024-05-08,11,12,4,0,0.0,15,0,4,0.27,1948.91,129.9273,34.8019,15,0,0,0.0,0.0,0,0,0,0
ReservationForecast 2024.xls,ReservationForecast,139,2024-01-01,2024-12-31,2024-05-09,13,7,8,0,0.0,21,0,2,0.36,2943.55,140.169,50.7508,21,0,0,0.0,0.0,0,0,0,0
ReservationForecast 2024.xls,ReservationForecast,140,2024-01-01,2024-12-31,2024-05-10,30,15,6,0,0.0,36,0,3,0.63,6203.81,172.328,108.8387,36,0,0,0.0,0.0,0,0,0,0
ReservationForecast 2024.xls,ReservationForecast,141,2024-01-01,2024-12-31,2024-05-11,42,23,13,0,0.0,54,1,2,0.93,11160.53,206.6764,192.4229,55,0,0,0.0,0.0,0,0,0,0
ReservationForecast 2024.xls,ReservationForecast,142,2024-01-01,2024-12-31,2024-05-12,15,53,4,0,0.0,19,0,10,0.38,2403.31,126.49,48.0662,19,0,0,0.0,0.0,0,0,0,0
ReservationForecast 2024.xls,ReservationForecast,143,2024-01-01,2024-12-31,2024-05-13,18,7,10,0,0.0,28,0,5,0.51,3565.3,127.3321,64.8236,28,0,0,0.0,0.0,0,0,0,0
ReservationForecast 2024.xls,ReservationForecast,144,2024-01-01,2024-12-31,2024-05-14,11,17,11,0,0.0,22,0,2,0.38,2954.63,134.3013,50.9418,22,0,0,0.0,0.0,0,0,0,0
ReservationForecast 2024.xls,ReservationForecast,145,2024-01-01,2024-12-31,2024-05-15,20,12,10,0,0.0,30,0,1,0.51,4378.28,145.9426,74.2081,30,0,0,0.0,0.0,0,0,0,0
ReservationForecast 2024.xls,ReservationForecast,146,2024-01-01,2024-12-31,2024-05-16,45,20,10,0,0.0,55,0,2,0.95,10785.19,196.0943,185.9515,55,0,0,0.0,0.0,0,0,0,0
ReservationForecast 2024.xls,ReservationForecast,147,2024-01-01,2024-12-31,2024-05-17,48,45,10,0,0.0,58,0,0,0.97,13843.99,238.6894,230.7331,57,1,0,230.25,230.25,0,1,0,2
ReservationForecast 2024.xls,ReservationForecast,148,2024-01-01,2024-12-31,2024-05-18,35,34,24,0,0.0,59,0,0,0.98,15236.22,258.241,253.937,48,11,0,2452.5,222.9545,0,10,0,20
ReservationForecast 2024.xls,ReservationForecast,149,2024-01-01,2024-12-31,2024-05-19,33,53,6,0,0.0,39,0,15,0.87,6769.43,173.5751,150.4317,38,1,0,208.5,208.5,0,0,0,2
ReservationForecast 2024.xls,ReservationForecast,150,2024-01-01,2024-12-31,2024-05-20,11,30,9,0,0.0,20,0,23,0.54,3405.76,170.288,92.0475,20,0,0,0.0,0.0,0,0,0,0
ReservationForecast 2024.xls,ReservationForecast,151,2024-01-01,2024-12-31,2024-05-21,13,13,7,0,0.0,20,0,3,0.35,2470.53,123.5265,43.3426,20,0,0,0.0,0.0,0,0,0,0
ReservationForecast 2024.xls,ReservationForecast,152,2024-01-01,2024-12-31,2024-05-22,7,6,14,0,0.0,21,0,2,0.36,2620.25,124.7738,45.1767,21,0,0,0.0,0.0,0,0,0,0
ReservationForecast 2024.xls,ReservationForecast,153,2024-01-01,2024-12-31,2024-05-23,15,13,8,0,0.0,23,0,3,0.4,3449.41,149.9743,60.5159,20,3,0,657.75,219.25,0,3,0,7
ReservationForecast 2024.xls,ReservationForecast,154,2024-01-01,2024-12-31,2024-05-24,51,14,9,0,0.0,60,0,0,1.0,12728.35,212.1391,212.1391,42,18,0,3950.25,219.4583,0,15,0,41
ReservationForecast 2024.xls,ReservationForecast,155,2024-01-01,2024-12-31,2024-05-25,26,27,33,0,0.0,59,0,0,0.98,13334.83,226.014,222.2471,28,31,0,6755.25,217.9112,0,13,0,70
ReservationForecast 2024.xls,ReservationForecast,156,2024-01-01,2024-12-31,2024-05-26,43,55,4,0,0.0,47,0,10,0.94,7700.55,163.8414,154.011,37,10,0,1961.25,196.125,0,10,0,22
ReservationForecast 2024.xls,ReservationForecast,157,2024-01-01,2024-12-31,2024-05-27,4,38,9,0,0.0,13,0,7,0.25,1869.17,143.7823,35.2673,13,0,0,0.0,0.0,0,0,0,0
ReservationForecast 2024.xls,ReservationForecast,158,2024-01-01,2024-12-31,2024-05-28,13,12,1,0,0.0,14,0,1,0.24,1773.81,126.7007,30.0645,14,0,0,0.0,0.0,0,0,0,0
ReservationForecast 2024.xls,ReservationForecast,159,2024-01-01,2024-12-31,2024-05-29,12,5,9,0,0.0,21,0,0,0.35,2747.88,130.8514,45.798,21,0,0,0.0,0.0,0,0,0,0
ReservationForecast 2024.xls,ReservationForecast,160,2024-01-01,2024-12-31,2024-05-30,24,14,7,0,0.0,31,0,0,0.52,4390.36,141.6245,73.1726,29,2,0,445.5,222.75,0,2,0,4
ReservationForecast 2024.xls,ReservationForecast,161,2024-01-01,2024-12-31,2024-05-31,53,26,5,0,0.0,58,0,0,0.97,12160.07,209.6563,202.6678,17,41,0,9028.47,220.2065,0,39,0,80
ReservationForecast 2024.xls,ReservationForecast,162,2024-01-01,2024-12-31,2024-06-01,20,18,40,0,0.0,60,0,0,1.0,11390.23,189.8371,189.8371,12,48,0,9284.75,193.4322,0,16,0,100
ReservationForecast 2024.xls,ReservationForecast,163,2024-01-01,2024-12-31,2024-06-02,13,53,7,0,0.0,20,0,31,0.69,2607.39,130.3695,89.91,17,3,0,649.55,216.5166,0,0,0,10
ReservationForecast 2024.xls,ReservationForecast,164,2024-01-01,2024-12-31,2024-06-03,17,13,7,0,0.0,24,0,19,0.59,3284.0,136.8333,80.0975,24,0,0,0.0,0.0,0,0,0,0
ReservationForecast 2024.xls,ReservationForecast,165,2024-01-01,2024-12-31,2024-06-04,35,14,10,0,0.0,45,0,3,0.79,6814.5,151.4333,119.5526,45,0,0,0.0,0.0,0,0,0,0
ReservationForecast 2024.xls,ReservationForecast,166,2024-01-01,2024-12-31,2024-06-05,32,20,25,0,0.0,56,1,3,0.98,8699.6,155.35,152.6245,57,0,0,0.0,0.0,0,0,0,0
ReservationForecast 2024.xls,ReservationForecast,167,2024-01-01,2024-12-31,2024-06-06,37,52,5,0,0.0,42,0,12,0.88,7201.63,171.4673,150.0339,20,22,0,4430.25,201.375,0,22,0,41
ReservationForecast 2024.xls,ReservationForecast,168,2024-01-01,2024-12-31,2024-06-07,34,17,25,0,0.0,59,0,0,0.98,12033.31,203.9544,200.5551,11,48,0,9647.25,200.9843,0,26,0,95
ReservationForecast 2024.xls,ReservationForecast,169,2024-01-01,2024-12-31,2024-06-08,33,32,27,0,0.0,60,0,0,1.0,12606.87,210.1145,210.1145,19,41,0,8289.0,202.1707,0,16,0,82
ReservationForecast 2024.xls,ReservationForecast,170,2024-01-01,2024-12-31,2024-06-09,8,60,0,0,0.0,8,0,11,0.16,874.48,109.31,17.8465,8,0,0,-75.0,0.0,0,0,0,0
ReservationForecast 2024.xls,ReservationForecast,171,2024-01-01,2024-12-31,2024-06-10,29,8,0,0,0.0,29,0,5,0.53,3584.46,123.602,65.172,29,0,0,0.0,0.0,0,0,0,0
ReservationForecast 2024.xls,ReservationForecast,172,2024-01-01,2024-12-31,2024-06-11,18,8,21,0,0.0,39,0,4,0.7,5093.75,130.6089,90.9598,39,0,0,0.0,0.0,0,0,0,0
ReservationForecast 2024.xls,ReservationForecast,173,2024-01-01,2024-12-31,2024-06-12,15,18,21,0,0.0,36,0,4,0.64,4663.98,129.555,83.2853,35,1,0,212.5,212.5,0,1,0,2
ReservationForecast 2024.xls,ReservationForecast,174,2024-01-01,2024-12-31,2024-06-13,13,13,23,0,0.0,36,0,3,0.63,5326.26,147.9516,93.4431,33,3,0,706.35,235.45,0,2,0,7
ReservationForecast 2024.xls,ReservationForecast,175,2024-01-01,2024-12-31,2024-06-14,50,28,8,0,0.0,58,0,0,0.97,11467.64,197.7179,191.1273,35,23,0,4735.85,205.9065,0,20,0,48
ReservationForecast 2024.xls,ReservationForecast,176,2024-01-01,2024-12-31,2024-06-15,29,27,31,0,0.0,60,0,0,1.0,12259.3,204.3216,204.3216,28,32,0,6440.5,201.2656,0,12,0,67
ReservationForecast 2024.xls,ReservationForecast,177,2024-01-01,2024-12-31,2024-06-16,9,58,2,0,0.0,11,0,20,0.28,1541.14,140.1036,38.5285,11,0,0,0.0,0.0,0,0,0,0
ReservationForecast 2024.xls,ReservationForecast,178,2024-01-01,2024-12-31,2024-06-17,12,6,5,0,0.0,17,0,4,0.3,2517.28,148.0752,44.9514,17,0,0,0.0,0.0,0,0,0,0
ReservationForecast 2024.xls,ReservationForecast,179,2024-01-01,2024-12-31,2024-06-18,11,10,7,0,0.0,18,0,3,0.32,2184.36,121.3533,38.3221,18,0,0,0.0,0.0,0,0,0,0
ReservationForecast 2024.xls,ReservationForecast,180,2024-01-01,2024-12-31,2024-06-19,17,12,6,0,0.0,23,0,2,0.4,3117.11,135.5265,53.7432,22,1,0,208.5,208.5,0,1,0,2
ReservationForecast 2024.xls,ReservationForecast,181,2024-01-01,2024-12-31,2024-06-20,46,16,7,0,0.0,53,0,2,0.91,9140.85,172.4688,157.6008,25,28,0,5600.24,200.0085,0,27,0,51
ReservationForecast 2024.xls,ReservationForecast,182,2024-01-01,2024-12-31,2024-06-21,31,25,29,0,0.0,60,0,0,1.0,12281.77,204.6961,204.6961,6,54,0,10870.52,201.3059,0,26,0,100
ReservationForecast 2024.xls,ReservationForecast,183,2024-01-01,2024-12-31,2024-06-22,43,44,15,0,0.0,58,0,0,0.97,12358.69,213.0808,205.9781,23,35,0,7320.18,209.148,0,21,0,74
ReservationForecast 2024.xls,ReservationForecast,184,2024-01-01,2024-12-31,2024-06-23,22,48,11,0,0.0,33,0,5,0.6,5346.07,162.0021,97.2012,21,12,0,2411.1,200.925,0,3,0,25
ReservationForecast 2024.xls,ReservationForecast,185,2024-01-01,2024-12-31,2024-06-24,14,24,8,0,0.0,22,0,3,0.39,2646.58,120.299,46.4312,22,0,0,0.0,0.0,0,0,0,0
ReservationForecast 2024.xls,ReservationForecast,186,2024-01-01,2024-12-31,2024-06-25,26,16,6,0,0.0,32,0,3,0.56,4192.76,131.0237,73.5571,32,0,0,0.0,0.0,0,0,0,0
ReservationForecast 2024.xls,ReservationForecast,187,2024-01-01,2024-12-31,2024-06-26,21,11,21,0,0.0,42,0,2,0.72,6045.9,143.95,104.2396,36,6,0,1206.6,201.1,0,6,0,11
ReservationForecast 2024.xls,ReservationForecast,188,2024-01-01,2024-12-31,2024-06-27,18,27,15,0,0.0,33,0,6,0.61,5272.56,159.7745,97.64,20,13,0,2590.5,199.2692,0,7,0,26
ReservationForecast 2024.xls,ReservationForecast,189,2024-01-01,2024-12-31,2024-06-28,46,20,13,0,0.0,59,0,0,0.98,12027.92,203.863,200.4653,4,55,0,11200.5,203.6454,0,43,0,115
ReservationForecast 2024.xls,ReservationForecast,190,2024-01-01,2024-12-31,2024-06-29,16,16,43,0,0.0,59,0,0,0.98,12464.93,211.27,207.7488,15,44,0,8953.0,203.4772,0,3,0,91
ReservationForecast 2024.xls,ReservationForecast,191,2024-01-01,2024-12-31,2024-06-30,18,57,2,0,0.0,20,0,29,0.65,3092.99,154.6495,99.7738,20,0,0,198.0,0.0,0,0,0,0
ReservationForecast 2024.xls,ReservationForecast,192,2024-01-01,2024-12-31,2024-07-01,10,16,4,0,0.0,14,0,7,0.26,1921.22,137.23,36.2494,14,0,0,0.0,0.0,0,0,0,0
ReservationForecast 2024.xls,ReservationForecast,193,2024-01-01,2024-12-31,2024-07-02,11,8,6,0,0.0,17,0,2,0.29,2173.21,127.8358,37.4691,17,0,0,0.0,0.0,0,0,0,0
ReservationForecast 2024.xls,ReservationForecast,194,2024-01-01,2024-12-31,2024-07-03,14,8,9,0,0.0,23,0,1,0.39,3047.35,132.4934,51.65,23,0,0,0.0,0.0,0,0,0,0
ReservationForecast 2024.xls,ReservationForecast,195,2024-01-01,2024-12-31,2024-07-04,15,12,11,0,0.0,26,0,1,0.44,3382.23,130.0857,57.3259,26,0,0,0.0,0.0,0,0,0,0
ReservationForecast 2024.xls,ReservationForecast,196,2024-01-01,2024-12-31,2024-07-05,53,20,6,0,0.0,59,0,1,1.0,10145.8,171.9627,171.9627,46,13,0,2824.67,217.2823,0,13,0,24
ReservationForecast 2024.xls,ReservationForecast,197,2024-01-01,2024-12-31,2024-07-06,31,31,28,0,0.0,59,0,1,1.0,11957.18,202.664,202.664,42,17,0,3744.57,220.2688,0,4,0,32
ReservationForecast 2024.xls,ReservationForecast,198,2024-01-01,2024-12-31,2024-07-07,20,57,2,0,0.0,22,0,30,0.73,2974.57,135.2077,99.1523,22,0,0,-24.4,0.0,0,0,0,0
ReservationForecast 2024.xls,ReservationForecast,199,2024-01-01,2024-12-31,2024-07-08,16,11,11,0,0.0,27,0,14,0.59,3285.81,121.6966,71.4306,27,0,0,0.0,0.0,0,0,0,0
ReservationForecast 2024.xls,ReservationForecast,200,2024-01-01,2024-12-31,2024-07-09,18,12,15,0,0.0,33,0,1,0.56,4691.26,142.1593,79.5128,33,0,0,0.0,0.0,0,0,0,0
ReservationForecast 2024.xls,ReservationForecast,201,2024-01-01,2024-12-31,2024-07-10,19,12,21,0,0.0,40,0,2,0.69,6268.4,156.71,108.0758,34,6,0,1322.6,220.4333,0,6,0,14
ReservationForecast 2024.xls,ReservationForecast,202,2024-01-01,2024-12-31,2024-07-11,26,16,24,0,0.0,50,0,2,0.86,8434.49,168.6898,145.4222,37,13,0,2837.75,218.2884,0,7,0,29
ReservationForecast 2024.xls,ReservationForecast,203,2024-01-01,2024-12-31,2024-07-12,34,26,24,0,0.0,58,0,1,0.98,11437.19,197.1929,193.8506,43,15,0,3362.0,224.1333,0,8,0,35
ReservationForecast 2024.xls,ReservationForecast,204,2024-01-01,2024-12-31,2024-07-13,35,33,25,0,0.0,60,0,0,1.0,11806.01,196.7668,196.7668,44,16,0,3505.55,219.0968,0,9,0,36
ReservationForecast 2024.xls,ReservationForecast,205,2024-01-01,2024-12-31,2024-07-14,17,52,8,0,0.0,25,0,28,0.78,3381.33,135.2532,105.6665,24,1,0,208.5,208.5,0,0,0,2
ReservationForecast 2024.xls,ReservationForecast,206,2024-01-01,2024-12-31,2024-07-15,15,12,13,0,0.0,28,0,18,0.67,3694.94,131.9621,87.9747,28,0,0,0.0,0.0,0,0,0,0
ReservationForecast 2024.xls,ReservationForecast,207,2024-01-01,2024-12-31,2024-07-16,21,13,15,0,0.0,36,0,6,0.67,4570.89,126.9691,84.6461,36,0,0,0.0,0.0,0,0,0,0
ReservationForecast 2024.xls,ReservationForecast,208,2024-01-01,2024-12-31,2024-07-17,17,26,10,0,0.0,27,0,7,0.51,3741.8,138.5851,70.6,27,0,0,0.0,0.0,0,0,0,0
ReservationForecast 2024.xls,ReservationForecast,209,2024-01-01,2024-12-31,2024-07-18,24,19,8,0,0.0,32,0,5,0.58,4221.6,131.925,76.7563,31,1,0,198.0,198.0,0,1,0,2
ReservationForecast 2024.xls,ReservationForecast,210,2024-01-01,2024-12-31,2024-07-19,55,28,4,0,0.0,59,0,0,0.98,11439.97,193.8977,190.6661,40,19,0,3884.33,204.4384,0,18,0,45
ReservationForecast 2024.xls,ReservationForecast,211,2024-01-01,2024-12-31,2024-07-20,28,27,32,0,0.0,60,0,0,1.0,12192.84,203.214,203.214,26,34,0,6984.67,205.4314,0,15,0,73
ReservationForecast 2024.xls,ReservationForecast,212,2024-01-01,2024-12-31,2024-07-21,35,54,6,0,0.0,41,0,9,0.8,5250.82,128.0687,102.9572,35,6,0,1209.85,201.6416,0,2,0,12
ReservationForecast 2024.xls,ReservationForecast,213,2024-01-01,2024-12-31,2024-07-22,21,17,24,0,0.0,45,0,1,0.76,5560.01,123.5557,94.2374,45,0,0,0.0,0.0,0,0,0,0
ReservationForecast 2024.xls,ReservationForecast,214,2024-01-01,2024-12-31,2024-07-23,29,23,23,0,0.0,52,0,4,0.93,6697.82,128.8042,119.6039,52,0,0,0.0,0.0,0,0,0,0
ReservationForecast 2024.xls,ReservationForecast,215,2024-01-01,2024-12-31,2024-07-24,36,30,21,0,0.0,57,0,2,0.98,7960.74,139.6621,137.2541,57,0,0,0.0,0.0,0,0,0,0
ReservationForecast 2024.xls,ReservationForecast,216,2024-01-01,2024-12-31,2024-07-25,36,35,22,0,0.0,58,0,1,0.98,7503.74,129.3748,127.182,57,1,0,250.2,250.2,0,1,0,2
ReservationForecast 2024.xls,ReservationForecast,217,2024-01-01,2024-12-31,2024-07-26,48,47,12,0,0.0,60,0,1,,11321.01,188.6835,191.8815,44,16,0,3589.29,224.3306,0,15,0,32
ReservationForecast 2024.xls,ReservationForecast,218,2024-01-01,2024-12-31,2024-07-27,24,23,36,0,0.0,60,0,0,1.0,12359.3,205.9883,205.9883,41,19,0,4183.02,220.1589,0,3,0,38
ReservationForecast 2024.xls,ReservationForecast,219,2024-01-01,2024-12-31,2024-07-28,23,55,5,0,0.0,28,0,25,0.8,4232.8,151.1714,120.9371,27,1,0,109.0,109.0,0,1,0,1
ReservationForecast 2024.xls,ReservationForecast,220,2024-01-01,2024-12-31,2024-07-29,15,21,7,0,0.0,22,0,22,0.58,2638.07,119.9122,69.4228,21,1,0,109.0,109.0,0,0,0,1
ReservationForecast 2024.xls,ReservationForecast,221,2024-01-01,2024-12-31,2024-07-30,19,14,8,0,0.0,27,0,2,0.47,3304.63,122.3937,56.9763,26,1,0,109.0,109.0,0,0,0,1
ReservationForecast 2024.xls,ReservationForecast,222,2024-01-01,2024-12-31,2024-07-31,31,18,9,0,0.0,40,0,4,0.71,4964.13,124.1032,88.6451,39,1,0,208.5,208.5,0,1,0,2
ReservationForecast 2024.xls,ReservationForecast,223,2024-01-01,2024-12-31,2024-08-01,15,22,18,0,0.0,33,0,4,0.59,4530.5,137.2878,80.9017,30,3,0,604.5,201.5,0,2,0,6
ReservationForecast 2024.xls,ReservationForecast,224,2024-01-01,2024-12-31,2024-08-02,51,24,9,0,0.0,60,0,0,1.0,11478.61,191.3101,191.3101,34,26,0,5285.25,203.2788,0,23,0,46
ReservationForecast 2024.xls,ReservationForecast,225,2024-01-01,2024-12-31,2024-08-03,25,25,35,0,0.0,60,0,0,1.0,12486.36,208.106,208.106,18,42,0,8808.45,209.725,0,17,0,78
ReservationForecast 2024.xls,ReservationForecast,226,2024-01-01,2024-12-31,2024-08-04,19,57,3,0,0.0,22,0,29,0.71,2613.03,118.774,84.2912,21,1,0,248.2,248.2,0,0,0,1
ReservationForecast 2024.xls,ReservationForecast,227,2024-01-01,2024-12-31,2024-08-05,17,15,7,0,0.0,24,0,19,0.59,2874.0,119.75,70.0975,24,0,0,0.0,0.0,0,0,0,0
ReservationForecast 2024.xls,ReservationForecast,228,2024-01-01,2024-12-31,2024-08-06,26,20,4,0,0.0,30,0,10,0.6,3472.31,115.7436,69.4462,30,0,0,0.0,0.0,0,0,0,0
ReservationForecast 2024.xls,ReservationForecast,229,2024-01-01,2024-12-31,2024-08-07,29,23,8,0,0.0,37,0,7,0.7,4763.37,128.7397,89.8749,37,0,0,0.0,0.0,0,0,0,0
ReservationForecast 2024.xls,ReservationForecast,230,2024-01-01,2024-12-31,2024-08-08,30,25,11,0,0.0,41,0,7,0.77,4684.65,114.2597,88.3896,41,0,0,0.0,0.0,0,0,0,0
ReservationForecast 2024.xls,ReservationForecast,231,2024-01-01,2024-12-31,2024-08-09,41,26,15,0,0.0,55,1,1,0.93,9352.34,170.0425,158.5142,53,3,0,644.0,214.6666,0,3,0,5
ReservationForecast 2024.xls,ReservationForecast,232,2024-01-01,2024-12-31,2024-08-10,30,28,29,0,0.0,59,0,0,0.98,10545.38,178.7352,175.7563,51,8,0,1563.0,195.375,0,5,0,14
ReservationForecast 2024.xls,ReservationForecast,233,2024-01-01,2024-12-31,2024-08-11,19,51,7,0,0.0,26,0,21,0.67,3350.16,128.8523,85.9015,25,1,0,158.1,158.1,0,1,0,2
ReservationForecast 2024.xls,ReservationForecast,234,2024-01-01,2024-12-31,2024-08-12,20,16,11,0,0.0,31,0,11,0.63,4251.04,137.1303,86.7559,30,1,0,158.1,158.1,0,0,0,2
ReservationForecast 2024.xls,ReservationForecast,235,2024-01-01,2024-12-31,2024-08-13,43,21,9,0,0.0,52,0,6,0.96,7087.3,136.2942,131.2462,52,0,0,0.0,0.0,0,0,0,0
ReservationForecast 2024.xls,ReservationForecast,236,2024-01-01,2024-12-31,2024-08-14,29,45,7,0,0.0,36,0,9,0.71,5103.85,141.7736,100.0754,34,2,0,403.2,201.6,0,2,0,3
ReservationForecast 2024.xls,ReservationForecast,237,2024-01-01,2024-12-31,2024-08-15,37,23,13,0,0.0,50,0,5,0.91,7106.92,142.1384,129.2167,41,9,0,1977.9,219.7666,0,7,0,19
ReservationForecast 2024.xls,ReservationForecast,238,2024-01-01,2024-12-31,2024-08-16,39,29,21,0,0.0,60,0,0,1.0,11624.98,193.7496,193.7496,32,28,0,5932.59,211.8782,0,19,0,61
ReservationForecast 2024.xls,ReservationForecast,239,2024-01-01,2024-12-31,2024-08-17,26,26,34,0,0.0,60,0,0,1.0,12389.44,206.4906,206.4906,23,37,0,7602.66,205.4772,0,10,0,77
ReservationForecast 2024.xls,ReservationForecast,240,2024-01-01,2024-12-31,2024-08-18,23,58,2,0,0.0,25,0,25,0.71,3058.04,122.3216,87.3725,24,1,0,173.7,173.7,0,0,0,2
ReservationForecast 2024.xls,ReservationForecast,241,2024-01-01,2024-12-31,2024-08-19,26,18,7,0,0.0,33,0,6,0.61,3870.82,117.2975,71.6818,33,0,0,0.0,0.0,0,0,0,0
ReservationForecast 2024.xls,ReservationForecast,242,2024-01-01,2024-12-31,2024-08-20,20,26,7,0,0.0,27,0,9,0.53,3728.31,138.0855,73.1041,27,0,0,0.0,0.0,0,0,0,0
ReservationForecast 2024.xls,ReservationForecast,243,2024-01-01,2024-12-31,2024-08-21,25,14,13,0,0.0,38,0,7,0.72,4435.3,116.7184,83.6849,35,3,0,663.8,221.2666,0,3,0,6
ReservationForecast 2024.xls,ReservationForecast,244,2024-01-01,2024-12-31,2024-08-22,30,23,15,0,0.0,45,0,5,0.82,6410.7,142.46,116.5581,33,12,0,2710.6,225.8833,0,9,0,22
ReservationForecast 2024.xls,ReservationForecast,245,2024-01-01,2024-12-31,2024-08-23,47,33,13,0,0.0,60,0,0,1.0,12413.59,206.8931,206.8931,13,47,0,9926.7,211.2063,0,37,0,93
ReservationForecast 2024.xls,ReservationForecast,246,2024-01-01,2024-12-31,2024-08-24,28,27,32,0,0.0,60,0,0,1.0,12895.58,214.9263,214.9263,17,43,0,9207.35,214.1244,0,13,0,86
ReservationForecast 2024.xls,ReservationForecast,247,2024-01-01,2024-12-31,2024-08-25,39,57,3,0,0.0,42,0,7,0.79,5235.66,124.6585,98.786,42,0,0,0.0,0.0,0,0,0,0
ReservationForecast 2024.xls,ReservationForecast,248,2024-01-01,2024-12-31,2024-08-26,39,29,13,0,0.0,52,0,3,0.91,6800.92,130.7869,119.3143,52,0,0,0.0,0.0,0,0,0,0
ReservationForecast 2024.xls,ReservationForecast,249,2024-01-01,2024-12-31,2024-08-27,38,33,19,0,0.0,57,0,2,0.98,7041.13,123.5285,121.3987,57,0,0,0.0,0.0,0,0,0,0
ReservationForecast 2024.xls,ReservationForecast,250,2024-01-01,2024-12-31,2024-08-28,42,39,18,0,0.0,60,0,0,1.0,8498.02,141.6336,141.6336,60,0,0,0.0,0.0,0,0,0,0
ReservationForecast 2024.xls,ReservationForecast,251,2024-01-01,2024-12-31,2024-08-29,35,36,24,0,0.0,59,0,0,0.98,9487.4,160.8033,158.1233,58,1,0,200.0,200.0,0,1,0,2
ReservationForecast 2024.xls,ReservationForecast,252,2024-01-01,2024-12-31,2024-08-30,27,37,22,0,0.0,49,0,0,0.82,8698.2,177.5142,144.97,37,12,0,2355.04,196.2533,0,11,0,20
ReservationForecast 2024.xls,ReservationForecast,253,2024-01-01,2024-12-31,2024-08-31,46,35,20,0,0.0,66,0,0,,12725.44,192.8096,212.0906,44,22,0,4538.74,206.3063,0,10,0,43
ReservationForecast 2024.xls,ReservationForecast,254,2024-01-01,2024-12-31,2024-09-01,40,40,20,0,0.0,60,0,0,1.0,9886.63,164.7771,164.7771,51,9,0,1908.45,212.05,0,5,0,17
ReservationForecast 2024.xls,ReservationForecast,255,2024-01-01,2024-12-31,2024-09-02,21,43,17,0,0.0,38,0,12,0.79,4727.72,124.4136,98.4941,38,0,0,0.0,0.0,0,0,0,0
ReservationForecast 2024.xls,ReservationForecast,256,2024-01-01,2024-12-31,2024-09-03,21,26,12,0,0.0,33,0,6,0.61,4182.93,126.7554,77.4616,33,0,0,0.0,0.0,0,0,0,0
ReservationForecast 2024.xls,ReservationForecast,257,2024-01-01,2024-12-31,2024-09-04,19,21,12,0,0.0,31,0,1,0.53,3846.91,124.0938,65.2018,31,0,0,0.0,0.0,0,0,0,0
ReservationForecast 2024.xls,ReservationForecast,258,2024-01-01,2024-12-31,2024-09-05,26,21,10,0,0.0,36,0,1,0.61,5214.56,144.8488,88.3823,29,7,0,1608.2,229.7428,0,7,0,17
ReservationForecast 2024.xls,ReservationForecast,259,2024-01-01,2024-12-31,2024-09-06,44,23,13,0,0.0,57,0,0,0.95,11091.03,194.5794,184.8505,21,36,0,7659.55,212.7652,0,29,0,75
ReservationForecast 2024.xls,ReservationForecast,260,2024-01-01,2024-12-31,2024-09-07,29,27,30,0,0.0,59,0,0,0.98,11652.48,197.4996,194.208,14,45,0,9261.45,205.81,0,20,0,90
ReservationForecast 2024.xls,ReservationForecast,261,2024-01-01,2024-12-31,2024-09-08,22,57,2,0,0.0,24,0,7,0.45,2564.25,106.8437,48.382,24,0,0,-100.0,0.0,0,0,0,0
ReservationForecast 2024.xls,ReservationForecast,262,2024-01-01,2024-12-31,2024-09-09,25,20,4,0,0.0,29,0,7,0.55,3857.73,133.0251,72.7873,29,0,0,248.2,0.0,0,0,0,0
ReservationForecast 2024.xls,ReservationForecast,263,2024-01-01,2024-12-31,2024-09-10,13,17,12,0,0.0,25,0,1,0.42,3701.11,148.0444,62.7306,25,0,0,0.0,0.0,0,0,0,0
ReservationForecast 2024.xls,ReservationForecast,264,2024-01-01,2024-12-31,2024-09-11,17,20,5,0,0.0,22,0,1,0.37,2896.95,131.6795,49.1008,22,0,0,0.0,0.0,0,0,0,0
ReservationForecast 2024.xls,ReservationForecast,265,2024-01-01,2024-12-31,2024-09-12,31,14,8,0,0.0,39,0,0,0.65,5778.95,148.1782,96.3158,33,6,0,1201.85,200.3083,0,6,0,12
ReservationForecast 2024.xls,ReservationForecast,266,2024-01-01,2024-12-31,2024-09-13,52,31,8,0,0.0,59,1,0,0.98,11871.46,201.2111,197.8576,20,40,0,7948.0,198.7,0,34,0,84
ReservationForecast 2024.xls,ReservationForecast,267,2024-01-01,2024-12-31,2024-09-14,30,30,30,0,0.0,60,0,0,1.0,11395.92,189.932,189.932,20,40,0,7468.85,186.7212,0,17,0,86
ReservationForecast 2024.xls,ReservationForecast,268,2024-01-01,2024-12-31,2024-09-15,25,56,4,0,0.0,29,0,11,0.59,3055.51,105.3624,62.3573,26,3,0,237.0,79.0,0,0,0,6
ReservationForecast 2024.xls,ReservationForecast,269,2024-01-01,2024-12-31,2024-09-16,35,23,6,0,0.0,40,1,11,0.82,4692.01,117.3002,95.7553,41,0,0,0.0,0.0,0,0,0,0
ReservationForecast 2024.xls,ReservationForecast,270,2024-01-01,2024-12-31,2024-09-17,21,11,30,0,0.0,49,2,1,0.83,6106.33,124.6189,103.4971,51,0,0,0.0,0.0,0,0,0,0
ReservationForecast 2024.xls,ReservationForecast,271,2024-01-01,2024-12-31,2024-09-18,25,24,27,0,0.0,50,2,4,0.89,6708.29,134.1658,119.7908,50,2,0,445.0,222.5,0,2,0,4
ReservationForecast 2024.xls,ReservationForecast,272,2024-01-01,2024-12-31,2024-09-19,32,28,24,0,0.0,54,2,0,0.9,8954.96,165.8325,149.2493,31,25,0,5054.87,202.1948,0,23,0,49
ReservationForecast 2024.xls,ReservationForecast,273,2024-01-01,2024-12-31,2024-09-20,35,31,25,0,0.0,59,1,0,0.98,11951.03,202.5598,199.1838,2,58,0,11753.07,202.6391,0,34,0,114
ReservationForecast 2024.xls,ReservationForecast,274,2024-01-01,2024-12-31,2024-09-21,26,26,34,0,0.0,59,1,0,0.98,12333.84,209.0481,205.564,15,45,0,9244.25,205.4277,0,12,0,87
ReservationForecast 2024.xls,ReservationForecast,275,2024-01-01,2024-12-31,2024-09-22,35,58,2,0,0.0,36,1,7,0.68,4553.18,126.4772,85.909,36,1,0,250.2,250.2,0,0,0,2
ReservationForecast 2024.xls,ReservationForecast,276,2024-01-01,2024-12-31,2024-09-23,37,31,6,0,0.0,42,1,0,0.7,4782.01,113.8573,79.7001,43,0,0,0.0,0.0,0,0,0,0
ReservationForecast 2024.xls,ReservationForecast,277,2024-01-01,2024-12-31,2024-09-24,32,18,25,0,0.0,55,2,1,0.93,7109.92,129.2712,120.5071,57,0,0,0.0,0.0,0,0,0,0
ReservationForecast 2024.xls,ReservationForecast,278,2024-01-01,2024-12-31,2024-09-25,29,28,29,0,0.0,56,2,0,0.93,7203.09,128.6266,120.0515,58,0,0,0.0,0.0,0,0,0,0
ReservationForecast 2024.xls,ReservationForecast,279,2024-01-01,2024-12-31,2024-09-26,41,41,17,0,0.0,56,2,1,0.95,8791.28,156.9871,149.0047,40,18,0,3695.7,205.3166,0,18,0,32
ReservationForecast 2024.xls,ReservationForecast,280,2024-01-01,2024-12-31,2024-09-27,37,35,23,0,0.0,59,1,0,0.98,11898.94,201.6769,198.3156,16,44,0,8836.5,200.8295,0,26,0,87
ReservationForecast 2024.xls,ReservationForecast,281,2024-01-01,2024-12-31,2024-09-28,26,28,32,0,0.0,57,1,0,0.95,11468.06,201.194,191.1343,19,39,0,7828.5,200.7307,0,14,0,79
ReservationForecast 2024.xls,ReservationForecast,282,2024-01-01,2024-12-31,2024-09-29,37,58,1,0,0.0,38,0,16,0.86,4171.41,109.7739,94.8047,37,1,0,153.99,153.99,0,1,0,1
ReservationForecast 2024.xls,ReservationForecast,283,2024-01-01,2024-12-31,2024-09-30,19,26,11,0,0.0,30,0,11,0.61,3537.47,117.9156,72.1932,30,0,0,0.0,0.0,0,0,0,0
ReservationForecast 2024.xls,ReservationForecast,284,2024-01-01,2024-12-31,2024-10-01,9,25,5,0,0.0,14,0,12,0.29,2245.59,160.3992,46.7831,14,0,0,0.0,0.0,0,0,0,0
ReservationForecast 2024.xls,ReservationForecast,285,2024-01-01,2024-12-31,2024-10-02,8,11,3,0,0.0,11,0,7,0.21,1744.7,158.609,32.9188,10,1,0,187.5,187.5,0,1,0,2
ReservationForecast 2024.xls,ReservationForecast,286,2024-01-01,2024-12-31,2024-10-03,36,8,3,0,0.0,39,0,1,0.66,7751.57,198.7582,131.3825,23,16,0,3290.6,205.6625,0,15,0,31
ReservationForecast 2024.xls,ReservationForecast,287,2024-01-01,2024-12-31,2024-10-04,36,15,24,0,0.0,60,0,0,1.0,12618.9,210.315,210.315,24,36,0,7352.0,204.2222,0,20,0,66
ReservationForecast 2024.xls,ReservationForecast,288,2024-01-01,2024-12-31,2024-10-05,39,41,19,0,0.0,58,0,0,0.97,11494.02,198.1727,191.567,27,31,0,6053.65,195.279,0,18,0,63
ReservationForecast 2024.xls,ReservationForecast,289,2024-01-01,2024-12-31,2024-10-06,22,56,3,0,0.0,25,0,17,0.58,3351.75,134.07,77.9476,24,1,0,156.75,156.75,0,1,0,2
ReservationForecast 2024.xls,ReservationForecast,290,2024-01-01,2024-12-31,2024-10-07,15,18,7,0,0.0,22,0,11,0.45,2684.02,122.0009,54.7759,22,0,0,0.0,0.0,0,0,0,0
ReservationForecast 2024.xls,ReservationForecast,291,2024-01-01,2024-12-31,2024-10-08,24,15,6,0,0.0,30,0,11,0.61,2979.76,99.3253,60.8114,30,0,0,0.0,0.0,0,0,0,0
ReservationForecast 2024.xls,ReservationForecast,292,2024-01-01,2024-12-31,2024-10-09,33,25,5,0,0.0,38,0,7,0.72,5538.3,145.7447,104.4962,29,9,0,2054.6,228.2888,0,9,0,21
ReservationForecast 2024.xls,ReservationForecast,293,2024-01-01,2024-12-31,2024-10-10,45,24,14,0,0.0,59,0,1,1.0,11855.45,200.9398,200.9398,14,45,0,9496.9,211.0422,0,36,0,92
ReservationForecast 2024.xls,ReservationForecast,294,2024-01-01,2024-12-31,2024-10-11,23,22,37,0,0.0,60,0,0,1.0,12117.88,201.9646,201.9646,17,43,0,8599.5,199.9883,0,7,0,87
ReservationForecast 2024.xls,ReservationForecast,295,2024-01-01,2024-12-31,2024-10-12,46,46,14,0,0.0,60,0,0,1.0,12174.88,202.9146,202.9146,11,49,0,9874.45,201.5193,0,39,0,97
ReservationForecast 2024.xls,ReservationForecast,296,2024-01-01,2024-12-31,2024-10-13,25,25,35,0,0.0,60,0,0,1.0,11818.93,196.9821,196.9821,17,43,0,8756.4,203.6372,0,9,0,80
ReservationForecast 2024.xls,ReservationForecast,297,2024-01-01,2024-12-31,2024-10-14,15,57,3,0,0.0,18,0,19,0.44,2326.82,129.2677,56.7517,17,1,0,208.5,208.5,0,0,0,2
ReservationForecast 2024.xls,ReservationForecast,298,2024-01-01,2024-12-31,2024-10-15,19,13,6,0,0.0,24,1,6,0.44,3648.34,152.0141,67.5618,25,0,0,0.0,0.0,0,0,0,0
ReservationForecast 2024.xls,ReservationForecast,299,2024-01-01,2024-12-31,2024-10-16,28,18,6,0,0.0,34,0,9,0.67,4642.15,136.5338,91.0225,34,0,0,-224.4,0.0,0,0,0,0
ReservationForecast 2024.xls,ReservationForecast,300,2024-01-01,2024-12-31,2024-10-17,39,22,12,0,0.0,51,0,8,0.98,7534.02,147.7258,144.885,41,10,0,2038.0,203.8,0,10,0,27
ReservationForecast 2024.xls,ReservationForecast,301,2024-01-01,2024-12-31,2024-10-18,49,40,11,0,0.0,60,0,0,1.0,11758.19,195.9698,195.9698,12,48,0,9835.35,204.9031,0,38,0,96
ReservationForecast 2024.xls,ReservationForecast,302,2024-01-01,2024-12-31,2024-10-19,32,32,28,0,0.0,60,0,0,1.0,12230.11,203.8351,203.8351,19,41,0,8187.6,199.6975,0,16,0,71
ReservationForecast 2024.xls,ReservationForecast,303,2024-01-01,2024-12-31,2024-10-20,40,56,4,0,0.0,44,0,14,0.96,5925.89,134.6793,128.8236,38,6,0,1285.1,214.1833,0,5,0,13
ReservationForecast 2024.xls,ReservationForecast,304,2024-01-01,2024-12-31,2024-10-21,19,32,12,0,0.0,31,0,18,0.74,2968.92,95.7716,70.6885,31,0,0,0.0,0.0,0,0,0,0
ReservationForecast 2024.xls,ReservationForecast,305,2024-01-01,2024-12-31,2024-10-22,26,20,11,0,0.0,37,0,3,0.65,3951.03,106.7845,69.3163,37,0,0,0.0,0.0,0,0,0,0
ReservationForecast 2024.xls,ReservationForecast,306,2024-01-01,2024-12-31,2024-10-23,34,20,17,0,0.0,51,0,2,0.88,7997.13,156.8064,137.8815,30,21,0,4368.13,208.0061,0,21,0,41
ReservationForecast 2024.xls,ReservationForecast,307,2024-01-01,2024-12-31,2024-10-24,32,24,27,0,0.0,58,1,0,0.97,10813.9,186.4465,180.2316,23,36,0,7526.93,209.0813,0,15,0,72
ReservationForecast 2024.xls,ReservationForecast,308,2024-01-01,2024-12-31,2024-10-25,50,50,9,0,0.0,59,0,0,0.98,13641.07,231.2045,227.3511,14,45,0,9208.15,204.6255,0,37,0,88
ReservationForecast 2024.xls,ReservationForecast,309,2024-01-01,2024-12-31,2024-10-26,29,29,30,0,0.0,59,0,0,0.98,11932.72,202.2494,198.8786,7,52,0,10504.8,202.0153,0,23,0,99
ReservationForecast 2024.xls,ReservationForecast,310,2024-01-01,2024-12-31,2024-10-27,35,35,24,0,0.0,59,0,0,0.98,11301.39,191.5489,188.3565,30,29,0,6031.25,207.9741,0,6,0,61
ReservationForecast 2024.xls,ReservationForecast,311,2024-01-01,2024-12-31,2024-10-28,17,55,4,0,0.0,21,0,10,0.42,2893.77,137.7985,57.8754,21,0,0,-239.5,0.0,0,0,0,0
ReservationForecast 2024.xls,ReservationForecast,312,2024-01-01,2024-12-31,2024-10-29,19,17,4,0,0.0,23,0,8,0.44,2589.29,112.5778,49.794,23,0,0,0.0,0.0,0,0,0,0
ReservationForecast 2024.xls,ReservationForecast,313,2024-01-01,2024-12-31,2024-10-30,20,17,6,0,0.0,26,0,13,0.55,3136.91,120.6503,66.7427,26,0,0,0.0,0.0,0,0,0,0
ReservationForecast 2024.xls,ReservationForecast,314,2024-01-01,2024-12-31,2024-10-31,33,19,7,0,0.0,40,0,9,0.78,7287.13,182.1782,142.8849,23,17,0,3806.1,223.8882,0,17,0,36
ReservationForecast 2024.xls,ReservationForecast,315,2024-01-01,2024-12-31,2024-11-01,38,18,22,0,0.0,60,0,0,1.0,13093.52,218.2253,218.2253,17,43,0,9447.45,219.7081,0,26,0,94
ReservationForecast 2024.xls,ReservationForecast,316,2024-01-01,2024-12-31,2024-11-02,25,25,35,0,0.0,60,0,0,1.0,12907.74,215.129,215.129,18,42,0,9009.2,214.5047,0,14,0,90
ReservationForecast 2024.xls,ReservationForecast,317,2024-01-01,2024-12-31,2024-11-03,24,58,2,0,0.0,26,0,28,0.81,3760.18,144.6223,117.5056,24,2,0,441.3,220.65,0,0,0,3
ReservationForecast 2024.xls,ReservationForecast,318,2024-01-01,2024-12-31,2024-11-04,14,21,5,0,0.0,16,3,27,0.48,1750.85,109.4281,53.056,19,0,0,0.0,0.0,0,0,0,0
ReservationForecast 2024.xls,ReservationForecast,319,2024-01-01,2024-12-31,2024-11-05,10,11,9,0,0.0,16,3,6,0.3,1537.83,96.1143,28.4783,19,0,0,0.0,0.0,0,0,0,0
ReservationForecast 2024.xls,ReservationForecast,320,2024-01-01,2024-12-31,2024-11-06,24,11,7,0,0.0,29,2,10,0.58,3407.13,117.4872,68.1426,31,0,0,0.0,0.0,0,0,0,0
ReservationForecast 2024.xls,ReservationForecast,321,2024-01-01,2024-12-31,2024-11-07,34,17,15,0,0.0,47,2,4,0.84,6853.11,145.8108,122.3769,46,3,0,673.8,224.6,0,3,0,5
ReservationForecast 2024.xls,ReservationForecast,322,2024-01-01,2024-12-31,2024-11-08,46,35,13,0,0.0,59,0,0,0.98,11395.06,193.1366,189.9176,50,9,0,1974.5,219.3888,0,6,0,17
ReservationForecast 2024.xls,ReservationForecast,323,2024-01-01,2024-12-31,2024-11-09,38,37,22,0,0.0,60,0,0,1.0,12303.42,205.057,205.057,28,32,0,6580.15,205.6296,0,23,0,65
ReservationForecast 2024.xls,ReservationForecast,324,2024-01-01,2024-12-31,2024-11-10,27,27,33,0,0.0,60,0,0,1.0,11106.39,185.1065,185.1065,27,33,0,6618.75,200.5681,0,6,0,69
ReservationForecast 2024.xls,ReservationForecast,325,2024-01-01,2024-12-31,2024-11-11,37,59,1,0,0.0,38,0,20,0.95,4312.75,113.4934,107.8187,29,9,0,995.4,110.6,0,9,0,9
ReservationForecast 2024.xls,ReservationForecast,326,2024-01-01,2024-12-31,2024-11-12,24,8,30,0,0.0,54,0,5,0.98,6488.0,120.1481,117.9636,33,21,0,2538.7,120.8904,0,14,0,21
ReservationForecast 2024.xls,ReservationForecast,327,2024-01-01,2024-12-31,2024-11-13,13,31,23,0,0.0,36,0,6,0.67,4346.02,120.7227,80.4818,33,3,0,522.7,174.2333,0,3,0,5
ReservationForecast 2024.xls,ReservationForecast,328,2024-01-01,2024-12-31,2024-11-14,39,22,14,0,0.0,53,0,4,0.95,8983.52,169.5003,160.42,30,23,0,4745.29,206.3169,0,20,0,52
ReservationForecast 2024.xls,ReservationForecast,329,2024-01-01,2024-12-31,2024-11-15,25,18,35,0,0.0,60,0,0,1.0,9925.95,165.4325,165.4325,19,41,0,6885.14,167.9302,0,18,0,86
ReservationForecast 2024.xls,ReservationForecast,330,2024-01-01,2024-12-31,2024-11-16,38,38,22,0,0.0,60,0,0,1.0,9874.42,164.5736,164.5736,38,22,0,3528.2,160.3727,0,6,0,41
ReservationForecast 2024.xls,ReservationForecast,331,2024-01-01,2024-12-31,2024-11-17,9,54,6,0,0.0,15,0,24,0.42,2242.57,149.5046,62.2936,15,0,0,0.0,0.0,0,0,0,0
ReservationForecast 2024.xls,ReservationForecast,332,2024-01-01,2024-12-31,2024-11-18,10,13,2,0,0.0,12,0,17,0.28,1477.36,123.1133,34.3572,12,0,0,0.0,0.0,0,0,0,0
ReservationForecast 2024.xls,ReservationForecast,333,2024-01-01,2024-12-31,2024-11-19,18,7,5,0,0.0,23,0,8,0.44,3424.94,148.9104,65.8642,23,0,0,0.0,0.0,0,0,0,0
ReservationForecast 2024.xls,ReservationForecast,334,2024-01-01,2024-12-31,2024-11-20,23,12,11,0,0.0,34,0,9,0.67,4039.24,118.8011,79.2007,34,0,0,0.0,0.0,0,0,0,0
ReservationForecast 2024.xls,ReservationForecast,335,2024-01-01,2024-12-31,2024-11-21,13,18,16,0,0.0,29,0,5,0.53,3597.77,124.061,65.414,29,0,0,0.0,0.0,0,0,0,0
ReservationForecast 2024.xls,ReservationForecast,336,2024-01-01,2024-12-31,2024-11-22,43,22,7,0,0.0,50,0,1,0.85,6926.59,138.5318,117.3998,46,4,0,702.1,175.525,0,4,0,8
ReservationForecast 2024.xls,ReservationForecast,337,2024-01-01,2024-12-31,2024-11-23,42,34,16,0,0.0,56,2,1,0.95,8383.34,149.7025,142.0905,52,6,0,1104.15,184.025,0,2,0,10
ReservationForecast 2024.xls,ReservationForecast,338,2024-01-01,2024-12-31,2024-11-24,19,52,6,0,0.0,25,0,13,0.53,3153.55,126.142,67.0968,23,2,0,385.2,192.6,0,0,0,4
ReservationForecast 2024.xls,ReservationForecast,339,2024-01-01,2024-12-31,2024-11-25,17,17,8,0,0.0,25,0,9,0.49,2576.95,103.078,50.5284,25,0,0,0.0,0.0,0,0,0,0
ReservationForecast 2024.xls,ReservationForecast,340,2024-01-01,2024-12-31,2024-11-26,16,18,7,0,0.0,23,0,6,0.43,2757.57,119.8943,51.0661,23,0,0,0.0,0.0,0,0,0,0
ReservationForecast 2024.xls,ReservationForecast,341,2024-01-01,2024-12-31,2024-11-27,36,16,7,0,0.0,43,0,1,0.73,6111.27,142.1225,103.5808,43,0,0,0.0,0.0,0,0,0,0
ReservationForecast 2024.xls,ReservationForecast,342,2024-01-01,2024-12-31,2024-11-28,30,15,28,0,0.0,58,0,0,0.97,8180.71,141.0467,136.3451,58,0,0,0.0,0.0,0,0,0,0
ReservationForecast 2024.xls,ReservationForecast,343,2024-01-01,2024-12-31,2024-11-29,24,23,35,0,0.0,59,0,0,0.98,8170.96,138.4908,136.1826,58,1,0,150.0,150.0,0,1,0,2
ReservationForecast 2024.xls,ReservationForecast,344,2024-01-01,2024-12-31,2024-11-30,39,39,20,0,0.0,59,0,0,0.98,8595.01,145.6781,143.2501,50,9,0,1515.05,168.3388,0,8,0,18
ReservationForecast 2024.xls,ReservationForecast,345,2024-01-01,2024-12-31,2024-12-01,20,51,8,0,0.0,28,0,27,0.85,3534.75,126.241,107.1136,28,0,0,0.0,0.0,0,0,0,0
ReservationForecast 2024.xls,ReservationForecast,346,2024-01-01,2024-12-31,2024-12-02,10,16,12,0,0.0,22,0,24,0.61,2406.39,109.3813,66.8441,22,0,0,0.0,0.0,0,0,0,0
ReservationForecast 2024.xls,ReservationForecast,347,2024-01-01,2024-12-31,2024-12-03,21,9,13,0,0.0,34,0,17,0.79,3584.97,105.4402,83.3713,34,0,0,0.0,0.0,0,0,0,0
ReservationForecast 2024.xls,ReservationForecast,348,2024-01-01,2024-12-31,2024-12-04,22,14,20,0,0.0,38,4,14,0.83,4267.45,112.3013,92.7706,42,0,0,0.0,0.0,0,0,0,0
ReservationForecast 2024.xls,ReservationForecast,349,2024-01-01,2024-12-31,2024-12-05,15,27,15,0,0.0,29,1,13,0.62,3277.5,113.0172,69.734,29,1,0,169.15,169.15,0,1,0,2
ReservationForecast 2024.xls,ReservationForecast,350,2024-01-01,2024-12-31,2024-12-06,42,12,18,0,0.0,60,0,0,1.0,9027.26,150.4543,150.4543,49,11,0,2000.9,181.9,0,10,0,20
ReservationForecast 2024.xls,ReservationForecast,351,2024-01-01,2024-12-31,2024-12-07,29,29,31,0,0.0,60,0,0,1.0,9304.88,155.0813,155.0813,45,15,0,2608.2,173.88,0,5,0,32
ReservationForecast 2024.xls,ReservationForecast,352,2024-01-01,2024-12-31,2024-12-08,15,48,12,0,0.0,27,0,23,0.73,3149.86,116.6614,85.1313,27,0,0,0.0,0.0,0,0,0,0
ReservationForecast 2024.xls,ReservationForecast,353,2024-01-01,2024-12-31,2024-12-09,12,15,12,0,0.0,24,0,28,0.75,2664.2,111.0083,83.2562,24,0,0,0.0,0.0,0,0,0,0
ReservationForecast 2024.xls,ReservationForecast,354,2024-01-01,2024-12-31,2024-12-10,11,9,15,0,0.0,26,0,20,0.65,3089.27,118.818,77.2317,26,0,0,0.0,0.0,0,0,0,0
ReservationForecast 2024.xls,ReservationForecast,355,2024-01-01,2024-12-31,2024-12-11,16,10,16,0,0.0,32,0,14,0.7,3383.04,105.72,73.5443,32,0,0,0.0,0.0,0,0,0,0
ReservationForecast 2024.xls,ReservationForecast,356,2024-01-01,2024-12-31,2024-12-12,14,16,16,0,0.0,29,1,10,0.58,3202.35,110.4258,64.047,30,0,0,0.0,0.0,0,0,0,0
ReservationForecast 2024.xls,ReservationForecast,357,2024-01-01,2024-12-31,2024-12-13,31,14,16,0,0.0,47,0,2,0.81,5867.55,124.8414,101.1646,47,0,0,0.0,0.0,0,0,0,0
ReservationForecast 2024.xls,ReservationForecast,358,2024-01-01,2024-12-31,2024-12-14,39,27,20,0,0.0,58,1,1,0.98,8290.61,142.9415,140.5188,56,3,0,367.0,122.3333,0,3,0,8
ReservationForecast 2024.xls,ReservationForecast,359,2024-01-01,2024-12-31,2024-12-15,19,44,15,0,0.0,34,0,25,0.97,4129.04,121.4423,117.9725,34,0,0,0.0,0.0,0,0,0,0
ReservationForecast 2024.xls,ReservationForecast,360,2024-01-01,2024-12-31,2024-12-16,8,19,15,0,0.0,23,0,33,0.85,2569.46,111.7156,95.1651,23,0,0,0.0,0.0,0,0,0,0
ReservationForecast 2024.xls,ReservationForecast,361,2024-01-01,2024-12-31,2024-12-17,18,15,8,0,0.0,26,0,26,0.76,3102.75,119.3365,91.2573,26,0,0,0.0,0.0,0,0,0,0
ReservationForecast 2024.xls,ReservationForecast,362,2024-01-01,2024-12-31,2024-12-18,19,13,13,0,0.0,32,0,8,0.62,3817.83,119.3071,73.4198,32,0,0,0.0,0.0,0,0,0,0
ReservationForecast 2024.xls,ReservationForecast,363,2024-01-01,2024-12-31,2024-12-19,12,19,13,0,0.0,25,0,16,0.57,3245.23,129.8092,73.7552,25,0,0,0.0,0.0,0,0,0,0
ReservationForecast 2024.xls,ReservationForecast,364,2024-01-01,2024-12-31,2024-12-20,43,15,10,0,0.0,52,1,2,0.9,6889.21,132.4848,118.7794,51,2,0,149.0,74.5,0,2,0,4
ReservationForecast 2024.xls,ReservationForecast,365,2024-01-01,2024-12-31,2024-12-21,38,31,22,0,0.0,59,1,0,0.98,8005.09,135.6794,133.4181,57,3,0,298.0,99.3333,0,1,0,6
ReservationForecast 2024.xls,ReservationForecast,366,2024-01-01,2024-12-31,2024-12-22,20,48,12,0,0.0,31,1,20,0.77,3714.82,119.8329,92.8705,30,2,0,149.0,74.5,0,0,0,4
ReservationForecast 2024.xls,ReservationForecast,367,2024-01-01,2024-12-31,2024-12-23,30,27,5,0,0.0,35,0,15,0.78,4198.85,119.9671,93.3077,35,0,0,0.0,0.0,0,0,0,0
ReservationForecast 2024.xls,ReservationForecast,368,2024-01-01,2024-12-31,2024-12-24,21,11,24,0,0.0,45,0,10,0.9,5371.09,119.3575,107.4218,45,0,0,0.0,0.0,0,0,0,0
ReservationForecast 2024.xls,ReservationForecast,369,2024-01-01,2024-12-31,2024-12-25,11,16,29,0,0.0,40,0,14,0.87,4646.44,116.161,101.0095,40,0,0,0.0,0.0,0,0,0,0
ReservationForecast 2024.xls,ReservationForecast,370,2024-01-01,2024-12-31,2024-12-26,24,16,24,0,0.0,48,0,6,0.89,5736.59,119.5122,106.2331,48,0,0,0.0,0.0,0,0,0,0
ReservationForecast 2024.xls,ReservationForecast,371,2024-01-01,2024-12-31,2024-12-27,40,32,16,0,0.0,56,0,3,0.98,6141.69,109.673,107.7489,56,0,0,0.0,0.0,0,0,0,0
ReservationForecast 2024.xls,ReservationForecast,372,2024-01-01,2024-12-31,2024-12-28,38,36,20,0,0.0,58,0,0,0.97,7133.75,122.9956,118.8958,58,0,0,0.0,0.0,0,0,0,0
ReservationForecast 2024.xls,ReservationForecast,373,2024-01-01,2024-12-31,2024-12-29,27,45,13,0,0.0,39,1,3,0.68,4724.01,121.1284,82.8773,40,0,0,0.0,0.0,0,0,0,0
ReservationForecast 2024.xls,ReservationForecast,374,2024-01-01,2024-12-31,2024-12-30,30,31,9,0,0.0,39,0,12,0.81,5909.99,151.5382,123.1247,21,18,0,3259.59,181.0883,0,18,0,38
ReservationForecast 2024.xls,ReservationForecast,375,2024-01-01,2024-12-31,2024-12-31,32,19,20,0,0.0,50,2,2,0.86,8803.73,176.0746,151.7884,11,41,0,7328.66,178.7478,0,23,0,80
