scenario,business_date,split,model,actual,predicted,absolute_error
exclude_all_flagged,2024-07-01,validation,mlp_small,14,37.31030748036103,23.310307480361033
exclude_all_flagged,2024-07-02,validation,mlp_small,17,39.8765049510407,22.8765049510407
exclude_all_flagged,2024-07-03,validation,mlp_small,23,31.761427947060945,8.761427947060945
exclude_all_flagged,2024-07-04,validation,mlp_small,26,21.71113773060674,4.28886226939326
exclude_all_flagged,2024-07-05,validation,mlp_small,59,60.0,1.0
exclude_all_flagged,2024-07-06,validation,mlp_small,59,60.0,1.0
exclude_all_flagged,2024-07-07,validation,mlp_small,22,22.11396447218966,0.11396447218966088
exclude_all_flagged,2024-07-08,validation,mlp_small,27,42.153674935231905,15.153674935231905
exclude_all_flagged,2024-07-09,validation,mlp_small,33,45.66107810772908,12.661078107729082
exclude_all_flagged,2024-07-10,validation,mlp_small,40,50.67549004496184,10.67549004496184
exclude_all_flagged,2024-07-11,validation,mlp_small,50,55.81460777950389,5.814607779503888
exclude_all_flagged,2024-07-12,validation,mlp_small,58,60.0,2.0
exclude_all_flagged,2024-07-13,validation,mlp_small,60,60.0,0.0
exclude_all_flagged,2024-07-14,validation,mlp_small,25,42.049028135398096,17.049028135398096
exclude_all_flagged,2024-07-15,validation,mlp_small,28,36.96664176979716,8.966641769797157
exclude_all_flagged,2024-07-16,validation,mlp_small,36,46.99249243611165,10.992492436111647
exclude_all_flagged,2024-07-17,validation,mlp_small,27,37.850747905358496,10.850747905358496
exclude_all_flagged,2024-07-18,validation,mlp_small,32,49.56781996596615,17.56781996596615
exclude_all_flagged,2024-07-19,validation,mlp_small,59,60.0,1.0
exclude_all_flagged,2024-07-20,validation,mlp_small,60,60.0,0.0
exclude_all_flagged,2024-07-21,validation,mlp_small,41,37.59679752340289,3.4032024765971087
exclude_all_flagged,2024-07-22,validation,mlp_small,45,28.496232103490605,16.503767896509395
exclude_all_flagged,2024-07-23,validation,mlp_small,52,31.48973149555846,20.51026850444154
exclude_all_flagged,2024-07-24,validation,mlp_small,57,42.340248474643445,14.659751525356555
exclude_all_flagged,2024-07-25,validation,mlp_small,58,48.34851650703449,9.651483492965511
exclude_all_flagged,2024-07-26,validation,mlp_small,60,60.0,0.0
exclude_all_flagged,2024-07-27,validation,mlp_small,60,60.0,0.0
exclude_all_flagged,2024-07-28,validation,mlp_small,28,56.11668287430099,28.11668287430099
exclude_all_flagged,2024-07-29,validation,mlp_small,22,30.67776918027669,8.677769180276691
exclude_all_flagged,2024-07-30,validation,mlp_small,27,30.862496899333095,3.8624968993330953
exclude_all_flagged,2024-07-31,validation,mlp_small,40,47.28067180448446,7.280671804484463
exclude_all_flagged,2024-08-01,validation,mlp_small,33,44.21441747579576,11.214417475795763
exclude_all_flagged,2024-08-02,validation,mlp_small,60,60.0,0.0
exclude_all_flagged,2024-08-03,validation,mlp_small,60,60.0,0.0
exclude_all_flagged,2024-08-04,validation,mlp_small,22,25.67261393091039,3.6726139309103907
exclude_all_flagged,2024-08-05,validation,mlp_small,24,0.49138675077933414,23.508613249220666
exclude_all_flagged,2024-08-06,validation,mlp_small,30,19.662995435432414,10.337004564567586
exclude_all_flagged,2024-08-07,validation,mlp_small,37,25.381252278349276,11.618747721650724
exclude_all_flagged,2024-08-08,validation,mlp_small,41,46.58702279790625,5.587022797906251
exclude_all_flagged,2024-08-09,validation,mlp_small,55,60.0,5.0
exclude_all_flagged,2024-08-10,validation,mlp_small,59,60.0,1.0
exclude_all_flagged,2024-08-11,validation,mlp_small,26,48.022618468550796,22.022618468550796
exclude_all_flagged,2024-08-12,validation,mlp_small,31,10.958516250773059,20.04148374922694
exclude_all_flagged,2024-08-13,validation,mlp_small,52,34.462518090685606,17.537481909314394
exclude_all_flagged,2024-08-14,validation,mlp_small,36,51.70293058755941,15.702930587559408
exclude_all_flagged,2024-08-15,validation,mlp_small,50,49.42213213699726,0.5778678630027372
exclude_all_flagged,2024-08-16,validation,mlp_small,60,60.0,0.0
exclude_all_flagged,2024-08-17,validation,mlp_small,60,60.0,0.0
exclude_all_flagged,2024-08-18,validation,mlp_small,25,42.29522496615752,17.29522496615752
exclude_all_flagged,2024-08-19,validation,mlp_small,33,12.487775676093317,20.512224323906683
exclude_all_flagged,2024-08-20,validation,mlp_small,27,28.03098525527755,1.0309852552775496
exclude_all_flagged,2024-08-21,validation,mlp_small,38,35.540436995278405,2.459563004721595
exclude_all_flagged,2024-08-22,validation,mlp_small,45,43.989159011212855,1.0108409887871446
exclude_all_flagged,2024-08-23,validation,mlp_small,60,57.2581282215415,2.7418717784585027
exclude_all_flagged,2024-08-24,validation,mlp_small,60,60.0,0.0
exclude_all_flagged,2024-08-25,validation,mlp_small,42,17.617896267596134,24.382103732403866
exclude_all_flagged,2024-08-26,validation,mlp_small,52,21.355073716142257,30.644926283857743
exclude_all_flagged,2024-08-27,validation,mlp_small,57,30.729033516689142,26.270966483310858
exclude_all_flagged,2024-08-28,validation,mlp_small,60,54.67613324794202,5.323866752057981
exclude_all_flagged,2024-08-29,validation,mlp_small,59,60.0,1.0
exclude_all_flagged,2024-08-30,validation,mlp_small,49,60.0,11.0
exclude_all_flagged,2024-09-01,validation,mlp_small,60,17.48875133723962,42.51124866276038
exclude_all_flagged,2024-09-02,validation,mlp_small,38,13.166434717965185,24.833565282034815
exclude_all_flagged,2024-09-03,validation,mlp_small,33,12.785968528569242,20.214031471430758
exclude_all_flagged,2024-09-04,validation,mlp_small,31,10.67086127508793,20.32913872491207
exclude_all_flagged,2024-09-05,validation,mlp_small,36,26.102955065152575,9.897044934847425
exclude_all_flagged,2024-09-06,validation,mlp_small,57,60.0,3.0
exclude_all_flagged,2024-09-07,validation,mlp_small,59,60.0,1.0
exclude_all_flagged,2024-09-08,validation,mlp_small,24,35.5252129374288,11.525212937428797
exclude_all_flagged,2024-09-09,validation,mlp_small,29,0.0,29.0
exclude_all_flagged,2024-09-10,validation,mlp_small,25,20.68839191216525,4.311608087834749
exclude_all_flagged,2024-09-11,validation,mlp_small,22,25.599364340441674,3.5993643404416744
exclude_all_flagged,2024-09-12,validation,mlp_small,39,50.672788034805905,11.672788034805905
exclude_all_flagged,2024-09-13,validation,mlp_small,59,60.0,1.0
exclude_all_flagged,2024-09-14,validation,mlp_small,60,60.0,0.0
exclude_all_flagged,2024-09-15,validation,mlp_small,29,22.708893965424252,6.291106034575748
exclude_all_flagged,2024-09-16,validation,mlp_small,40,17.32259984898809,22.67740015101191
exclude_all_flagged,2024-09-17,validation,mlp_small,49,31.96535125575008,17.03464874424992
exclude_all_flagged,2024-09-18,validation,mlp_small,50,50.95537930213929,0.955379302139292
exclude_all_flagged,2024-09-19,validation,mlp_small,54,60.0,6.0
exclude_all_flagged,2024-09-20,validation,mlp_small,59,60.0,1.0
exclude_all_flagged,2024-09-21,validation,mlp_small,59,60.0,1.0
exclude_all_flagged,2024-09-22,validation,mlp_small,36,38.13474730217851,2.1347473021785106
exclude_all_flagged,2024-09-23,validation,mlp_small,42,8.844443720207483,33.15555627979252
exclude_all_flagged,2024-09-24,validation,mlp_small,55,22.029221355210368,32.97077864478963
exclude_all_flagged,2024-09-25,validation,mlp_small,56,47.736996686279106,8.263003313720894
exclude_all_flagged,2024-09-26,validation,mlp_small,56,58.49584531963067,2.495845319630668
exclude_all_flagged,2024-09-27,validation,mlp_small,59,60.0,1.0
exclude_all_flagged,2024-09-28,validation,mlp_small,57,60.0,3.0
exclude_all_flagged,2024-09-29,validation,mlp_small,38,54.195967960144486,16.195967960144486
exclude_all_flagged,2024-09-30,validation,mlp_small,30,25.851447671922152,4.148552328077848
exclude_all_flagged,2024-10-01,validation,mlp_small,14,60.0,46.0
exclude_all_flagged,2024-10-02,validation,mlp_small,11,40.60713983554751,29.607139835547507
exclude_all_flagged,2024-10-03,validation,mlp_small,39,41.75166866945951,2.7516686694595123
exclude_all_flagged,2024-10-04,validation,mlp_small,60,60.0,0.0
exclude_all_flagged,2024-10-05,validation,mlp_small,58,60.0,2.0
exclude_all_flagged,2024-10-06,validation,mlp_small,25,27.064322035548575,2.0643220355485745
exclude_all_flagged,2024-10-07,validation,mlp_small,22,12.797781696020607,9.202218303979393
exclude_all_flagged,2024-10-08,validation,mlp_small,30,25.50665288584927,4.49334711415073
exclude_all_flagged,2024-10-09,validation,mlp_small,38,45.15846157306057,7.1584615730605705
exclude_all_flagged,2024-10-10,validation,mlp_small,59,60.0,1.0
exclude_all_flagged,2024-10-11,validation,mlp_small,60,60.0,0.0
exclude_all_flagged,2024-10-12,validation,mlp_small,60,60.0,0.0
exclude_all_flagged,2024-10-13,validation,mlp_small,60,16.631460784889928,43.368539215110076
exclude_all_flagged,2024-10-14,validation,mlp_small,18,4.298174571430373,13.701825428569627
exclude_all_flagged,2024-10-15,validation,mlp_small,24,27.830570812185712,3.8305708121857123
exclude_all_flagged,2024-10-16,validation,mlp_small,34,29.330837144229847,4.669162855770153
exclude_all_flagged,2024-10-17,validation,mlp_small,51,22.22473499577676,28.77526500422324
exclude_all_flagged,2024-10-18,validation,mlp_small,60,59.96910880634148,0.030891193658519
exclude_all_flagged,2024-10-19,validation,mlp_small,60,60.0,0.0
exclude_all_flagged,2024-10-20,validation,mlp_small,44,41.23803365547443,2.761966344525568
exclude_all_flagged,2024-10-21,validation,mlp_small,31,21.33919414985138,9.66080585014862
exclude_all_flagged,2024-10-22,validation,mlp_small,37,25.398305865095352,11.601694134904648
exclude_all_flagged,2024-10-23,validation,mlp_small,51,50.880272136268516,0.11972786373148381
exclude_all_flagged,2024-10-24,validation,mlp_small,58,57.347191332774955,0.6528086672250453
exclude_all_flagged,2024-10-25,validation,mlp_small,59,60.0,1.0
exclude_all_flagged,2024-10-26,validation,mlp_small,59,60.0,1.0
exclude_all_flagged,2024-10-27,validation,mlp_small,59,47.351511786133294,11.648488213866706
exclude_all_flagged,2024-10-28,validation,mlp_small,21,40.93582137632532,19.935821376325322
exclude_all_flagged,2024-10-29,validation,mlp_small,23,22.925606735387763,0.07439326461223672
exclude_all_flagged,2024-10-30,validation,mlp_small,26,23.38541019453294,2.614589805467059
exclude_all_flagged,2024-10-31,validation,mlp_small,40,37.87968527483812,2.120314725161883
exclude_all_flagged,2024-11-01,validation,mlp_small,60,29.798169924440458,30.201830075559542
exclude_all_flagged,2024-11-02,validation,mlp_small,60,52.7819435824892,7.218056417510802
exclude_all_flagged,2024-11-03,validation,mlp_small,26,18.627044055241814,7.372955944758186
exclude_all_flagged,2024-11-04,validation,mlp_small,16,0.0,16.0
exclude_all_flagged,2024-11-05,validation,mlp_small,16,32.537398726737955,16.537398726737955
exclude_all_flagged,2024-11-06,validation,mlp_small,29,37.48395118834308,8.483951188343077
exclude_all_flagged,2024-11-07,validation,mlp_small,47,58.70760637214416,11.707606372144163
exclude_all_flagged,2024-11-08,validation,mlp_small,59,60.0,1.0
exclude_all_flagged,2024-11-09,validation,mlp_small,60,60.0,0.0
exclude_all_flagged,2024-11-10,validation,mlp_small,60,44.05719752964613,15.942802470353868
exclude_all_flagged,2024-11-11,validation,mlp_small,38,43.68966588538537,5.6896658853853666
exclude_all_flagged,2024-11-12,validation,mlp_small,54,49.38917690818994,4.610823091810062
exclude_all_flagged,2024-11-13,validation,mlp_small,36,53.557789832875116,17.557789832875116
exclude_all_flagged,2024-11-14,validation,mlp_small,53,60.0,7.0
exclude_all_flagged,2024-11-15,validation,mlp_small,60,60.0,0.0
exclude_all_flagged,2024-11-16,validation,mlp_small,60,60.0,0.0
exclude_all_flagged,2024-11-17,validation,mlp_small,15,57.215260425453536,42.215260425453536
exclude_all_flagged,2024-11-18,validation,mlp_small,12,39.392873883423036,27.392873883423036
exclude_all_flagged,2024-11-19,validation,mlp_small,23,32.440532748018356,9.440532748018356
exclude_all_flagged,2024-11-20,validation,mlp_small,34,36.117329890929774,2.117329890929774
exclude_all_flagged,2024-11-21,validation,mlp_small,29,50.1957295707671,21.1957295707671
exclude_all_flagged,2024-11-22,validation,mlp_small,50,60.0,10.0
exclude_all_flagged,2024-11-23,validation,mlp_small,56,60.0,4.0
exclude_all_flagged,2024-11-24,validation,mlp_small,25,51.00869160913039,26.008691609130388
exclude_all_flagged,2024-11-25,validation,mlp_small,25,60.0,35.0
exclude_all_flagged,2024-11-26,validation,mlp_small,23,60.0,37.0
exclude_all_flagged,2024-11-27,validation,mlp_small,43,60.0,17.0
exclude_all_flagged,2024-11-28,validation,mlp_small,58,60.0,2.0
exclude_all_flagged,2024-11-29,validation,mlp_small,59,60.0,1.0
exclude_all_flagged,2024-11-30,validation,mlp_small,59,60.0,1.0
exclude_all_flagged,2024-12-01,validation,mlp_small,28,60.0,32.0
exclude_all_flagged,2024-12-02,validation,mlp_small,22,56.57300975863224,34.57300975863224
exclude_all_flagged,2024-12-03,validation,mlp_small,34,60.0,26.0
exclude_all_flagged,2024-12-04,validation,mlp_small,38,48.803769646171375,10.803769646171375
exclude_all_flagged,2024-12-05,validation,mlp_small,29,43.27305483802482,14.27305483802482
exclude_all_flagged,2024-12-06,validation,mlp_small,60,60.0,0.0
exclude_all_flagged,2024-12-07,validation,mlp_small,60,60.0,0.0
exclude_all_flagged,2024-12-08,validation,mlp_small,27,32.725041390316505,5.725041390316505
exclude_all_flagged,2024-12-09,validation,mlp_small,24,9.013338378270163,14.986661621729837
exclude_all_flagged,2024-12-10,validation,mlp_small,26,21.560844468855368,4.439155531144632
exclude_all_flagged,2024-12-11,validation,mlp_small,32,37.226000422188505,5.2260004221885055
exclude_all_flagged,2024-12-12,validation,mlp_small,29,43.91503475724368,14.915034757243681
exclude_all_flagged,2024-12-13,validation,mlp_small,47,60.0,13.0
exclude_all_flagged,2024-12-14,validation,mlp_small,58,60.0,2.0
exclude_all_flagged,2024-12-15,validation,mlp_small,34,30.265449946041663,3.734550053958337
exclude_all_flagged,2024-12-16,validation,mlp_small,23,30.97039003319436,7.970390033194359
exclude_all_flagged,2024-12-17,validation,mlp_small,26,32.86177320840714,6.861773208407143
exclude_all_flagged,2024-12-18,validation,mlp_small,32,24.108115856736624,7.8918841432633755
exclude_all_flagged,2024-12-19,validation,mlp_small,25,24.964811032271392,0.035188967728608134
exclude_all_flagged,2024-12-20,validation,mlp_small,52,45.19118638620312,6.808813613796879
exclude_all_flagged,2024-12-21,validation,mlp_small,59,60.0,1.0
exclude_all_flagged,2024-12-22,validation,mlp_small,31,12.487088348397158,18.512911651602842
exclude_all_flagged,2024-12-23,validation,mlp_small,35,12.229008509053688,22.77099149094631
exclude_all_flagged,2024-12-24,validation,mlp_small,45,11.935625669257462,33.06437433074254
exclude_all_flagged,2024-12-25,validation,mlp_small,40,19.448845748901377,20.551154251098623
exclude_all_flagged,2024-12-26,validation,mlp_small,48,13.727816258711066,34.272183741288934
exclude_all_flagged,2024-12-27,validation,mlp_small,56,38.51000758002313,17.489992419976872
exclude_all_flagged,2024-12-28,validation,mlp_small,58,54.498621214733305,3.501378785266695
exclude_all_flagged,2024-12-29,validation,mlp_small,39,21.03556832439006,17.96443167560994
exclude_all_flagged,2024-12-30,validation,mlp_small,39,8.232716892030812,30.767283107969188
exclude_all_flagged,2024-12-31,validation,mlp_small,50,47.62296871706141,2.3770312829385887
exclude_all_flagged,2025-01-01,test,mlp_small,11,0.0,11.0
exclude_all_flagged,2025-01-02,test,mlp_small,15,0.0,15.0
exclude_all_flagged,2025-01-03,test,mlp_small,17,25.70747980343654,8.707479803436541
exclude_all_flagged,2025-01-04,test,mlp_small,22,41.069378259225836,19.069378259225836
exclude_all_flagged,2025-01-16,test,mlp_small,1,22.274445181835564,21.274445181835564
exclude_all_flagged,2025-01-17,test,mlp_small,23,12.318250115358428,10.681749884641572
exclude_all_flagged,2025-01-18,test,mlp_small,44,0.0,44.0
exclude_all_flagged,2025-01-19,test,mlp_small,13,0.0,13.0
exclude_all_flagged,2025-01-20,test,mlp_small,5,49.64417728663245,44.64417728663245
exclude_all_flagged,2025-01-21,test,mlp_small,2,60.0,58.0
exclude_all_flagged,2025-01-22,test,mlp_small,13,58.488580578628486,45.488580578628486
exclude_all_flagged,2025-01-23,test,mlp_small,14,60.0,46.0
exclude_all_flagged,2025-01-24,test,mlp_small,56,60.0,4.0
exclude_all_flagged,2025-01-25,test,mlp_small,58,40.55255102505839,17.447448974941608
exclude_all_flagged,2025-01-26,test,mlp_small,20,6.418389212205035,13.581610787794965
exclude_all_flagged,2025-01-27,test,mlp_small,17,30.153147696519607,13.153147696519607
exclude_all_flagged,2025-01-28,test,mlp_small,21,36.68951928436463,15.689519284364629
exclude_all_flagged,2025-01-29,test,mlp_small,25,31.240643102261174,6.240643102261174
exclude_all_flagged,2025-01-30,test,mlp_small,28,43.045545765706194,15.045545765706194
exclude_all_flagged,2025-01-31,test,mlp_small,53,59.1075504467176,6.107550446717603
exclude_all_flagged,2025-02-01,test,mlp_small,59,60.0,1.0
exclude_all_flagged,2025-02-02,test,mlp_small,19,26.143084114097107,7.143084114097107
exclude_all_flagged,2025-02-03,test,mlp_small,23,28.525258681185065,5.525258681185065
exclude_all_flagged,2025-02-04,test,mlp_small,25,42.21210577831954,17.21210577831954
exclude_all_flagged,2025-02-05,test,mlp_small,25,50.26620365318558,25.266203653185578
exclude_all_flagged,2025-02-06,test,mlp_small,26,53.431147126234585,27.431147126234585
exclude_all_flagged,2025-02-07,test,mlp_small,31,40.54070852091064,9.540708520910641
exclude_all_flagged,2025-02-08,test,mlp_small,46,43.5744147137347,2.425585286265303
exclude_all_flagged,2025-02-09,test,mlp_small,13,21.957164141396795,8.957164141396795
exclude_all_flagged,2025-02-10,test,mlp_small,16,16.189377381934396,0.18937738193439557
exclude_all_flagged,2025-02-11,test,mlp_small,21,17.592040143939933,3.4079598560600672
exclude_all_flagged,2025-02-12,test,mlp_small,21,21.39399194455515,0.3939919445551503
exclude_all_flagged,2025-02-13,test,mlp_small,25,16.705652916935964,8.294347083064036
exclude_all_flagged,2025-02-14,test,mlp_small,60,29.976088128180987,30.023911871819013
exclude_all_flagged,2025-02-15,test,mlp_small,54,0.0,54.0
exclude_all_flagged,2025-02-16,test,mlp_small,31,0.0,31.0
exclude_all_flagged,2025-02-17,test,mlp_small,20,0.0,20.0
exclude_all_flagged,2025-02-18,test,mlp_small,31,0.0,31.0
exclude_all_flagged,2025-02-19,test,mlp_small,37,0.0,37.0
exclude_all_flagged,2025-02-20,test,mlp_small,44,0.0,44.0
exclude_all_flagged,2025-02-21,test,mlp_small,59,0.0,59.0
exclude_all_flagged,2025-02-22,test,mlp_small,59,0.0,59.0
exclude_all_flagged,2025-02-23,test,mlp_small,11,0.0,11.0
exclude_all_flagged,2025-02-24,test,mlp_small,29,0.0,29.0
exclude_all_flagged,2025-02-25,test,mlp_small,22,0.0,22.0
exclude_all_flagged,2025-02-26,test,mlp_small,35,0.0,35.0
exclude_all_flagged,2025-02-27,test,mlp_small,32,0.0,32.0
exclude_all_flagged,2025-02-28,test,mlp_small,53,5.959436894116855,47.040563105883145
exclude_all_flagged,2025-03-01,test,mlp_small,58,18.027627050351324,39.97237294964867
exclude_all_flagged,2025-03-02,test,mlp_small,11,0.0,11.0
exclude_all_flagged,2025-03-03,test,mlp_small,35,0.0,35.0
exclude_all_flagged,2025-03-04,test,mlp_small,35,0.0,35.0
exclude_all_flagged,2025-03-05,test,mlp_small,39,0.5535009785846299,38.44649902141537
exclude_all_flagged,2025-03-06,test,mlp_small,35,0.0,35.0
exclude_all_flagged,2025-03-07,test,mlp_small,60,10.190341661392278,49.80965833860772
exclude_all_flagged,2025-03-08,test,mlp_small,59,6.661948305645176,52.338051694354824
exclude_all_flagged,2025-03-09,test,mlp_small,20,0.0,20.0
exclude_all_flagged,2025-03-10,test,mlp_small,32,0.0,32.0
exclude_all_flagged,2025-03-11,test,mlp_small,31,20.200390644058064,10.799609355941936
exclude_all_flagged,2025-03-12,test,mlp_small,37,27.32055342320039,9.67944657679961
exclude_all_flagged,2025-03-13,test,mlp_small,42,23.149799236810306,18.850200763189694
exclude_all_flagged,2025-03-14,test,mlp_small,58,57.89243191198288,0.1075680880171177
exclude_all_flagged,2025-03-15,test,mlp_small,59,51.947089841395595,7.052910158604405
exclude_all_flagged,2025-03-16,test,mlp_small,34,19.119651928286974,14.880348071713026
exclude_all_flagged,2025-03-17,test,mlp_small,31,21.588647387820124,9.411352612179876
exclude_all_flagged,2025-03-18,test,mlp_small,32,21.79360829742149,10.206391702578511
exclude_all_flagged,2025-03-19,test,mlp_small,24,8.381688369403896,15.618311630596104
exclude_all_flagged,2025-03-20,test,mlp_small,49,17.478709535649973,31.521290464350027
exclude_all_flagged,2025-03-21,test,mlp_small,58,60.0,2.0
exclude_all_flagged,2025-03-22,test,mlp_small,60,32.08267919448047,27.91732080551953
exclude_all_flagged,2025-03-23,test,mlp_small,30,0.8822647183189716,29.11773528168103
exclude_all_flagged,2025-03-24,test,mlp_small,30,9.977585505356231,20.02241449464377
exclude_all_flagged,2025-03-25,test,mlp_small,30,6.2919997784032375,23.708000221596762
exclude_all_flagged,2025-03-26,test,mlp_small,35,11.882054845606596,23.117945154393404
exclude_all_flagged,2025-03-27,test,mlp_small,43,13.763906369778482,29.236093630221518
exclude_all_flagged,2025-03-28,test,mlp_small,58,35.115946997255115,22.884053002744885
exclude_all_flagged,2025-03-29,test,mlp_small,58,28.86157186844912,29.13842813155088
exclude_all_flagged,2025-03-30,test,mlp_small,40,0.48133367416154016,39.51866632583846
exclude_all_flagged,2025-03-31,test,mlp_small,33,14.592974452739941,18.40702554726006
exclude_all_flagged,2025-04-01,test,mlp_small,23,24.260208558826605,1.260208558826605
exclude_all_flagged,2025-04-02,test,mlp_small,24,13.395450735734642,10.604549264265358
exclude_all_flagged,2025-04-03,test,mlp_small,33,11.180836267990458,21.819163732009542
exclude_all_flagged,2025-04-04,test,mlp_small,59,59.88408723173406,0.8840872317340569
exclude_all_flagged,2025-04-05,test,mlp_small,59,58.178937804318224,0.8210621956817761
exclude_all_flagged,2025-04-06,test,mlp_small,36,3.122907842387349,32.87709215761265
exclude_all_flagged,2025-04-07,test,mlp_small,19,9.66890743378222,9.33109256621778
exclude_all_flagged,2025-04-08,test,mlp_small,23,6.480100810680959,16.51989918931904
exclude_all_flagged,2025-04-09,test,mlp_small,28,8.605145556582613,19.394854443417387
exclude_all_flagged,2025-04-10,test,mlp_small,50,16.014753450797194,33.985246549202806
exclude_all_flagged,2025-04-11,test,mlp_small,59,58.500075836233336,0.49992416376666426
exclude_all_flagged,2025-04-12,test,mlp_small,59,34.694279936103825,24.305720063896175
exclude_all_flagged,2025-04-13,test,mlp_small,32,2.5021127676248724,29.497887232375128
exclude_all_flagged,2025-04-14,test,mlp_small,39,0.0,39.0
exclude_all_flagged,2025-04-15,test,mlp_small,33,0.0,33.0
exclude_all_flagged,2025-04-16,test,mlp_small,34,0.0,34.0
exclude_all_flagged,2025-04-17,test,mlp_small,43,14.917703073355518,28.08229692664448
exclude_all_flagged,2025-04-18,test,mlp_small,60,60.0,0.0
exclude_all_flagged,2025-04-19,test,mlp_small,59,60.0,1.0
exclude_all_flagged,2025-04-20,test,mlp_small,27,5.305471869696277,21.694528130303723
exclude_all_flagged,2025-04-21,test,mlp_small,39,5.060756447355793,33.93924355264421
exclude_all_flagged,2025-04-22,test,mlp_small,44,9.671038543297065,34.328961456702935
exclude_all_flagged,2025-04-23,test,mlp_small,36,12.90275157710645,23.09724842289355
exclude_all_flagged,2025-04-24,test,mlp_small,50,17.424814174336234,32.575185825663766
exclude_all_flagged,2025-04-25,test,mlp_small,55,52.47695223343091,2.5230477665690927
exclude_all_flagged,2025-04-26,test,mlp_small,59,48.47486359785691,10.52513640214309
exclude_all_flagged,2025-04-27,test,mlp_small,21,0.0,21.0
exclude_all_flagged,2025-04-28,test,mlp_small,30,0.0,30.0
exclude_all_flagged,2025-04-29,test,mlp_small,35,0.0,35.0
exclude_all_flagged,2025-04-30,test,mlp_small,29,8.121845211844501,20.8781547881555
exclude_all_flagged,2025-05-01,test,mlp_small,30,27.033592209342675,2.9664077906573247
exclude_all_flagged,2025-05-02,test,mlp_small,58,52.24002760470988,5.75997239529012
exclude_all_flagged,2025-05-03,test,mlp_small,59,60.0,1.0
exclude_all_flagged,2025-05-04,test,mlp_small,19,0.0,19.0
exclude_all_flagged,2025-05-05,test,mlp_small,8,0.0,8.0
exclude_all_flagged,2025-05-06,test,mlp_small,13,0.0,13.0
exclude_all_flagged,2025-05-07,test,mlp_small,43,0.9670022213048952,42.032997778695105
exclude_all_flagged,2025-05-08,test,mlp_small,54,35.09455091838242,18.905449081617583
exclude_all_flagged,2025-05-09,test,mlp_small,60,51.14994758476848,8.850052415231517
exclude_all_flagged,2025-05-10,test,mlp_small,59,18.425887107911713,40.57411289208829
exclude_all_flagged,2025-05-11,test,mlp_small,15,1.4926538074733173,13.507346192526683
exclude_all_flagged,2025-05-12,test,mlp_small,34,14.42641545545277,19.57358454454723
exclude_all_flagged,2025-05-13,test,mlp_small,44,21.44417321098209,22.55582678901791
exclude_all_flagged,2025-05-14,test,mlp_small,56,41.39575083760592,14.604249162394083
exclude_all_flagged,2025-05-15,test,mlp_small,50,25.470384007210015,24.529615992789985
exclude_all_flagged,2025-05-16,test,mlp_small,59,42.21458108427951,16.78541891572049
exclude_all_flagged,2025-05-17,test,mlp_small,58,41.65649598353422,16.34350401646578
exclude_all_flagged,2025-05-18,test,mlp_small,36,0.5233297487992701,35.47667025120073
exclude_all_flagged,2025-05-19,test,mlp_small,22,0.0,22.0
exclude_all_flagged,2025-05-20,test,mlp_small,26,0.0,26.0
exclude_all_flagged,2025-05-21,test,mlp_small,22,6.228408848373704,15.771591151626296
exclude_all_flagged,2025-05-22,test,mlp_small,20,10.626354248250568,9.373645751749432
exclude_all_flagged,2025-05-23,test,mlp_small,56,39.107784796997095,16.892215203002905
exclude_all_flagged,2025-05-24,test,mlp_small,57,50.93712646916366,6.062873530836342
exclude_all_flagged,2025-05-25,test,mlp_small,52,18.88813908355618,33.11186091644382
exclude_all_flagged,2025-05-26,test,mlp_small,9,0.0,9.0
exclude_all_flagged,2025-05-27,test,mlp_small,9,0.0,9.0
exclude_all_flagged,2025-05-28,test,mlp_small,17,11.93155736928879,5.0684426307112105
exclude_all_flagged,2025-05-29,test,mlp_small,37,27.648743545272918,9.351256454727082
exclude_all_flagged,2025-05-30,test,mlp_small,54,39.307081825705566,14.692918174294434
exclude_all_flagged,2025-05-31,test,mlp_small,58,29.91333312020747,28.08666687979253
exclude_all_flagged,2025-06-01,test,mlp_small,45,0.0,45.0
exclude_all_flagged,2025-06-02,test,mlp_small,25,23.264308427340872,1.7356915726591282
exclude_all_flagged,2025-06-03,test,mlp_small,25,28.21800328586325,3.218003285863251
exclude_all_flagged,2025-06-04,test,mlp_small,39,0.0,39.0
exclude_all_flagged,2025-06-05,test,mlp_small,34,31.695739957169987,2.3042600428300126
exclude_all_flagged,2025-06-06,test,mlp_small,58,60.0,2.0
exclude_all_flagged,2025-06-07,test,mlp_small,57,60.0,3.0
exclude_all_flagged,2025-06-08,test,mlp_small,29,16.182079892191453,12.817920107808547
exclude_all_flagged,2025-06-09,test,mlp_small,34,24.148290239651097,9.851709760348903
exclude_all_flagged,2025-06-10,test,mlp_small,48,21.045374939790037,26.954625060209963
exclude_all_flagged,2025-06-11,test,mlp_small,39,20.364913326231864,18.635086673768136
exclude_all_flagged,2025-06-12,test,mlp_small,44,25.37068633035939,18.62931366964061
exclude_all_flagged,2025-06-13,test,mlp_small,60,53.67832816157669,6.321671838423313
exclude_all_flagged,2025-06-14,test,mlp_small,59,60.0,1.0
exclude_all_flagged,2025-06-15,test,mlp_small,16,0.0,16.0
exclude_all_flagged,2025-06-16,test,mlp_small,10,3.695928389838649,6.304071610161351
exclude_all_flagged,2025-06-17,test,mlp_small,22,14.431880949106812,7.568119050893188
exclude_all_flagged,2025-06-18,test,mlp_small,13,38.91939390883117,25.919393908831168
exclude_all_flagged,2025-06-19,test,mlp_small,31,37.79236985111754,6.792369851117542
exclude_all_flagged,2025-06-20,test,mlp_small,60,60.0,0.0
exclude_all_flagged,2025-06-21,test,mlp_small,57,60.0,3.0
exclude_all_flagged,2025-06-22,test,mlp_small,19,11.187188666998985,7.812811333001015
exclude_all_flagged,2025-06-23,test,mlp_small,19,22.713038400412923,3.7130384004129233
exclude_all_flagged,2025-06-24,test,mlp_small,34,23.522160010655053,10.477839989344947
exclude_all_flagged,2025-06-25,test,mlp_small,36,16.787724141326972,19.212275858673028
exclude_all_flagged,2025-06-26,test,mlp_small,31,6.921602541420697,24.078397458579303
exclude_all_flagged,2025-06-27,test,mlp_small,59,39.70217346855041,19.297826531449587
exclude_all_flagged,2025-06-28,test,mlp_small,59,44.197101991761684,14.802898008238316
exclude_all_flagged,2025-06-29,test,mlp_small,32,5.066797157205343,26.933202842794657
exclude_all_flagged,2025-06-30,test,mlp_small,25,4.709386393560976,20.290613606439024
exclude_all_flagged,2025-07-01,test,mlp_small,29,16.90973352644372,12.09026647355628
exclude_all_flagged,2025-07-02,test,mlp_small,23,58.12213056973076,35.12213056973076
exclude_all_flagged,2025-07-03,test,mlp_small,30,47.90483123017084,17.904831230170842
exclude_all_flagged,2025-07-04,test,mlp_small,57,60.0,3.0
exclude_all_flagged,2025-07-05,test,mlp_small,59,60.0,1.0
exclude_all_flagged,2025-07-06,test,mlp_small,32,31.979104799515106,0.020895200484893905
exclude_all_flagged,2025-07-07,test,mlp_small,23,44.42412157186502,21.424121571865022
exclude_all_flagged,2025-07-08,test,mlp_small,39,55.3175563021774,16.3175563021774
exclude_all_flagged,2025-07-09,test,mlp_small,44,45.23107598226238,1.2310759822623822
exclude_all_flagged,2025-07-10,test,mlp_small,45,43.107492540672915,1.892507459327085
exclude_all_flagged,2025-07-11,test,mlp_small,60,60.0,0.0
exclude_all_flagged,2025-07-12,test,mlp_small,59,60.0,1.0
exclude_all_flagged,2025-07-13,test,mlp_small,30,17.55248250718348,12.44751749281652
exclude_all_flagged,2025-07-14,test,mlp_small,29,34.76215731707316,5.762157317073161
exclude_all_flagged,2025-07-15,test,mlp_small,30,33.424796692321536,3.424796692321536
exclude_all_flagged,2025-07-16,test,mlp_small,26,29.183628791079904,3.1836287910799044
exclude_all_flagged,2025-07-17,test,mlp_small,36,28.840628532975344,7.1593714670246555
exclude_all_flagged,2025-07-18,test,mlp_small,60,60.0,0.0
exclude_all_flagged,2025-07-19,test,mlp_small,60,60.0,0.0
exclude_all_flagged,2025-07-20,test,mlp_small,37,14.324148124890577,22.675851875109423
exclude_all_flagged,2025-07-21,test,mlp_small,43,0.0,43.0
exclude_all_flagged,2025-07-22,test,mlp_small,27,0.12563040569972372,26.874369594300276
exclude_all_flagged,2025-07-23,test,mlp_small,32,24.038648533860922,7.961351466139078
exclude_all_flagged,2025-07-24,test,mlp_small,42,36.430937523234626,5.5690624767653745
exclude_all_flagged,2025-07-25,test,mlp_small,58,60.0,2.0
exclude_all_flagged,2025-07-26,test,mlp_small,60,60.0,0.0
exclude_all_flagged,2025-07-27,test,mlp_small,29,37.420473926323126,8.420473926323126
exclude_all_flagged,2025-07-28,test,mlp_small,27,8.138435930453657,18.861564069546343
exclude_all_flagged,2025-07-29,test,mlp_small,28,32.02197285273026,4.021972852730258
exclude_all_flagged,2025-07-30,test,mlp_small,25,22.028202676052636,2.9717973239473636
exclude_all_flagged,2025-07-31,test,mlp_small,38,32.52730482037213,5.47269517962787
exclude_all_flagged,2025-08-01,test,mlp_small,57,60.0,3.0
exclude_all_flagged,2025-08-02,test,mlp_small,59,60.0,1.0
exclude_all_flagged,2025-08-03,test,mlp_small,18,17.012681501562344,0.9873184984376557
exclude_all_flagged,2025-08-04,test,mlp_small,21,14.510807957843841,6.489192042156159
exclude_all_flagged,2025-08-05,test,mlp_small,18,29.937894484437678,11.937894484437678
exclude_all_flagged,2025-08-06,test,mlp_small,18,48.58262176923298,30.58262176923298
exclude_all_flagged,2025-08-07,test,mlp_small,19,60.0,41.0
exclude_all_flagged,2025-08-08,test,mlp_small,52,60.0,8.0
exclude_all_flagged,2025-08-09,test,mlp_small,57,60.0,3.0
exclude_all_flagged,2025-08-10,test,mlp_small,42,31.97749825104264,10.02250174895736
exclude_all_flagged,2025-08-11,test,mlp_small,22,33.39996773305848,11.399967733058482
exclude_all_flagged,2025-08-12,test,mlp_small,36,42.64872732381933,6.64872732381933
exclude_all_flagged,2025-08-13,test,mlp_small,39,56.91585228759443,17.915852287594433
exclude_all_flagged,2025-08-14,test,mlp_small,46,60.0,14.0
exclude_all_flagged,2025-08-15,test,mlp_small,60,60.0,0.0
exclude_all_flagged,2025-08-16,test,mlp_small,59,60.0,1.0
exclude_all_flagged,2025-08-17,test,mlp_small,26,58.07367527706506,32.07367527706506
exclude_all_flagged,2025-08-18,test,mlp_small,36,32.364502292916896,3.635497707083104
exclude_all_flagged,2025-08-19,test,mlp_small,24,21.925977679916954,2.0740223200830457
exclude_all_flagged,2025-08-20,test,mlp_small,32,25.637269277933214,6.362730722066786
exclude_all_flagged,2025-08-21,test,mlp_small,42,36.311701375553305,5.688298624446695
exclude_all_flagged,2025-08-22,test,mlp_small,60,60.0,0.0
exclude_all_flagged,2025-08-23,test,mlp_small,59,60.0,1.0
exclude_all_flagged,2025-08-24,test,mlp_small,48,31.00373597187245,16.99626402812755
exclude_all_flagged,2025-08-25,test,mlp_small,55,6.307824544548119,48.69217545545188
exclude_all_flagged,2025-08-26,test,mlp_small,59,23.052737318808678,35.94726268119132
exclude_all_flagged,2025-08-27,test,mlp_small,60,37.463897123706246,22.536102876293754
exclude_all_flagged,2025-08-28,test,mlp_small,60,60.0,0.0
exclude_all_flagged,2025-08-29,test,mlp_small,57,60.0,3.0
exclude_all_flagged,2025-08-30,test,mlp_small,59,60.0,1.0
exclude_all_flagged,2025-08-31,test,mlp_small,59,31.48113152382308,27.51886847617692
exclude_all_flagged,2025-09-01,test,mlp_small,25,0.0,25.0
exclude_all_flagged,2025-09-02,test,mlp_small,24,12.80841275684493,11.19158724315507
exclude_all_flagged,2025-09-03,test,mlp_small,22,14.839736760605525,7.1602632393944745
exclude_all_flagged,2025-09-04,test,mlp_small,33,20.246300521214845,12.753699478785155
exclude_all_flagged,2025-09-05,test,mlp_small,60,43.997898900998536,16.002101099001464
exclude_all_flagged,2025-09-06,test,mlp_small,59,37.9182766368544,21.0817233631456
exclude_all_flagged,2025-09-07,test,mlp_small,13,12.865638485263435,0.13436151473656466
exclude_all_flagged,2025-09-08,test,mlp_small,22,5.6792778681694855,16.320722131830514
exclude_all_flagged,2025-09-09,test,mlp_small,18,7.142797108185725,10.857202891814275
exclude_all_flagged,2025-09-10,test,mlp_small,20,24.388010438398215,4.388010438398215
exclude_all_flagged,2025-09-11,test,mlp_small,28,60.0,32.0
exclude_all_flagged,2025-09-12,test,mlp_small,58,60.0,2.0
exclude_all_flagged,2025-09-13,test,mlp_small,58,60.0,2.0
exclude_all_flagged,2025-09-14,test,mlp_small,20,41.372580059657736,21.372580059657736
exclude_all_flagged,2025-09-15,test,mlp_small,37,52.543689465938506,15.543689465938506
exclude_all_flagged,2025-09-16,test,mlp_small,42,43.71317683552833,1.7131768355283299
exclude_all_flagged,2025-09-17,test,mlp_small,39,59.34880529564719,20.34880529564719
exclude_all_flagged,2025-09-18,test,mlp_small,36,60.0,24.0
exclude_all_flagged,2025-09-19,test,mlp_small,59,60.0,1.0
exclude_all_flagged,2025-09-20,test,mlp_small,60,60.0,0.0
exclude_all_flagged,2025-09-21,test,mlp_small,40,40.189632212603186,0.1896322126031862
exclude_all_flagged,2025-09-22,test,mlp_small,33,17.095203360529805,15.904796639470195
exclude_all_flagged,2025-09-23,test,mlp_small,42,27.000513371127198,14.999486628872802
exclude_all_flagged,2025-09-24,test,mlp_small,32,43.97282533110034,11.972825331100339
exclude_all_flagged,2025-09-25,test,mlp_small,39,57.21098000375295,18.21098000375295
exclude_all_flagged,2025-09-26,test,mlp_small,58,60.0,2.0
exclude_all_flagged,2025-09-27,test,mlp_small,59,60.0,1.0
exclude_all_flagged,2025-09-28,test,mlp_small,36,52.833710369990975,16.833710369990975
exclude_all_flagged,2025-09-29,test,mlp_small,43,5.55342687633383,37.44657312366617
exclude_all_flagged,2025-09-30,test,mlp_small,35,54.78465954513871,19.78465954513871
exclude_all_flagged,2025-10-01,test,mlp_small,23,53.65200384451568,30.652003844515683
exclude_all_flagged,2025-10-02,test,mlp_small,33,27.37719247233389,5.622807527666112
exclude_all_flagged,2025-10-03,test,mlp_small,60,60.0,0.0
exclude_all_flagged,2025-10-04,test,mlp_small,59,60.0,1.0
exclude_all_flagged,2025-10-05,test,mlp_small,29,45.74954938399877,16.74954938399877
exclude_all_flagged,2025-10-06,test,mlp_small,34,4.706971123175009,29.29302887682499
exclude_all_flagged,2025-10-07,test,mlp_small,34,22.01932573707882,11.98067426292118
exclude_all_flagged,2025-10-08,test,mlp_small,41,43.82720655278578,2.827206552785782
exclude_all_flagged,2025-10-09,test,mlp_small,49,56.308615420608106,7.308615420608106
exclude_all_flagged,2025-10-10,test,mlp_small,58,60.0,2.0
exclude_all_flagged,2025-10-11,test,mlp_small,60,60.0,0.0
exclude_all_flagged,2025-10-12,test,mlp_small,59,46.70823916128084,12.291760838719163
exclude_all_flagged,2025-10-13,test,mlp_small,22,8.086558678560564,13.913441321439436
exclude_all_flagged,2025-10-14,test,mlp_small,37,22.63595048607108,14.364049513928919
exclude_all_flagged,2025-10-15,test,mlp_small,53,36.48700215745356,16.51299784254644
exclude_all_flagged,2025-10-16,test,mlp_small,57,49.67886665100512,7.321133348994877
exclude_all_flagged,2025-10-17,test,mlp_small,53,54.22208902541265,1.2220890254126502
exclude_all_flagged,2025-10-18,test,mlp_small,59,60.0,1.0
exclude_all_flagged,2025-10-19,test,mlp_small,45,57.34262819806379,12.342628198063792
exclude_all_flagged,2025-10-20,test,mlp_small,42,16.695445761912016,25.304554238087984
exclude_all_flagged,2025-10-21,test,mlp_small,46,31.618199330087435,14.381800669912565
exclude_all_flagged,2025-10-22,test,mlp_small,28,34.11398325436792,6.113983254367923
exclude_all_flagged,2025-10-23,test,mlp_small,47,32.99206845359614,14.00793154640386
exclude_all_flagged,2025-10-24,test,mlp_small,56,60.0,4.0
exclude_all_flagged,2025-10-25,test,mlp_small,59,60.0,1.0
exclude_all_flagged,2025-10-26,test,mlp_small,29,41.729660259979944,12.729660259979944
exclude_all_flagged,2025-10-27,test,mlp_small,27,5.205351260383651,21.79464873961635
exclude_all_flagged,2025-10-28,test,mlp_small,40,0.0,40.0
exclude_all_flagged,2025-10-29,test,mlp_small,46,38.35072971246408,7.64927028753592
exclude_all_flagged,2025-10-30,test,mlp_small,45,49.33211226509429,4.332112265094288
exclude_all_flagged,2025-10-31,test,mlp_small,60,56.240431288701984,3.759568711298016
exclude_all_flagged,2025-11-01,test,mlp_small,60,25.88194481046099,34.11805518953901
exclude_all_flagged,2025-11-02,test,mlp_small,38,3.300075838541588,34.69992416145841
exclude_all_flagged,2025-11-03,test,mlp_small,21,30.963333926695846,9.963333926695846
exclude_all_flagged,2025-11-04,test,mlp_small,27,35.57114417856558,8.571144178565582
exclude_all_flagged,2025-11-05,test,mlp_small,20,44.95333308589742,24.95333308589742
exclude_all_flagged,2025-11-06,test,mlp_small,29,48.34561734389828,19.345617343898283
exclude_all_flagged,2025-11-07,test,mlp_small,60,60.0,0.0
exclude_all_flagged,2025-11-08,test,mlp_small,60,60.0,0.0
exclude_all_flagged,2025-11-09,test,mlp_small,32,12.400988690258,19.599011309742
exclude_all_flagged,2025-11-10,test,mlp_small,35,1.385388205704544,33.614611794295456
exclude_all_flagged,2025-11-11,test,mlp_small,29,27.485400012331198,1.5145999876688023
exclude_all_flagged,2025-11-12,test,mlp_small,29,42.66193835868705,13.661938358687053
exclude_all_flagged,2025-11-13,test,mlp_small,25,60.0,35.0
exclude_all_flagged,2025-11-14,test,mlp_small,54,60.0,6.0
exclude_all_flagged,2025-11-15,test,mlp_small,59,60.0,1.0
exclude_all_flagged,2025-11-16,test,mlp_small,19,60.0,41.0
exclude_all_flagged,2025-11-17,test,mlp_small,11,12.90269754802339,1.90269754802339
exclude_all_flagged,2025-11-18,test,mlp_small,16,45.04010080369413,29.04010080369413
exclude_all_flagged,2025-11-19,test,mlp_small,27,38.97256431162283,11.972564311622833
exclude_all_flagged,2025-11-20,test,mlp_small,26,54.62396526554498,28.62396526554498
exclude_all_flagged,2025-11-21,test,mlp_small,58,60.0,2.0
exclude_all_flagged,2025-11-22,test,mlp_small,58,60.0,2.0
exclude_all_flagged,2025-11-23,test,mlp_small,27,41.505523618897605,14.505523618897605
exclude_all_flagged,2025-11-24,test,mlp_small,30,37.38989920245403,7.389899202454032
exclude_all_flagged,2025-11-25,test,mlp_small,28,46.15936216965494,18.15936216965494
exclude_all_flagged,2025-11-26,test,mlp_small,42,40.42810844371588,1.5718915562841218
exclude_all_flagged,2025-11-27,test,mlp_small,58,52.939003726389814,5.060996273610186
exclude_all_flagged,2025-11-28,test,mlp_small,59,60.0,1.0
exclude_all_flagged,2025-11-29,test,mlp_small,55,60.0,5.0
exclude_all_flagged,2025-11-30,test,mlp_small,28,25.98701284889551,2.0129871511044897
exclude_all_flagged,2025-12-01,test,mlp_small,30,25.657972764316412,4.342027235683588
exclude_all_flagged,2025-12-02,test,mlp_small,31,47.59484325792941,16.594843257929412
exclude_all_flagged,2025-12-03,test,mlp_small,28,41.25551218564209,13.25551218564209
exclude_all_flagged,2025-12-04,test,mlp_small,37,29.61415693729107,7.385843062708929
exclude_all_flagged,2025-12-05,test,mlp_small,50,60.0,10.0
exclude_all_flagged,2025-12-06,test,mlp_small,60,60.0,0.0
exclude_all_flagged,2025-12-07,test,mlp_small,36,15.408633393305042,20.591366606694958
exclude_all_flagged,2025-12-08,test,mlp_small,26,9.02208202023115,16.97791797976885
exclude_all_flagged,2025-12-09,test,mlp_small,40,19.747061764088127,20.252938235911873
exclude_all_flagged,2025-12-10,test,mlp_small,21,30.741861328269167,9.741861328269167
exclude_all_flagged,2025-12-11,test,mlp_small,24,41.04902432866087,17.04902432866087
exclude_all_flagged,2025-12-12,test,mlp_small,50,60.0,10.0
exclude_all_flagged,2025-12-13,test,mlp_small,52,60.0,8.0
exclude_all_flagged,2025-12-14,test,mlp_small,24,27.72272968326393,3.7227296832639283
exclude_all_flagged,2025-12-15,test,mlp_small,18,12.379980234408958,5.620019765591042
exclude_all_flagged,2025-12-16,test,mlp_small,23,15.13252774881478,7.8674722511852195
exclude_all_flagged,2025-12-17,test,mlp_small,34,21.373015590511375,12.626984409488625
exclude_all_flagged,2025-12-18,test,mlp_small,43,26.906856833418956,16.093143166581044
exclude_all_flagged,2025-12-19,test,mlp_small,49,60.0,11.0
exclude_all_flagged,2025-12-20,test,mlp_small,57,60.0,3.0
exclude_all_flagged,2025-12-21,test,mlp_small,35,14.476073175311548,20.523926824688452
exclude_all_flagged,2025-12-22,test,mlp_small,28,19.140223384308836,8.859776615691164
exclude_all_flagged,2025-12-23,test,mlp_small,27,14.308700771193955,12.691299228806045
exclude_all_flagged,2025-12-24,test,mlp_small,40,13.201146823600599,26.7988531763994
exclude_all_flagged,2025-12-25,test,mlp_small,31,29.594683870587204,1.405316129412796
exclude_all_flagged,2025-12-26,test,mlp_small,40,37.33593934050636,2.664060659493643
exclude_all_flagged,2025-12-27,test,mlp_small,44,28.254773627605456,15.745226372394544
exclude_all_flagged,2025-12-28,test,mlp_small,30,3.3389975126085503,26.66100248739145
exclude_all_flagged,2025-12-29,test,mlp_small,28,0.0,28.0
exclude_all_flagged,2025-12-30,test,mlp_small,36,0.0,36.0
exclude_all_flagged,2025-12-31,test,mlp_small,55,0.0,55.0
exclude_all_flagged,2024-07-01,validation,mlp_medium,14,45.65663259094549,31.65663259094549
exclude_all_flagged,2024-07-02,validation,mlp_medium,17,30.60606571588702,13.60606571588702
exclude_all_flagged,2024-07-03,validation,mlp_medium,23,33.57979628009254,10.579796280092538
exclude_all_flagged,2024-07-04,validation,mlp_medium,26,52.786348792492504,26.786348792492504
exclude_all_flagged,2024-07-05,validation,mlp_medium,59,54.98571448998376,4.0142855100162365
exclude_all_flagged,2024-07-06,validation,mlp_medium,59,60.0,1.0
exclude_all_flagged,2024-07-07,validation,mlp_medium,22,13.904343057735154,8.095656942264846
exclude_all_flagged,2024-07-08,validation,mlp_medium,27,36.84893188808149,9.848931888081488
exclude_all_flagged,2024-07-09,validation,mlp_medium,33,40.42884526870095,7.428845268700947
exclude_all_flagged,2024-07-10,validation,mlp_medium,40,53.98743327749922,13.987433277499221
exclude_all_flagged,2024-07-11,validation,mlp_medium,50,58.00252010888891,8.002520108888909
exclude_all_flagged,2024-07-12,validation,mlp_medium,58,60.0,2.0
exclude_all_flagged,2024-07-13,validation,mlp_medium,60,58.681618088262326,1.3183819117376743
exclude_all_flagged,2024-07-14,validation,mlp_medium,25,15.884082534496446,9.115917465503554
exclude_all_flagged,2024-07-15,validation,mlp_medium,28,35.79730307954446,7.797303079544463
exclude_all_flagged,2024-07-16,validation,mlp_medium,36,44.19850450028148,8.19850450028148
exclude_all_flagged,2024-07-17,validation,mlp_medium,27,35.76067232726647,8.76067232726647
exclude_all_flagged,2024-07-18,validation,mlp_medium,32,37.9896940030107,5.9896940030106975
exclude_all_flagged,2024-07-19,validation,mlp_medium,59,57.34676075140062,1.6532392485993768
exclude_all_flagged,2024-07-20,validation,mlp_medium,60,56.89685856067963,3.1031414393203676
exclude_all_flagged,2024-07-21,validation,mlp_medium,41,26.578481861080117,14.421518138919883
exclude_all_flagged,2024-07-22,validation,mlp_medium,45,31.357471003871723,13.642528996128277
exclude_all_flagged,2024-07-23,validation,mlp_medium,52,31.087772895690634,20.912227104309366
exclude_all_flagged,2024-07-24,validation,mlp_medium,57,38.595479260152764,18.404520739847236
exclude_all_flagged,2024-07-25,validation,mlp_medium,58,38.60718726493006,19.39281273506994
exclude_all_flagged,2024-07-26,validation,mlp_medium,60,52.751074368969114,7.248925631030886
exclude_all_flagged,2024-07-27,validation,mlp_medium,60,48.55613263124916,11.443867368750837
exclude_all_flagged,2024-07-28,validation,mlp_medium,28,13.388436307084827,14.611563692915173
exclude_all_flagged,2024-07-29,validation,mlp_medium,22,22.760921910618748,0.7609219106187481
exclude_all_flagged,2024-07-30,validation,mlp_medium,27,30.15728514159933,3.1572851415993313
exclude_all_flagged,2024-07-31,validation,mlp_medium,40,49.72119595264565,9.721195952645651
exclude_all_flagged,2024-08-01,validation,mlp_medium,33,40.23673078977452,7.236730789774519
exclude_all_flagged,2024-08-02,validation,mlp_medium,60,59.738613615914325,0.26138638408567516
exclude_all_flagged,2024-08-03,validation,mlp_medium,60,60.0,0.0
exclude_all_flagged,2024-08-04,validation,mlp_medium,22,14.473961890429479,7.526038109570521
exclude_all_flagged,2024-08-05,validation,mlp_medium,24,19.16221997583509,4.8377800241649105
exclude_all_flagged,2024-08-06,validation,mlp_medium,30,21.35068262626435,8.649317373735649
exclude_all_flagged,2024-08-07,validation,mlp_medium,37,38.9046477720357,1.9046477720357018
exclude_all_flagged,2024-08-08,validation,mlp_medium,41,45.22389717921945,4.223897179219449
exclude_all_flagged,2024-08-09,validation,mlp_medium,55,54.447284850970725,0.5527151490292752
exclude_all_flagged,2024-08-10,validation,mlp_medium,59,54.10304846101509,4.896951538984908
exclude_all_flagged,2024-08-11,validation,mlp_medium,26,7.017823645316433,18.982176354683567
exclude_all_flagged,2024-08-12,validation,mlp_medium,31,39.37246841237608,8.37246841237608
exclude_all_flagged,2024-08-13,validation,mlp_medium,52,43.54901522379702,8.45098477620298
exclude_all_flagged,2024-08-14,validation,mlp_medium,36,50.87283411976317,14.87283411976317
exclude_all_flagged,2024-08-15,validation,mlp_medium,50,46.72892702898268,3.2710729710173183
exclude_all_flagged,2024-08-16,validation,mlp_medium,60,55.021979776865194,4.978020223134806
exclude_all_flagged,2024-08-17,validation,mlp_medium,60,50.11561989745235,9.884380102547652
exclude_all_flagged,2024-08-18,validation,mlp_medium,25,23.737497811037215,1.2625021889627845
exclude_all_flagged,2024-08-19,validation,mlp_medium,33,36.97544657719968,3.9754465771996834
exclude_all_flagged,2024-08-20,validation,mlp_medium,27,39.79370616658678,12.79370616658678
exclude_all_flagged,2024-08-21,validation,mlp_medium,38,35.11640317833831,2.8835968216616905
exclude_all_flagged,2024-08-22,validation,mlp_medium,45,37.23047937107811,7.769520628921889
exclude_all_flagged,2024-08-23,validation,mlp_medium,60,33.24023299319856,26.75976700680144
exclude_all_flagged,2024-08-24,validation,mlp_medium,60,25.974861056975968,34.02513894302403
exclude_all_flagged,2024-08-25,validation,mlp_medium,42,22.316813675430275,19.683186324569725
exclude_all_flagged,2024-08-26,validation,mlp_medium,52,25.589347935636695,26.410652064363305
exclude_all_flagged,2024-08-27,validation,mlp_medium,57,30.40111700659571,26.59888299340429
exclude_all_flagged,2024-08-28,validation,mlp_medium,60,42.22825616572903,17.77174383427097
exclude_all_flagged,2024-08-29,validation,mlp_medium,59,41.57755704034925,17.422442959650752
exclude_all_flagged,2024-08-30,validation,mlp_medium,49,44.48495101568473,4.515048984315271
exclude_all_flagged,2024-09-01,validation,mlp_medium,60,0.0,60.0
exclude_all_flagged,2024-09-02,validation,mlp_medium,38,16.947403331203713,21.052596668796287
exclude_all_flagged,2024-09-03,validation,mlp_medium,33,29.706916066065446,3.293083933934554
exclude_all_flagged,2024-09-04,validation,mlp_medium,31,31.169026571780684,0.1690265717806838
exclude_all_flagged,2024-09-05,validation,mlp_medium,36,48.30937473516064,12.309374735160638
exclude_all_flagged,2024-09-06,validation,mlp_medium,57,49.629756039100855,7.3702439608991455
exclude_all_flagged,2024-09-07,validation,mlp_medium,59,50.35890215523326,8.64109784476674
exclude_all_flagged,2024-09-08,validation,mlp_medium,24,24.16623635676377,0.16623635676376836
exclude_all_flagged,2024-09-09,validation,mlp_medium,29,9.064477418422005,19.935522581577995
exclude_all_flagged,2024-09-10,validation,mlp_medium,25,13.308082937717082,11.691917062282918
exclude_all_flagged,2024-09-11,validation,mlp_medium,22,39.657814126131264,17.657814126131264
exclude_all_flagged,2024-09-12,validation,mlp_medium,39,46.34571214403563,7.34571214403563
exclude_all_flagged,2024-09-13,validation,mlp_medium,59,57.092364151662096,1.907635848337904
exclude_all_flagged,2024-09-14,validation,mlp_medium,60,52.797471466844144,7.202528533155856
exclude_all_flagged,2024-09-15,validation,mlp_medium,29,13.131993535153764,15.868006464846236
exclude_all_flagged,2024-09-16,validation,mlp_medium,40,28.25956971614599,11.74043028385401
exclude_all_flagged,2024-09-17,validation,mlp_medium,49,39.09887957944026,9.901120420559742
exclude_all_flagged,2024-09-18,validation,mlp_medium,50,36.578831289312035,13.421168710687965
exclude_all_flagged,2024-09-19,validation,mlp_medium,54,35.60942972150999,18.39057027849001
exclude_all_flagged,2024-09-20,validation,mlp_medium,59,51.501290009249296,7.498709990750704
exclude_all_flagged,2024-09-21,validation,mlp_medium,59,41.34938442310409,17.65061557689591
exclude_all_flagged,2024-09-22,validation,mlp_medium,36,10.595281051226408,25.404718948773592
exclude_all_flagged,2024-09-23,validation,mlp_medium,42,26.165929492649365,15.834070507350635
exclude_all_flagged,2024-09-24,validation,mlp_medium,55,28.488673211325935,26.511326788674065
exclude_all_flagged,2024-09-25,validation,mlp_medium,56,34.49581357143575,21.504186428564253
exclude_all_flagged,2024-09-26,validation,mlp_medium,56,41.26224569300879,14.737754306991206
exclude_all_flagged,2024-09-27,validation,mlp_medium,59,39.18188921208886,19.818110787911138
exclude_all_flagged,2024-09-28,validation,mlp_medium,57,46.34080091542251,10.659199084577487
exclude_all_flagged,2024-09-29,validation,mlp_medium,38,32.22522137798108,5.774778622018921
exclude_all_flagged,2024-09-30,validation,mlp_medium,30,50.478631004459146,20.478631004459146
exclude_all_flagged,2024-10-01,validation,mlp_medium,14,31.62453618830864,17.62453618830864
exclude_all_flagged,2024-10-02,validation,mlp_medium,11,37.36649319711017,26.366493197110167
exclude_all_flagged,2024-10-03,validation,mlp_medium,39,47.748083474720694,8.748083474720694
exclude_all_flagged,2024-10-04,validation,mlp_medium,60,57.53984329163028,2.4601567083697233
exclude_all_flagged,2024-10-05,validation,mlp_medium,58,51.63233255992376,6.367667440076239
exclude_all_flagged,2024-10-06,validation,mlp_medium,25,23.57398025182087,1.4260197481791295
exclude_all_flagged,2024-10-07,validation,mlp_medium,22,30.865231095236965,8.865231095236965
exclude_all_flagged,2024-10-08,validation,mlp_medium,30,40.77967904026133,10.779679040261328
exclude_all_flagged,2024-10-09,validation,mlp_medium,38,56.80087983045977,18.80087983045977
exclude_all_flagged,2024-10-10,validation,mlp_medium,59,60.0,1.0
exclude_all_flagged,2024-10-11,validation,mlp_medium,60,50.25546784561652,9.744532154383478
exclude_all_flagged,2024-10-12,validation,mlp_medium,60,45.93789414165838,14.062105858341617
exclude_all_flagged,2024-10-13,validation,mlp_medium,60,10.404025663430964,49.595974336569036
exclude_all_flagged,2024-10-14,validation,mlp_medium,18,0.0,18.0
exclude_all_flagged,2024-10-15,validation,mlp_medium,24,27.054789082156926,3.054789082156926
exclude_all_flagged,2024-10-16,validation,mlp_medium,34,32.39247205382352,1.6075279461764822
exclude_all_flagged,2024-10-17,validation,mlp_medium,51,42.28175001060338,8.718249989396618
exclude_all_flagged,2024-10-18,validation,mlp_medium,60,44.306515809048726,15.693484190951274
exclude_all_flagged,2024-10-19,validation,mlp_medium,60,37.05427569125912,22.94572430874088
exclude_all_flagged,2024-10-20,validation,mlp_medium,44,24.024741000533872,19.975258999466128
exclude_all_flagged,2024-10-21,validation,mlp_medium,31,27.922305561846038,3.077694438153962
exclude_all_flagged,2024-10-22,validation,mlp_medium,37,38.85920397864472,1.8592039786447216
exclude_all_flagged,2024-10-23,validation,mlp_medium,51,41.31511724108102,9.684882758918981
exclude_all_flagged,2024-10-24,validation,mlp_medium,58,54.161385518208704,3.8386144817912964
exclude_all_flagged,2024-10-25,validation,mlp_medium,59,51.2692889775454,7.730711022454599
exclude_all_flagged,2024-10-26,validation,mlp_medium,59,48.4514078077375,10.548592192262497
exclude_all_flagged,2024-10-27,validation,mlp_medium,59,31.306333059496744,27.693666940503256
exclude_all_flagged,2024-10-28,validation,mlp_medium,21,19.23215843634965,1.7678415636503502
exclude_all_flagged,2024-10-29,validation,mlp_medium,23,16.481188872441116,6.518811127558884
exclude_all_flagged,2024-10-30,validation,mlp_medium,26,28.172791611750874,2.172791611750874
exclude_all_flagged,2024-10-31,validation,mlp_medium,40,30.176237736083998,9.823762263916002
exclude_all_flagged,2024-11-01,validation,mlp_medium,60,41.424266668358925,18.575733331641075
exclude_all_flagged,2024-11-02,validation,mlp_medium,60,45.94559594433148,14.05440405566852
exclude_all_flagged,2024-11-03,validation,mlp_medium,26,15.125488120934218,10.874511879065782
exclude_all_flagged,2024-11-04,validation,mlp_medium,16,17.45469602328417,1.4546960232841712
exclude_all_flagged,2024-11-05,validation,mlp_medium,16,27.119272172355863,11.119272172355863
exclude_all_flagged,2024-11-06,validation,mlp_medium,29,38.357202547464986,9.357202547464986
exclude_all_flagged,2024-11-07,validation,mlp_medium,47,51.78181430587648,4.78181430587648
exclude_all_flagged,2024-11-08,validation,mlp_medium,59,54.41419301411801,4.585806985881987
exclude_all_flagged,2024-11-09,validation,mlp_medium,60,49.845707077569685,10.154292922430315
exclude_all_flagged,2024-11-10,validation,mlp_medium,60,43.58071849594076,16.419281504059242
exclude_all_flagged,2024-11-11,validation,mlp_medium,38,36.725351133299895,1.2746488667001046
exclude_all_flagged,2024-11-12,validation,mlp_medium,54,43.483435010851,10.516564989149003
exclude_all_flagged,2024-11-13,validation,mlp_medium,36,53.0382560035292,17.0382560035292
exclude_all_flagged,2024-11-14,validation,mlp_medium,53,56.27835431471273,3.278354314712729
exclude_all_flagged,2024-11-15,validation,mlp_medium,60,58.76308892761982,1.236911072380181
exclude_all_flagged,2024-11-16,validation,mlp_medium,60,51.98876485983848,8.011235140161517
exclude_all_flagged,2024-11-17,validation,mlp_medium,15,33.49927012018483,18.499270120184832
exclude_all_flagged,2024-11-18,validation,mlp_medium,12,14.646952045835214,2.6469520458352136
exclude_all_flagged,2024-11-19,validation,mlp_medium,23,12.753701627056937,10.246298372943063
exclude_all_flagged,2024-11-20,validation,mlp_medium,34,26.711948599916916,7.288051400083084
exclude_all_flagged,2024-11-21,validation,mlp_medium,29,45.44015091236533,16.440150912365333
exclude_all_flagged,2024-11-22,validation,mlp_medium,50,54.710354483671885,4.710354483671885
exclude_all_flagged,2024-11-23,validation,mlp_medium,56,60.0,4.0
exclude_all_flagged,2024-11-24,validation,mlp_medium,25,54.74607014012564,29.74607014012564
exclude_all_flagged,2024-11-25,validation,mlp_medium,25,41.64290959440942,16.642909594409417
exclude_all_flagged,2024-11-26,validation,mlp_medium,23,38.95870616642473,15.958706166424733
exclude_all_flagged,2024-11-27,validation,mlp_medium,43,44.15483929140097,1.1548392914009682
exclude_all_flagged,2024-11-28,validation,mlp_medium,58,60.0,2.0
exclude_all_flagged,2024-11-29,validation,mlp_medium,59,43.54454124661205,15.455458753387951
exclude_all_flagged,2024-11-30,validation,mlp_medium,59,38.20396086695821,20.796039133041788
exclude_all_flagged,2024-12-01,validation,mlp_medium,28,38.15927221745097,10.159272217450969
exclude_all_flagged,2024-12-02,validation,mlp_medium,22,51.12887391918633,29.128873919186333
exclude_all_flagged,2024-12-03,validation,mlp_medium,34,55.41043303655361,21.410433036553613
exclude_all_flagged,2024-12-04,validation,mlp_medium,38,42.77596193164589,4.775961931645888
exclude_all_flagged,2024-12-05,validation,mlp_medium,29,39.195340433660064,10.195340433660064
exclude_all_flagged,2024-12-06,validation,mlp_medium,60,40.49448679226584,19.50551320773416
exclude_all_flagged,2024-12-07,validation,mlp_medium,60,58.92878568879444,1.0712143112055585
exclude_all_flagged,2024-12-08,validation,mlp_medium,27,26.8764085227249,0.12359147727509878
exclude_all_flagged,2024-12-09,validation,mlp_medium,24,19.661387936298553,4.338612063701447
exclude_all_flagged,2024-12-10,validation,mlp_medium,26,26.700243605947932,0.7002436059479322
exclude_all_flagged,2024-12-11,validation,mlp_medium,32,17.79349900107896,14.20650099892104
exclude_all_flagged,2024-12-12,validation,mlp_medium,29,25.616324562931194,3.3836754370688062
exclude_all_flagged,2024-12-13,validation,mlp_medium,47,47.89106865131447,0.8910686513144697
exclude_all_flagged,2024-12-14,validation,mlp_medium,58,60.0,2.0
exclude_all_flagged,2024-12-15,validation,mlp_medium,34,17.56979337484333,16.43020662515667
exclude_all_flagged,2024-12-16,validation,mlp_medium,23,36.510878717606545,13.510878717606545
exclude_all_flagged,2024-12-17,validation,mlp_medium,26,30.445063681523088,4.445063681523088
exclude_all_flagged,2024-12-18,validation,mlp_medium,32,27.034045960729202,4.965954039270798
exclude_all_flagged,2024-12-19,validation,mlp_medium,25,28.235754745544277,3.235754745544277
exclude_all_flagged,2024-12-20,validation,mlp_medium,52,45.93321845041065,6.066781549589351
exclude_all_flagged,2024-12-21,validation,mlp_medium,59,60.0,1.0
exclude_all_flagged,2024-12-22,validation,mlp_medium,31,36.16941971675489,5.169419716754888
exclude_all_flagged,2024-12-23,validation,mlp_medium,35,27.704267236714593,7.295732763285407
exclude_all_flagged,2024-12-24,validation,mlp_medium,45,30.84757840389036,14.15242159610964
exclude_all_flagged,2024-12-25,validation,mlp_medium,40,32.59427140863448,7.4057285913655235
exclude_all_flagged,2024-12-26,validation,mlp_medium,48,30.584625112743144,17.415374887256856
exclude_all_flagged,2024-12-27,validation,mlp_medium,56,33.75613270740592,22.243867292594082
exclude_all_flagged,2024-12-28,validation,mlp_medium,58,51.122865671287826,6.877134328712174
exclude_all_flagged,2024-12-29,validation,mlp_medium,39,27.75421399767484,11.245786002325161
exclude_all_flagged,2024-12-30,validation,mlp_medium,39,45.537326660878946,6.537326660878946
exclude_all_flagged,2024-12-31,validation,mlp_medium,50,60.0,10.0
exclude_all_flagged,2025-01-01,test,mlp_medium,11,13.09037646166469,2.0903764616646896
exclude_all_flagged,2025-01-02,test,mlp_medium,15,8.715076361838864,6.2849236381611355
exclude_all_flagged,2025-01-03,test,mlp_medium,17,8.723429685848018,8.276570314151982
exclude_all_flagged,2025-01-04,test,mlp_medium,22,32.52512044762737,10.525120447627373
exclude_all_flagged,2025-01-16,test,mlp_medium,1,60.0,59.0
exclude_all_flagged,2025-01-17,test,mlp_medium,23,60.0,37.0
exclude_all_flagged,2025-01-18,test,mlp_medium,44,60.0,16.0
exclude_all_flagged,2025-01-19,test,mlp_medium,13,12.283530425456838,0.7164695745431615
exclude_all_flagged,2025-01-20,test,mlp_medium,5,60.0,55.0
exclude_all_flagged,2025-01-21,test,mlp_medium,2,60.0,58.0
exclude_all_flagged,2025-01-22,test,mlp_medium,13,60.0,47.0
exclude_all_flagged,2025-01-23,test,mlp_medium,14,60.0,46.0
exclude_all_flagged,2025-01-24,test,mlp_medium,56,58.6427121640487,2.642712164048703
exclude_all_flagged,2025-01-25,test,mlp_medium,58,47.42032789371662,10.579672106283383
exclude_all_flagged,2025-01-26,test,mlp_medium,20,33.212183500364375,13.212183500364375
exclude_all_flagged,2025-01-27,test,mlp_medium,17,28.043008439227503,11.043008439227503
exclude_all_flagged,2025-01-28,test,mlp_medium,21,28.749830939769993,7.749830939769993
exclude_all_flagged,2025-01-29,test,mlp_medium,25,30.744753337069305,5.744753337069305
exclude_all_flagged,2025-01-30,test,mlp_medium,28,39.63783917582468,11.63783917582468
exclude_all_flagged,2025-01-31,test,mlp_medium,53,41.5552125092154,11.444787490784599
exclude_all_flagged,2025-02-01,test,mlp_medium,59,37.725114017634695,21.274885982365305
exclude_all_flagged,2025-02-02,test,mlp_medium,19,4.003841239031644,14.996158760968356
exclude_all_flagged,2025-02-03,test,mlp_medium,23,19.6702914274206,3.329708572579399
exclude_all_flagged,2025-02-04,test,mlp_medium,25,22.941813302766004,2.058186697233996
exclude_all_flagged,2025-02-05,test,mlp_medium,25,25.052105406782886,0.052105406782885666
exclude_all_flagged,2025-02-06,test,mlp_medium,26,26.186959686556957,0.18695968655695694
exclude_all_flagged,2025-02-07,test,mlp_medium,31,39.07535355009737,8.075353550097368
exclude_all_flagged,2025-02-08,test,mlp_medium,46,48.55369916851279,2.553699168512793
exclude_all_flagged,2025-02-09,test,mlp_medium,13,13.481698838657085,0.48169883865708485
exclude_all_flagged,2025-02-10,test,mlp_medium,16,21.683267779295445,5.683267779295445
exclude_all_flagged,2025-02-11,test,mlp_medium,21,15.054063467684635,5.945936532315365
exclude_all_flagged,2025-02-12,test,mlp_medium,21,27.067793084266206,6.0677930842662064
exclude_all_flagged,2025-02-13,test,mlp_medium,25,47.14632859647672,22.14632859647672
exclude_all_flagged,2025-02-14,test,mlp_medium,60,60.0,0.0
exclude_all_flagged,2025-02-15,test,mlp_medium,54,59.420249552351976,5.420249552351976
exclude_all_flagged,2025-02-16,test,mlp_medium,31,37.635901558257444,6.635901558257444
exclude_all_flagged,2025-02-17,test,mlp_medium,20,10.99456607753898,9.00543392246102
exclude_all_flagged,2025-02-18,test,mlp_medium,31,17.454443277084142,13.545556722915858
exclude_all_flagged,2025-02-19,test,mlp_medium,37,22.649876054230887,14.350123945769113
exclude_all_flagged,2025-02-20,test,mlp_medium,44,30.594454036341443,13.405545963658557
exclude_all_flagged,2025-02-21,test,mlp_medium,59,52.496465611710846,6.503534388289154
exclude_all_flagged,2025-02-22,test,mlp_medium,59,44.11491878529804,14.885081214701962
exclude_all_flagged,2025-02-23,test,mlp_medium,11,25.017600322637826,14.017600322637826
exclude_all_flagged,2025-02-24,test,mlp_medium,29,16.670925418069977,12.329074581930023
exclude_all_flagged,2025-02-25,test,mlp_medium,22,30.964101675521185,8.964101675521185
exclude_all_flagged,2025-02-26,test,mlp_medium,35,31.092812463991393,3.907187536008607
exclude_all_flagged,2025-02-27,test,mlp_medium,32,39.61734957278674,7.617349572786743
exclude_all_flagged,2025-02-28,test,mlp_medium,53,59.20747326467888,6.207473264678882
exclude_all_flagged,2025-03-01,test,mlp_medium,58,59.17151441898666,1.1715144189866606
exclude_all_flagged,2025-03-02,test,mlp_medium,11,25.9399421871054,14.939942187105402
exclude_all_flagged,2025-03-03,test,mlp_medium,35,24.560735321545657,10.439264678454343
exclude_all_flagged,2025-03-04,test,mlp_medium,35,35.70653658369675,0.706536583696753
exclude_all_flagged,2025-03-05,test,mlp_medium,39,35.812093711022804,3.187906288977196
exclude_all_flagged,2025-03-06,test,mlp_medium,35,36.09065268783716,1.0906526878371565
exclude_all_flagged,2025-03-07,test,mlp_medium,60,55.56189734688323,4.438102653116772
exclude_all_flagged,2025-03-08,test,mlp_medium,59,47.11536559961887,11.884634400381131
exclude_all_flagged,2025-03-09,test,mlp_medium,20,28.106395655248267,8.106395655248267
exclude_all_flagged,2025-03-10,test,mlp_medium,32,18.44179671264964,13.55820328735036
exclude_all_flagged,2025-03-11,test,mlp_medium,31,29.381321445351382,1.6186785546486178
exclude_all_flagged,2025-03-12,test,mlp_medium,37,29.11838492420126,7.8816150757987415
exclude_all_flagged,2025-03-13,test,mlp_medium,42,23.35383860233721,18.64616139766279
exclude_all_flagged,2025-03-14,test,mlp_medium,58,44.38452073387351,13.615479266126492
exclude_all_flagged,2025-03-15,test,mlp_medium,59,37.66580141606963,21.334198583930373
exclude_all_flagged,2025-03-16,test,mlp_medium,34,9.790339196371082,24.209660803628918
exclude_all_flagged,2025-03-17,test,mlp_medium,31,19.203112082004303,11.796887917995697
exclude_all_flagged,2025-03-18,test,mlp_medium,32,24.205606633774792,7.794393366225208
exclude_all_flagged,2025-03-19,test,mlp_medium,24,17.73788827712075,6.262111722879251
exclude_all_flagged,2025-03-20,test,mlp_medium,49,27.77271423931206,21.22728576068794
exclude_all_flagged,2025-03-21,test,mlp_medium,58,48.16711822587415,9.832881774125852
exclude_all_flagged,2025-03-22,test,mlp_medium,60,37.527582429852174,22.472417570147826
exclude_all_flagged,2025-03-23,test,mlp_medium,30,0.0,30.0
exclude_all_flagged,2025-03-24,test,mlp_medium,30,17.578444298471574,12.421555701528426
exclude_all_flagged,2025-03-25,test,mlp_medium,30,14.10715531557075,15.89284468442925
exclude_all_flagged,2025-03-26,test,mlp_medium,35,20.452400925172274,14.547599074827726
exclude_all_flagged,2025-03-27,test,mlp_medium,43,24.135362167142354,18.864637832857646
exclude_all_flagged,2025-03-28,test,mlp_medium,58,38.21392305698125,19.78607694301875
exclude_all_flagged,2025-03-29,test,mlp_medium,58,39.29331157132076,18.706688428679243
exclude_all_flagged,2025-03-30,test,mlp_medium,40,0.0,40.0
exclude_all_flagged,2025-03-31,test,mlp_medium,33,27.11439976684711,5.885600233152889
exclude_all_flagged,2025-04-01,test,mlp_medium,23,4.7421839027038,18.2578160972962
exclude_all_flagged,2025-04-02,test,mlp_medium,24,17.92235618160087,6.077643818399132
exclude_all_flagged,2025-04-03,test,mlp_medium,33,21.510176850738894,11.489823149261106
exclude_all_flagged,2025-04-04,test,mlp_medium,59,55.01738935073382,3.982610649266178
exclude_all_flagged,2025-04-05,test,mlp_medium,59,46.50885824257865,12.491141757421353
exclude_all_flagged,2025-04-06,test,mlp_medium,36,2.481332789940332,33.51866721005967
exclude_all_flagged,2025-04-07,test,mlp_medium,19,26.020723218835037,7.0207232188350375
exclude_all_flagged,2025-04-08,test,mlp_medium,23,22.575226022454018,0.424773977545982
exclude_all_flagged,2025-04-09,test,mlp_medium,28,19.78515584245949,8.214844157540512
exclude_all_flagged,2025-04-10,test,mlp_medium,50,24.00335527599237,25.99664472400763
exclude_all_flagged,2025-04-11,test,mlp_medium,59,49.48212318793996,9.517876812060038
exclude_all_flagged,2025-04-12,test,mlp_medium,59,46.07374990039664,12.926250099603358
exclude_all_flagged,2025-04-13,test,mlp_medium,32,12.71779789084336,19.28220210915664
exclude_all_flagged,2025-04-14,test,mlp_medium,39,35.176593599555,3.823406400445002
exclude_all_flagged,2025-04-15,test,mlp_medium,33,30.831509913821076,2.168490086178924
exclude_all_flagged,2025-04-16,test,mlp_medium,34,30.045442532455404,3.9545574675445962
exclude_all_flagged,2025-04-17,test,mlp_medium,43,36.115096862199145,6.884903137800855
exclude_all_flagged,2025-04-18,test,mlp_medium,60,52.63557002469544,7.36442997530456
exclude_all_flagged,2025-04-19,test,mlp_medium,59,44.55477386427873,14.44522613572127
exclude_all_flagged,2025-04-20,test,mlp_medium,27,2.6819344752918965,24.318065524708103
exclude_all_flagged,2025-04-21,test,mlp_medium,39,26.623685001768756,12.376314998231244
exclude_all_flagged,2025-04-22,test,mlp_medium,44,28.293272434233252,15.706727565766748
exclude_all_flagged,2025-04-23,test,mlp_medium,36,26.08986129883082,9.910138701169181
exclude_all_flagged,2025-04-24,test,mlp_medium,50,40.485669269904726,9.514330730095274
exclude_all_flagged,2025-04-25,test,mlp_medium,55,41.49120230142623,13.508797698573773
exclude_all_flagged,2025-04-26,test,mlp_medium,59,44.67446279142605,14.325537208573948
exclude_all_flagged,2025-04-27,test,mlp_medium,21,11.994059086066088,9.005940913933912
exclude_all_flagged,2025-04-28,test,mlp_medium,30,30.462094989427403,0.4620949894274027
exclude_all_flagged,2025-04-29,test,mlp_medium,35,32.15595986827891,2.844040131721087
exclude_all_flagged,2025-04-30,test,mlp_medium,29,20.390042086128286,8.609957913871714
exclude_all_flagged,2025-05-01,test,mlp_medium,30,28.897178685396604,1.1028213146033963
exclude_all_flagged,2025-05-02,test,mlp_medium,58,60.0,2.0
exclude_all_flagged,2025-05-03,test,mlp_medium,59,39.000037695701224,19.999962304298776
exclude_all_flagged,2025-05-04,test,mlp_medium,19,0.0,19.0
exclude_all_flagged,2025-05-05,test,mlp_medium,8,13.389053647262124,5.3890536472621235
exclude_all_flagged,2025-05-06,test,mlp_medium,13,14.988474465324487,1.9884744653244866
exclude_all_flagged,2025-05-07,test,mlp_medium,43,17.624664563921908,25.375335436078092
exclude_all_flagged,2025-05-08,test,mlp_medium,54,26.548520639555093,27.451479360444907
exclude_all_flagged,2025-05-09,test,mlp_medium,60,23.263860353635284,36.73613964636472
exclude_all_flagged,2025-05-10,test,mlp_medium,59,29.39832327336853,29.60167672663147
exclude_all_flagged,2025-05-11,test,mlp_medium,15,34.52896064712302,19.52896064712302
exclude_all_flagged,2025-05-12,test,mlp_medium,34,11.974765244639258,22.025234755360742
exclude_all_flagged,2025-05-13,test,mlp_medium,44,25.931928214747543,18.068071785252457
exclude_all_flagged,2025-05-14,test,mlp_medium,56,24.481491020394124,31.518508979605876
exclude_all_flagged,2025-05-15,test,mlp_medium,50,30.81549870785603,19.18450129214397
exclude_all_flagged,2025-05-16,test,mlp_medium,59,45.83924757142348,13.160752428576522
exclude_all_flagged,2025-05-17,test,mlp_medium,58,53.12540576023446,4.874594239765543
exclude_all_flagged,2025-05-18,test,mlp_medium,36,9.141095259627374,26.858904740372626
exclude_all_flagged,2025-05-19,test,mlp_medium,22,15.670535624556369,6.3294643754436315
exclude_all_flagged,2025-05-20,test,mlp_medium,26,10.268044495157572,15.731955504842428
exclude_all_flagged,2025-05-21,test,mlp_medium,22,4.142379697656622,17.857620302343378
exclude_all_flagged,2025-05-22,test,mlp_medium,20,15.572693394996584,4.427306605003416
exclude_all_flagged,2025-05-23,test,mlp_medium,56,37.45863293523352,18.541367064766483
exclude_all_flagged,2025-05-24,test,mlp_medium,57,60.0,3.0
exclude_all_flagged,2025-05-25,test,mlp_medium,52,39.20951515571081,12.790484844289189
exclude_all_flagged,2025-05-26,test,mlp_medium,9,13.514247590998242,4.514247590998242
exclude_all_flagged,2025-05-27,test,mlp_medium,9,9.949899600774224,0.9498996007742235
exclude_all_flagged,2025-05-28,test,mlp_medium,17,16.136959253218784,0.8630407467812162
exclude_all_flagged,2025-05-29,test,mlp_medium,37,39.37686214648615,2.376862146486147
exclude_all_flagged,2025-05-30,test,mlp_medium,54,28.702825680037954,25.297174319962046
exclude_all_flagged,2025-05-31,test,mlp_medium,58,38.50649557184894,19.493504428151063
exclude_all_flagged,2025-06-01,test,mlp_medium,45,7.089972232344735,37.910027767655265
exclude_all_flagged,2025-06-02,test,mlp_medium,25,30.505952657429503,5.5059526574295035
exclude_all_flagged,2025-06-03,test,mlp_medium,25,41.86839511494157,16.86839511494157
exclude_all_flagged,2025-06-04,test,mlp_medium,39,37.47149723154801,1.5285027684519932
exclude_all_flagged,2025-06-05,test,mlp_medium,34,38.80159508299552,4.801595082995519
exclude_all_flagged,2025-06-06,test,mlp_medium,58,54.28850722695356,3.7114927730464373
exclude_all_flagged,2025-06-07,test,mlp_medium,57,51.23847320014734,5.7615267998526605
exclude_all_flagged,2025-06-08,test,mlp_medium,29,5.877243829459893,23.122756170540107
exclude_all_flagged,2025-06-09,test,mlp_medium,34,35.41756515741323,1.4175651574132289
exclude_all_flagged,2025-06-10,test,mlp_medium,48,40.48827395189655,7.511726048103448
exclude_all_flagged,2025-06-11,test,mlp_medium,39,38.00783930648083,0.9921606935191676
exclude_all_flagged,2025-06-12,test,mlp_medium,44,43.59262695255602,0.4073730474439827
exclude_all_flagged,2025-06-13,test,mlp_medium,60,48.58294589429705,11.417054105702952
exclude_all_flagged,2025-06-14,test,mlp_medium,59,48.96744370644306,10.032556293556937
exclude_all_flagged,2025-06-15,test,mlp_medium,16,0.0,16.0
exclude_all_flagged,2025-06-16,test,mlp_medium,10,25.13466345330417,15.13466345330417
exclude_all_flagged,2025-06-17,test,mlp_medium,22,28.807007744992223,6.807007744992223
exclude_all_flagged,2025-06-18,test,mlp_medium,13,33.93577619243735,20.935776192437352
exclude_all_flagged,2025-06-19,test,mlp_medium,31,34.936005694896686,3.9360056948966857
exclude_all_flagged,2025-06-20,test,mlp_medium,60,57.894291401500865,2.1057085984991346
exclude_all_flagged,2025-06-21,test,mlp_medium,57,50.740707272644194,6.259292727355806
exclude_all_flagged,2025-06-22,test,mlp_medium,19,31.44178715444352,12.44178715444352
exclude_all_flagged,2025-06-23,test,mlp_medium,19,29.541782460823853,10.541782460823853
exclude_all_flagged,2025-06-24,test,mlp_medium,34,28.084149974827916,5.915850025172084
exclude_all_flagged,2025-06-25,test,mlp_medium,36,40.223801324633314,4.223801324633314
exclude_all_flagged,2025-06-26,test,mlp_medium,31,50.660071093088135,19.660071093088135
exclude_all_flagged,2025-06-27,test,mlp_medium,59,41.73835230664936,17.26164769335064
exclude_all_flagged,2025-06-28,test,mlp_medium,59,40.882060051330946,18.117939948669054
exclude_all_flagged,2025-06-29,test,mlp_medium,32,17.188938732042605,14.811061267957395
exclude_all_flagged,2025-06-30,test,mlp_medium,25,55.4707194428711,30.4707194428711
exclude_all_flagged,2025-07-01,test,mlp_medium,29,39.72679798517488,10.726797985174883
exclude_all_flagged,2025-07-02,test,mlp_medium,23,31.749975036551785,8.749975036551785
exclude_all_flagged,2025-07-03,test,mlp_medium,30,40.62386392900217,10.62386392900217
exclude_all_flagged,2025-07-04,test,mlp_medium,57,36.4048671794438,20.595132820556202
exclude_all_flagged,2025-07-05,test,mlp_medium,59,48.48059739831355,10.519402601686451
exclude_all_flagged,2025-07-06,test,mlp_medium,32,0.0,32.0
exclude_all_flagged,2025-07-07,test,mlp_medium,23,40.99665699566981,17.99665699566981
exclude_all_flagged,2025-07-08,test,mlp_medium,39,44.53627698448133,5.536276984481333
exclude_all_flagged,2025-07-09,test,mlp_medium,44,50.41653153194254,6.416531531942539
exclude_all_flagged,2025-07-10,test,mlp_medium,45,49.81112685233541,4.811126852335413
exclude_all_flagged,2025-07-11,test,mlp_medium,60,56.04045439693466,3.9595456030653366
exclude_all_flagged,2025-07-12,test,mlp_medium,59,46.72038085720386,12.279619142796143
exclude_all_flagged,2025-07-13,test,mlp_medium,30,0.0,30.0
exclude_all_flagged,2025-07-14,test,mlp_medium,29,32.17627255639068,3.1762725563906784
exclude_all_flagged,2025-07-15,test,mlp_medium,30,34.60398332576315,4.603983325763153
exclude_all_flagged,2025-07-16,test,mlp_medium,26,30.68279663498153,4.682796634981528
exclude_all_flagged,2025-07-17,test,mlp_medium,36,32.300678883454495,3.699321116545505
exclude_all_flagged,2025-07-18,test,mlp_medium,60,42.69057829945782,17.30942170054218
exclude_all_flagged,2025-07-19,test,mlp_medium,60,32.11077818435659,27.88922181564341
exclude_all_flagged,2025-07-20,test,mlp_medium,37,0.0,37.0
exclude_all_flagged,2025-07-21,test,mlp_medium,43,22.16658137324583,20.83341862675417
exclude_all_flagged,2025-07-22,test,mlp_medium,27,31.213857331084906,4.213857331084906
exclude_all_flagged,2025-07-23,test,mlp_medium,32,25.31196510237845,6.688034897621549
exclude_all_flagged,2025-07-24,test,mlp_medium,42,32.28914071117807,9.71085928882193
exclude_all_flagged,2025-07-25,test,mlp_medium,58,53.26698458542985,4.733015414570147
exclude_all_flagged,2025-07-26,test,mlp_medium,60,44.60498540204192,15.395014597958081
exclude_all_flagged,2025-07-27,test,mlp_medium,29,4.665569921017202,24.3344300789828
exclude_all_flagged,2025-07-28,test,mlp_medium,27,32.668480253081015,5.6684802530810146
exclude_all_flagged,2025-07-29,test,mlp_medium,28,37.493065387906526,9.493065387906526
exclude_all_flagged,2025-07-30,test,mlp_medium,25,30.252641004475514,5.252641004475514
exclude_all_flagged,2025-07-31,test,mlp_medium,38,25.138670315140327,12.861329684859673
exclude_all_flagged,2025-08-01,test,mlp_medium,57,53.320249274793625,3.6797507252063753
exclude_all_flagged,2025-08-02,test,mlp_medium,59,46.64585099309012,12.354149006909878
exclude_all_flagged,2025-08-03,test,mlp_medium,18,0.0,18.0
exclude_all_flagged,2025-08-04,test,mlp_medium,21,10.942981890130845,10.057018109869155
exclude_all_flagged,2025-08-05,test,mlp_medium,18,18.553119693582012,0.553119693582012
exclude_all_flagged,2025-08-06,test,mlp_medium,18,22.526425595940633,4.526425595940633
exclude_all_flagged,2025-08-07,test,mlp_medium,19,30.937404525662274,11.937404525662274
exclude_all_flagged,2025-08-08,test,mlp_medium,52,48.304261363572834,3.6957386364271656
exclude_all_flagged,2025-08-09,test,mlp_medium,57,55.75440973949108,1.2455902605089193
exclude_all_flagged,2025-08-10,test,mlp_medium,42,11.488134851600986,30.511865148399014
exclude_all_flagged,2025-08-11,test,mlp_medium,22,40.765551906656526,18.765551906656526
exclude_all_flagged,2025-08-12,test,mlp_medium,36,40.04558883484819,4.045588834848189
exclude_all_flagged,2025-08-13,test,mlp_medium,39,41.94052625968426,2.940526259684262
exclude_all_flagged,2025-08-14,test,mlp_medium,46,55.06388438428398,9.06388438428398
exclude_all_flagged,2025-08-15,test,mlp_medium,60,60.0,0.0
exclude_all_flagged,2025-08-16,test,mlp_medium,59,46.82690353985469,12.17309646014531
exclude_all_flagged,2025-08-17,test,mlp_medium,26,16.015224234777662,9.984775765222338
exclude_all_flagged,2025-08-18,test,mlp_medium,36,22.8674676923351,13.1325323076649
exclude_all_flagged,2025-08-19,test,mlp_medium,24,28.101872285063774,4.101872285063774
exclude_all_flagged,2025-08-20,test,mlp_medium,32,27.72195698385602,4.278043016143979
exclude_all_flagged,2025-08-21,test,mlp_medium,42,31.387922978303514,10.612077021696486
exclude_all_flagged,2025-08-22,test,mlp_medium,60,46.106372560653796,13.893627439346204
exclude_all_flagged,2025-08-23,test,mlp_medium,59,46.32854718805664,12.671452811943361
exclude_all_flagged,2025-08-24,test,mlp_medium,48,0.0,48.0
exclude_all_flagged,2025-08-25,test,mlp_medium,55,34.88311381857887,20.11688618142113
exclude_all_flagged,2025-08-26,test,mlp_medium,59,31.36146902570504,27.63853097429496
exclude_all_flagged,2025-08-27,test,mlp_medium,60,31.155851193552323,28.844148806447677
exclude_all_flagged,2025-08-28,test,mlp_medium,60,29.226300057494026,30.773699942505974
exclude_all_flagged,2025-08-29,test,mlp_medium,57,42.28500900586105,14.714990994138951
exclude_all_flagged,2025-08-30,test,mlp_medium,59,43.16359045193639,15.836409548063607
exclude_all_flagged,2025-08-31,test,mlp_medium,59,0.0,59.0
exclude_all_flagged,2025-09-01,test,mlp_medium,25,0.0,25.0
exclude_all_flagged,2025-09-02,test,mlp_medium,24,20.558705786560942,3.4412942134390576
exclude_all_flagged,2025-09-03,test,mlp_medium,22,25.265501853942062,3.2655018539420624
exclude_all_flagged,2025-09-04,test,mlp_medium,33,27.453999871119812,5.546000128880188
exclude_all_flagged,2025-09-05,test,mlp_medium,60,40.54695945653357,19.45304054346643
exclude_all_flagged,2025-09-06,test,mlp_medium,59,47.59436520757828,11.405634792421722
exclude_all_flagged,2025-09-07,test,mlp_medium,13,25.021349827576074,12.021349827576074
exclude_all_flagged,2025-09-08,test,mlp_medium,22,0.0,22.0
exclude_all_flagged,2025-09-09,test,mlp_medium,18,14.212463658657807,3.787536341342193
exclude_all_flagged,2025-09-10,test,mlp_medium,20,23.620906396564592,3.6209063965645925
exclude_all_flagged,2025-09-11,test,mlp_medium,28,37.4859704169314,9.485970416931401
exclude_all_flagged,2025-09-12,test,mlp_medium,58,49.17242436004949,8.82757563995051
exclude_all_flagged,2025-09-13,test,mlp_medium,58,44.82417102035283,13.175828979647171
exclude_all_flagged,2025-09-14,test,mlp_medium,20,8.101049627885367,11.898950372114633
exclude_all_flagged,2025-09-15,test,mlp_medium,37,27.34549514442521,9.654504855574789
exclude_all_flagged,2025-09-16,test,mlp_medium,42,43.1305755454614,1.1305755454613973
exclude_all_flagged,2025-09-17,test,mlp_medium,39,47.604508196771384,8.604508196771384
exclude_all_flagged,2025-09-18,test,mlp_medium,36,47.88642001357957,11.886420013579567
exclude_all_flagged,2025-09-19,test,mlp_medium,59,60.0,1.0
exclude_all_flagged,2025-09-20,test,mlp_medium,60,45.96319177768048,14.036808222319522
exclude_all_flagged,2025-09-21,test,mlp_medium,40,22.48041300966152,17.51958699033848
exclude_all_flagged,2025-09-22,test,mlp_medium,33,41.58564977352494,8.585649773524942
exclude_all_flagged,2025-09-23,test,mlp_medium,42,40.65092372817174,1.3490762718282596
exclude_all_flagged,2025-09-24,test,mlp_medium,32,39.382582861785984,7.382582861785984
exclude_all_flagged,2025-09-25,test,mlp_medium,39,46.429823903983284,7.429823903983284
exclude_all_flagged,2025-09-26,test,mlp_medium,58,60.0,2.0
exclude_all_flagged,2025-09-27,test,mlp_medium,59,57.90683423195304,1.0931657680469584
exclude_all_flagged,2025-09-28,test,mlp_medium,36,36.63237828867814,0.6323782886781402
exclude_all_flagged,2025-09-29,test,mlp_medium,43,28.244337615884916,14.755662384115084
exclude_all_flagged,2025-09-30,test,mlp_medium,35,58.03630623992292,23.036306239922922
exclude_all_flagged,2025-10-01,test,mlp_medium,23,31.648406446948282,8.648406446948282
exclude_all_flagged,2025-10-02,test,mlp_medium,33,26.805261735508623,6.194738264491377
exclude_all_flagged,2025-10-03,test,mlp_medium,60,60.0,0.0
exclude_all_flagged,2025-10-04,test,mlp_medium,59,50.27420826264587,8.725791737354129
exclude_all_flagged,2025-10-05,test,mlp_medium,29,14.902768823225646,14.097231176774354
exclude_all_flagged,2025-10-06,test,mlp_medium,34,22.14443230622989,11.855567693770109
exclude_all_flagged,2025-10-07,test,mlp_medium,34,22.34314414601075,11.65685585398925
exclude_all_flagged,2025-10-08,test,mlp_medium,41,29.14923358489462,11.85076641510538
exclude_all_flagged,2025-10-09,test,mlp_medium,49,41.62845194535679,7.371548054643213
exclude_all_flagged,2025-10-10,test,mlp_medium,58,53.52185649979972,4.478143500200282
exclude_all_flagged,2025-10-11,test,mlp_medium,60,48.38969840207872,11.610301597921278
exclude_all_flagged,2025-10-12,test,mlp_medium,59,2.065591591276693,56.93440840872331
exclude_all_flagged,2025-10-13,test,mlp_medium,22,6.1176075889353,15.8823924110647
exclude_all_flagged,2025-10-14,test,mlp_medium,37,24.297709733354573,12.702290266645427
exclude_all_flagged,2025-10-15,test,mlp_medium,53,37.230561102194635,15.769438897805365
exclude_all_flagged,2025-10-16,test,mlp_medium,57,40.00380053000566,16.996199469994338
exclude_all_flagged,2025-10-17,test,mlp_medium,53,44.94434437279851,8.055655627201489
exclude_all_flagged,2025-10-18,test,mlp_medium,59,50.22680313922123,8.773196860778768
exclude_all_flagged,2025-10-19,test,mlp_medium,45,42.406419458026356,2.593580541973644
exclude_all_flagged,2025-10-20,test,mlp_medium,42,30.697497480604113,11.302502519395887
exclude_all_flagged,2025-10-21,test,mlp_medium,46,29.24763716105353,16.75236283894647
exclude_all_flagged,2025-10-22,test,mlp_medium,28,32.64536413216782,4.6453641321678205
exclude_all_flagged,2025-10-23,test,mlp_medium,47,36.39323376785033,10.606766232149667
exclude_all_flagged,2025-10-24,test,mlp_medium,56,51.599438920585555,4.4005610794144445
exclude_all_flagged,2025-10-25,test,mlp_medium,59,48.772018829002164,10.227981170997836
exclude_all_flagged,2025-10-26,test,mlp_medium,29,27.245866477030283,1.7541335229697168
exclude_all_flagged,2025-10-27,test,mlp_medium,27,28.544754293083308,1.544754293083308
exclude_all_flagged,2025-10-28,test,mlp_medium,40,24.200826162890536,15.799173837109464
exclude_all_flagged,2025-10-29,test,mlp_medium,46,31.792250661361933,14.207749338638067
exclude_all_flagged,2025-10-30,test,mlp_medium,45,29.742878743604827,15.257121256395173
exclude_all_flagged,2025-10-31,test,mlp_medium,60,29.823488866904135,30.176511133095865
exclude_all_flagged,2025-11-01,test,mlp_medium,60,23.05775551609196,36.94224448390804
exclude_all_flagged,2025-11-02,test,mlp_medium,38,0.0,38.0
exclude_all_flagged,2025-11-03,test,mlp_medium,21,18.93267523864757,2.067324761352431
exclude_all_flagged,2025-11-04,test,mlp_medium,27,13.001809943040726,13.998190056959274
exclude_all_flagged,2025-11-05,test,mlp_medium,20,20.891220035609283,0.8912200356092832
exclude_all_flagged,2025-11-06,test,mlp_medium,29,29.404502699906374,0.40450269990637366
exclude_all_flagged,2025-11-07,test,mlp_medium,60,42.937993743940375,17.062006256059625
exclude_all_flagged,2025-11-08,test,mlp_medium,60,22.708933680435067,37.29106631956493
exclude_all_flagged,2025-11-09,test,mlp_medium,32,0.0,32.0
exclude_all_flagged,2025-11-10,test,mlp_medium,35,0.0,35.0
exclude_all_flagged,2025-11-11,test,mlp_medium,29,23.96428296481431,5.035717035185691
exclude_all_flagged,2025-11-12,test,mlp_medium,29,27.69155309238682,1.308446907613181
exclude_all_flagged,2025-11-13,test,mlp_medium,25,40.79841542737666,15.79841542737666
exclude_all_flagged,2025-11-14,test,mlp_medium,54,46.37301050162491,7.626989498375089
exclude_all_flagged,2025-11-15,test,mlp_medium,59,52.6378477275077,6.3621522724923025
exclude_all_flagged,2025-11-16,test,mlp_medium,19,11.302796472923482,7.697203527076518
exclude_all_flagged,2025-11-17,test,mlp_medium,11,20.410211307674246,9.410211307674246
exclude_all_flagged,2025-11-18,test,mlp_medium,16,17.64755292973924,1.6475529297392413
exclude_all_flagged,2025-11-19,test,mlp_medium,27,29.03764232240395,2.0376423224039506
exclude_all_flagged,2025-11-20,test,mlp_medium,26,37.56816504180201,11.568165041802011
exclude_all_flagged,2025-11-21,test,mlp_medium,58,53.23758804953,4.762411950470003
exclude_all_flagged,2025-11-22,test,mlp_medium,58,54.562752233678744,3.4372477663212564
exclude_all_flagged,2025-11-23,test,mlp_medium,27,28.713735936637264,1.7137359366372635
exclude_all_flagged,2025-11-24,test,mlp_medium,30,31.88125182779569,1.8812518277956904
exclude_all_flagged,2025-11-25,test,mlp_medium,28,39.70452925158256,11.704529251582557
exclude_all_flagged,2025-11-26,test,mlp_medium,42,28.552817614397558,13.447182385602442
exclude_all_flagged,2025-11-27,test,mlp_medium,58,38.37116537907357,19.628834620926433
exclude_all_flagged,2025-11-28,test,mlp_medium,59,44.00788267618961,14.99211732381039
exclude_all_flagged,2025-11-29,test,mlp_medium,55,51.91432635651074,3.085673643489258
exclude_all_flagged,2025-11-30,test,mlp_medium,28,11.820898914070433,16.179101085929567
exclude_all_flagged,2025-12-01,test,mlp_medium,30,40.09187712086158,10.091877120861582
exclude_all_flagged,2025-12-02,test,mlp_medium,31,29.57856733707399,1.4214326629260086
exclude_all_flagged,2025-12-03,test,mlp_medium,28,27.688094602627224,0.3119053973727759
exclude_all_flagged,2025-12-04,test,mlp_medium,37,5.691267602719343,31.308732397280657
exclude_all_flagged,2025-12-05,test,mlp_medium,50,23.078048140226592,26.921951859773408
exclude_all_flagged,2025-12-06,test,mlp_medium,60,40.51574252037767,19.48425747962233
exclude_all_flagged,2025-12-07,test,mlp_medium,36,0.0,36.0
exclude_all_flagged,2025-12-08,test,mlp_medium,26,23.64468102442479,2.3553189755752086
exclude_all_flagged,2025-12-09,test,mlp_medium,40,19.80262899013024,20.19737100986976
exclude_all_flagged,2025-12-10,test,mlp_medium,21,18.333537959167487,2.6664620408325135
exclude_all_flagged,2025-12-11,test,mlp_medium,24,22.5616796116971,1.4383203883028983
exclude_all_flagged,2025-12-12,test,mlp_medium,50,25.642304346974235,24.357695653025765
exclude_all_flagged,2025-12-13,test,mlp_medium,52,40.22708948930338,11.772910510696619
exclude_all_flagged,2025-12-14,test,mlp_medium,24,6.965365257859624,17.034634742140376
exclude_all_flagged,2025-12-15,test,mlp_medium,18,11.255080263072067,6.744919736927933
exclude_all_flagged,2025-12-16,test,mlp_medium,23,13.651428006308592,9.348571993691408
exclude_all_flagged,2025-12-17,test,mlp_medium,34,17.895260273159955,16.104739726840045
exclude_all_flagged,2025-12-18,test,mlp_medium,43,19.83824053281861,23.16175946718139
exclude_all_flagged,2025-12-19,test,mlp_medium,49,31.303500582238996,17.696499417761004
exclude_all_flagged,2025-12-20,test,mlp_medium,57,48.39370388374749,8.606296116252508
exclude_all_flagged,2025-12-21,test,mlp_medium,35,21.399258935612302,13.600741064387698
exclude_all_flagged,2025-12-22,test,mlp_medium,28,15.866528974314331,12.133471025685669
exclude_all_flagged,2025-12-23,test,mlp_medium,27,15.657741143035775,11.342258856964225
exclude_all_flagged,2025-12-24,test,mlp_medium,40,22.70694970506101,17.29305029493899
exclude_all_flagged,2025-12-25,test,mlp_medium,31,24.894285120622428,6.105714879377572
exclude_all_flagged,2025-12-26,test,mlp_medium,40,28.318920740296704,11.681079259703296
exclude_all_flagged,2025-12-27,test,mlp_medium,44,35.60548581268948,8.39451418731052
exclude_all_flagged,2025-12-28,test,mlp_medium,30,3.6157912556425416,26.38420874435746
exclude_all_flagged,2025-12-29,test,mlp_medium,28,38.81011578505183,10.810115785051828
exclude_all_flagged,2025-12-30,test,mlp_medium,36,43.52252075246976,7.5225207524697595
exclude_all_flagged,2025-12-31,test,mlp_medium,55,42.29994408496749,12.700055915032507
exclude_all_flagged,2024-07-01,validation,mlp_regularized,14,30.57994690085043,16.57994690085043
exclude_all_flagged,2024-07-02,validation,mlp_regularized,17,36.386528034371615,19.386528034371615
exclude_all_flagged,2024-07-03,validation,mlp_regularized,23,32.45721213647553,9.457212136475533
exclude_all_flagged,2024-07-04,validation,mlp_regularized,26,53.05640697552279,27.05640697552279
exclude_all_flagged,2024-07-05,validation,mlp_regularized,59,55.81249853338525,3.187501466614748
exclude_all_flagged,2024-07-06,validation,mlp_regularized,59,60.0,1.0
exclude_all_flagged,2024-07-07,validation,mlp_regularized,22,12.887291013322017,9.112708986677983
exclude_all_flagged,2024-07-08,validation,mlp_regularized,27,44.74011751166686,17.74011751166686
exclude_all_flagged,2024-07-09,validation,mlp_regularized,33,50.154592820116946,17.154592820116946
exclude_all_flagged,2024-07-10,validation,mlp_regularized,40,51.0044537071867,11.004453707186698
exclude_all_flagged,2024-07-11,validation,mlp_regularized,50,60.0,10.0
exclude_all_flagged,2024-07-12,validation,mlp_regularized,58,60.0,2.0
exclude_all_flagged,2024-07-13,validation,mlp_regularized,60,59.35353508376268,0.6464649162373206
exclude_all_flagged,2024-07-14,validation,mlp_regularized,25,26.348662352779943,1.348662352779943
exclude_all_flagged,2024-07-15,validation,mlp_regularized,28,32.66528622523117,4.665286225231171
exclude_all_flagged,2024-07-16,validation,mlp_regularized,36,42.71879684142618,6.718796841426183
exclude_all_flagged,2024-07-17,validation,mlp_regularized,27,40.823958885051205,13.823958885051205
exclude_all_flagged,2024-07-18,validation,mlp_regularized,32,47.89015347330227,15.89015347330227
exclude_all_flagged,2024-07-19,validation,mlp_regularized,59,58.533960774314224,0.46603922568577616
exclude_all_flagged,2024-07-20,validation,mlp_regularized,60,58.470712799052905,1.5292872009470955
exclude_all_flagged,2024-07-21,validation,mlp_regularized,41,24.836983848215674,16.163016151784326
exclude_all_flagged,2024-07-22,validation,mlp_regularized,45,28.344896716395468,16.655103283604532
exclude_all_flagged,2024-07-23,validation,mlp_regularized,52,33.14287389103459,18.85712610896541
exclude_all_flagged,2024-07-24,validation,mlp_regularized,57,38.682311118667386,18.317688881332614
exclude_all_flagged,2024-07-25,validation,mlp_regularized,58,38.33518164528247,19.664818354717532
exclude_all_flagged,2024-07-26,validation,mlp_regularized,60,54.795995635043184,5.204004364956816
exclude_all_flagged,2024-07-27,validation,mlp_regularized,60,58.40407218131442,1.5959278186855812
exclude_all_flagged,2024-07-28,validation,mlp_regularized,28,13.37397311936028,14.62602688063972
exclude_all_flagged,2024-07-29,validation,mlp_regularized,22,20.521261814225788,1.478738185774212
exclude_all_flagged,2024-07-30,validation,mlp_regularized,27,22.390201667474177,4.609798332525823
exclude_all_flagged,2024-07-31,validation,mlp_regularized,40,40.70664527801949,0.7066452780194865
exclude_all_flagged,2024-08-01,validation,mlp_regularized,33,48.003809586625266,15.003809586625266
exclude_all_flagged,2024-08-02,validation,mlp_regularized,60,58.57744815480817,1.4225518451918333
exclude_all_flagged,2024-08-03,validation,mlp_regularized,60,60.0,0.0
exclude_all_flagged,2024-08-04,validation,mlp_regularized,22,13.928125507748241,8.071874492251759
exclude_all_flagged,2024-08-05,validation,mlp_regularized,24,16.352843485425183,7.647156514574817
exclude_all_flagged,2024-08-06,validation,mlp_regularized,30,22.924566522016775,7.075433477983225
exclude_all_flagged,2024-08-07,validation,mlp_regularized,37,38.13420899476887,1.1342089947688692
exclude_all_flagged,2024-08-08,validation,mlp_regularized,41,49.41043116688752,8.41043116688752
exclude_all_flagged,2024-08-09,validation,mlp_regularized,55,56.02910060465917,1.0291006046591704
exclude_all_flagged,2024-08-10,validation,mlp_regularized,59,54.63374689069829,4.366253109301709
exclude_all_flagged,2024-08-11,validation,mlp_regularized,26,15.518424180078483,10.481575819921517
exclude_all_flagged,2024-08-12,validation,mlp_regularized,31,37.42845980379522,6.428459803795221
exclude_all_flagged,2024-08-13,validation,mlp_regularized,52,43.400530414305734,8.599469585694266
exclude_all_flagged,2024-08-14,validation,mlp_regularized,36,41.78326762396812,5.783267623968122
exclude_all_flagged,2024-08-15,validation,mlp_regularized,50,47.18972931332922,2.8102706866707834
exclude_all_flagged,2024-08-16,validation,mlp_regularized,60,52.25957746390456,7.740422536095437
exclude_all_flagged,2024-08-17,validation,mlp_regularized,60,53.090070793050316,6.909929206949684
exclude_all_flagged,2024-08-18,validation,mlp_regularized,25,17.85404218639731,7.1459578136026884
exclude_all_flagged,2024-08-19,validation,mlp_regularized,33,28.37267359962773,4.627326400372269
exclude_all_flagged,2024-08-20,validation,mlp_regularized,27,29.92292707576915,2.922927075769149
exclude_all_flagged,2024-08-21,validation,mlp_regularized,38,29.708504686180014,8.291495313819986
exclude_all_flagged,2024-08-22,validation,mlp_regularized,45,31.94901235284555,13.05098764715445
exclude_all_flagged,2024-08-23,validation,mlp_regularized,60,39.2050948483501,20.7949051516499
exclude_all_flagged,2024-08-24,validation,mlp_regularized,60,37.74394232102635,22.256057678973647
exclude_all_flagged,2024-08-25,validation,mlp_regularized,42,9.31376774825372,32.686232251746276
exclude_all_flagged,2024-08-26,validation,mlp_regularized,52,13.718542849798144,38.28145715020186
exclude_all_flagged,2024-08-27,validation,mlp_regularized,57,20.28438691015852,36.71561308984148
exclude_all_flagged,2024-08-28,validation,mlp_regularized,60,37.19222135699384,22.80777864300616
exclude_all_flagged,2024-08-29,validation,mlp_regularized,59,43.723270059214066,15.276729940785934
exclude_all_flagged,2024-08-30,validation,mlp_regularized,49,54.62983273507936,5.629832735079361
exclude_all_flagged,2024-09-01,validation,mlp_regularized,60,15.885090026431133,44.11490997356887
exclude_all_flagged,2024-09-02,validation,mlp_regularized,38,18.215297552161562,19.784702447838438
exclude_all_flagged,2024-09-03,validation,mlp_regularized,33,30.759025786265333,2.240974213734667
exclude_all_flagged,2024-09-04,validation,mlp_regularized,31,25.341145518506153,5.658854481493847
exclude_all_flagged,2024-09-05,validation,mlp_regularized,36,32.338640811956175,3.661359188043825
exclude_all_flagged,2024-09-06,validation,mlp_regularized,57,51.47578728639276,5.524212713607241
exclude_all_flagged,2024-09-07,validation,mlp_regularized,59,50.86895871705916,8.131041282940842
exclude_all_flagged,2024-09-08,validation,mlp_regularized,24,19.200387329504913,4.799612670495087
exclude_all_flagged,2024-09-09,validation,mlp_regularized,29,2.621996233992739,26.37800376600726
exclude_all_flagged,2024-09-10,validation,mlp_regularized,25,9.429390206797471,15.570609793202529
exclude_all_flagged,2024-09-11,validation,mlp_regularized,22,30.93712243194821,8.937122431948211
exclude_all_flagged,2024-09-12,validation,mlp_regularized,39,42.00965821659626,3.0096582165962573
exclude_all_flagged,2024-09-13,validation,mlp_regularized,59,55.78001306245041,3.219986937549592
exclude_all_flagged,2024-09-14,validation,mlp_regularized,60,55.136423499399015,4.863576500600985
exclude_all_flagged,2024-09-15,validation,mlp_regularized,29,16.167887640994593,12.832112359005407
exclude_all_flagged,2024-09-16,validation,mlp_regularized,40,19.312894361444243,20.687105638555757
exclude_all_flagged,2024-09-17,validation,mlp_regularized,49,33.30896567549957,15.691034324500428
exclude_all_flagged,2024-09-18,validation,mlp_regularized,50,32.901406598652656,17.098593401347344
exclude_all_flagged,2024-09-19,validation,mlp_regularized,54,38.16043608276024,15.839563917239758
exclude_all_flagged,2024-09-20,validation,mlp_regularized,59,55.46561539250946,3.534384607490537
exclude_all_flagged,2024-09-21,validation,mlp_regularized,59,52.25714533117576,6.7428546688242434
exclude_all_flagged,2024-09-22,validation,mlp_regularized,36,17.219213573750718,18.780786426249282
exclude_all_flagged,2024-09-23,validation,mlp_regularized,42,9.344543711195413,32.65545628880459
exclude_all_flagged,2024-09-24,validation,mlp_regularized,55,24.79754937437171,30.20245062562829
exclude_all_flagged,2024-09-25,validation,mlp_regularized,56,37.29694643929879,18.703053560701207
exclude_all_flagged,2024-09-26,validation,mlp_regularized,56,47.20013197686495,8.799868023135048
exclude_all_flagged,2024-09-27,validation,mlp_regularized,59,48.61997463228252,10.38002536771748
exclude_all_flagged,2024-09-28,validation,mlp_regularized,57,49.17390739439585,7.826092605604153
exclude_all_flagged,2024-09-29,validation,mlp_regularized,38,33.95426477795087,4.045735222049132
exclude_all_flagged,2024-09-30,validation,mlp_regularized,30,38.82186959905302,8.821869599053016
exclude_all_flagged,2024-10-01,validation,mlp_regularized,14,19.966057252341205,5.966057252341205
exclude_all_flagged,2024-10-02,validation,mlp_regularized,11,25.63807641662053,14.638076416620532
exclude_all_flagged,2024-10-03,validation,mlp_regularized,39,34.26290913694666,4.737090863053339
exclude_all_flagged,2024-10-04,validation,mlp_regularized,60,60.0,0.0
exclude_all_flagged,2024-10-05,validation,mlp_regularized,58,56.40434752103738,1.59565247896262
exclude_all_flagged,2024-10-06,validation,mlp_regularized,25,22.34351301108033,2.6564869889196707
exclude_all_flagged,2024-10-07,validation,mlp_regularized,22,21.350395600582303,0.6496043994176972
exclude_all_flagged,2024-10-08,validation,mlp_regularized,30,27.956717769552924,2.043282230447076
exclude_all_flagged,2024-10-09,validation,mlp_regularized,38,42.76747676606762,4.767476766067617
exclude_all_flagged,2024-10-10,validation,mlp_regularized,59,58.166142223444055,0.833857776555945
exclude_all_flagged,2024-10-11,validation,mlp_regularized,60,60.0,0.0
exclude_all_flagged,2024-10-12,validation,mlp_regularized,60,57.30964380252199,2.6903561974780104
exclude_all_flagged,2024-10-13,validation,mlp_regularized,60,23.519201417298937,36.48079858270106
exclude_all_flagged,2024-10-14,validation,mlp_regularized,18,1.4467883140158975,16.553211685984103
exclude_all_flagged,2024-10-15,validation,mlp_regularized,24,24.27736588972978,0.27736588972977927
exclude_all_flagged,2024-10-16,validation,mlp_regularized,34,30.740215359085493,3.259784640914507
exclude_all_flagged,2024-10-17,validation,mlp_regularized,51,31.20808957483596,19.79191042516404
exclude_all_flagged,2024-10-18,validation,mlp_regularized,60,52.74972606522796,7.250273934772039
exclude_all_flagged,2024-10-19,validation,mlp_regularized,60,47.76838683196162,12.231613168038379
exclude_all_flagged,2024-10-20,validation,mlp_regularized,44,25.426496368301766,18.573503631698234
exclude_all_flagged,2024-10-21,validation,mlp_regularized,31,32.55183855767458,1.5518385576745786
exclude_all_flagged,2024-10-22,validation,mlp_regularized,37,43.30919579682559,6.309195796825591
exclude_all_flagged,2024-10-23,validation,mlp_regularized,51,49.39072768833959,1.609272311660412
exclude_all_flagged,2024-10-24,validation,mlp_regularized,58,55.67712584510374,2.3228741548962617
exclude_all_flagged,2024-10-25,validation,mlp_regularized,59,59.14643806029101,0.14643806029101114
exclude_all_flagged,2024-10-26,validation,mlp_regularized,59,59.5683572072402,0.5683572072401972
exclude_all_flagged,2024-10-27,validation,mlp_regularized,59,38.82253834932563,20.177461650674367
exclude_all_flagged,2024-10-28,validation,mlp_regularized,21,15.438138745036202,5.561861254963798
exclude_all_flagged,2024-10-29,validation,mlp_regularized,23,18.709437017725705,4.290562982274295
exclude_all_flagged,2024-10-30,validation,mlp_regularized,26,19.830882787953293,6.169117212046707
exclude_all_flagged,2024-10-31,validation,mlp_regularized,40,30.2287976011067,9.771202398893301
exclude_all_flagged,2024-11-01,validation,mlp_regularized,60,60.0,0.0
exclude_all_flagged,2024-11-02,validation,mlp_regularized,60,59.957437827808675,0.04256217219132452
exclude_all_flagged,2024-11-03,validation,mlp_regularized,26,22.21122688947996,3.78877311052004
exclude_all_flagged,2024-11-04,validation,mlp_regularized,16,24.73641449158931,8.736414491589311
exclude_all_flagged,2024-11-05,validation,mlp_regularized,16,35.03620868537612,19.036208685376117
exclude_all_flagged,2024-11-06,validation,mlp_regularized,29,42.4516374871638,13.4516374871638
exclude_all_flagged,2024-11-07,validation,mlp_regularized,47,56.173371293596944,9.173371293596944
exclude_all_flagged,2024-11-08,validation,mlp_regularized,59,60.0,1.0
exclude_all_flagged,2024-11-09,validation,mlp_regularized,60,60.0,0.0
exclude_all_flagged,2024-11-10,validation,mlp_regularized,60,50.12717970246911,9.872820297530893
exclude_all_flagged,2024-11-11,validation,mlp_regularized,38,44.24523257398885,6.245232573988851
exclude_all_flagged,2024-11-12,validation,mlp_regularized,54,49.88544727444166,4.11455272555834
exclude_all_flagged,2024-11-13,validation,mlp_regularized,36,54.9723840060035,18.9723840060035
exclude_all_flagged,2024-11-14,validation,mlp_regularized,53,54.030203962788605,1.0302039627886046
exclude_all_flagged,2024-11-15,validation,mlp_regularized,60,60.0,0.0
exclude_all_flagged,2024-11-16,validation,mlp_regularized,60,60.0,0.0
exclude_all_flagged,2024-11-17,validation,mlp_regularized,15,39.8391387257886,24.8391387257886
exclude_all_flagged,2024-11-18,validation,mlp_regularized,12,30.28349355689457,18.28349355689457
exclude_all_flagged,2024-11-19,validation,mlp_regularized,23,34.59971866083418,11.599718660834178
exclude_all_flagged,2024-11-20,validation,mlp_regularized,34,41.90057020104975,7.900570201049753
exclude_all_flagged,2024-11-21,validation,mlp_regularized,29,52.09961501998606,23.09961501998606
exclude_all_flagged,2024-11-22,validation,mlp_regularized,50,60.0,10.0
exclude_all_flagged,2024-11-23,validation,mlp_regularized,56,60.0,4.0
exclude_all_flagged,2024-11-24,validation,mlp_regularized,25,57.88698111641983,32.88698111641983
exclude_all_flagged,2024-11-25,validation,mlp_regularized,25,40.02914887260937,15.029148872609369
exclude_all_flagged,2024-11-26,validation,mlp_regularized,23,29.752356534668422,6.752356534668422
exclude_all_flagged,2024-11-27,validation,mlp_regularized,43,41.46366078196485,1.5363392180351525
exclude_all_flagged,2024-11-28,validation,mlp_regularized,58,60.0,2.0
exclude_all_flagged,2024-11-29,validation,mlp_regularized,59,53.528063079541994,5.471936920458006
exclude_all_flagged,2024-11-30,validation,mlp_regularized,59,60.0,1.0
exclude_all_flagged,2024-12-01,validation,mlp_regularized,28,43.644321366661536,15.644321366661536
exclude_all_flagged,2024-12-02,validation,mlp_regularized,22,49.67535148756643,27.67535148756643
exclude_all_flagged,2024-12-03,validation,mlp_regularized,34,50.8882266086515,16.8882266086515
exclude_all_flagged,2024-12-04,validation,mlp_regularized,38,45.67792076757204,7.67792076757204
exclude_all_flagged,2024-12-05,validation,mlp_regularized,29,40.138183059225184,11.138183059225184
exclude_all_flagged,2024-12-06,validation,mlp_regularized,60,49.090915402498396,10.909084597501604
exclude_all_flagged,2024-12-07,validation,mlp_regularized,60,60.0,0.0
exclude_all_flagged,2024-12-08,validation,mlp_regularized,27,28.371406427999894,1.3714064279998937
exclude_all_flagged,2024-12-09,validation,mlp_regularized,24,23.713815465619113,0.28618453438088665
exclude_all_flagged,2024-12-10,validation,mlp_regularized,26,29.84264885473426,3.8426488547342608
exclude_all_flagged,2024-12-11,validation,mlp_regularized,32,14.289902634856531,17.71009736514347
exclude_all_flagged,2024-12-12,validation,mlp_regularized,29,31.962768013889484,2.962768013889484
exclude_all_flagged,2024-12-13,validation,mlp_regularized,47,44.32435690544045,2.675643094559547
exclude_all_flagged,2024-12-14,validation,mlp_regularized,58,60.0,2.0
exclude_all_flagged,2024-12-15,validation,mlp_regularized,34,9.96562936677763,24.03437063322237
exclude_all_flagged,2024-12-16,validation,mlp_regularized,23,23.355235339196,0.3552353391959997
exclude_all_flagged,2024-12-17,validation,mlp_regularized,26,9.125280040303153,16.874719959696847
exclude_all_flagged,2024-12-18,validation,mlp_regularized,32,11.940533359757119,20.05946664024288
exclude_all_flagged,2024-12-19,validation,mlp_regularized,25,22.209607289502074,2.790392710497926
exclude_all_flagged,2024-12-20,validation,mlp_regularized,52,32.892989575864576,19.107010424135424
exclude_all_flagged,2024-12-21,validation,mlp_regularized,59,56.411390831159636,2.588609168840364
exclude_all_flagged,2024-12-22,validation,mlp_regularized,31,14.139570133015024,16.860429866984976
exclude_all_flagged,2024-12-23,validation,mlp_regularized,35,10.532250019052618,24.46774998094738
exclude_all_flagged,2024-12-24,validation,mlp_regularized,45,9.146580713017332,35.85341928698267
exclude_all_flagged,2024-12-25,validation,mlp_regularized,40,17.611817675019715,22.388182324980285
exclude_all_flagged,2024-12-26,validation,mlp_regularized,48,22.313014374806354,25.686985625193646
exclude_all_flagged,2024-12-27,validation,mlp_regularized,56,30.36619361452391,25.63380638547609
exclude_all_flagged,2024-12-28,validation,mlp_regularized,58,41.20967431171395,16.790325688286053
exclude_all_flagged,2024-12-29,validation,mlp_regularized,39,12.68859378455695,26.31140621544305
exclude_all_flagged,2024-12-30,validation,mlp_regularized,39,24.5202660507206,14.4797339492794
exclude_all_flagged,2024-12-31,validation,mlp_regularized,50,54.105599612859606,4.105599612859606
exclude_all_flagged,2025-01-01,test,mlp_regularized,11,7.309136839935633,3.6908631600643673
exclude_all_flagged,2025-01-02,test,mlp_regularized,15,12.049859482002507,2.950140517997493
exclude_all_flagged,2025-01-03,test,mlp_regularized,17,15.958034274141458,1.0419657258585424
exclude_all_flagged,2025-01-04,test,mlp_regularized,22,30.070311608394576,8.070311608394576
exclude_all_flagged,2025-01-16,test,mlp_regularized,1,56.069608958155996,55.069608958155996
exclude_all_flagged,2025-01-17,test,mlp_regularized,23,60.0,37.0
exclude_all_flagged,2025-01-18,test,mlp_regularized,44,60.0,16.0
exclude_all_flagged,2025-01-19,test,mlp_regularized,13,30.471698183636185,17.471698183636185
exclude_all_flagged,2025-01-20,test,mlp_regularized,5,60.0,55.0
exclude_all_flagged,2025-01-21,test,mlp_regularized,2,60.0,58.0
exclude_all_flagged,2025-01-22,test,mlp_regularized,13,60.0,47.0
exclude_all_flagged,2025-01-23,test,mlp_regularized,14,60.0,46.0
exclude_all_flagged,2025-01-24,test,mlp_regularized,56,50.31562908679365,5.684370913206351
exclude_all_flagged,2025-01-25,test,mlp_regularized,58,45.44251775509259,12.557482244907412
exclude_all_flagged,2025-01-26,test,mlp_regularized,20,30.81953872346753,10.81953872346753
exclude_all_flagged,2025-01-27,test,mlp_regularized,17,21.691488118238507,4.691488118238507
exclude_all_flagged,2025-01-28,test,mlp_regularized,21,23.342294131167627,2.342294131167627
exclude_all_flagged,2025-01-29,test,mlp_regularized,25,5.710806252850823,19.289193747149177
exclude_all_flagged,2025-01-30,test,mlp_regularized,28,25.97624609224121,2.0237539077587883
exclude_all_flagged,2025-01-31,test,mlp_regularized,53,47.412623421000085,5.5873765789999155
exclude_all_flagged,2025-02-01,test,mlp_regularized,59,56.486236719612386,2.5137632803876144
exclude_all_flagged,2025-02-02,test,mlp_regularized,19,6.698536867336401,12.3014631326636
exclude_all_flagged,2025-02-03,test,mlp_regularized,23,13.45359184120715,9.54640815879285
exclude_all_flagged,2025-02-04,test,mlp_regularized,25,16.049057235456214,8.950942764543786
exclude_all_flagged,2025-02-05,test,mlp_regularized,25,15.860480450189577,9.139519549810423
exclude_all_flagged,2025-02-06,test,mlp_regularized,26,18.70959602413476,7.290403975865239
exclude_all_flagged,2025-02-07,test,mlp_regularized,31,26.099781726179124,4.900218273820876
exclude_all_flagged,2025-02-08,test,mlp_regularized,46,26.815509498143832,19.184490501856168
exclude_all_flagged,2025-02-09,test,mlp_regularized,13,0.0,13.0
exclude_all_flagged,2025-02-10,test,mlp_regularized,16,5.358159449300665,10.641840550699335
exclude_all_flagged,2025-02-11,test,mlp_regularized,21,0.4922695305553404,20.50773046944466
exclude_all_flagged,2025-02-12,test,mlp_regularized,21,8.40384056607843,12.59615943392157
exclude_all_flagged,2025-02-13,test,mlp_regularized,25,27.769490557604826,2.7694905576048257
exclude_all_flagged,2025-02-14,test,mlp_regularized,60,59.18558743405505,0.8144125659449486
exclude_all_flagged,2025-02-15,test,mlp_regularized,54,47.12295319221547,6.877046807784531
exclude_all_flagged,2025-02-16,test,mlp_regularized,31,24.522021129656153,6.477978870343847
exclude_all_flagged,2025-02-17,test,mlp_regularized,20,5.871840883376997,14.128159116623003
exclude_all_flagged,2025-02-18,test,mlp_regularized,31,8.598332973865432,22.401667026134568
exclude_all_flagged,2025-02-19,test,mlp_regularized,37,13.143904524166803,23.856095475833197
exclude_all_flagged,2025-02-20,test,mlp_regularized,44,16.39660553906515,27.60339446093485
exclude_all_flagged,2025-02-21,test,mlp_regularized,59,37.75409301605828,21.245906983941723
exclude_all_flagged,2025-02-22,test,mlp_regularized,59,43.87626192957641,15.123738070423592
exclude_all_flagged,2025-02-23,test,mlp_regularized,11,18.48594561405444,7.48594561405444
exclude_all_flagged,2025-02-24,test,mlp_regularized,29,9.279003837337424,19.720996162662576
exclude_all_flagged,2025-02-25,test,mlp_regularized,22,18.882647021773064,3.1173529782269362
exclude_all_flagged,2025-02-26,test,mlp_regularized,35,19.319731306174976,15.680268693825024
exclude_all_flagged,2025-02-27,test,mlp_regularized,32,22.17133258687011,9.828667413129889
exclude_all_flagged,2025-02-28,test,mlp_regularized,53,48.54344192905345,4.456558070946549
exclude_all_flagged,2025-03-01,test,mlp_regularized,58,58.43271983043949,0.43271983043948836
exclude_all_flagged,2025-03-02,test,mlp_regularized,11,17.65010865789514,6.650108657895139
exclude_all_flagged,2025-03-03,test,mlp_regularized,35,18.44637501949573,16.55362498050427
exclude_all_flagged,2025-03-04,test,mlp_regularized,35,26.273324102622283,8.726675897377717
exclude_all_flagged,2025-03-05,test,mlp_regularized,39,23.572331712734957,15.427668287265043
exclude_all_flagged,2025-03-06,test,mlp_regularized,35,22.12893677606462,12.87106322393538
exclude_all_flagged,2025-03-07,test,mlp_regularized,60,42.1208775215514,17.8791224784486
exclude_all_flagged,2025-03-08,test,mlp_regularized,59,43.50310710876851,15.49689289123149
exclude_all_flagged,2025-03-09,test,mlp_regularized,20,21.573162719286884,1.5731627192868842
exclude_all_flagged,2025-03-10,test,mlp_regularized,32,18.077922192872617,13.922077807127383
exclude_all_flagged,2025-03-11,test,mlp_regularized,31,22.50392109104744,8.496078908952558
exclude_all_flagged,2025-03-12,test,mlp_regularized,37,16.802735828593136,20.197264171406864
exclude_all_flagged,2025-03-13,test,mlp_regularized,42,13.933909802634876,28.066090197365124
exclude_all_flagged,2025-03-14,test,mlp_regularized,58,40.22990136605101,17.77009863394899
exclude_all_flagged,2025-03-15,test,mlp_regularized,59,40.5724197113586,18.4275802886414
exclude_all_flagged,2025-03-16,test,mlp_regularized,34,11.527593283942807,22.472406716057193
exclude_all_flagged,2025-03-17,test,mlp_regularized,31,12.701022261444514,18.298977738555486
exclude_all_flagged,2025-03-18,test,mlp_regularized,32,14.705928090596917,17.294071909403083
exclude_all_flagged,2025-03-19,test,mlp_regularized,24,14.730385827840088,9.269614172159912
exclude_all_flagged,2025-03-20,test,mlp_regularized,49,26.816279614865145,22.183720385134855
exclude_all_flagged,2025-03-21,test,mlp_regularized,58,45.171573348410966,12.828426651589034
exclude_all_flagged,2025-03-22,test,mlp_regularized,60,44.70059859784521,15.299401402154793
exclude_all_flagged,2025-03-23,test,mlp_regularized,30,0.0,30.0
exclude_all_flagged,2025-03-24,test,mlp_regularized,30,13.428518208414882,16.571481791585118
exclude_all_flagged,2025-03-25,test,mlp_regularized,30,14.988262496925731,15.011737503074269
exclude_all_flagged,2025-03-26,test,mlp_regularized,35,13.264007149172663,21.735992850827337
exclude_all_flagged,2025-03-27,test,mlp_regularized,43,12.51499713130622,30.48500286869378
exclude_all_flagged,2025-03-28,test,mlp_regularized,58,32.64438799849918,25.355612001500823
exclude_all_flagged,2025-03-29,test,mlp_regularized,58,45.87239153650987,12.127608463490127
exclude_all_flagged,2025-03-30,test,mlp_regularized,40,0.0,40.0
exclude_all_flagged,2025-03-31,test,mlp_regularized,33,17.689718885566958,15.310281114433042
exclude_all_flagged,2025-04-01,test,mlp_regularized,23,10.219409469823152,12.780590530176848
exclude_all_flagged,2025-04-02,test,mlp_regularized,24,18.029487517603258,5.970512482396742
exclude_all_flagged,2025-04-03,test,mlp_regularized,33,12.154529015249903,20.845470984750097
exclude_all_flagged,2025-04-04,test,mlp_regularized,59,45.08347188901326,13.91652811098674
exclude_all_flagged,2025-04-05,test,mlp_regularized,59,50.031694985376404,8.968305014623596
exclude_all_flagged,2025-04-06,test,mlp_regularized,36,10.076935119192544,25.923064880807456
exclude_all_flagged,2025-04-07,test,mlp_regularized,19,17.31313255784275,1.6868674421572507
exclude_all_flagged,2025-04-08,test,mlp_regularized,23,16.792127382192305,6.207872617807695
exclude_all_flagged,2025-04-09,test,mlp_regularized,28,18.359017372930907,9.640982627069093
exclude_all_flagged,2025-04-10,test,mlp_regularized,50,16.60272816709829,33.39727183290171
exclude_all_flagged,2025-04-11,test,mlp_regularized,59,38.94182069579413,20.058179304205872
exclude_all_flagged,2025-04-12,test,mlp_regularized,59,48.412278784312456,10.587721215687544
exclude_all_flagged,2025-04-13,test,mlp_regularized,32,12.50371564558279,19.49628435441721
exclude_all_flagged,2025-04-14,test,mlp_regularized,39,17.42339922170651,21.57660077829349
exclude_all_flagged,2025-04-15,test,mlp_regularized,33,13.97582407448316,19.02417592551684
exclude_all_flagged,2025-04-16,test,mlp_regularized,34,15.893549693972222,18.106450306027778
exclude_all_flagged,2025-04-17,test,mlp_regularized,43,21.405462807893635,21.594537192106365
exclude_all_flagged,2025-04-18,test,mlp_regularized,60,48.93089097797389,11.069109022026112
exclude_all_flagged,2025-04-19,test,mlp_regularized,59,47.26329160251665,11.736708397483348
exclude_all_flagged,2025-04-20,test,mlp_regularized,27,7.271855243803053,19.728144756196947
exclude_all_flagged,2025-04-21,test,mlp_regularized,39,16.644338189260864,22.355661810739136
exclude_all_flagged,2025-04-22,test,mlp_regularized,44,19.608171875350628,24.391828124649372
exclude_all_flagged,2025-04-23,test,mlp_regularized,36,20.715872273984665,15.284127726015335
exclude_all_flagged,2025-04-24,test,mlp_regularized,50,29.308102616058513,20.691897383941487
exclude_all_flagged,2025-04-25,test,mlp_regularized,55,43.06902499286741,11.930975007132588
exclude_all_flagged,2025-04-26,test,mlp_regularized,59,50.13821082271397,8.861789177286028
exclude_all_flagged,2025-04-27,test,mlp_regularized,21,7.097970855732825,13.902029144267175
exclude_all_flagged,2025-04-28,test,mlp_regularized,30,14.237663095615808,15.762336904384192
exclude_all_flagged,2025-04-29,test,mlp_regularized,35,21.419810835178286,13.580189164821714
exclude_all_flagged,2025-04-30,test,mlp_regularized,29,16.27769772554288,12.722302274457121
exclude_all_flagged,2025-05-01,test,mlp_regularized,30,16.286733197682864,13.713266802317136
exclude_all_flagged,2025-05-02,test,mlp_regularized,58,59.32823870046033,1.3282387004603322
exclude_all_flagged,2025-05-03,test,mlp_regularized,59,38.938293171692315,20.061706828307685
exclude_all_flagged,2025-05-04,test,mlp_regularized,19,0.12853841038549518,18.871461589614505
exclude_all_flagged,2025-05-05,test,mlp_regularized,8,9.831190269431609,1.831190269431609
exclude_all_flagged,2025-05-06,test,mlp_regularized,13,16.446246309762238,3.4462463097622376
exclude_all_flagged,2025-05-07,test,mlp_regularized,43,23.193991090541886,19.806008909458114
exclude_all_flagged,2025-05-08,test,mlp_regularized,54,27.133996917111602,26.866003082888398
exclude_all_flagged,2025-05-09,test,mlp_regularized,60,22.022524153070627,37.97747584692937
exclude_all_flagged,2025-05-10,test,mlp_regularized,59,40.40209040985471,18.597909590145292
exclude_all_flagged,2025-05-11,test,mlp_regularized,15,21.25325647027745,6.253256470277449
exclude_all_flagged,2025-05-12,test,mlp_regularized,34,15.090400558329662,18.909599441670338
exclude_all_flagged,2025-05-13,test,mlp_regularized,44,20.19259488399697,23.80740511600303
exclude_all_flagged,2025-05-14,test,mlp_regularized,56,16.995421313068917,39.00457868693108
exclude_all_flagged,2025-05-15,test,mlp_regularized,50,17.00252175963415,32.99747824036585
exclude_all_flagged,2025-05-16,test,mlp_regularized,59,49.089019585313956,9.910980414686044
exclude_all_flagged,2025-05-17,test,mlp_regularized,58,52.67490447406285,5.325095525937151
exclude_all_flagged,2025-05-18,test,mlp_regularized,36,2.2150175864114985,33.7849824135885
exclude_all_flagged,2025-05-19,test,mlp_regularized,22,2.9037959852282995,19.0962040147717
exclude_all_flagged,2025-05-20,test,mlp_regularized,26,0.0,26.0
exclude_all_flagged,2025-05-21,test,mlp_regularized,22,0.0,22.0
exclude_all_flagged,2025-05-22,test,mlp_regularized,20,8.698046836957577,11.301953163042423
exclude_all_flagged,2025-05-23,test,mlp_regularized,56,35.456380875459615,20.543619124540385
exclude_all_flagged,2025-05-24,test,mlp_regularized,57,60.0,3.0
exclude_all_flagged,2025-05-25,test,mlp_regularized,52,31.478362189963562,20.521637810036438
exclude_all_flagged,2025-05-26,test,mlp_regularized,9,0.0,9.0
exclude_all_flagged,2025-05-27,test,mlp_regularized,9,3.5041359378853087,5.495864062114691
exclude_all_flagged,2025-05-28,test,mlp_regularized,17,15.74827134364159,1.2517286563584094
exclude_all_flagged,2025-05-29,test,mlp_regularized,37,41.5440907591578,4.544090759157797
exclude_all_flagged,2025-05-30,test,mlp_regularized,54,33.48827184504644,20.51172815495356
exclude_all_flagged,2025-05-31,test,mlp_regularized,58,48.483103259904055,9.516896740095945
exclude_all_flagged,2025-06-01,test,mlp_regularized,45,9.867087888887852,35.13291211111215
exclude_all_flagged,2025-06-02,test,mlp_regularized,25,21.61566817557602,3.384331824423981
exclude_all_flagged,2025-06-03,test,mlp_regularized,25,36.99022512961207,11.990225129612071
exclude_all_flagged,2025-06-04,test,mlp_regularized,39,38.68448206290696,0.3155179370930412
exclude_all_flagged,2025-06-05,test,mlp_regularized,34,38.04428460902176,4.044284609021759
exclude_all_flagged,2025-06-06,test,mlp_regularized,58,56.577568295436535,1.422431704563465
exclude_all_flagged,2025-06-07,test,mlp_regularized,57,56.20429771708564,0.7957022829143625
exclude_all_flagged,2025-06-08,test,mlp_regularized,29,15.415402038597612,13.584597961402388
exclude_all_flagged,2025-06-09,test,mlp_regularized,34,35.508205160930245,1.5082051609302454
exclude_all_flagged,2025-06-10,test,mlp_regularized,48,44.79340250583276,3.206597494167241
exclude_all_flagged,2025-06-11,test,mlp_regularized,39,45.24930966358802,6.249309663588022
exclude_all_flagged,2025-06-12,test,mlp_regularized,44,46.25861589065991,2.258615890659911
exclude_all_flagged,2025-06-13,test,mlp_regularized,60,54.97318060117048,5.026819398829517
exclude_all_flagged,2025-06-14,test,mlp_regularized,59,52.16648228249734,6.833517717502659
exclude_all_flagged,2025-06-15,test,mlp_regularized,16,6.639324428127452,9.360675571872548
exclude_all_flagged,2025-06-16,test,mlp_regularized,10,23.170595384202095,13.170595384202095
exclude_all_flagged,2025-06-17,test,mlp_regularized,22,32.440730971034924,10.440730971034924
exclude_all_flagged,2025-06-18,test,mlp_regularized,13,33.7831799876891,20.783179987689103
exclude_all_flagged,2025-06-19,test,mlp_regularized,31,37.418949810152625,6.4189498101526254
exclude_all_flagged,2025-06-20,test,mlp_regularized,60,51.71146075865481,8.288539241345191
exclude_all_flagged,2025-06-21,test,mlp_regularized,57,47.81541321031007,9.18458678968993
exclude_all_flagged,2025-06-22,test,mlp_regularized,19,26.940678233836138,7.940678233836138
exclude_all_flagged,2025-06-23,test,mlp_regularized,19,28.785814523997654,9.785814523997654
exclude_all_flagged,2025-06-24,test,mlp_regularized,34,26.42937946923043,7.57062053076957
exclude_all_flagged,2025-06-25,test,mlp_regularized,36,34.70221194300397,1.2977880569960334
exclude_all_flagged,2025-06-26,test,mlp_regularized,31,45.48247136786163,14.482471367861628
exclude_all_flagged,2025-06-27,test,mlp_regularized,59,43.37599207349993,15.62400792650007
exclude_all_flagged,2025-06-28,test,mlp_regularized,59,49.539041302830086,9.460958697169914
exclude_all_flagged,2025-06-29,test,mlp_regularized,32,19.184649689602477,12.815350310397523
exclude_all_flagged,2025-06-30,test,mlp_regularized,25,41.878952287836704,16.878952287836704
exclude_all_flagged,2025-07-01,test,mlp_regularized,29,28.5758793226184,0.42412067738160175
exclude_all_flagged,2025-07-02,test,mlp_regularized,23,45.376447718697456,22.376447718697456
exclude_all_flagged,2025-07-03,test,mlp_regularized,30,44.42746552543733,14.427465525437327
exclude_all_flagged,2025-07-04,test,mlp_regularized,57,47.4286060870679,9.571393912932102
exclude_all_flagged,2025-07-05,test,mlp_regularized,59,49.82601460080202,9.173985399197981
exclude_all_flagged,2025-07-06,test,mlp_regularized,32,1.4238147660274336,30.576185233972566
exclude_all_flagged,2025-07-07,test,mlp_regularized,23,44.522481293649626,21.522481293649626
exclude_all_flagged,2025-07-08,test,mlp_regularized,39,43.42398073487234,4.4239807348723375
exclude_all_flagged,2025-07-09,test,mlp_regularized,44,47.002064785268594,3.002064785268594
exclude_all_flagged,2025-07-10,test,mlp_regularized,45,44.35261403490119,0.6473859650988132
exclude_all_flagged,2025-07-11,test,mlp_regularized,60,55.9638359382394,4.036164061760601
exclude_all_flagged,2025-07-12,test,mlp_regularized,59,49.17724444639973,9.822755553600267
exclude_all_flagged,2025-07-13,test,mlp_regularized,30,0.6256801852832012,29.3743198147168
exclude_all_flagged,2025-07-14,test,mlp_regularized,29,29.005733181458137,0.005733181458136727
exclude_all_flagged,2025-07-15,test,mlp_regularized,30,30.92203872926728,0.9220387292672783
exclude_all_flagged,2025-07-16,test,mlp_regularized,26,28.511266588841217,2.5112665888412167
exclude_all_flagged,2025-07-17,test,mlp_regularized,36,26.387278802004438,9.612721197995562
exclude_all_flagged,2025-07-18,test,mlp_regularized,60,39.94290375617042,20.057096243829577
exclude_all_flagged,2025-07-19,test,mlp_regularized,60,39.44279839667052,20.55720160332948
exclude_all_flagged,2025-07-20,test,mlp_regularized,37,0.0,37.0
exclude_all_flagged,2025-07-21,test,mlp_regularized,43,15.27963591390509,27.72036408609491
exclude_all_flagged,2025-07-22,test,mlp_regularized,27,16.87474602054356,10.125253979456438
exclude_all_flagged,2025-07-23,test,mlp_regularized,32,22.127536951576943,9.872463048423057
exclude_all_flagged,2025-07-24,test,mlp_regularized,42,27.50890252614787,14.491097473852129
exclude_all_flagged,2025-07-25,test,mlp_regularized,58,50.96510935592447,7.034890644075531
exclude_all_flagged,2025-07-26,test,mlp_regularized,60,47.89524870413254,12.104751295867459
exclude_all_flagged,2025-07-27,test,mlp_regularized,29,4.65772408346912,24.34227591653088
exclude_all_flagged,2025-07-28,test,mlp_regularized,27,16.69512346139192,10.304876538608081
exclude_all_flagged,2025-07-29,test,mlp_regularized,28,20.684773119718578,7.315226880281422
exclude_all_flagged,2025-07-30,test,mlp_regularized,25,18.756649922509215,6.243350077490785
exclude_all_flagged,2025-07-31,test,mlp_regularized,38,19.89796016434455,18.10203983565545
exclude_all_flagged,2025-08-01,test,mlp_regularized,57,44.16461957883317,12.835380421166832
exclude_all_flagged,2025-08-02,test,mlp_regularized,59,48.24688277556629,10.753117224433709
exclude_all_flagged,2025-08-03,test,mlp_regularized,18,2.835882068693323,15.164117931306677
exclude_all_flagged,2025-08-04,test,mlp_regularized,21,10.113296423033905,10.886703576966095
exclude_all_flagged,2025-08-05,test,mlp_regularized,18,27.82283886713303,9.82283886713303
exclude_all_flagged,2025-08-06,test,mlp_regularized,18,31.090323784850177,13.090323784850177
exclude_all_flagged,2025-08-07,test,mlp_regularized,19,37.91018035624109,18.910180356241092
exclude_all_flagged,2025-08-08,test,mlp_regularized,52,48.03070778777002,3.9692922122299805
exclude_all_flagged,2025-08-09,test,mlp_regularized,57,52.36674147703877,4.633258522961228
exclude_all_flagged,2025-08-10,test,mlp_regularized,42,12.845820863643187,29.154179136356813
exclude_all_flagged,2025-08-11,test,mlp_regularized,22,39.95843808083781,17.95843808083781
exclude_all_flagged,2025-08-12,test,mlp_regularized,36,34.8163914424415,1.1836085575585003
exclude_all_flagged,2025-08-13,test,mlp_regularized,39,32.7390913412918,6.260908658708203
exclude_all_flagged,2025-08-14,test,mlp_regularized,46,49.941222313478654,3.9412223134786544
exclude_all_flagged,2025-08-15,test,mlp_regularized,60,56.881625648447425,3.118374351552575
exclude_all_flagged,2025-08-16,test,mlp_regularized,59,48.44655429279807,10.55344570720193
exclude_all_flagged,2025-08-17,test,mlp_regularized,26,14.968468842687415,11.031531157312585
exclude_all_flagged,2025-08-18,test,mlp_regularized,36,22.50373519339699,13.496264806603008
exclude_all_flagged,2025-08-19,test,mlp_regularized,24,25.88188459723145,1.8818845972314513
exclude_all_flagged,2025-08-20,test,mlp_regularized,32,29.70783323021519,2.29216676978481
exclude_all_flagged,2025-08-21,test,mlp_regularized,42,36.6859442205365,5.3140557794635015
exclude_all_flagged,2025-08-22,test,mlp_regularized,60,50.14918344522914,9.850816554770859
exclude_all_flagged,2025-08-23,test,mlp_regularized,59,49.01794746867245,9.982052531327547
exclude_all_flagged,2025-08-24,test,mlp_regularized,48,4.056193504321122,43.94380649567888
exclude_all_flagged,2025-08-25,test,mlp_regularized,55,21.279315023583287,33.72068497641671
exclude_all_flagged,2025-08-26,test,mlp_regularized,59,20.16987003008835,38.83012996991165
exclude_all_flagged,2025-08-27,test,mlp_regularized,60,25.029186962772627,34.97081303722737
exclude_all_flagged,2025-08-28,test,mlp_regularized,60,36.2914825111538,23.708517488846198
exclude_all_flagged,2025-08-29,test,mlp_regularized,57,54.38841370437924,2.6115862956207607
exclude_all_flagged,2025-08-30,test,mlp_regularized,59,57.077089963156446,1.9229100368435539
exclude_all_flagged,2025-08-31,test,mlp_regularized,59,4.981821582983159,54.01817841701684
exclude_all_flagged,2025-09-01,test,mlp_regularized,25,6.200335295747671,18.79966470425233
exclude_all_flagged,2025-09-02,test,mlp_regularized,24,18.437251902873985,5.562748097126015
exclude_all_flagged,2025-09-03,test,mlp_regularized,22,13.248237132671449,8.751762867328551
exclude_all_flagged,2025-09-04,test,mlp_regularized,33,14.34677006918161,18.65322993081839
exclude_all_flagged,2025-09-05,test,mlp_regularized,60,46.0671774684003,13.932822531599697
exclude_all_flagged,2025-09-06,test,mlp_regularized,59,43.59278578296381,15.407214217036191
exclude_all_flagged,2025-09-07,test,mlp_regularized,13,10.361676513951213,2.6383234860487867
exclude_all_flagged,2025-09-08,test,mlp_regularized,22,0.0,22.0
exclude_all_flagged,2025-09-09,test,mlp_regularized,18,8.7609591232758,9.2390408767242
exclude_all_flagged,2025-09-10,test,mlp_regularized,20,20.625460484205586,0.6254604842055862
exclude_all_flagged,2025-09-11,test,mlp_regularized,28,32.7857754845771,4.785775484577101
exclude_all_flagged,2025-09-12,test,mlp_regularized,58,55.22030540739782,2.7796945926021834
exclude_all_flagged,2025-09-13,test,mlp_regularized,58,50.51030453517383,7.48969546482617
exclude_all_flagged,2025-09-14,test,mlp_regularized,20,12.22094054216874,7.779059457831259
exclude_all_flagged,2025-09-15,test,mlp_regularized,37,33.90266397000738,3.0973360299926185
exclude_all_flagged,2025-09-16,test,mlp_regularized,42,44.09193604407785,2.0919360440778476
exclude_all_flagged,2025-09-17,test,mlp_regularized,39,51.91318241468099,12.913182414680989
exclude_all_flagged,2025-09-18,test,mlp_regularized,36,57.047954318479896,21.047954318479896
exclude_all_flagged,2025-09-19,test,mlp_regularized,59,60.0,1.0
exclude_all_flagged,2025-09-20,test,mlp_regularized,60,57.72926526656036,2.270734733439639
exclude_all_flagged,2025-09-21,test,mlp_regularized,40,26.46319048829283,13.536809511707169
exclude_all_flagged,2025-09-22,test,mlp_regularized,33,45.35987699939869,12.359876999398693
exclude_all_flagged,2025-09-23,test,mlp_regularized,42,47.20047280380855,5.200472803808552
exclude_all_flagged,2025-09-24,test,mlp_regularized,32,55.153031735447556,23.153031735447556
exclude_all_flagged,2025-09-25,test,mlp_regularized,39,59.26771191316456,20.26771191316456
exclude_all_flagged,2025-09-26,test,mlp_regularized,58,60.0,2.0
exclude_all_flagged,2025-09-27,test,mlp_regularized,59,60.0,1.0
exclude_all_flagged,2025-09-28,test,mlp_regularized,36,43.06024595735629,7.060245957356287
exclude_all_flagged,2025-09-29,test,mlp_regularized,43,22.177415981463074,20.822584018536926
exclude_all_flagged,2025-09-30,test,mlp_regularized,35,37.14534373691528,2.1453437369152795
exclude_all_flagged,2025-10-01,test,mlp_regularized,23,16.10402829624209,6.895971703757908
exclude_all_flagged,2025-10-02,test,mlp_regularized,33,28.5352306362051,4.4647693637949
exclude_all_flagged,2025-10-03,test,mlp_regularized,60,60.0,0.0
exclude_all_flagged,2025-10-04,test,mlp_regularized,59,58.54318704612518,0.4568129538748167
exclude_all_flagged,2025-10-05,test,mlp_regularized,29,18.6295838147181,10.3704161852819
exclude_all_flagged,2025-10-06,test,mlp_regularized,34,21.443562437019004,12.556437562980996
exclude_all_flagged,2025-10-07,test,mlp_regularized,34,17.04294190803164,16.95705809196836
exclude_all_flagged,2025-10-08,test,mlp_regularized,41,27.285363034617625,13.714636965382375
exclude_all_flagged,2025-10-09,test,mlp_regularized,49,35.458871175981045,13.541128824018955
exclude_all_flagged,2025-10-10,test,mlp_regularized,58,60.0,2.0
exclude_all_flagged,2025-10-11,test,mlp_regularized,60,54.06858202491985,5.9314179750801515
exclude_all_flagged,2025-10-12,test,mlp_regularized,59,19.318437105280154,39.681562894719846
exclude_all_flagged,2025-10-13,test,mlp_regularized,22,20.736192415042485,1.2638075849575152
exclude_all_flagged,2025-10-14,test,mlp_regularized,37,24.417475049220062,12.582524950779938
exclude_all_flagged,2025-10-15,test,mlp_regularized,53,38.15515706977754,14.844842930222462
exclude_all_flagged,2025-10-16,test,mlp_regularized,57,44.667615596540706,12.332384403459294
exclude_all_flagged,2025-10-17,test,mlp_regularized,53,49.222047298734054,3.7779527012659457
exclude_all_flagged,2025-10-18,test,mlp_regularized,59,51.51681631450772,7.483183685492278
exclude_all_flagged,2025-10-19,test,mlp_regularized,45,32.92830722055603,12.071692779443971
exclude_all_flagged,2025-10-20,test,mlp_regularized,42,17.38015533787344,24.61984466212656
exclude_all_flagged,2025-10-21,test,mlp_regularized,46,15.450898944809104,30.549101055190896
exclude_all_flagged,2025-10-22,test,mlp_regularized,28,19.839754418274108,8.160245581725892
exclude_all_flagged,2025-10-23,test,mlp_regularized,47,34.22153189263491,12.778468107365093
exclude_all_flagged,2025-10-24,test,mlp_regularized,56,53.92937719410738,2.0706228058926186
exclude_all_flagged,2025-10-25,test,mlp_regularized,59,50.99954750295126,8.000452497048741
exclude_all_flagged,2025-10-26,test,mlp_regularized,29,28.06041788088661,0.9395821191133891
exclude_all_flagged,2025-10-27,test,mlp_regularized,27,27.2958453392864,0.29584533928640155
exclude_all_flagged,2025-10-28,test,mlp_regularized,40,11.78295714038265,28.21704285961735
exclude_all_flagged,2025-10-29,test,mlp_regularized,46,20.620309995632834,25.379690004367166
exclude_all_flagged,2025-10-30,test,mlp_regularized,45,27.13017065154506,17.86982934845494
exclude_all_flagged,2025-10-31,test,mlp_regularized,60,52.174266490149165,7.825733509850835
exclude_all_flagged,2025-11-01,test,mlp_regularized,60,43.7238829114338,16.276117088566203
exclude_all_flagged,2025-11-02,test,mlp_regularized,38,3.278679561696748,34.72132043830325
exclude_all_flagged,2025-11-03,test,mlp_regularized,21,7.566004345263348,13.433995654736652
exclude_all_flagged,2025-11-04,test,mlp_regularized,27,13.454965814647608,13.545034185352392
exclude_all_flagged,2025-11-05,test,mlp_regularized,20,17.630616362944295,2.369383637055705
exclude_all_flagged,2025-11-06,test,mlp_regularized,29,20.446421443990435,8.553578556009565
exclude_all_flagged,2025-11-07,test,mlp_regularized,60,43.11720485862308,16.882795141376917
exclude_all_flagged,2025-11-08,test,mlp_regularized,60,38.07674745170254,21.923252548297462
exclude_all_flagged,2025-11-09,test,mlp_regularized,32,5.849679778306758,26.150320221693242
exclude_all_flagged,2025-11-10,test,mlp_regularized,35,0.0,35.0
exclude_all_flagged,2025-11-11,test,mlp_regularized,29,15.63039844302298,13.36960155697702
exclude_all_flagged,2025-11-12,test,mlp_regularized,29,25.89785899528347,3.102141004716529
exclude_all_flagged,2025-11-13,test,mlp_regularized,25,44.404270744395625,19.404270744395625
exclude_all_flagged,2025-11-14,test,mlp_regularized,54,51.46348179327401,2.5365182067259866
exclude_all_flagged,2025-11-15,test,mlp_regularized,59,56.07880400466203,2.9211959953379676
exclude_all_flagged,2025-11-16,test,mlp_regularized,19,18.230813188689545,0.7691868113104547
exclude_all_flagged,2025-11-17,test,mlp_regularized,11,29.60975954243552,18.60975954243552
exclude_all_flagged,2025-11-18,test,mlp_regularized,16,37.1833123768097,21.183312376809702
exclude_all_flagged,2025-11-19,test,mlp_regularized,27,42.26149980427468,15.261499804274678
exclude_all_flagged,2025-11-20,test,mlp_regularized,26,45.446796874456915,19.446796874456915
exclude_all_flagged,2025-11-21,test,mlp_regularized,58,50.82868396756854,7.171316032431463
exclude_all_flagged,2025-11-22,test,mlp_regularized,58,60.0,2.0
exclude_all_flagged,2025-11-23,test,mlp_regularized,27,21.502453372329782,5.497546627670218
exclude_all_flagged,2025-11-24,test,mlp_regularized,30,27.60258784358992,2.3974121564100805
exclude_all_flagged,2025-11-25,test,mlp_regularized,28,29.918710743794,1.9187107437940014
exclude_all_flagged,2025-11-26,test,mlp_regularized,42,29.3783611956843,12.621638804315701
exclude_all_flagged,2025-11-27,test,mlp_regularized,58,39.12562602307721,18.87437397692279
exclude_all_flagged,2025-11-28,test,mlp_regularized,59,60.0,1.0
exclude_all_flagged,2025-11-29,test,mlp_regularized,55,60.0,5.0
exclude_all_flagged,2025-11-30,test,mlp_regularized,28,19.0839988506507,8.916001149349299
exclude_all_flagged,2025-12-01,test,mlp_regularized,30,24.866082505150466,5.133917494849534
exclude_all_flagged,2025-12-02,test,mlp_regularized,31,33.7407434422851,2.740743442285101
exclude_all_flagged,2025-12-03,test,mlp_regularized,28,27.90992484019266,0.09007515980734127
exclude_all_flagged,2025-12-04,test,mlp_regularized,37,21.094167777011336,15.905832222988664
exclude_all_flagged,2025-12-05,test,mlp_regularized,50,45.36260668961003,4.637393310389967
exclude_all_flagged,2025-12-06,test,mlp_regularized,60,43.4491519474393,16.550848052560703
exclude_all_flagged,2025-12-07,test,mlp_regularized,36,0.0,36.0
exclude_all_flagged,2025-12-08,test,mlp_regularized,26,15.668409086910849,10.331590913089151
exclude_all_flagged,2025-12-09,test,mlp_regularized,40,15.7206670348253,24.2793329651747
exclude_all_flagged,2025-12-10,test,mlp_regularized,21,13.72492359536633,7.275076404633669
exclude_all_flagged,2025-12-11,test,mlp_regularized,24,15.682033620276371,8.317966379723629
exclude_all_flagged,2025-12-12,test,mlp_regularized,50,30.208877292771803,19.791122707228197
exclude_all_flagged,2025-12-13,test,mlp_regularized,52,46.55222514845971,5.447774851540288
exclude_all_flagged,2025-12-14,test,mlp_regularized,24,0.4055648900477564,23.594435109952244
exclude_all_flagged,2025-12-15,test,mlp_regularized,18,0.0,18.0
exclude_all_flagged,2025-12-16,test,mlp_regularized,23,5.505851306037712,17.494148693962288
exclude_all_flagged,2025-12-17,test,mlp_regularized,34,15.964009992654425,18.035990007345575
exclude_all_flagged,2025-12-18,test,mlp_regularized,43,13.259041696902582,29.74095830309742
exclude_all_flagged,2025-12-19,test,mlp_regularized,49,32.98706093392731,16.01293906607269
exclude_all_flagged,2025-12-20,test,mlp_regularized,57,47.031191232222966,9.968808767777034
exclude_all_flagged,2025-12-21,test,mlp_regularized,35,7.0920923937555855,27.907907606244414
exclude_all_flagged,2025-12-22,test,mlp_regularized,28,10.971298575253396,17.028701424746604
exclude_all_flagged,2025-12-23,test,mlp_regularized,27,5.1712971834119585,21.82870281658804
exclude_all_flagged,2025-12-24,test,mlp_regularized,40,9.577437604337312,30.422562395662688
exclude_all_flagged,2025-12-25,test,mlp_regularized,31,19.473231459919848,11.526768540080152
exclude_all_flagged,2025-12-26,test,mlp_regularized,40,27.324096169453185,12.675903830546815
exclude_all_flagged,2025-12-27,test,mlp_regularized,44,30.944979115208646,13.055020884791354
exclude_all_flagged,2025-12-28,test,mlp_regularized,30,0.0,30.0
exclude_all_flagged,2025-12-29,test,mlp_regularized,28,15.990832928780424,12.009167071219576
exclude_all_flagged,2025-12-30,test,mlp_regularized,36,11.985427954342729,24.01457204565727
exclude_all_flagged,2025-12-31,test,mlp_regularized,55,21.866770283704962,33.133229716295034
exclude_all_flagged,2024-07-01,validation,lstm_14d_small,14,29.518735885620117,15.518735885620117
exclude_all_flagged,2024-07-02,validation,lstm_14d_small,17,37.98649978637695,20.986499786376953
exclude_all_flagged,2024-07-03,validation,lstm_14d_small,23,40.24364471435547,17.24364471435547
exclude_all_flagged,2024-07-04,validation,lstm_14d_small,26,46.28379821777344,20.283798217773438
exclude_all_flagged,2024-07-05,validation,lstm_14d_small,59,59.03779220581055,0.037792205810546875
exclude_all_flagged,2024-07-06,validation,lstm_14d_small,59,59.14231872558594,0.1423187255859375
exclude_all_flagged,2024-07-07,validation,lstm_14d_small,22,23.26679229736328,1.2667922973632812
exclude_all_flagged,2024-07-08,validation,lstm_14d_small,27,28.468900680541992,1.4689006805419922
exclude_all_flagged,2024-07-09,validation,lstm_14d_small,33,35.8304557800293,2.830455780029297
exclude_all_flagged,2024-07-10,validation,lstm_14d_small,40,44.56596755981445,4.565967559814453
exclude_all_flagged,2024-07-11,validation,lstm_14d_small,50,47.37191390991211,2.6280860900878906
exclude_all_flagged,2024-07-12,validation,lstm_14d_small,58,60.0,2.0
exclude_all_flagged,2024-07-13,validation,lstm_14d_small,60,60.0,0.0
exclude_all_flagged,2024-07-14,validation,lstm_14d_small,25,24.06395721435547,0.9360427856445312
exclude_all_flagged,2024-07-15,validation,lstm_14d_small,28,25.801488876342773,2.1985111236572266
exclude_all_flagged,2024-07-16,validation,lstm_14d_small,36,29.960796356201172,6.039203643798828
exclude_all_flagged,2024-07-17,validation,lstm_14d_small,27,34.983665466308594,7.983665466308594
exclude_all_flagged,2024-07-18,validation,lstm_14d_small,32,48.61739730834961,16.61739730834961
exclude_all_flagged,2024-07-19,validation,lstm_14d_small,59,60.0,1.0
exclude_all_flagged,2024-07-20,validation,lstm_14d_small,60,60.0,0.0
exclude_all_flagged,2024-07-21,validation,lstm_14d_small,41,26.265512466430664,14.734487533569336
exclude_all_flagged,2024-07-22,validation,lstm_14d_small,45,26.553958892822266,18.446041107177734
exclude_all_flagged,2024-07-23,validation,lstm_14d_small,52,38.376277923583984,13.623722076416016
exclude_all_flagged,2024-07-24,validation,lstm_14d_small,57,44.272274017333984,12.727725982666016
exclude_all_flagged,2024-07-25,validation,lstm_14d_small,58,46.480953216552734,11.519046783447266
exclude_all_flagged,2024-07-26,validation,lstm_14d_small,60,60.0,0.0
exclude_all_flagged,2024-07-27,validation,lstm_14d_small,60,60.0,0.0
exclude_all_flagged,2024-07-28,validation,lstm_14d_small,28,40.79227066040039,12.79227066040039
exclude_all_flagged,2024-07-29,validation,lstm_14d_small,22,35.57863998413086,13.57863998413086
exclude_all_flagged,2024-07-30,validation,lstm_14d_small,27,33.224178314208984,6.224178314208984
exclude_all_flagged,2024-07-31,validation,lstm_14d_small,40,35.844173431396484,4.155826568603516
exclude_all_flagged,2024-08-01,validation,lstm_14d_small,33,47.66142654418945,14.661426544189453
exclude_all_flagged,2024-08-02,validation,lstm_14d_small,60,60.0,0.0
exclude_all_flagged,2024-08-03,validation,lstm_14d_small,60,60.0,0.0
exclude_all_flagged,2024-08-04,validation,lstm_14d_small,22,30.694660186767578,8.694660186767578
exclude_all_flagged,2024-08-05,validation,lstm_14d_small,24,28.91912269592285,4.919122695922852
exclude_all_flagged,2024-08-06,validation,lstm_14d_small,30,34.98900604248047,4.989006042480469
exclude_all_flagged,2024-08-07,validation,lstm_14d_small,37,42.17779541015625,5.17779541015625
exclude_all_flagged,2024-08-08,validation,lstm_14d_small,41,52.07835006713867,11.078350067138672
exclude_all_flagged,2024-08-09,validation,lstm_14d_small,55,60.0,5.0
exclude_all_flagged,2024-08-10,validation,lstm_14d_small,59,60.0,1.0
exclude_all_flagged,2024-08-11,validation,lstm_14d_small,26,27.6649169921875,1.6649169921875
exclude_all_flagged,2024-08-12,validation,lstm_14d_small,31,28.435977935791016,2.5640220642089844
exclude_all_flagged,2024-08-13,validation,lstm_14d_small,52,35.17483139038086,16.82516860961914
exclude_all_flagged,2024-08-14,validation,lstm_14d_small,36,48.3077278137207,12.307727813720703
exclude_all_flagged,2024-08-15,validation,lstm_14d_small,50,51.55409622192383,1.5540962219238281
exclude_all_flagged,2024-08-16,validation,lstm_14d_small,60,60.0,0.0
exclude_all_flagged,2024-08-17,validation,lstm_14d_small,60,60.0,0.0
exclude_all_flagged,2024-08-18,validation,lstm_14d_small,25,30.157432556152344,5.157432556152344
exclude_all_flagged,2024-08-19,validation,lstm_14d_small,33,32.84002685546875,0.15997314453125
exclude_all_flagged,2024-08-20,validation,lstm_14d_small,27,39.8751335144043,12.875133514404297
exclude_all_flagged,2024-08-21,validation,lstm_14d_small,38,47.27248001098633,9.272480010986328
exclude_all_flagged,2024-08-22,validation,lstm_14d_small,45,56.33740997314453,11.337409973144531
exclude_all_flagged,2024-08-23,validation,lstm_14d_small,60,60.0,0.0
exclude_all_flagged,2024-08-24,validation,lstm_14d_small,60,59.76781463623047,0.23218536376953125
exclude_all_flagged,2024-08-25,validation,lstm_14d_small,42,46.374969482421875,4.374969482421875
exclude_all_flagged,2024-08-26,validation,lstm_14d_small,52,37.505672454833984,14.494327545166016
exclude_all_flagged,2024-08-27,validation,lstm_14d_small,57,44.431304931640625,12.568695068359375
exclude_all_flagged,2024-08-28,validation,lstm_14d_small,60,49.8847770690918,10.115222930908203
exclude_all_flagged,2024-08-29,validation,lstm_14d_small,59,53.642024993896484,5.357975006103516
exclude_all_flagged,2024-08-30,validation,lstm_14d_small,49,59.93506622314453,10.935066223144531
exclude_all_flagged,2024-09-01,validation,lstm_14d_small,60,35.80498123168945,24.195018768310547
exclude_all_flagged,2024-09-02,validation,lstm_14d_small,38,36.52449035644531,1.4755096435546875
exclude_all_flagged,2024-09-03,validation,lstm_14d_small,33,36.69841766357422,3.6984176635742188
exclude_all_flagged,2024-09-04,validation,lstm_14d_small,31,40.2227897644043,9.222789764404297
exclude_all_flagged,2024-09-05,validation,lstm_14d_small,36,45.42448043823242,9.424480438232422
exclude_all_flagged,2024-09-06,validation,lstm_14d_small,57,54.95607376098633,2.043926239013672
exclude_all_flagged,2024-09-07,validation,lstm_14d_small,59,55.45220947265625,3.54779052734375
exclude_all_flagged,2024-09-08,validation,lstm_14d_small,24,38.02463150024414,14.02463150024414
exclude_all_flagged,2024-09-09,validation,lstm_14d_small,29,29.417234420776367,0.4172344207763672
exclude_all_flagged,2024-09-10,validation,lstm_14d_small,25,35.28366470336914,10.28366470336914
exclude_all_flagged,2024-09-11,validation,lstm_14d_small,22,37.681983947753906,15.681983947753906
exclude_all_flagged,2024-09-12,validation,lstm_14d_small,39,46.34675979614258,7.346759796142578
exclude_all_flagged,2024-09-13,validation,lstm_14d_small,59,60.0,1.0
exclude_all_flagged,2024-09-14,validation,lstm_14d_small,60,60.0,0.0
exclude_all_flagged,2024-09-15,validation,lstm_14d_small,29,27.984834671020508,1.0151653289794922
exclude_all_flagged,2024-09-16,validation,lstm_14d_small,40,31.32919692993164,8.67080307006836
exclude_all_flagged,2024-09-17,validation,lstm_14d_small,49,38.202903747558594,10.797096252441406
exclude_all_flagged,2024-09-18,validation,lstm_14d_small,50,42.19517135620117,7.804828643798828
exclude_all_flagged,2024-09-19,validation,lstm_14d_small,54,51.03254318237305,2.967456817626953
exclude_all_flagged,2024-09-20,validation,lstm_14d_small,59,60.0,1.0
exclude_all_flagged,2024-09-21,validation,lstm_14d_small,59,60.0,1.0
exclude_all_flagged,2024-09-22,validation,lstm_14d_small,36,32.41263961791992,3.587360382080078
exclude_all_flagged,2024-09-23,validation,lstm_14d_small,42,36.32435989379883,5.675640106201172
exclude_all_flagged,2024-09-24,validation,lstm_14d_small,55,41.294593811035156,13.705406188964844
exclude_all_flagged,2024-09-25,validation,lstm_14d_small,56,49.0007209777832,6.999279022216797
exclude_all_flagged,2024-09-26,validation,lstm_14d_small,56,56.805938720703125,0.805938720703125
exclude_all_flagged,2024-09-27,validation,lstm_14d_small,59,57.95893859863281,1.0410614013671875
exclude_all_flagged,2024-09-28,validation,lstm_14d_small,57,55.057926177978516,1.9420738220214844
exclude_all_flagged,2024-09-29,validation,lstm_14d_small,38,43.32010269165039,5.320102691650391
exclude_all_flagged,2024-09-30,validation,lstm_14d_small,30,32.89246368408203,2.8924636840820312
exclude_all_flagged,2024-10-01,validation,lstm_14d_small,14,42.356605529785156,28.356605529785156
exclude_all_flagged,2024-10-02,validation,lstm_14d_small,11,33.154014587402344,22.154014587402344
exclude_all_flagged,2024-10-03,validation,lstm_14d_small,39,37.96038055419922,1.0396194458007812
exclude_all_flagged,2024-10-04,validation,lstm_14d_small,60,54.5556526184082,5.444347381591797
exclude_all_flagged,2024-10-05,validation,lstm_14d_small,58,54.90822982788086,3.0917701721191406
exclude_all_flagged,2024-10-06,validation,lstm_14d_small,25,29.368379592895508,4.368379592895508
exclude_all_flagged,2024-10-07,validation,lstm_14d_small,22,29.432941436767578,7.432941436767578
exclude_all_flagged,2024-10-08,validation,lstm_14d_small,30,33.398902893066406,3.3989028930664062
exclude_all_flagged,2024-10-09,validation,lstm_14d_small,38,38.29465866088867,0.2946586608886719
exclude_all_flagged,2024-10-10,validation,lstm_14d_small,59,47.84514617919922,11.154853820800781
exclude_all_flagged,2024-10-11,validation,lstm_14d_small,60,60.0,0.0
exclude_all_flagged,2024-10-12,validation,lstm_14d_small,60,60.0,0.0
exclude_all_flagged,2024-10-13,validation,lstm_14d_small,60,23.667531967163086,36.332468032836914
exclude_all_flagged,2024-10-14,validation,lstm_14d_small,18,25.044397354125977,7.044397354125977
exclude_all_flagged,2024-10-15,validation,lstm_14d_small,24,29.22705078125,5.22705078125
exclude_all_flagged,2024-10-16,validation,lstm_14d_small,34,33.72450637817383,0.2754936218261719
exclude_all_flagged,2024-10-17,validation,lstm_14d_small,51,45.719032287597656,5.280967712402344
exclude_all_flagged,2024-10-18,validation,lstm_14d_small,60,57.59695053100586,2.4030494689941406
exclude_all_flagged,2024-10-19,validation,lstm_14d_small,60,57.98717498779297,2.0128250122070312
exclude_all_flagged,2024-10-20,validation,lstm_14d_small,44,34.40415954589844,9.595840454101562
exclude_all_flagged,2024-10-21,validation,lstm_14d_small,31,25.964778900146484,5.035221099853516
exclude_all_flagged,2024-10-22,validation,lstm_14d_small,37,33.586116790771484,3.4138832092285156
exclude_all_flagged,2024-10-23,validation,lstm_14d_small,51,40.16943359375,10.83056640625
exclude_all_flagged,2024-10-24,validation,lstm_14d_small,58,53.265098571777344,4.734901428222656
exclude_all_flagged,2024-10-25,validation,lstm_14d_small,59,59.63018035888672,0.6301803588867188
exclude_all_flagged,2024-10-26,validation,lstm_14d_small,59,57.7758903503418,1.2241096496582031
exclude_all_flagged,2024-10-27,validation,lstm_14d_small,59,46.16242218017578,12.837577819824219
exclude_all_flagged,2024-10-28,validation,lstm_14d_small,21,33.99173355102539,12.99173355102539
exclude_all_flagged,2024-10-29,validation,lstm_14d_small,23,27.96932029724121,4.969320297241211
exclude_all_flagged,2024-10-30,validation,lstm_14d_small,26,33.66605758666992,7.666057586669922
exclude_all_flagged,2024-10-31,validation,lstm_14d_small,40,43.98856735229492,3.988567352294922
exclude_all_flagged,2024-11-01,validation,lstm_14d_small,60,52.846195220947266,7.153804779052734
exclude_all_flagged,2024-11-02,validation,lstm_14d_small,60,56.14999008178711,3.8500099182128906
exclude_all_flagged,2024-11-03,validation,lstm_14d_small,26,44.1212272644043,18.121227264404297
exclude_all_flagged,2024-11-04,validation,lstm_14d_small,16,31.722171783447266,15.722171783447266
exclude_all_flagged,2024-11-05,validation,lstm_14d_small,16,36.709815979003906,20.709815979003906
exclude_all_flagged,2024-11-06,validation,lstm_14d_small,29,43.80181884765625,14.80181884765625
exclude_all_flagged,2024-11-07,validation,lstm_14d_small,47,50.609230041503906,3.6092300415039062
exclude_all_flagged,2024-11-08,validation,lstm_14d_small,59,59.0982551574707,0.09825515747070312
exclude_all_flagged,2024-11-09,validation,lstm_14d_small,60,59.453346252441406,0.5466537475585938
exclude_all_flagged,2024-11-10,validation,lstm_14d_small,60,53.06259536743164,6.937404632568359
exclude_all_flagged,2024-11-11,validation,lstm_14d_small,38,35.681251525878906,2.3187484741210938
exclude_all_flagged,2024-11-12,validation,lstm_14d_small,54,37.635353088378906,16.364646911621094
exclude_all_flagged,2024-11-13,validation,lstm_14d_small,36,44.70608139038086,8.70608139038086
exclude_all_flagged,2024-11-14,validation,lstm_14d_small,53,52.045204162597656,0.9547958374023438
exclude_all_flagged,2024-11-15,validation,lstm_14d_small,60,60.0,0.0
exclude_all_flagged,2024-11-16,validation,lstm_14d_small,60,60.0,0.0
exclude_all_flagged,2024-11-17,validation,lstm_14d_small,15,51.82707977294922,36.82707977294922
exclude_all_flagged,2024-11-18,validation,lstm_14d_small,12,35.82965087890625,23.82965087890625
exclude_all_flagged,2024-11-19,validation,lstm_14d_small,23,31.380130767822266,8.380130767822266
exclude_all_flagged,2024-11-20,validation,lstm_14d_small,34,36.333099365234375,2.333099365234375
exclude_all_flagged,2024-11-21,validation,lstm_14d_small,29,52.45733642578125,23.45733642578125
exclude_all_flagged,2024-11-22,validation,lstm_14d_small,50,58.20927810668945,8.209278106689453
exclude_all_flagged,2024-11-23,validation,lstm_14d_small,56,57.984039306640625,1.984039306640625
exclude_all_flagged,2024-11-24,validation,lstm_14d_small,25,43.25249481201172,18.25249481201172
exclude_all_flagged,2024-11-25,validation,lstm_14d_small,25,32.43315505981445,7.433155059814453
exclude_all_flagged,2024-11-26,validation,lstm_14d_small,23,35.859745025634766,12.859745025634766
exclude_all_flagged,2024-11-27,validation,lstm_14d_small,43,34.51674270629883,8.483257293701172
exclude_all_flagged,2024-11-28,validation,lstm_14d_small,58,52.789161682128906,5.210838317871094
exclude_all_flagged,2024-11-29,validation,lstm_14d_small,59,60.0,1.0
exclude_all_flagged,2024-11-30,validation,lstm_14d_small,59,58.855735778808594,0.14426422119140625
exclude_all_flagged,2024-12-01,validation,lstm_14d_small,28,40.86674118041992,12.866741180419922
exclude_all_flagged,2024-12-02,validation,lstm_14d_small,22,27.84211540222168,5.84211540222168
exclude_all_flagged,2024-12-03,validation,lstm_14d_small,34,27.171525955200195,6.828474044799805
exclude_all_flagged,2024-12-04,validation,lstm_14d_small,38,36.76076126098633,1.2392387390136719
exclude_all_flagged,2024-12-05,validation,lstm_14d_small,29,46.24053955078125,17.24053955078125
exclude_all_flagged,2024-12-06,validation,lstm_14d_small,60,60.0,0.0
exclude_all_flagged,2024-12-07,validation,lstm_14d_small,60,60.0,0.0
exclude_all_flagged,2024-12-08,validation,lstm_14d_small,27,32.80844497680664,5.808444976806641
exclude_all_flagged,2024-12-09,validation,lstm_14d_small,24,25.699016571044922,1.6990165710449219
exclude_all_flagged,2024-12-10,validation,lstm_14d_small,26,25.97353744506836,0.026462554931640625
exclude_all_flagged,2024-12-11,validation,lstm_14d_small,32,31.08544921875,0.91455078125
exclude_all_flagged,2024-12-12,validation,lstm_14d_small,29,46.179683685302734,17.179683685302734
exclude_all_flagged,2024-12-13,validation,lstm_14d_small,47,57.728248596191406,10.728248596191406
exclude_all_flagged,2024-12-14,validation,lstm_14d_small,58,56.74801254272461,1.2519874572753906
exclude_all_flagged,2024-12-15,validation,lstm_14d_small,34,23.96110725402832,10.03889274597168
exclude_all_flagged,2024-12-16,validation,lstm_14d_small,23,23.014293670654297,0.014293670654296875
exclude_all_flagged,2024-12-17,validation,lstm_14d_small,26,25.959077835083008,0.04092216491699219
exclude_all_flagged,2024-12-18,validation,lstm_14d_small,32,28.654312133789062,3.3456878662109375
exclude_all_flagged,2024-12-19,validation,lstm_14d_small,25,30.49485206604004,5.494852066040039
exclude_all_flagged,2024-12-20,validation,lstm_14d_small,52,51.64336013793945,0.3566398620605469
exclude_all_flagged,2024-12-21,validation,lstm_14d_small,59,55.17385482788086,3.8261451721191406
exclude_all_flagged,2024-12-22,validation,lstm_14d_small,31,26.279361724853516,4.720638275146484
exclude_all_flagged,2024-12-23,validation,lstm_14d_small,35,22.945308685302734,12.054691314697266
exclude_all_flagged,2024-12-24,validation,lstm_14d_small,45,26.334402084350586,18.665597915649414
exclude_all_flagged,2024-12-25,validation,lstm_14d_small,40,32.11524963378906,7.8847503662109375
exclude_all_flagged,2024-12-26,validation,lstm_14d_small,48,38.60170364379883,9.398296356201172
exclude_all_flagged,2024-12-27,validation,lstm_14d_small,56,49.98957824707031,6.0104217529296875
exclude_all_flagged,2024-12-28,validation,lstm_14d_small,58,50.757266998291016,7.242733001708984
exclude_all_flagged,2024-12-29,validation,lstm_14d_small,39,32.08003234863281,6.9199676513671875
exclude_all_flagged,2024-12-30,validation,lstm_14d_small,39,31.9523983001709,7.047601699829102
exclude_all_flagged,2024-12-31,validation,lstm_14d_small,50,45.8305549621582,4.169445037841797
exclude_all_flagged,2025-01-01,test,lstm_14d_small,11,35.70945739746094,24.709457397460938
exclude_all_flagged,2025-01-02,test,lstm_14d_small,15,32.03440856933594,17.034408569335938
exclude_all_flagged,2025-01-03,test,lstm_14d_small,17,33.14992141723633,16.149921417236328
exclude_all_flagged,2025-01-04,test,lstm_14d_small,22,36.868736267089844,14.868736267089844
exclude_all_flagged,2025-01-16,test,lstm_14d_small,1,44.07035827636719,43.07035827636719
exclude_all_flagged,2025-01-17,test,lstm_14d_small,23,45.01961898803711,22.01961898803711
exclude_all_flagged,2025-01-18,test,lstm_14d_small,44,42.30982971191406,1.6901702880859375
exclude_all_flagged,2025-01-19,test,lstm_14d_small,13,32.387943267822266,19.387943267822266
exclude_all_flagged,2025-01-20,test,lstm_14d_small,5,32.798797607421875,27.798797607421875
exclude_all_flagged,2025-01-21,test,lstm_14d_small,2,33.19853210449219,31.198532104492188
exclude_all_flagged,2025-01-22,test,lstm_14d_small,13,34.90461730957031,21.904617309570312
exclude_all_flagged,2025-01-23,test,lstm_14d_small,14,38.37933349609375,24.37933349609375
exclude_all_flagged,2025-01-24,test,lstm_14d_small,56,39.63532638549805,16.364673614501953
exclude_all_flagged,2025-01-25,test,lstm_14d_small,58,35.479496002197266,22.520503997802734
exclude_all_flagged,2025-01-26,test,lstm_14d_small,20,23.574115753173828,3.574115753173828
exclude_all_flagged,2025-01-27,test,lstm_14d_small,17,22.529462814331055,5.529462814331055
exclude_all_flagged,2025-01-28,test,lstm_14d_small,21,23.774253845214844,2.7742538452148438
exclude_all_flagged,2025-01-29,test,lstm_14d_small,25,21.481725692749023,3.5182743072509766
exclude_all_flagged,2025-01-30,test,lstm_14d_small,28,23.077024459838867,4.922975540161133
exclude_all_flagged,2025-01-31,test,lstm_14d_small,53,29.688199996948242,23.311800003051758
exclude_all_flagged,2025-02-01,test,lstm_14d_small,59,36.49738693237305,22.502613067626953
exclude_all_flagged,2025-02-02,test,lstm_14d_small,19,23.865013122558594,4.865013122558594
exclude_all_flagged,2025-02-03,test,lstm_14d_small,23,20.811994552612305,2.1880054473876953
exclude_all_flagged,2025-02-04,test,lstm_14d_small,25,20.967750549316406,4.032249450683594
exclude_all_flagged,2025-02-05,test,lstm_14d_small,25,21.960376739501953,3.039623260498047
exclude_all_flagged,2025-02-06,test,lstm_14d_small,26,23.39873504638672,2.6012649536132812
exclude_all_flagged,2025-02-07,test,lstm_14d_small,31,28.079668045043945,2.9203319549560547
exclude_all_flagged,2025-02-08,test,lstm_14d_small,46,28.573461532592773,17.426538467407227
exclude_all_flagged,2025-02-09,test,lstm_14d_small,13,23.292789459228516,10.292789459228516
exclude_all_flagged,2025-02-10,test,lstm_14d_small,16,21.099050521850586,5.099050521850586
exclude_all_flagged,2025-02-11,test,lstm_14d_small,21,20.904361724853516,0.09563827514648438
exclude_all_flagged,2025-02-12,test,lstm_14d_small,21,20.582569122314453,0.4174308776855469
exclude_all_flagged,2025-02-13,test,lstm_14d_small,25,20.55231475830078,4.447685241699219
exclude_all_flagged,2025-02-14,test,lstm_14d_small,60,28.323148727416992,31.676851272583008
exclude_all_flagged,2025-02-15,test,lstm_14d_small,54,40.09961700439453,13.900382995605469
exclude_all_flagged,2025-02-16,test,lstm_14d_small,31,19.73944854736328,11.260551452636719
exclude_all_flagged,2025-02-17,test,lstm_14d_small,20,19.62735939025879,0.37264060974121094
exclude_all_flagged,2025-02-18,test,lstm_14d_small,31,19.200952529907227,11.799047470092773
exclude_all_flagged,2025-02-19,test,lstm_14d_small,37,20.09726333618164,16.90273666381836
exclude_all_flagged,2025-02-20,test,lstm_14d_small,44,22.335105895996094,21.664894104003906
exclude_all_flagged,2025-02-21,test,lstm_14d_small,59,36.978572845458984,22.021427154541016
exclude_all_flagged,2025-02-22,test,lstm_14d_small,59,39.58102798461914,19.41897201538086
exclude_all_flagged,2025-02-23,test,lstm_14d_small,11,20.798477172851562,9.798477172851562
exclude_all_flagged,2025-02-24,test,lstm_14d_small,29,17.831344604492188,11.168655395507812
exclude_all_flagged,2025-02-25,test,lstm_14d_small,22,19.022594451904297,2.977405548095703
exclude_all_flagged,2025-02-26,test,lstm_14d_small,35,20.8222713470459,14.177728652954102
exclude_all_flagged,2025-02-27,test,lstm_14d_small,32,24.82815170288086,7.171848297119141
exclude_all_flagged,2025-02-28,test,lstm_14d_small,53,41.2602653503418,11.739734649658203
exclude_all_flagged,2025-03-01,test,lstm_14d_small,58,51.81591033935547,6.184089660644531
exclude_all_flagged,2025-03-02,test,lstm_14d_small,11,19.853740692138672,8.853740692138672
exclude_all_flagged,2025-03-03,test,lstm_14d_small,35,17.37323570251465,17.62676429748535
exclude_all_flagged,2025-03-04,test,lstm_14d_small,35,18.982629776000977,16.017370223999023
exclude_all_flagged,2025-03-05,test,lstm_14d_small,39,24.039321899414062,14.960678100585938
exclude_all_flagged,2025-03-06,test,lstm_14d_small,35,29.811880111694336,5.188119888305664
exclude_all_flagged,2025-03-07,test,lstm_14d_small,60,40.80681610107422,19.19318389892578
exclude_all_flagged,2025-03-08,test,lstm_14d_small,59,48.97927474975586,10.02072525024414
exclude_all_flagged,2025-03-09,test,lstm_14d_small,20,20.3651180267334,0.36511802673339844
exclude_all_flagged,2025-03-10,test,lstm_14d_small,32,21.086978912353516,10.913021087646484
exclude_all_flagged,2025-03-11,test,lstm_14d_small,31,21.840612411499023,9.159387588500977
exclude_all_flagged,2025-03-12,test,lstm_14d_small,37,26.149398803710938,10.850601196289062
exclude_all_flagged,2025-03-13,test,lstm_14d_small,42,30.93861198425293,11.06138801574707
exclude_all_flagged,2025-03-14,test,lstm_14d_small,58,49.35453414916992,8.645465850830078
exclude_all_flagged,2025-03-15,test,lstm_14d_small,59,57.689125061035156,1.3108749389648438
exclude_all_flagged,2025-03-16,test,lstm_14d_small,34,26.114852905273438,7.8851470947265625
exclude_all_flagged,2025-03-17,test,lstm_14d_small,31,26.871923446655273,4.128076553344727
exclude_all_flagged,2025-03-18,test,lstm_14d_small,32,29.177921295166016,2.8220787048339844
exclude_all_flagged,2025-03-19,test,lstm_14d_small,24,34.293819427490234,10.293819427490234
exclude_all_flagged,2025-03-20,test,lstm_14d_small,49,37.72937774658203,11.270622253417969
exclude_all_flagged,2025-03-21,test,lstm_14d_small,58,53.623634338378906,4.376365661621094
exclude_all_flagged,2025-03-22,test,lstm_14d_small,60,57.7453498840332,2.254650115966797
exclude_all_flagged,2025-03-23,test,lstm_14d_small,30,26.240066528320312,3.7599334716796875
exclude_all_flagged,2025-03-24,test,lstm_14d_small,30,27.241762161254883,2.758237838745117
exclude_all_flagged,2025-03-25,test,lstm_14d_small,30,26.70407485961914,3.2959251403808594
exclude_all_flagged,2025-03-26,test,lstm_14d_small,35,29.78683853149414,5.213161468505859
exclude_all_flagged,2025-03-27,test,lstm_14d_small,43,36.042030334472656,6.957969665527344
exclude_all_flagged,2025-03-28,test,lstm_14d_small,58,48.361053466796875,9.638946533203125
exclude_all_flagged,2025-03-29,test,lstm_14d_small,58,55.308197021484375,2.691802978515625
exclude_all_flagged,2025-03-30,test,lstm_14d_small,40,25.03428840637207,14.96571159362793
exclude_all_flagged,2025-03-31,test,lstm_14d_small,33,32.641300201416016,0.3586997985839844
exclude_all_flagged,2025-04-01,test,lstm_14d_small,23,31.26224136352539,8.26224136352539
exclude_all_flagged,2025-04-02,test,lstm_14d_small,24,34.555782318115234,10.555782318115234
exclude_all_flagged,2025-04-03,test,lstm_14d_small,33,41.48173522949219,8.481735229492188
exclude_all_flagged,2025-04-04,test,lstm_14d_small,59,56.680904388427734,2.3190956115722656
exclude_all_flagged,2025-04-05,test,lstm_14d_small,59,56.75510787963867,2.244892120361328
exclude_all_flagged,2025-04-06,test,lstm_14d_small,36,34.890682220458984,1.1093177795410156
exclude_all_flagged,2025-04-07,test,lstm_14d_small,19,32.711570739746094,13.711570739746094
exclude_all_flagged,2025-04-08,test,lstm_14d_small,23,30.37702178955078,7.377021789550781
exclude_all_flagged,2025-04-09,test,lstm_14d_small,28,31.1605281829834,3.1605281829833984
exclude_all_flagged,2025-04-10,test,lstm_14d_small,50,32.81816482543945,17.181835174560547
exclude_all_flagged,2025-04-11,test,lstm_14d_small,59,49.08976745605469,9.910232543945312
exclude_all_flagged,2025-04-12,test,lstm_14d_small,59,53.38270950317383,5.617290496826172
exclude_all_flagged,2025-04-13,test,lstm_14d_small,32,34.729244232177734,2.7292442321777344
exclude_all_flagged,2025-04-14,test,lstm_14d_small,39,27.055261611938477,11.944738388061523
exclude_all_flagged,2025-04-15,test,lstm_14d_small,33,29.831571578979492,3.168428421020508
exclude_all_flagged,2025-04-16,test,lstm_14d_small,34,32.0800666809082,1.9199333190917969
exclude_all_flagged,2025-04-17,test,lstm_14d_small,43,37.88016128540039,5.119838714599609
exclude_all_flagged,2025-04-18,test,lstm_14d_small,60,56.08197021484375,3.91802978515625
exclude_all_flagged,2025-04-19,test,lstm_14d_small,59,55.80602264404297,3.1939773559570312
exclude_all_flagged,2025-04-20,test,lstm_14d_small,27,40.58159255981445,13.581592559814453
exclude_all_flagged,2025-04-21,test,lstm_14d_small,39,38.12870788574219,0.8712921142578125
exclude_all_flagged,2025-04-22,test,lstm_14d_small,44,37.25801086425781,6.7419891357421875
exclude_all_flagged,2025-04-23,test,lstm_14d_small,36,39.3829345703125,3.3829345703125
exclude_all_flagged,2025-04-24,test,lstm_14d_small,50,46.08168029785156,3.9183197021484375
exclude_all_flagged,2025-04-25,test,lstm_14d_small,55,54.4146728515625,0.5853271484375
exclude_all_flagged,2025-04-26,test,lstm_14d_small,59,55.04182815551758,3.958171844482422
exclude_all_flagged,2025-04-27,test,lstm_14d_small,21,45.02037811279297,24.02037811279297
exclude_all_flagged,2025-04-28,test,lstm_14d_small,30,46.690311431884766,16.690311431884766
exclude_all_flagged,2025-04-29,test,lstm_14d_small,35,43.7550163269043,8.755016326904297
exclude_all_flagged,2025-04-30,test,lstm_14d_small,29,41.87041091918945,12.870410919189453
exclude_all_flagged,2025-05-01,test,lstm_14d_small,30,46.243316650390625,16.243316650390625
exclude_all_flagged,2025-05-02,test,lstm_14d_small,58,53.051719665527344,4.948280334472656
exclude_all_flagged,2025-05-03,test,lstm_14d_small,59,49.770851135253906,9.229148864746094
exclude_all_flagged,2025-05-04,test,lstm_14d_small,19,31.611711502075195,12.611711502075195
exclude_all_flagged,2025-05-05,test,lstm_14d_small,8,29.931556701660156,21.931556701660156
exclude_all_flagged,2025-05-06,test,lstm_14d_small,13,29.001310348510742,16.001310348510742
exclude_all_flagged,2025-05-07,test,lstm_14d_small,43,29.591217041015625,13.408782958984375
exclude_all_flagged,2025-05-08,test,lstm_14d_small,54,36.19661331176758,17.803386688232422
exclude_all_flagged,2025-05-09,test,lstm_14d_small,60,46.765846252441406,13.234153747558594
exclude_all_flagged,2025-05-10,test,lstm_14d_small,59,48.67344665527344,10.326553344726562
exclude_all_flagged,2025-05-11,test,lstm_14d_small,15,24.409259796142578,9.409259796142578
exclude_all_flagged,2025-05-12,test,lstm_14d_small,34,25.629817962646484,8.370182037353516
exclude_all_flagged,2025-05-13,test,lstm_14d_small,44,28.662036895751953,15.337963104248047
exclude_all_flagged,2025-05-14,test,lstm_14d_small,56,31.029712677001953,24.970287322998047
exclude_all_flagged,2025-05-15,test,lstm_14d_small,50,34.470787048339844,15.529212951660156
exclude_all_flagged,2025-05-16,test,lstm_14d_small,59,43.845115661621094,15.154884338378906
exclude_all_flagged,2025-05-17,test,lstm_14d_small,58,44.886436462402344,13.113563537597656
exclude_all_flagged,2025-05-18,test,lstm_14d_small,36,26.885093688964844,9.114906311035156
exclude_all_flagged,2025-05-19,test,lstm_14d_small,22,25.51124382019043,3.5112438201904297
exclude_all_flagged,2025-05-20,test,lstm_14d_small,26,25.045793533325195,0.9542064666748047
exclude_all_flagged,2025-05-21,test,lstm_14d_small,22,28.876691818237305,6.876691818237305
exclude_all_flagged,2025-05-22,test,lstm_14d_small,20,34.335113525390625,14.335113525390625
exclude_all_flagged,2025-05-23,test,lstm_14d_small,56,35.88385772705078,20.11614227294922
exclude_all_flagged,2025-05-24,test,lstm_14d_small,57,39.858604431152344,17.141395568847656
exclude_all_flagged,2025-05-25,test,lstm_14d_small,52,25.128929138183594,26.871070861816406
exclude_all_flagged,2025-05-26,test,lstm_14d_small,9,28.91069984436035,19.91069984436035
exclude_all_flagged,2025-05-27,test,lstm_14d_small,9,28.27461051940918,19.27461051940918
exclude_all_flagged,2025-05-28,test,lstm_14d_small,17,31.430089950561523,14.430089950561523
exclude_all_flagged,2025-05-29,test,lstm_14d_small,37,33.884395599365234,3.1156044006347656
exclude_all_flagged,2025-05-30,test,lstm_14d_small,54,38.9610595703125,15.0389404296875
exclude_all_flagged,2025-05-31,test,lstm_14d_small,58,46.117881774902344,11.882118225097656
exclude_all_flagged,2025-06-01,test,lstm_14d_small,45,30.076171875,14.923828125
exclude_all_flagged,2025-06-02,test,lstm_14d_small,25,31.069658279418945,6.069658279418945
exclude_all_flagged,2025-06-03,test,lstm_14d_small,25,33.84664535522461,8.84664535522461
exclude_all_flagged,2025-06-04,test,lstm_14d_small,39,35.474796295166016,3.5252037048339844
exclude_all_flagged,2025-06-05,test,lstm_14d_small,34,37.471744537353516,3.4717445373535156
exclude_all_flagged,2025-06-06,test,lstm_14d_small,58,40.75199508666992,17.248004913330078
exclude_all_flagged,2025-06-07,test,lstm_14d_small,57,42.01393508911133,14.986064910888672
exclude_all_flagged,2025-06-08,test,lstm_14d_small,29,31.452768325805664,2.452768325805664
exclude_all_flagged,2025-06-09,test,lstm_14d_small,34,33.250396728515625,0.749603271484375
exclude_all_flagged,2025-06-10,test,lstm_14d_small,48,35.2430305480957,12.756969451904297
exclude_all_flagged,2025-06-11,test,lstm_14d_small,39,39.1435546875,0.1435546875
exclude_all_flagged,2025-06-12,test,lstm_14d_small,44,42.7933349609375,1.2066650390625
exclude_all_flagged,2025-06-13,test,lstm_14d_small,60,48.39863586425781,11.601364135742188
exclude_all_flagged,2025-06-14,test,lstm_14d_small,59,51.8757209777832,7.124279022216797
exclude_all_flagged,2025-06-15,test,lstm_14d_small,16,38.94560241699219,22.945602416992188
exclude_all_flagged,2025-06-16,test,lstm_14d_small,10,34.353763580322266,24.353763580322266
exclude_all_flagged,2025-06-17,test,lstm_14d_small,22,30.893356323242188,8.893356323242188
exclude_all_flagged,2025-06-18,test,lstm_14d_small,13,35.483219146728516,22.483219146728516
exclude_all_flagged,2025-06-19,test,lstm_14d_small,31,39.61725997924805,8.617259979248047
exclude_all_flagged,2025-06-20,test,lstm_14d_small,60,39.717079162597656,20.282920837402344
exclude_all_flagged,2025-06-21,test,lstm_14d_small,57,38.363834381103516,18.636165618896484
exclude_all_flagged,2025-06-22,test,lstm_14d_small,19,26.039939880371094,7.039939880371094
exclude_all_flagged,2025-06-23,test,lstm_14d_small,19,25.295433044433594,6.295433044433594
exclude_all_flagged,2025-06-24,test,lstm_14d_small,34,28.247798919677734,5.752201080322266
exclude_all_flagged,2025-06-25,test,lstm_14d_small,36,33.335323333740234,2.6646766662597656
exclude_all_flagged,2025-06-26,test,lstm_14d_small,31,36.55736541748047,5.557365417480469
exclude_all_flagged,2025-06-27,test,lstm_14d_small,59,43.56855010986328,15.431449890136719
exclude_all_flagged,2025-06-28,test,lstm_14d_small,59,43.66883087158203,15.331169128417969
exclude_all_flagged,2025-06-29,test,lstm_14d_small,32,22.67372703552246,9.326272964477539
exclude_all_flagged,2025-06-30,test,lstm_14d_small,25,25.336355209350586,0.33635520935058594
exclude_all_flagged,2025-07-01,test,lstm_14d_small,29,30.755361557006836,1.755361557006836
exclude_all_flagged,2025-07-02,test,lstm_14d_small,23,32.75829315185547,9.758293151855469
exclude_all_flagged,2025-07-03,test,lstm_14d_small,30,37.81600570678711,7.816005706787109
exclude_all_flagged,2025-07-04,test,lstm_14d_small,57,41.89542770385742,15.104572296142578
exclude_all_flagged,2025-07-05,test,lstm_14d_small,59,51.416263580322266,7.583736419677734
exclude_all_flagged,2025-07-06,test,lstm_14d_small,32,26.55541229248047,5.444587707519531
exclude_all_flagged,2025-07-07,test,lstm_14d_small,23,31.770612716674805,8.770612716674805
exclude_all_flagged,2025-07-08,test,lstm_14d_small,39,36.500003814697266,2.4999961853027344
exclude_all_flagged,2025-07-09,test,lstm_14d_small,44,40.14776611328125,3.85223388671875
exclude_all_flagged,2025-07-10,test,lstm_14d_small,45,40.014469146728516,4.985530853271484
exclude_all_flagged,2025-07-11,test,lstm_14d_small,60,45.49392318725586,14.50607681274414
exclude_all_flagged,2025-07-12,test,lstm_14d_small,59,44.68791580200195,14.312084197998047
exclude_all_flagged,2025-07-13,test,lstm_14d_small,30,26.383268356323242,3.616731643676758
exclude_all_flagged,2025-07-14,test,lstm_14d_small,29,30.759557723999023,1.7595577239990234
exclude_all_flagged,2025-07-15,test,lstm_14d_small,30,30.336315155029297,0.3363151550292969
exclude_all_flagged,2025-07-16,test,lstm_14d_small,26,32.379703521728516,6.379703521728516
exclude_all_flagged,2025-07-17,test,lstm_14d_small,36,36.80885696411133,0.8088569641113281
exclude_all_flagged,2025-07-18,test,lstm_14d_small,60,46.68838119506836,13.31161880493164
exclude_all_flagged,2025-07-19,test,lstm_14d_small,60,49.40134048461914,10.59865951538086
exclude_all_flagged,2025-07-20,test,lstm_14d_small,37,24.632070541381836,12.367929458618164
exclude_all_flagged,2025-07-21,test,lstm_14d_small,43,26.34847068786621,16.65152931213379
exclude_all_flagged,2025-07-22,test,lstm_14d_small,27,33.91896438598633,6.918964385986328
exclude_all_flagged,2025-07-23,test,lstm_14d_small,32,38.99278259277344,6.9927825927734375
exclude_all_flagged,2025-07-24,test,lstm_14d_small,42,42.0882682800293,0.08826828002929688
exclude_all_flagged,2025-07-25,test,lstm_14d_small,58,48.65945816040039,9.34054183959961
exclude_all_flagged,2025-07-26,test,lstm_14d_small,60,54.02356719970703,5.976432800292969
exclude_all_flagged,2025-07-27,test,lstm_14d_small,29,25.397165298461914,3.602834701538086
exclude_all_flagged,2025-07-28,test,lstm_14d_small,27,25.9097957611084,1.0902042388916016
exclude_all_flagged,2025-07-29,test,lstm_14d_small,28,27.014270782470703,0.9857292175292969
exclude_all_flagged,2025-07-30,test,lstm_14d_small,25,30.8880558013916,5.888055801391602
exclude_all_flagged,2025-07-31,test,lstm_14d_small,38,41.54739761352539,3.5473976135253906
exclude_all_flagged,2025-08-01,test,lstm_14d_small,57,56.546112060546875,0.453887939453125
exclude_all_flagged,2025-08-02,test,lstm_14d_small,59,53.78639221191406,5.2136077880859375
exclude_all_flagged,2025-08-03,test,lstm_14d_small,18,27.161251068115234,9.161251068115234
exclude_all_flagged,2025-08-04,test,lstm_14d_small,21,32.03865432739258,11.038654327392578
exclude_all_flagged,2025-08-05,test,lstm_14d_small,18,34.471923828125,16.471923828125
exclude_all_flagged,2025-08-06,test,lstm_14d_small,18,39.06498336791992,21.064983367919922
exclude_all_flagged,2025-08-07,test,lstm_14d_small,19,45.14860153198242,26.148601531982422
exclude_all_flagged,2025-08-08,test,lstm_14d_small,52,58.80017852783203,6.800178527832031
exclude_all_flagged,2025-08-09,test,lstm_14d_small,57,59.738101959228516,2.7381019592285156
exclude_all_flagged,2025-08-10,test,lstm_14d_small,42,25.358644485473633,16.641355514526367
exclude_all_flagged,2025-08-11,test,lstm_14d_small,22,29.195131301879883,7.195131301879883
exclude_all_flagged,2025-08-12,test,lstm_14d_small,36,31.124849319458008,4.875150680541992
exclude_all_flagged,2025-08-13,test,lstm_14d_small,39,35.11777114868164,3.8822288513183594
exclude_all_flagged,2025-08-14,test,lstm_14d_small,46,38.918235778808594,7.081764221191406
exclude_all_flagged,2025-08-15,test,lstm_14d_small,60,53.75457000732422,6.245429992675781
exclude_all_flagged,2025-08-16,test,lstm_14d_small,59,54.83417892456055,4.165821075439453
exclude_all_flagged,2025-08-17,test,lstm_14d_small,26,27.833642959594727,1.8336429595947266
exclude_all_flagged,2025-08-18,test,lstm_14d_small,36,30.679550170898438,5.3204498291015625
exclude_all_flagged,2025-08-19,test,lstm_14d_small,24,31.43160057067871,7.431600570678711
exclude_all_flagged,2025-08-20,test,lstm_14d_small,32,32.75357437133789,0.7535743713378906
exclude_all_flagged,2025-08-21,test,lstm_14d_small,42,40.913047790527344,1.0869522094726562
exclude_all_flagged,2025-08-22,test,lstm_14d_small,60,58.4582405090332,1.5417594909667969
exclude_all_flagged,2025-08-23,test,lstm_14d_small,59,55.771114349365234,3.2288856506347656
exclude_all_flagged,2025-08-24,test,lstm_14d_small,48,29.98182487487793,18.01817512512207
exclude_all_flagged,2025-08-25,test,lstm_14d_small,55,31.743511199951172,23.256488800048828
exclude_all_flagged,2025-08-26,test,lstm_14d_small,59,37.793067932128906,21.206932067871094
exclude_all_flagged,2025-08-27,test,lstm_14d_small,60,42.389705657958984,17.610294342041016
exclude_all_flagged,2025-08-28,test,lstm_14d_small,60,46.38093185424805,13.619068145751953
exclude_all_flagged,2025-08-29,test,lstm_14d_small,57,55.53560256958008,1.4643974304199219
exclude_all_flagged,2025-08-30,test,lstm_14d_small,59,55.76625061035156,3.2337493896484375
exclude_all_flagged,2025-08-31,test,lstm_14d_small,59,37.908424377441406,21.091575622558594
exclude_all_flagged,2025-09-01,test,lstm_14d_small,25,40.47038650512695,15.470386505126953
exclude_all_flagged,2025-09-02,test,lstm_14d_small,24,39.63798141479492,15.637981414794922
exclude_all_flagged,2025-09-03,test,lstm_14d_small,22,44.687984466552734,22.687984466552734
exclude_all_flagged,2025-09-04,test,lstm_14d_small,33,46.928672790527344,13.928672790527344
exclude_all_flagged,2025-09-05,test,lstm_14d_small,60,46.99796676635742,13.002033233642578
exclude_all_flagged,2025-09-06,test,lstm_14d_small,59,45.50703430175781,13.492965698242188
exclude_all_flagged,2025-09-07,test,lstm_14d_small,13,39.96723937988281,26.967239379882812
exclude_all_flagged,2025-09-08,test,lstm_14d_small,22,39.77357482910156,17.773574829101562
exclude_all_flagged,2025-09-09,test,lstm_14d_small,18,41.82848358154297,23.82848358154297
exclude_all_flagged,2025-09-10,test,lstm_14d_small,20,41.13959884643555,21.139598846435547
exclude_all_flagged,2025-09-11,test,lstm_14d_small,28,43.10361099243164,15.10361099243164
exclude_all_flagged,2025-09-12,test,lstm_14d_small,58,52.36422348022461,5.635776519775391
exclude_all_flagged,2025-09-13,test,lstm_14d_small,58,58.525901794433594,0.5259017944335938
exclude_all_flagged,2025-09-14,test,lstm_14d_small,20,34.36336135864258,14.363361358642578
exclude_all_flagged,2025-09-15,test,lstm_14d_small,37,35.59615707397461,1.4038429260253906
exclude_all_flagged,2025-09-16,test,lstm_14d_small,42,36.930213928222656,5.069786071777344
exclude_all_flagged,2025-09-17,test,lstm_14d_small,39,40.94306182861328,1.9430618286132812
exclude_all_flagged,2025-09-18,test,lstm_14d_small,36,46.056068420410156,10.056068420410156
exclude_all_flagged,2025-09-19,test,lstm_14d_small,59,56.35548400878906,2.6445159912109375
exclude_all_flagged,2025-09-20,test,lstm_14d_small,60,57.453922271728516,2.5460777282714844
exclude_all_flagged,2025-09-21,test,lstm_14d_small,40,35.46465301513672,4.535346984863281
exclude_all_flagged,2025-09-22,test,lstm_14d_small,33,40.04425048828125,7.04425048828125
exclude_all_flagged,2025-09-23,test,lstm_14d_small,42,42.64885711669922,0.6488571166992188
exclude_all_flagged,2025-09-24,test,lstm_14d_small,32,45.789981842041016,13.789981842041016
exclude_all_flagged,2025-09-25,test,lstm_14d_small,39,48.11099624633789,9.11099624633789
exclude_all_flagged,2025-09-26,test,lstm_14d_small,58,56.31779098510742,1.6822090148925781
exclude_all_flagged,2025-09-27,test,lstm_14d_small,59,56.9876594543457,2.012340545654297
exclude_all_flagged,2025-09-28,test,lstm_14d_small,36,47.34253692626953,11.342536926269531
exclude_all_flagged,2025-09-29,test,lstm_14d_small,43,44.088218688964844,1.0882186889648438
exclude_all_flagged,2025-09-30,test,lstm_14d_small,35,45.58757781982422,10.587577819824219
exclude_all_flagged,2025-10-01,test,lstm_14d_small,23,43.49009323120117,20.490093231201172
exclude_all_flagged,2025-10-02,test,lstm_14d_small,33,47.22511291503906,14.225112915039062
exclude_all_flagged,2025-10-03,test,lstm_14d_small,60,60.0,0.0
exclude_all_flagged,2025-10-04,test,lstm_14d_small,59,59.76076889038086,0.7607688903808594
exclude_all_flagged,2025-10-05,test,lstm_14d_small,29,36.4890022277832,7.489002227783203
exclude_all_flagged,2025-10-06,test,lstm_14d_small,34,39.92668151855469,5.9266815185546875
exclude_all_flagged,2025-10-07,test,lstm_14d_small,34,42.485687255859375,8.485687255859375
exclude_all_flagged,2025-10-08,test,lstm_14d_small,41,45.41402053833008,4.414020538330078
exclude_all_flagged,2025-10-09,test,lstm_14d_small,49,50.9163818359375,1.9163818359375
exclude_all_flagged,2025-10-10,test,lstm_14d_small,58,55.21905517578125,2.78094482421875
exclude_all_flagged,2025-10-11,test,lstm_14d_small,60,55.81170654296875,4.18829345703125
exclude_all_flagged,2025-10-12,test,lstm_14d_small,59,35.13447189331055,23.865528106689453
exclude_all_flagged,2025-10-13,test,lstm_14d_small,22,37.90235137939453,15.902351379394531
exclude_all_flagged,2025-10-14,test,lstm_14d_small,37,42.49827194213867,5.498271942138672
exclude_all_flagged,2025-10-15,test,lstm_14d_small,53,45.949432373046875,7.050567626953125
exclude_all_flagged,2025-10-16,test,lstm_14d_small,57,50.275672912597656,6.724327087402344
exclude_all_flagged,2025-10-17,test,lstm_14d_small,53,56.70676040649414,3.7067604064941406
exclude_all_flagged,2025-10-18,test,lstm_14d_small,59,54.51519775390625,4.48480224609375
exclude_all_flagged,2025-10-19,test,lstm_14d_small,45,45.562705993652344,0.5627059936523438
exclude_all_flagged,2025-10-20,test,lstm_14d_small,42,43.504180908203125,1.504180908203125
exclude_all_flagged,2025-10-21,test,lstm_14d_small,46,45.11789321899414,0.8821067810058594
exclude_all_flagged,2025-10-22,test,lstm_14d_small,28,48.69540023803711,20.69540023803711
exclude_all_flagged,2025-10-23,test,lstm_14d_small,47,50.230220794677734,3.2302207946777344
exclude_all_flagged,2025-10-24,test,lstm_14d_small,56,52.8969841003418,3.103015899658203
exclude_all_flagged,2025-10-25,test,lstm_14d_small,59,50.66004943847656,8.339950561523438
exclude_all_flagged,2025-10-26,test,lstm_14d_small,29,42.63312530517578,13.633125305175781
exclude_all_flagged,2025-10-27,test,lstm_14d_small,27,39.94643020629883,12.946430206298828
exclude_all_flagged,2025-10-28,test,lstm_14d_small,40,35.634700775146484,4.365299224853516
exclude_all_flagged,2025-10-29,test,lstm_14d_small,46,39.8552360534668,6.144763946533203
exclude_all_flagged,2025-10-30,test,lstm_14d_small,45,43.631561279296875,1.368438720703125
exclude_all_flagged,2025-10-31,test,lstm_14d_small,60,53.70491409301758,6.295085906982422
exclude_all_flagged,2025-11-01,test,lstm_14d_small,60,47.4837532043457,12.516246795654297
exclude_all_flagged,2025-11-02,test,lstm_14d_small,38,32.50698471069336,5.493015289306641
exclude_all_flagged,2025-11-03,test,lstm_14d_small,21,37.46600341796875,16.46600341796875
exclude_all_flagged,2025-11-04,test,lstm_14d_small,27,39.17668151855469,12.176681518554688
exclude_all_flagged,2025-11-05,test,lstm_14d_small,20,38.73175048828125,18.73175048828125
exclude_all_flagged,2025-11-06,test,lstm_14d_small,29,40.93257141113281,11.932571411132812
exclude_all_flagged,2025-11-07,test,lstm_14d_small,60,42.93300247192383,17.066997528076172
exclude_all_flagged,2025-11-08,test,lstm_14d_small,60,46.41889190673828,13.581108093261719
exclude_all_flagged,2025-11-09,test,lstm_14d_small,32,38.74892044067383,6.748920440673828
exclude_all_flagged,2025-11-10,test,lstm_14d_small,35,34.149017333984375,0.850982666015625
exclude_all_flagged,2025-11-11,test,lstm_14d_small,29,39.627098083496094,10.627098083496094
exclude_all_flagged,2025-11-12,test,lstm_14d_small,29,42.3084831237793,13.308483123779297
exclude_all_flagged,2025-11-13,test,lstm_14d_small,25,43.33710861206055,18.337108612060547
exclude_all_flagged,2025-11-14,test,lstm_14d_small,54,47.89474105834961,6.105258941650391
exclude_all_flagged,2025-11-15,test,lstm_14d_small,59,52.32994079589844,6.6700592041015625
exclude_all_flagged,2025-11-16,test,lstm_14d_small,19,38.749061584472656,19.749061584472656
exclude_all_flagged,2025-11-17,test,lstm_14d_small,11,33.93505859375,22.93505859375
exclude_all_flagged,2025-11-18,test,lstm_14d_small,16,32.48979568481445,16.489795684814453
exclude_all_flagged,2025-11-19,test,lstm_14d_small,27,32.16435623168945,5.164356231689453
exclude_all_flagged,2025-11-20,test,lstm_14d_small,26,40.06607437133789,14.06607437133789
exclude_all_flagged,2025-11-21,test,lstm_14d_small,58,54.60476303100586,3.3952369689941406
exclude_all_flagged,2025-11-22,test,lstm_14d_small,58,58.01458740234375,0.01458740234375
exclude_all_flagged,2025-11-23,test,lstm_14d_small,27,26.428133010864258,0.5718669891357422
exclude_all_flagged,2025-11-24,test,lstm_14d_small,30,26.700658798217773,3.2993412017822266
exclude_all_flagged,2025-11-25,test,lstm_14d_small,28,33.32539367675781,5.3253936767578125
exclude_all_flagged,2025-11-26,test,lstm_14d_small,42,40.80674743652344,1.1932525634765625
exclude_all_flagged,2025-11-27,test,lstm_14d_small,58,40.53953170776367,17.460468292236328
exclude_all_flagged,2025-11-28,test,lstm_14d_small,59,52.41096115112305,6.589038848876953
exclude_all_flagged,2025-11-29,test,lstm_14d_small,55,52.38179397583008,2.618206024169922
exclude_all_flagged,2025-11-30,test,lstm_14d_small,28,32.03947067260742,4.039470672607422
exclude_all_flagged,2025-12-01,test,lstm_14d_small,30,30.2392635345459,0.23926353454589844
exclude_all_flagged,2025-12-02,test,lstm_14d_small,31,30.031497955322266,0.9685020446777344
exclude_all_flagged,2025-12-03,test,lstm_14d_small,28,34.0565185546875,6.0565185546875
exclude_all_flagged,2025-12-04,test,lstm_14d_small,37,38.138587951660156,1.1385879516601562
exclude_all_flagged,2025-12-05,test,lstm_14d_small,50,54.627845764160156,4.627845764160156
exclude_all_flagged,2025-12-06,test,lstm_14d_small,60,53.205745697021484,6.794254302978516
exclude_all_flagged,2025-12-07,test,lstm_14d_small,36,31.521408081054688,4.4785919189453125
exclude_all_flagged,2025-12-08,test,lstm_14d_small,26,31.555946350097656,5.555946350097656
exclude_all_flagged,2025-12-09,test,lstm_14d_small,40,30.035940170288086,9.964059829711914
exclude_all_flagged,2025-12-10,test,lstm_14d_small,21,32.408756256103516,11.408756256103516
exclude_all_flagged,2025-12-11,test,lstm_14d_small,24,36.494319915771484,12.494319915771484
exclude_all_flagged,2025-12-12,test,lstm_14d_small,50,48.20912170410156,1.7908782958984375
exclude_all_flagged,2025-12-13,test,lstm_14d_small,52,52.563358306884766,0.5633583068847656
exclude_all_flagged,2025-12-14,test,lstm_14d_small,24,31.703258514404297,7.703258514404297
exclude_all_flagged,2025-12-15,test,lstm_14d_small,18,27.292770385742188,9.292770385742188
exclude_all_flagged,2025-12-16,test,lstm_14d_small,23,27.402345657348633,4.402345657348633
exclude_all_flagged,2025-12-17,test,lstm_14d_small,34,27.066814422607422,6.933185577392578
exclude_all_flagged,2025-12-18,test,lstm_14d_small,43,28.719038009643555,14.280961990356445
exclude_all_flagged,2025-12-19,test,lstm_14d_small,49,45.05175018310547,3.9482498168945312
exclude_all_flagged,2025-12-20,test,lstm_14d_small,57,48.805294036865234,8.194705963134766
exclude_all_flagged,2025-12-21,test,lstm_14d_small,35,28.496007919311523,6.503992080688477
exclude_all_flagged,2025-12-22,test,lstm_14d_small,28,28.535219192504883,0.5352191925048828
exclude_all_flagged,2025-12-23,test,lstm_14d_small,27,32.605430603027344,5.605430603027344
exclude_all_flagged,2025-12-24,test,lstm_14d_small,40,34.840965270996094,5.159034729003906
exclude_all_flagged,2025-12-25,test,lstm_14d_small,31,38.33240509033203,7.332405090332031
exclude_all_flagged,2025-12-26,test,lstm_14d_small,40,47.529380798339844,7.529380798339844
exclude_all_flagged,2025-12-27,test,lstm_14d_small,44,44.97209548950195,0.9720954895019531
exclude_all_flagged,2025-12-28,test,lstm_14d_small,30,31.667625427246094,1.6676254272460938
exclude_all_flagged,2025-12-29,test,lstm_14d_small,28,29.422788619995117,1.4227886199951172
exclude_all_flagged,2025-12-30,test,lstm_14d_small,36,31.022789001464844,4.977210998535156
exclude_all_flagged,2025-12-31,test,lstm_14d_small,55,40.51517868041992,14.484821319580078
exclude_all_flagged,2024-07-01,validation,lstm_28d_regularized,14,13.222684860229492,0.7773151397705078
exclude_all_flagged,2024-07-02,validation,lstm_28d_regularized,17,20.335588455200195,3.3355884552001953
exclude_all_flagged,2024-07-03,validation,lstm_28d_regularized,23,25.210939407348633,2.210939407348633
exclude_all_flagged,2024-07-04,validation,lstm_28d_regularized,26,32.502532958984375,6.502532958984375
exclude_all_flagged,2024-07-05,validation,lstm_28d_regularized,59,53.97821044921875,5.02178955078125
exclude_all_flagged,2024-07-06,validation,lstm_28d_regularized,59,59.62078857421875,0.62078857421875
exclude_all_flagged,2024-07-07,validation,lstm_28d_regularized,22,18.06702995300293,3.9329700469970703
exclude_all_flagged,2024-07-08,validation,lstm_28d_regularized,27,27.456907272338867,0.4569072723388672
exclude_all_flagged,2024-07-09,validation,lstm_28d_regularized,33,36.865013122558594,3.8650131225585938
exclude_all_flagged,2024-07-10,validation,lstm_28d_regularized,40,42.17768096923828,2.1776809692382812
exclude_all_flagged,2024-07-11,validation,lstm_28d_regularized,50,45.703548431396484,4.296451568603516
exclude_all_flagged,2024-07-12,validation,lstm_28d_regularized,58,56.5313835144043,1.4686164855957031
exclude_all_flagged,2024-07-13,validation,lstm_28d_regularized,60,59.02187728881836,0.9781227111816406
exclude_all_flagged,2024-07-14,validation,lstm_28d_regularized,25,19.652667999267578,5.347332000732422
exclude_all_flagged,2024-07-15,validation,lstm_28d_regularized,28,23.29514503479004,4.704854965209961
exclude_all_flagged,2024-07-16,validation,lstm_28d_regularized,36,28.149717330932617,7.850282669067383
exclude_all_flagged,2024-07-17,validation,lstm_28d_regularized,27,35.808204650878906,8.808204650878906
exclude_all_flagged,2024-07-18,validation,lstm_28d_regularized,32,43.555267333984375,11.555267333984375
exclude_all_flagged,2024-07-19,validation,lstm_28d_regularized,59,57.68313217163086,1.3168678283691406
exclude_all_flagged,2024-07-20,validation,lstm_28d_regularized,60,60.0,0.0
exclude_all_flagged,2024-07-21,validation,lstm_28d_regularized,41,21.039066314697266,19.960933685302734
exclude_all_flagged,2024-07-22,validation,lstm_28d_regularized,45,25.402475357055664,19.597524642944336
exclude_all_flagged,2024-07-23,validation,lstm_28d_regularized,52,37.29517364501953,14.704826354980469
exclude_all_flagged,2024-07-24,validation,lstm_28d_regularized,57,47.13827896118164,9.86172103881836
exclude_all_flagged,2024-07-25,validation,lstm_28d_regularized,58,51.702293395996094,6.297706604003906
exclude_all_flagged,2024-07-26,validation,lstm_28d_regularized,60,60.0,0.0
exclude_all_flagged,2024-07-27,validation,lstm_28d_regularized,60,57.665008544921875,2.334991455078125
exclude_all_flagged,2024-07-28,validation,lstm_28d_regularized,28,33.90708923339844,5.9070892333984375
exclude_all_flagged,2024-07-29,validation,lstm_28d_regularized,22,36.42649841308594,14.426498413085938
exclude_all_flagged,2024-07-30,validation,lstm_28d_regularized,27,38.09242248535156,11.092422485351562
exclude_all_flagged,2024-07-31,validation,lstm_28d_regularized,40,41.05472946166992,1.0547294616699219
exclude_all_flagged,2024-08-01,validation,lstm_28d_regularized,33,46.296295166015625,13.296295166015625
exclude_all_flagged,2024-08-02,validation,lstm_28d_regularized,60,57.06398010253906,2.9360198974609375
exclude_all_flagged,2024-08-03,validation,lstm_28d_regularized,60,56.87105178833008,3.128948211669922
exclude_all_flagged,2024-08-04,validation,lstm_28d_regularized,22,26.673540115356445,4.673540115356445
exclude_all_flagged,2024-08-05,validation,lstm_28d_regularized,24,28.978763580322266,4.978763580322266
exclude_all_flagged,2024-08-06,validation,lstm_28d_regularized,30,37.971744537353516,7.971744537353516
exclude_all_flagged,2024-08-07,validation,lstm_28d_regularized,37,44.93619155883789,7.936191558837891
exclude_all_flagged,2024-08-08,validation,lstm_28d_regularized,41,48.23186111450195,7.231861114501953
exclude_all_flagged,2024-08-09,validation,lstm_28d_regularized,55,56.12409210205078,1.1240921020507812
exclude_all_flagged,2024-08-10,validation,lstm_28d_regularized,59,58.60306167602539,0.3969383239746094
exclude_all_flagged,2024-08-11,validation,lstm_28d_regularized,26,30.136592864990234,4.136592864990234
exclude_all_flagged,2024-08-12,validation,lstm_28d_regularized,31,33.60734558105469,2.6073455810546875
exclude_all_flagged,2024-08-13,validation,lstm_28d_regularized,52,41.760650634765625,10.239349365234375
exclude_all_flagged,2024-08-14,validation,lstm_28d_regularized,36,47.773521423339844,11.773521423339844
exclude_all_flagged,2024-08-15,validation,lstm_28d_regularized,50,48.208282470703125,1.791717529296875
exclude_all_flagged,2024-08-16,validation,lstm_28d_regularized,60,53.22262954711914,6.777370452880859
exclude_all_flagged,2024-08-17,validation,lstm_28d_regularized,60,51.97810363769531,8.021896362304688
exclude_all_flagged,2024-08-18,validation,lstm_28d_regularized,25,28.49139404296875,3.49139404296875
exclude_all_flagged,2024-08-19,validation,lstm_28d_regularized,33,31.89760971069336,1.1023902893066406
exclude_all_flagged,2024-08-20,validation,lstm_28d_regularized,27,38.337623596191406,11.337623596191406
exclude_all_flagged,2024-08-21,validation,lstm_28d_regularized,38,42.26335906982422,4.263359069824219
exclude_all_flagged,2024-08-22,validation,lstm_28d_regularized,45,44.343265533447266,0.6567344665527344
exclude_all_flagged,2024-08-23,validation,lstm_28d_regularized,60,48.3585319519043,11.641468048095703
exclude_all_flagged,2024-08-24,validation,lstm_28d_regularized,60,48.346797943115234,11.653202056884766
exclude_all_flagged,2024-08-25,validation,lstm_28d_regularized,42,36.76910400390625,5.23089599609375
exclude_all_flagged,2024-08-26,validation,lstm_28d_regularized,52,31.9547176361084,20.0452823638916
exclude_all_flagged,2024-08-27,validation,lstm_28d_regularized,57,36.97901153564453,20.02098846435547
exclude_all_flagged,2024-08-28,validation,lstm_28d_regularized,60,43.97637939453125,16.02362060546875
exclude_all_flagged,2024-08-29,validation,lstm_28d_regularized,59,49.61866760253906,9.381332397460938
exclude_all_flagged,2024-08-30,validation,lstm_28d_regularized,49,54.67274856567383,5.672748565673828
exclude_all_flagged,2024-09-01,validation,lstm_28d_regularized,60,37.051326751708984,22.948673248291016
exclude_all_flagged,2024-09-02,validation,lstm_28d_regularized,38,40.38158416748047,2.3815841674804688
exclude_all_flagged,2024-09-03,validation,lstm_28d_regularized,33,42.61247253417969,9.612472534179688
exclude_all_flagged,2024-09-04,validation,lstm_28d_regularized,31,45.5927734375,14.5927734375
exclude_all_flagged,2024-09-05,validation,lstm_28d_regularized,36,48.771671295166016,12.771671295166016
exclude_all_flagged,2024-09-06,validation,lstm_28d_regularized,57,56.61697006225586,0.3830299377441406
exclude_all_flagged,2024-09-07,validation,lstm_28d_regularized,59,56.343353271484375,2.656646728515625
exclude_all_flagged,2024-09-08,validation,lstm_28d_regularized,24,40.74855422973633,16.748554229736328
exclude_all_flagged,2024-09-09,validation,lstm_28d_regularized,29,37.65857696533203,8.658576965332031
exclude_all_flagged,2024-09-10,validation,lstm_28d_regularized,25,40.55843734741211,15.55843734741211
exclude_all_flagged,2024-09-11,validation,lstm_28d_regularized,22,43.82310485839844,21.823104858398438
exclude_all_flagged,2024-09-12,validation,lstm_28d_regularized,39,49.94195556640625,10.94195556640625
exclude_all_flagged,2024-09-13,validation,lstm_28d_regularized,59,59.062801361083984,0.06280136108398438
exclude_all_flagged,2024-09-14,validation,lstm_28d_regularized,60,57.359100341796875,2.640899658203125
exclude_all_flagged,2024-09-15,validation,lstm_28d_regularized,29,30.770368576049805,1.7703685760498047
exclude_all_flagged,2024-09-16,validation,lstm_28d_regularized,40,33.370662689208984,6.629337310791016
exclude_all_flagged,2024-09-17,validation,lstm_28d_regularized,49,41.21418380737305,7.785816192626953
exclude_all_flagged,2024-09-18,validation,lstm_28d_regularized,50,47.743507385253906,2.2564926147460938
exclude_all_flagged,2024-09-19,validation,lstm_28d_regularized,54,52.892765045166016,1.1072349548339844
exclude_all_flagged,2024-09-20,validation,lstm_28d_regularized,59,58.58481979370117,0.4151802062988281
exclude_all_flagged,2024-09-21,validation,lstm_28d_regularized,59,55.30632019042969,3.6936798095703125
exclude_all_flagged,2024-09-22,validation,lstm_28d_regularized,36,34.5014762878418,1.4985237121582031
exclude_all_flagged,2024-09-23,validation,lstm_28d_regularized,42,39.57583236694336,2.4241676330566406
exclude_all_flagged,2024-09-24,validation,lstm_28d_regularized,55,45.90980529785156,9.090194702148438
exclude_all_flagged,2024-09-25,validation,lstm_28d_regularized,56,51.91535949707031,4.0846405029296875
exclude_all_flagged,2024-09-26,validation,lstm_28d_regularized,56,56.364776611328125,0.364776611328125
exclude_all_flagged,2024-09-27,validation,lstm_28d_regularized,59,59.68327331542969,0.6832733154296875
exclude_all_flagged,2024-09-28,validation,lstm_28d_regularized,57,56.788360595703125,0.211639404296875
exclude_all_flagged,2024-09-29,validation,lstm_28d_regularized,38,39.05542755126953,1.0554275512695312
exclude_all_flagged,2024-09-30,validation,lstm_28d_regularized,30,45.21225357055664,15.21225357055664
exclude_all_flagged,2024-10-01,validation,lstm_28d_regularized,14,44.60426330566406,30.604263305664062
exclude_all_flagged,2024-10-02,validation,lstm_28d_regularized,11,46.34981155395508,35.34981155395508
exclude_all_flagged,2024-10-03,validation,lstm_28d_regularized,39,49.473323822021484,10.473323822021484
exclude_all_flagged,2024-10-04,validation,lstm_28d_regularized,60,59.2017707824707,0.7982292175292969
exclude_all_flagged,2024-10-05,validation,lstm_28d_regularized,58,56.5192756652832,1.4807243347167969
exclude_all_flagged,2024-10-06,validation,lstm_28d_regularized,25,30.106578826904297,5.106578826904297
exclude_all_flagged,2024-10-07,validation,lstm_28d_regularized,22,28.48496437072754,6.484964370727539
exclude_all_flagged,2024-10-08,validation,lstm_28d_regularized,30,33.36404037475586,3.3640403747558594
exclude_all_flagged,2024-10-09,validation,lstm_28d_regularized,38,42.01683044433594,4.0168304443359375
exclude_all_flagged,2024-10-10,validation,lstm_28d_regularized,59,53.81617736816406,5.1838226318359375
exclude_all_flagged,2024-10-11,validation,lstm_28d_regularized,60,60.0,0.0
exclude_all_flagged,2024-10-12,validation,lstm_28d_regularized,60,55.1042366027832,4.895763397216797
exclude_all_flagged,2024-10-13,validation,lstm_28d_regularized,60,35.92010498046875,24.07989501953125
exclude_all_flagged,2024-10-14,validation,lstm_28d_regularized,18,32.992820739746094,14.992820739746094
exclude_all_flagged,2024-10-15,validation,lstm_28d_regularized,24,29.933134078979492,5.933134078979492
exclude_all_flagged,2024-10-16,validation,lstm_28d_regularized,34,32.419410705566406,1.5805892944335938
exclude_all_flagged,2024-10-17,validation,lstm_28d_regularized,51,45.03050994873047,5.969490051269531
exclude_all_flagged,2024-10-18,validation,lstm_28d_regularized,60,54.83629608154297,5.163703918457031
exclude_all_flagged,2024-10-19,validation,lstm_28d_regularized,60,52.339881896972656,7.660118103027344
exclude_all_flagged,2024-10-20,validation,lstm_28d_regularized,44,39.03997039794922,4.960029602050781
exclude_all_flagged,2024-10-21,validation,lstm_28d_regularized,31,28.184934616088867,2.815065383911133
exclude_all_flagged,2024-10-22,validation,lstm_28d_regularized,37,31.959056854248047,5.040943145751953
exclude_all_flagged,2024-10-23,validation,lstm_28d_regularized,51,42.56779098510742,8.432209014892578
exclude_all_flagged,2024-10-24,validation,lstm_28d_regularized,58,52.51797103881836,5.482028961181641
exclude_all_flagged,2024-10-25,validation,lstm_28d_regularized,59,56.92689895629883,2.073101043701172
exclude_all_flagged,2024-10-26,validation,lstm_28d_regularized,59,53.17279815673828,5.827201843261719
exclude_all_flagged,2024-10-27,validation,lstm_28d_regularized,59,44.32151794433594,14.678482055664062
exclude_all_flagged,2024-10-28,validation,lstm_28d_regularized,21,36.61610412597656,15.616104125976562
exclude_all_flagged,2024-10-29,validation,lstm_28d_regularized,23,36.382564544677734,13.382564544677734
exclude_all_flagged,2024-10-30,validation,lstm_28d_regularized,26,39.01420211791992,13.014202117919922
exclude_all_flagged,2024-10-31,validation,lstm_28d_regularized,40,44.89809799194336,4.898097991943359
exclude_all_flagged,2024-11-01,validation,lstm_28d_regularized,60,55.140769958496094,4.859230041503906
exclude_all_flagged,2024-11-02,validation,lstm_28d_regularized,60,55.080535888671875,4.919464111328125
exclude_all_flagged,2024-11-03,validation,lstm_28d_regularized,26,43.25661087036133,17.256610870361328
exclude_all_flagged,2024-11-04,validation,lstm_28d_regularized,16,29.778541564941406,13.778541564941406
exclude_all_flagged,2024-11-05,validation,lstm_28d_regularized,16,27.764434814453125,11.764434814453125
exclude_all_flagged,2024-11-06,validation,lstm_28d_regularized,29,33.63585662841797,4.635856628417969
exclude_all_flagged,2024-11-07,validation,lstm_28d_regularized,47,45.799652099609375,1.200347900390625
exclude_all_flagged,2024-11-08,validation,lstm_28d_regularized,59,59.21699142456055,0.21699142456054688
exclude_all_flagged,2024-11-09,validation,lstm_28d_regularized,60,58.157142639160156,1.8428573608398438
exclude_all_flagged,2024-11-10,validation,lstm_28d_regularized,60,43.45931625366211,16.54068374633789
exclude_all_flagged,2024-11-11,validation,lstm_28d_regularized,38,36.82783508300781,1.1721649169921875
exclude_all_flagged,2024-11-12,validation,lstm_28d_regularized,54,38.660762786865234,15.339237213134766
exclude_all_flagged,2024-11-13,validation,lstm_28d_regularized,36,43.73712158203125,7.73712158203125
exclude_all_flagged,2024-11-14,validation,lstm_28d_regularized,53,47.63279342651367,5.367206573486328
exclude_all_flagged,2024-11-15,validation,lstm_28d_regularized,60,53.06904220581055,6.930957794189453
exclude_all_flagged,2024-11-16,validation,lstm_28d_regularized,60,56.05646896362305,3.943531036376953
exclude_all_flagged,2024-11-17,validation,lstm_28d_regularized,15,45.18128204345703,30.18128204345703
exclude_all_flagged,2024-11-18,validation,lstm_28d_regularized,12,31.820518493652344,19.820518493652344
exclude_all_flagged,2024-11-19,validation,lstm_28d_regularized,23,29.11322593688965,6.113225936889648
exclude_all_flagged,2024-11-20,validation,lstm_28d_regularized,34,31.939327239990234,2.0606727600097656
exclude_all_flagged,2024-11-21,validation,lstm_28d_regularized,29,42.211463928222656,13.211463928222656
exclude_all_flagged,2024-11-22,validation,lstm_28d_regularized,50,52.175071716308594,2.1750717163085938
exclude_all_flagged,2024-11-23,validation,lstm_28d_regularized,56,54.543949127197266,1.4560508728027344
exclude_all_flagged,2024-11-24,validation,lstm_28d_regularized,25,37.74000549316406,12.740005493164062
exclude_all_flagged,2024-11-25,validation,lstm_28d_regularized,25,33.92363739013672,8.923637390136719
exclude_all_flagged,2024-11-26,validation,lstm_28d_regularized,23,42.721309661865234,19.721309661865234
exclude_all_flagged,2024-11-27,validation,lstm_28d_regularized,43,44.49852752685547,1.4985275268554688
exclude_all_flagged,2024-11-28,validation,lstm_28d_regularized,58,48.10348892211914,9.89651107788086
exclude_all_flagged,2024-11-29,validation,lstm_28d_regularized,59,50.89872741699219,8.101272583007812
exclude_all_flagged,2024-11-30,validation,lstm_28d_regularized,59,54.94248580932617,4.057514190673828
exclude_all_flagged,2024-12-01,validation,lstm_28d_regularized,28,29.78299331665039,1.7829933166503906
exclude_all_flagged,2024-12-02,validation,lstm_28d_regularized,22,29.97051239013672,7.970512390136719
exclude_all_flagged,2024-12-03,validation,lstm_28d_regularized,34,33.166744232177734,0.8332557678222656
exclude_all_flagged,2024-12-04,validation,lstm_28d_regularized,38,44.307220458984375,6.307220458984375
exclude_all_flagged,2024-12-05,validation,lstm_28d_regularized,29,48.09141159057617,19.091411590576172
exclude_all_flagged,2024-12-06,validation,lstm_28d_regularized,60,47.16072082519531,12.839279174804688
exclude_all_flagged,2024-12-07,validation,lstm_28d_regularized,60,51.1578369140625,8.8421630859375
exclude_all_flagged,2024-12-08,validation,lstm_28d_regularized,27,29.22014617919922,2.2201461791992188
exclude_all_flagged,2024-12-09,validation,lstm_28d_regularized,24,25.41333770751953,1.4133377075195312
exclude_all_flagged,2024-12-10,validation,lstm_28d_regularized,26,28.749977111816406,2.7499771118164062
exclude_all_flagged,2024-12-11,validation,lstm_28d_regularized,32,31.772735595703125,0.227264404296875
exclude_all_flagged,2024-12-12,validation,lstm_28d_regularized,29,38.9899787902832,9.989978790283203
exclude_all_flagged,2024-12-13,validation,lstm_28d_regularized,47,51.189231872558594,4.189231872558594
exclude_all_flagged,2024-12-14,validation,lstm_28d_regularized,58,58.47457504272461,0.4745750427246094
exclude_all_flagged,2024-12-15,validation,lstm_28d_regularized,34,26.515405654907227,7.484594345092773
exclude_all_flagged,2024-12-16,validation,lstm_28d_regularized,23,27.09382438659668,4.09382438659668
exclude_all_flagged,2024-12-17,validation,lstm_28d_regularized,26,31.229087829589844,5.229087829589844
exclude_all_flagged,2024-12-18,validation,lstm_28d_regularized,32,36.274837493896484,4.274837493896484
exclude_all_flagged,2024-12-19,validation,lstm_28d_regularized,25,37.96824264526367,12.968242645263672
exclude_all_flagged,2024-12-20,validation,lstm_28d_regularized,52,46.257537841796875,5.742462158203125
exclude_all_flagged,2024-12-21,validation,lstm_28d_regularized,59,54.44004821777344,4.5599517822265625
exclude_all_flagged,2024-12-22,validation,lstm_28d_regularized,31,29.08270263671875,1.91729736328125
exclude_all_flagged,2024-12-23,validation,lstm_28d_regularized,35,26.135269165039062,8.864730834960938
exclude_all_flagged,2024-12-24,validation,lstm_28d_regularized,45,26.259130477905273,18.740869522094727
exclude_all_flagged,2024-12-25,validation,lstm_28d_regularized,40,33.05392074584961,6.946079254150391
exclude_all_flagged,2024-12-26,validation,lstm_28d_regularized,48,37.89177322387695,10.108226776123047
exclude_all_flagged,2024-12-27,validation,lstm_28d_regularized,56,45.930694580078125,10.069305419921875
exclude_all_flagged,2024-12-28,validation,lstm_28d_regularized,58,47.896480560302734,10.103519439697266
exclude_all_flagged,2024-12-29,validation,lstm_28d_regularized,39,30.245288848876953,8.754711151123047
exclude_all_flagged,2024-12-30,validation,lstm_28d_regularized,39,25.086423873901367,13.913576126098633
exclude_all_flagged,2024-12-31,validation,lstm_28d_regularized,50,37.27812576293945,12.721874237060547
exclude_all_flagged,2025-01-01,test,lstm_28d_regularized,11,27.55352210998535,16.55352210998535
exclude_all_flagged,2025-01-02,test,lstm_28d_regularized,15,25.90261459350586,10.90261459350586
exclude_all_flagged,2025-01-03,test,lstm_28d_regularized,17,29.506620407104492,12.506620407104492
exclude_all_flagged,2025-01-04,test,lstm_28d_regularized,22,37.892757415771484,15.892757415771484
exclude_all_flagged,2025-01-16,test,lstm_28d_regularized,1,39.94473648071289,38.94473648071289
exclude_all_flagged,2025-01-17,test,lstm_28d_regularized,23,42.51062774658203,19.51062774658203
exclude_all_flagged,2025-01-18,test,lstm_28d_regularized,44,42.70003890991211,1.2999610900878906
exclude_all_flagged,2025-01-19,test,lstm_28d_regularized,13,38.500946044921875,25.500946044921875
exclude_all_flagged,2025-01-20,test,lstm_28d_regularized,5,39.246482849121094,34.246482849121094
exclude_all_flagged,2025-01-21,test,lstm_28d_regularized,2,38.77769470214844,36.77769470214844
exclude_all_flagged,2025-01-22,test,lstm_28d_regularized,13,38.74138641357422,25.74138641357422
exclude_all_flagged,2025-01-23,test,lstm_28d_regularized,14,38.894229888916016,24.894229888916016
exclude_all_flagged,2025-01-24,test,lstm_28d_regularized,56,41.41427993774414,14.58572006225586
exclude_all_flagged,2025-01-25,test,lstm_28d_regularized,58,44.91924285888672,13.080757141113281
exclude_all_flagged,2025-01-26,test,lstm_28d_regularized,20,37.48838806152344,17.488388061523438
exclude_all_flagged,2025-01-27,test,lstm_28d_regularized,17,36.799110412597656,19.799110412597656
exclude_all_flagged,2025-01-28,test,lstm_28d_regularized,21,36.80170440673828,15.801704406738281
exclude_all_flagged,2025-01-29,test,lstm_28d_regularized,25,34.21328353881836,9.21328353881836
exclude_all_flagged,2025-01-30,test,lstm_28d_regularized,28,35.9117546081543,7.911754608154297
exclude_all_flagged,2025-01-31,test,lstm_28d_regularized,53,38.399810791015625,14.600189208984375
exclude_all_flagged,2025-02-01,test,lstm_28d_regularized,59,45.06953430175781,13.930465698242188
exclude_all_flagged,2025-02-02,test,lstm_28d_regularized,19,31.40140151977539,12.40140151977539
exclude_all_flagged,2025-02-03,test,lstm_28d_regularized,23,27.44162940979004,4.441629409790039
exclude_all_flagged,2025-02-04,test,lstm_28d_regularized,25,26.507326126098633,1.5073261260986328
exclude_all_flagged,2025-02-05,test,lstm_28d_regularized,25,26.245643615722656,1.2456436157226562
exclude_all_flagged,2025-02-06,test,lstm_28d_regularized,26,27.277040481567383,1.2770404815673828
exclude_all_flagged,2025-02-07,test,lstm_28d_regularized,31,35.5894660949707,4.589466094970703
exclude_all_flagged,2025-02-08,test,lstm_28d_regularized,46,40.357887268066406,5.642112731933594
exclude_all_flagged,2025-02-09,test,lstm_28d_regularized,13,24.899065017700195,11.899065017700195
exclude_all_flagged,2025-02-10,test,lstm_28d_regularized,16,22.801692962646484,6.801692962646484
exclude_all_flagged,2025-02-11,test,lstm_28d_regularized,21,24.47079849243164,3.4707984924316406
exclude_all_flagged,2025-02-12,test,lstm_28d_regularized,21,24.72383689880371,3.723836898803711
exclude_all_flagged,2025-02-13,test,lstm_28d_regularized,25,28.284305572509766,3.2843055725097656
exclude_all_flagged,2025-02-14,test,lstm_28d_regularized,60,40.13673400878906,19.863265991210938
exclude_all_flagged,2025-02-15,test,lstm_28d_regularized,54,46.53955078125,7.46044921875
exclude_all_flagged,2025-02-16,test,lstm_28d_regularized,31,28.269939422607422,2.730060577392578
exclude_all_flagged,2025-02-17,test,lstm_28d_regularized,20,24.642385482788086,4.642385482788086
exclude_all_flagged,2025-02-18,test,lstm_28d_regularized,31,22.277311325073242,8.722688674926758
exclude_all_flagged,2025-02-19,test,lstm_28d_regularized,37,21.47809410095215,15.521905899047852
exclude_all_flagged,2025-02-20,test,lstm_28d_regularized,44,21.917524337768555,22.082475662231445
exclude_all_flagged,2025-02-21,test,lstm_28d_regularized,59,34.07764434814453,24.92235565185547
exclude_all_flagged,2025-02-22,test,lstm_28d_regularized,59,40.710323333740234,18.289676666259766
exclude_all_flagged,2025-02-23,test,lstm_28d_regularized,11,27.80592918395996,16.80592918395996
exclude_all_flagged,2025-02-24,test,lstm_28d_regularized,29,22.36125946044922,6.638740539550781
exclude_all_flagged,2025-02-25,test,lstm_28d_regularized,22,20.899076461791992,1.1009235382080078
exclude_all_flagged,2025-02-26,test,lstm_28d_regularized,35,21.17481231689453,13.825187683105469
exclude_all_flagged,2025-02-27,test,lstm_28d_regularized,32,23.339563369750977,8.660436630249023
exclude_all_flagged,2025-02-28,test,lstm_28d_regularized,53,34.105865478515625,18.894134521484375
exclude_all_flagged,2025-03-01,test,lstm_28d_regularized,58,49.516136169433594,8.483863830566406
exclude_all_flagged,2025-03-02,test,lstm_28d_regularized,11,24.770484924316406,13.770484924316406
exclude_all_flagged,2025-03-03,test,lstm_28d_regularized,35,20.18454360961914,14.81545639038086
exclude_all_flagged,2025-03-04,test,lstm_28d_regularized,35,21.70728302001953,13.292716979980469
exclude_all_flagged,2025-03-05,test,lstm_28d_regularized,39,23.609458923339844,15.390541076660156
exclude_all_flagged,2025-03-06,test,lstm_28d_regularized,35,27.279762268066406,7.720237731933594
exclude_all_flagged,2025-03-07,test,lstm_28d_regularized,60,39.54853057861328,20.45146942138672
exclude_all_flagged,2025-03-08,test,lstm_28d_regularized,59,49.121829986572266,9.878170013427734
exclude_all_flagged,2025-03-09,test,lstm_28d_regularized,20,22.994117736816406,2.9941177368164062
exclude_all_flagged,2025-03-10,test,lstm_28d_regularized,32,21.26356315612793,10.73643684387207
exclude_all_flagged,2025-03-11,test,lstm_28d_regularized,31,20.606325149536133,10.393674850463867
exclude_all_flagged,2025-03-12,test,lstm_28d_regularized,37,22.979188919067383,14.020811080932617
exclude_all_flagged,2025-03-13,test,lstm_28d_regularized,42,26.262941360473633,15.737058639526367
exclude_all_flagged,2025-03-14,test,lstm_28d_regularized,58,47.25168991088867,10.748310089111328
exclude_all_flagged,2025-03-15,test,lstm_28d_regularized,59,54.845924377441406,4.154075622558594
exclude_all_flagged,2025-03-16,test,lstm_28d_regularized,34,22.767667770385742,11.232332229614258
exclude_all_flagged,2025-03-17,test,lstm_28d_regularized,31,19.691492080688477,11.308507919311523
exclude_all_flagged,2025-03-18,test,lstm_28d_regularized,32,21.427797317504883,10.572202682495117
exclude_all_flagged,2025-03-19,test,lstm_28d_regularized,24,24.658451080322266,0.6584510803222656
exclude_all_flagged,2025-03-20,test,lstm_28d_regularized,49,25.809059143066406,23.190940856933594
exclude_all_flagged,2025-03-21,test,lstm_28d_regularized,58,52.84046173095703,5.159538269042969
exclude_all_flagged,2025-03-22,test,lstm_28d_regularized,60,56.46237564086914,3.5376243591308594
exclude_all_flagged,2025-03-23,test,lstm_28d_regularized,30,21.256580352783203,8.743419647216797
exclude_all_flagged,2025-03-24,test,lstm_28d_regularized,30,21.33922004699707,8.66077995300293
exclude_all_flagged,2025-03-25,test,lstm_28d_regularized,30,21.382343292236328,8.617656707763672
exclude_all_flagged,2025-03-26,test,lstm_28d_regularized,35,24.21710205078125,10.78289794921875
exclude_all_flagged,2025-03-27,test,lstm_28d_regularized,43,27.188663482666016,15.811336517333984
exclude_all_flagged,2025-03-28,test,lstm_28d_regularized,58,45.86185073852539,12.13814926147461
exclude_all_flagged,2025-03-29,test,lstm_28d_regularized,58,55.085662841796875,2.914337158203125
exclude_all_flagged,2025-03-30,test,lstm_28d_regularized,40,21.246694564819336,18.753305435180664
exclude_all_flagged,2025-03-31,test,lstm_28d_regularized,33,32.55250549316406,0.4474945068359375
exclude_all_flagged,2025-04-01,test,lstm_28d_regularized,23,19.202651977539062,3.7973480224609375
exclude_all_flagged,2025-04-02,test,lstm_28d_regularized,24,23.982385635375977,0.017614364624023438
exclude_all_flagged,2025-04-03,test,lstm_28d_regularized,33,27.046449661254883,5.953550338745117
exclude_all_flagged,2025-04-04,test,lstm_28d_regularized,59,46.36383819580078,12.636161804199219
exclude_all_flagged,2025-04-05,test,lstm_28d_regularized,59,54.36162185668945,4.638378143310547
exclude_all_flagged,2025-04-06,test,lstm_28d_regularized,36,22.458621978759766,13.541378021240234
exclude_all_flagged,2025-04-07,test,lstm_28d_regularized,19,24.661800384521484,5.661800384521484
exclude_all_flagged,2025-04-08,test,lstm_28d_regularized,23,24.407848358154297,1.4078483581542969
exclude_all_flagged,2025-04-09,test,lstm_28d_regularized,28,25.587669372558594,2.4123306274414062
exclude_all_flagged,2025-04-10,test,lstm_28d_regularized,50,27.514047622680664,22.485952377319336
exclude_all_flagged,2025-04-11,test,lstm_28d_regularized,59,48.886775970458984,10.113224029541016
exclude_all_flagged,2025-04-12,test,lstm_28d_regularized,59,55.59842300415039,3.4015769958496094
exclude_all_flagged,2025-04-13,test,lstm_28d_regularized,32,28.895435333251953,3.104564666748047
exclude_all_flagged,2025-04-14,test,lstm_28d_regularized,39,27.078102111816406,11.921897888183594
exclude_all_flagged,2025-04-15,test,lstm_28d_regularized,33,28.980884552001953,4.019115447998047
exclude_all_flagged,2025-04-16,test,lstm_28d_regularized,34,28.768320083618164,5.231679916381836
exclude_all_flagged,2025-04-17,test,lstm_28d_regularized,43,31.965682983398438,11.034317016601562
exclude_all_flagged,2025-04-18,test,lstm_28d_regularized,60,49.23855972290039,10.76144027709961
exclude_all_flagged,2025-04-19,test,lstm_28d_regularized,59,54.70671081542969,4.2932891845703125
exclude_all_flagged,2025-04-20,test,lstm_28d_regularized,27,30.671947479248047,3.671947479248047
exclude_all_flagged,2025-04-21,test,lstm_28d_regularized,39,25.588802337646484,13.411197662353516
exclude_all_flagged,2025-04-22,test,lstm_28d_regularized,44,26.66838264465332,17.33161735534668
exclude_all_flagged,2025-04-23,test,lstm_28d_regularized,36,30.00550079345703,5.994499206542969
exclude_all_flagged,2025-04-24,test,lstm_28d_regularized,50,34.955238342285156,15.044761657714844
exclude_all_flagged,2025-04-25,test,lstm_28d_regularized,55,50.412200927734375,4.587799072265625
exclude_all_flagged,2025-04-26,test,lstm_28d_regularized,59,54.059532165527344,4.940467834472656
exclude_all_flagged,2025-04-27,test,lstm_28d_regularized,21,32.7825813293457,11.782581329345703
exclude_all_flagged,2025-04-28,test,lstm_28d_regularized,30,27.39211654663086,2.6078834533691406
exclude_all_flagged,2025-04-29,test,lstm_28d_regularized,35,26.372783660888672,8.627216339111328
exclude_all_flagged,2025-04-30,test,lstm_28d_regularized,29,26.633159637451172,2.366840362548828
exclude_all_flagged,2025-05-01,test,lstm_28d_regularized,30,32.67607498168945,2.676074981689453
exclude_all_flagged,2025-05-02,test,lstm_28d_regularized,58,42.348487854003906,15.651512145996094
exclude_all_flagged,2025-05-03,test,lstm_28d_regularized,59,49.50926971435547,9.490730285644531
exclude_all_flagged,2025-05-04,test,lstm_28d_regularized,19,26.908611297607422,7.908611297607422
exclude_all_flagged,2025-05-05,test,lstm_28d_regularized,8,24.58554458618164,16.58554458618164
exclude_all_flagged,2025-05-06,test,lstm_28d_regularized,13,24.65748405456543,11.65748405456543
exclude_all_flagged,2025-05-07,test,lstm_28d_regularized,43,25.998733520507812,17.001266479492188
exclude_all_flagged,2025-05-08,test,lstm_28d_regularized,54,34.816951751708984,19.183048248291016
exclude_all_flagged,2025-05-09,test,lstm_28d_regularized,60,48.49336624145508,11.506633758544922
exclude_all_flagged,2025-05-10,test,lstm_28d_regularized,59,52.94783020019531,6.0521697998046875
exclude_all_flagged,2025-05-11,test,lstm_28d_regularized,15,26.915205001831055,11.915205001831055
exclude_all_flagged,2025-05-12,test,lstm_28d_regularized,34,26.358619689941406,7.641380310058594
exclude_all_flagged,2025-05-13,test,lstm_28d_regularized,44,29.2215633392334,14.778436660766602
exclude_all_flagged,2025-05-14,test,lstm_28d_regularized,56,33.462059020996094,22.537940979003906
exclude_all_flagged,2025-05-15,test,lstm_28d_regularized,50,40.74015426635742,9.259845733642578
exclude_all_flagged,2025-05-16,test,lstm_28d_regularized,59,46.1402587890625,12.8597412109375
exclude_all_flagged,2025-05-17,test,lstm_28d_regularized,58,48.63020706176758,9.369792938232422
exclude_all_flagged,2025-05-18,test,lstm_28d_regularized,36,30.72827911376953,5.271720886230469
exclude_all_flagged,2025-05-19,test,lstm_28d_regularized,22,27.53465461730957,5.53465461730957
exclude_all_flagged,2025-05-20,test,lstm_28d_regularized,26,24.286632537841797,1.7133674621582031
exclude_all_flagged,2025-05-21,test,lstm_28d_regularized,22,28.101428985595703,6.101428985595703
exclude_all_flagged,2025-05-22,test,lstm_28d_regularized,20,32.76845169067383,12.768451690673828
exclude_all_flagged,2025-05-23,test,lstm_28d_regularized,56,41.79818344116211,14.20181655883789
exclude_all_flagged,2025-05-24,test,lstm_28d_regularized,57,54.95631790161133,2.043682098388672
exclude_all_flagged,2025-05-25,test,lstm_28d_regularized,52,33.82931900024414,18.17068099975586
exclude_all_flagged,2025-05-26,test,lstm_28d_regularized,9,23.433515548706055,14.433515548706055
exclude_all_flagged,2025-05-27,test,lstm_28d_regularized,9,17.55291175842285,8.552911758422852
exclude_all_flagged,2025-05-28,test,lstm_28d_regularized,17,18.373197555541992,1.3731975555419922
exclude_all_flagged,2025-05-29,test,lstm_28d_regularized,37,20.26047134399414,16.73952865600586
exclude_all_flagged,2025-05-30,test,lstm_28d_regularized,54,42.265892028808594,11.734107971191406
exclude_all_flagged,2025-05-31,test,lstm_28d_regularized,58,58.734554290771484,0.7345542907714844
exclude_all_flagged,2025-06-01,test,lstm_28d_regularized,45,31.986080169677734,13.013919830322266
exclude_all_flagged,2025-06-02,test,lstm_28d_regularized,25,23.057401657104492,1.9425983428955078
exclude_all_flagged,2025-06-03,test,lstm_28d_regularized,25,26.18947982788086,1.1894798278808594
exclude_all_flagged,2025-06-04,test,lstm_28d_regularized,39,34.23546600341797,4.764533996582031
exclude_all_flagged,2025-06-05,test,lstm_28d_regularized,34,37.37799835205078,3.3779983520507812
exclude_all_flagged,2025-06-06,test,lstm_28d_regularized,58,46.73766326904297,11.262336730957031
exclude_all_flagged,2025-06-07,test,lstm_28d_regularized,57,51.09522247314453,5.904777526855469
exclude_all_flagged,2025-06-08,test,lstm_28d_regularized,29,31.859554290771484,2.8595542907714844
exclude_all_flagged,2025-06-09,test,lstm_28d_regularized,34,19.944229125976562,14.055770874023438
exclude_all_flagged,2025-06-10,test,lstm_28d_regularized,48,25.801584243774414,22.198415756225586
exclude_all_flagged,2025-06-11,test,lstm_28d_regularized,39,34.98494338989258,4.015056610107422
exclude_all_flagged,2025-06-12,test,lstm_28d_regularized,44,40.541812896728516,3.4581871032714844
exclude_all_flagged,2025-06-13,test,lstm_28d_regularized,60,51.98395538330078,8.016044616699219
exclude_all_flagged,2025-06-14,test,lstm_28d_regularized,59,55.3272705078125,3.6727294921875
exclude_all_flagged,2025-06-15,test,lstm_28d_regularized,16,27.5893497467041,11.589349746704102
exclude_all_flagged,2025-06-16,test,lstm_28d_regularized,10,25.816492080688477,15.816492080688477
exclude_all_flagged,2025-06-17,test,lstm_28d_regularized,22,29.331274032592773,7.331274032592773
exclude_all_flagged,2025-06-18,test,lstm_28d_regularized,13,32.68711471557617,19.687114715576172
exclude_all_flagged,2025-06-19,test,lstm_28d_regularized,31,32.4775276184082,1.4775276184082031
exclude_all_flagged,2025-06-20,test,lstm_28d_regularized,60,54.049259185791016,5.950740814208984
exclude_all_flagged,2025-06-21,test,lstm_28d_regularized,57,57.33644485473633,0.3364448547363281
exclude_all_flagged,2025-06-22,test,lstm_28d_regularized,19,30.138641357421875,11.138641357421875
exclude_all_flagged,2025-06-23,test,lstm_28d_regularized,19,23.778261184692383,4.778261184692383
exclude_all_flagged,2025-06-24,test,lstm_28d_regularized,34,28.18507957458496,5.814920425415039
exclude_all_flagged,2025-06-25,test,lstm_28d_regularized,36,35.41173553466797,0.5882644653320312
exclude_all_flagged,2025-06-26,test,lstm_28d_regularized,31,39.266357421875,8.266357421875
exclude_all_flagged,2025-06-27,test,lstm_28d_regularized,59,48.98151397705078,10.018486022949219
exclude_all_flagged,2025-06-28,test,lstm_28d_regularized,59,56.2135124206543,2.786487579345703
exclude_all_flagged,2025-06-29,test,lstm_28d_regularized,32,26.797700881958008,5.202299118041992
exclude_all_flagged,2025-06-30,test,lstm_28d_regularized,25,25.15351104736328,0.15351104736328125
exclude_all_flagged,2025-07-01,test,lstm_28d_regularized,29,13.922966003417969,15.077033996582031
exclude_all_flagged,2025-07-02,test,lstm_28d_regularized,23,21.86923599243164,1.1307640075683594
exclude_all_flagged,2025-07-03,test,lstm_28d_regularized,30,26.908567428588867,3.091432571411133
exclude_all_flagged,2025-07-04,test,lstm_28d_regularized,57,39.03749465942383,17.962505340576172
exclude_all_flagged,2025-07-05,test,lstm_28d_regularized,59,52.12125015258789,6.878749847412109
exclude_all_flagged,2025-07-06,test,lstm_28d_regularized,32,22.909353256225586,9.090646743774414
exclude_all_flagged,2025-07-07,test,lstm_28d_regularized,23,26.272245407104492,3.272245407104492
exclude_all_flagged,2025-07-08,test,lstm_28d_regularized,39,31.596946716308594,7.403053283691406
exclude_all_flagged,2025-07-09,test,lstm_28d_regularized,44,39.1901741027832,4.809825897216797
exclude_all_flagged,2025-07-10,test,lstm_28d_regularized,45,41.305931091308594,3.6940689086914062
exclude_all_flagged,2025-07-11,test,lstm_28d_regularized,60,49.015464782714844,10.984535217285156
exclude_all_flagged,2025-07-12,test,lstm_28d_regularized,59,46.62624740600586,12.37375259399414
exclude_all_flagged,2025-07-13,test,lstm_28d_regularized,30,22.380321502685547,7.619678497314453
exclude_all_flagged,2025-07-14,test,lstm_28d_regularized,29,27.462045669555664,1.537954330444336
exclude_all_flagged,2025-07-15,test,lstm_28d_regularized,30,31.070331573486328,1.0703315734863281
exclude_all_flagged,2025-07-16,test,lstm_28d_regularized,26,32.64667510986328,6.646675109863281
exclude_all_flagged,2025-07-17,test,lstm_28d_regularized,36,34.895851135253906,1.1041488647460938
exclude_all_flagged,2025-07-18,test,lstm_28d_regularized,60,46.62726593017578,13.372734069824219
exclude_all_flagged,2025-07-19,test,lstm_28d_regularized,60,51.849369049072266,8.150630950927734
exclude_all_flagged,2025-07-20,test,lstm_28d_regularized,37,20.060752868652344,16.939247131347656
exclude_all_flagged,2025-07-21,test,lstm_28d_regularized,43,24.93403434753418,18.06596565246582
exclude_all_flagged,2025-07-22,test,lstm_28d_regularized,27,32.196590423583984,5.196590423583984
exclude_all_flagged,2025-07-23,test,lstm_28d_regularized,32,35.37787628173828,3.3778762817382812
exclude_all_flagged,2025-07-24,test,lstm_28d_regularized,42,39.45079803466797,2.5492019653320312
exclude_all_flagged,2025-07-25,test,lstm_28d_regularized,58,55.48748016357422,2.5125198364257812
exclude_all_flagged,2025-07-26,test,lstm_28d_regularized,60,55.47278594970703,4.527214050292969
exclude_all_flagged,2025-07-27,test,lstm_28d_regularized,29,27.05705451965332,1.9429454803466797
exclude_all_flagged,2025-07-28,test,lstm_28d_regularized,27,26.091938018798828,0.9080619812011719
exclude_all_flagged,2025-07-29,test,lstm_28d_regularized,28,27.227066040039062,0.7729339599609375
exclude_all_flagged,2025-07-30,test,lstm_28d_regularized,25,28.516921997070312,3.5169219970703125
exclude_all_flagged,2025-07-31,test,lstm_28d_regularized,38,29.599285125732422,8.400714874267578
exclude_all_flagged,2025-08-01,test,lstm_28d_regularized,57,42.88740539550781,14.112594604492188
exclude_all_flagged,2025-08-02,test,lstm_28d_regularized,59,50.352134704589844,8.647865295410156
exclude_all_flagged,2025-08-03,test,lstm_28d_regularized,18,21.06714630126953,3.0671463012695312
exclude_all_flagged,2025-08-04,test,lstm_28d_regularized,21,19.745452880859375,1.254547119140625
exclude_all_flagged,2025-08-05,test,lstm_28d_regularized,18,24.147098541259766,6.147098541259766
exclude_all_flagged,2025-08-06,test,lstm_28d_regularized,18,26.00244903564453,8.002449035644531
exclude_all_flagged,2025-08-07,test,lstm_28d_regularized,19,28.606876373291016,9.606876373291016
exclude_all_flagged,2025-08-08,test,lstm_28d_regularized,52,43.83993911743164,8.16006088256836
exclude_all_flagged,2025-08-09,test,lstm_28d_regularized,57,58.138797760009766,1.1387977600097656
exclude_all_flagged,2025-08-10,test,lstm_28d_regularized,42,26.071863174438477,15.928136825561523
exclude_all_flagged,2025-08-11,test,lstm_28d_regularized,22,29.379222869873047,7.379222869873047
exclude_all_flagged,2025-08-12,test,lstm_28d_regularized,36,29.395647048950195,6.604352951049805
exclude_all_flagged,2025-08-13,test,lstm_28d_regularized,39,36.1850471496582,2.814952850341797
exclude_all_flagged,2025-08-14,test,lstm_28d_regularized,46,40.3599853515625,5.6400146484375
exclude_all_flagged,2025-08-15,test,lstm_28d_regularized,60,48.97865676879883,11.021343231201172
exclude_all_flagged,2025-08-16,test,lstm_28d_regularized,59,49.197818756103516,9.802181243896484
exclude_all_flagged,2025-08-17,test,lstm_28d_regularized,26,29.379701614379883,3.379701614379883
exclude_all_flagged,2025-08-18,test,lstm_28d_regularized,36,28.706157684326172,7.293842315673828
exclude_all_flagged,2025-08-19,test,lstm_28d_regularized,24,31.30325698852539,7.303256988525391
exclude_all_flagged,2025-08-20,test,lstm_28d_regularized,32,32.25200653076172,0.25200653076171875
exclude_all_flagged,2025-08-21,test,lstm_28d_regularized,42,36.338619232177734,5.661380767822266
exclude_all_flagged,2025-08-22,test,lstm_28d_regularized,60,52.77105712890625,7.22894287109375
exclude_all_flagged,2025-08-23,test,lstm_28d_regularized,59,52.98240661621094,6.0175933837890625
exclude_all_flagged,2025-08-24,test,lstm_28d_regularized,48,24.935626983642578,23.064373016357422
exclude_all_flagged,2025-08-25,test,lstm_28d_regularized,55,27.90686798095703,27.09313201904297
exclude_all_flagged,2025-08-26,test,lstm_28d_regularized,59,36.417449951171875,22.582550048828125
exclude_all_flagged,2025-08-27,test,lstm_28d_regularized,60,45.00560760498047,14.994392395019531
exclude_all_flagged,2025-08-28,test,lstm_28d_regularized,60,50.785438537597656,9.214561462402344
exclude_all_flagged,2025-08-29,test,lstm_28d_regularized,57,55.100032806396484,1.8999671936035156
exclude_all_flagged,2025-08-30,test,lstm_28d_regularized,59,52.178287506103516,6.821712493896484
exclude_all_flagged,2025-08-31,test,lstm_28d_regularized,59,33.981895446777344,25.018104553222656
exclude_all_flagged,2025-09-01,test,lstm_28d_regularized,25,33.10234451293945,8.102344512939453
exclude_all_flagged,2025-09-02,test,lstm_28d_regularized,24,35.500465393066406,11.500465393066406
exclude_all_flagged,2025-09-03,test,lstm_28d_regularized,22,40.93941116333008,18.939411163330078
exclude_all_flagged,2025-09-04,test,lstm_28d_regularized,33,43.9975471496582,10.997547149658203
exclude_all_flagged,2025-09-05,test,lstm_28d_regularized,60,52.13513946533203,7.864860534667969
exclude_all_flagged,2025-09-06,test,lstm_28d_regularized,59,54.35947036743164,4.640529632568359
exclude_all_flagged,2025-09-07,test,lstm_28d_regularized,13,42.95265197753906,29.952651977539062
exclude_all_flagged,2025-09-08,test,lstm_28d_regularized,22,31.215492248535156,9.215492248535156
exclude_all_flagged,2025-09-09,test,lstm_28d_regularized,18,33.536746978759766,15.536746978759766
exclude_all_flagged,2025-09-10,test,lstm_28d_regularized,20,34.57959747314453,14.579597473144531
exclude_all_flagged,2025-09-11,test,lstm_28d_regularized,28,38.35213851928711,10.35213851928711
exclude_all_flagged,2025-09-12,test,lstm_28d_regularized,58,46.668827056884766,11.331172943115234
exclude_all_flagged,2025-09-13,test,lstm_28d_regularized,58,55.429019927978516,2.5709800720214844
exclude_all_flagged,2025-09-14,test,lstm_28d_regularized,20,37.594207763671875,17.594207763671875
exclude_all_flagged,2025-09-15,test,lstm_28d_regularized,37,33.28833770751953,3.7116622924804688
exclude_all_flagged,2025-09-16,test,lstm_28d_regularized,42,38.91024398803711,3.0897560119628906
exclude_all_flagged,2025-09-17,test,lstm_28d_regularized,39,44.18962097167969,5.1896209716796875
exclude_all_flagged,2025-09-18,test,lstm_28d_regularized,36,47.60197830200195,11.601978302001953
exclude_all_flagged,2025-09-19,test,lstm_28d_regularized,59,54.91288757324219,4.0871124267578125
exclude_all_flagged,2025-09-20,test,lstm_28d_regularized,60,53.663570404052734,6.336429595947266
exclude_all_flagged,2025-09-21,test,lstm_28d_regularized,40,38.345802307128906,1.6541976928710938
exclude_all_flagged,2025-09-22,test,lstm_28d_regularized,33,38.65119552612305,5.651195526123047
exclude_all_flagged,2025-09-23,test,lstm_28d_regularized,42,42.439544677734375,0.439544677734375
exclude_all_flagged,2025-09-24,test,lstm_28d_regularized,32,49.115318298339844,17.115318298339844
exclude_all_flagged,2025-09-25,test,lstm_28d_regularized,39,51.53034210205078,12.530342102050781
exclude_all_flagged,2025-09-26,test,lstm_28d_regularized,58,57.51875686645508,0.4812431335449219
exclude_all_flagged,2025-09-27,test,lstm_28d_regularized,59,56.50115966796875,2.49884033203125
exclude_all_flagged,2025-09-28,test,lstm_28d_regularized,36,44.880279541015625,8.880279541015625
exclude_all_flagged,2025-09-29,test,lstm_28d_regularized,43,45.20269775390625,2.20269775390625
exclude_all_flagged,2025-09-30,test,lstm_28d_regularized,35,46.983306884765625,11.983306884765625
exclude_all_flagged,2025-10-01,test,lstm_28d_regularized,23,41.14053726196289,18.14053726196289
exclude_all_flagged,2025-10-02,test,lstm_28d_regularized,33,45.0579948425293,12.057994842529297
exclude_all_flagged,2025-10-03,test,lstm_28d_regularized,60,48.55116271972656,11.448837280273438
exclude_all_flagged,2025-10-04,test,lstm_28d_regularized,59,51.077693939208984,7.922306060791016
exclude_all_flagged,2025-10-05,test,lstm_28d_regularized,29,35.046470642089844,6.046470642089844
exclude_all_flagged,2025-10-06,test,lstm_28d_regularized,34,37.10483169555664,3.1048316955566406
exclude_all_flagged,2025-10-07,test,lstm_28d_regularized,34,42.115684509277344,8.115684509277344
exclude_all_flagged,2025-10-08,test,lstm_28d_regularized,41,45.794944763183594,4.794944763183594
exclude_all_flagged,2025-10-09,test,lstm_28d_regularized,49,51.004756927490234,2.0047569274902344
exclude_all_flagged,2025-10-10,test,lstm_28d_regularized,58,57.15370559692383,0.8462944030761719
exclude_all_flagged,2025-10-11,test,lstm_28d_regularized,60,56.14094924926758,3.859050750732422
exclude_all_flagged,2025-10-12,test,lstm_28d_regularized,59,39.41209030151367,19.587909698486328
exclude_all_flagged,2025-10-13,test,lstm_28d_regularized,22,41.953880310058594,19.953880310058594
exclude_all_flagged,2025-10-14,test,lstm_28d_regularized,37,42.057437896728516,5.057437896728516
exclude_all_flagged,2025-10-15,test,lstm_28d_regularized,53,45.80208206176758,7.197917938232422
exclude_all_flagged,2025-10-16,test,lstm_28d_regularized,57,50.25361633300781,6.7463836669921875
exclude_all_flagged,2025-10-17,test,lstm_28d_regularized,53,55.74301528930664,2.7430152893066406
exclude_all_flagged,2025-10-18,test,lstm_28d_regularized,59,53.39600372314453,5.603996276855469
exclude_all_flagged,2025-10-19,test,lstm_28d_regularized,45,42.79145812988281,2.2085418701171875
exclude_all_flagged,2025-10-20,test,lstm_28d_regularized,42,39.063499450683594,2.9365005493164062
exclude_all_flagged,2025-10-21,test,lstm_28d_regularized,46,42.23785400390625,3.76214599609375
exclude_all_flagged,2025-10-22,test,lstm_28d_regularized,28,48.3454704284668,20.345470428466797
exclude_all_flagged,2025-10-23,test,lstm_28d_regularized,47,50.767860412597656,3.7678604125976562
exclude_all_flagged,2025-10-24,test,lstm_28d_regularized,56,58.73859786987305,2.738597869873047
exclude_all_flagged,2025-10-25,test,lstm_28d_regularized,59,51.836082458496094,7.163917541503906
exclude_all_flagged,2025-10-26,test,lstm_28d_regularized,29,42.08066940307617,13.080669403076172
exclude_all_flagged,2025-10-27,test,lstm_28d_regularized,27,35.58142852783203,8.581428527832031
exclude_all_flagged,2025-10-28,test,lstm_28d_regularized,40,35.62761688232422,4.372383117675781
exclude_all_flagged,2025-10-29,test,lstm_28d_regularized,46,38.50547409057617,7.494525909423828
exclude_all_flagged,2025-10-30,test,lstm_28d_regularized,45,44.27448272705078,0.7255172729492188
exclude_all_flagged,2025-10-31,test,lstm_28d_regularized,60,53.68661880493164,6.313381195068359
exclude_all_flagged,2025-11-01,test,lstm_28d_regularized,60,49.69552993774414,10.30447006225586
exclude_all_flagged,2025-11-02,test,lstm_28d_regularized,38,39.349090576171875,1.349090576171875
exclude_all_flagged,2025-11-03,test,lstm_28d_regularized,21,33.77498245239258,12.774982452392578
exclude_all_flagged,2025-11-04,test,lstm_28d_regularized,27,34.71025848388672,7.710258483886719
exclude_all_flagged,2025-11-05,test,lstm_28d_regularized,20,34.978614807128906,14.978614807128906
exclude_all_flagged,2025-11-06,test,lstm_28d_regularized,29,37.12676239013672,8.126762390136719
exclude_all_flagged,2025-11-07,test,lstm_28d_regularized,60,46.900909423828125,13.099090576171875
exclude_all_flagged,2025-11-08,test,lstm_28d_regularized,60,51.66462707519531,8.335372924804688
exclude_all_flagged,2025-11-09,test,lstm_28d_regularized,32,33.492462158203125,1.492462158203125
exclude_all_flagged,2025-11-10,test,lstm_28d_regularized,35,23.93461036682129,11.065389633178711
exclude_all_flagged,2025-11-11,test,lstm_28d_regularized,29,27.894107818603516,1.1058921813964844
exclude_all_flagged,2025-11-12,test,lstm_28d_regularized,29,37.17735290527344,8.177352905273438
exclude_all_flagged,2025-11-13,test,lstm_28d_regularized,25,39.38772964477539,14.38772964477539
exclude_all_flagged,2025-11-14,test,lstm_28d_regularized,54,51.512855529785156,2.4871444702148438
exclude_all_flagged,2025-11-15,test,lstm_28d_regularized,59,55.136962890625,3.863037109375
exclude_all_flagged,2025-11-16,test,lstm_28d_regularized,19,40.335731506347656,21.335731506347656
exclude_all_flagged,2025-11-17,test,lstm_28d_regularized,11,32.06045913696289,21.06045913696289
exclude_all_flagged,2025-11-18,test,lstm_28d_regularized,16,29.984827041625977,13.984827041625977
exclude_all_flagged,2025-11-19,test,lstm_28d_regularized,27,33.494380950927734,6.494380950927734
exclude_all_flagged,2025-11-20,test,lstm_28d_regularized,26,38.08292770385742,12.082927703857422
exclude_all_flagged,2025-11-21,test,lstm_28d_regularized,58,41.174102783203125,16.825897216796875
exclude_all_flagged,2025-11-22,test,lstm_28d_regularized,58,52.88809585571289,5.111904144287109
exclude_all_flagged,2025-11-23,test,lstm_28d_regularized,27,32.923465728759766,5.923465728759766
exclude_all_flagged,2025-11-24,test,lstm_28d_regularized,30,30.43672752380371,0.43672752380371094
exclude_all_flagged,2025-11-25,test,lstm_28d_regularized,28,32.65274429321289,4.652744293212891
exclude_all_flagged,2025-11-26,test,lstm_28d_regularized,42,34.57660675048828,7.423393249511719
exclude_all_flagged,2025-11-27,test,lstm_28d_regularized,58,40.257850646972656,17.742149353027344
exclude_all_flagged,2025-11-28,test,lstm_28d_regularized,59,49.35234451293945,9.647655487060547
exclude_all_flagged,2025-11-29,test,lstm_28d_regularized,55,54.343116760253906,0.6568832397460938
exclude_all_flagged,2025-11-30,test,lstm_28d_regularized,28,33.197608947753906,5.197608947753906
exclude_all_flagged,2025-12-01,test,lstm_28d_regularized,30,22.7331600189209,7.266839981079102
exclude_all_flagged,2025-12-02,test,lstm_28d_regularized,31,28.90637969970703,2.0936203002929688
exclude_all_flagged,2025-12-03,test,lstm_28d_regularized,28,36.597469329833984,8.597469329833984
exclude_all_flagged,2025-12-04,test,lstm_28d_regularized,37,39.252288818359375,2.252288818359375
exclude_all_flagged,2025-12-05,test,lstm_28d_regularized,50,47.469200134277344,2.5307998657226562
exclude_all_flagged,2025-12-06,test,lstm_28d_regularized,60,51.766754150390625,8.233245849609375
exclude_all_flagged,2025-12-07,test,lstm_28d_regularized,36,36.114990234375,0.114990234375
exclude_all_flagged,2025-12-08,test,lstm_28d_regularized,26,37.29890060424805,11.298900604248047
exclude_all_flagged,2025-12-09,test,lstm_28d_regularized,40,37.13444900512695,2.865550994873047
exclude_all_flagged,2025-12-10,test,lstm_28d_regularized,21,42.1681022644043,21.168102264404297
exclude_all_flagged,2025-12-11,test,lstm_28d_regularized,24,43.784996032714844,19.784996032714844
exclude_all_flagged,2025-12-12,test,lstm_28d_regularized,50,48.91606903076172,1.0839309692382812
exclude_all_flagged,2025-12-13,test,lstm_28d_regularized,52,54.671932220458984,2.6719322204589844
exclude_all_flagged,2025-12-14,test,lstm_28d_regularized,24,38.746826171875,14.746826171875
exclude_all_flagged,2025-12-15,test,lstm_28d_regularized,18,34.64976119995117,16.649761199951172
exclude_all_flagged,2025-12-16,test,lstm_28d_regularized,23,33.09552764892578,10.095527648925781
exclude_all_flagged,2025-12-17,test,lstm_28d_regularized,34,34.92669677734375,0.92669677734375
exclude_all_flagged,2025-12-18,test,lstm_28d_regularized,43,36.55154037475586,6.448459625244141
exclude_all_flagged,2025-12-19,test,lstm_28d_regularized,49,43.41519546508789,5.584804534912109
exclude_all_flagged,2025-12-20,test,lstm_28d_regularized,57,49.058109283447266,7.941890716552734
exclude_all_flagged,2025-12-21,test,lstm_28d_regularized,35,34.22815704345703,0.7718429565429688
exclude_all_flagged,2025-12-22,test,lstm_28d_regularized,28,31.15842628479004,3.158426284790039
exclude_all_flagged,2025-12-23,test,lstm_28d_regularized,27,31.782922744750977,4.782922744750977
exclude_all_flagged,2025-12-24,test,lstm_28d_regularized,40,33.59093475341797,6.409065246582031
exclude_all_flagged,2025-12-25,test,lstm_28d_regularized,31,36.033721923828125,5.033721923828125
exclude_all_flagged,2025-12-26,test,lstm_28d_regularized,40,39.19411087036133,0.8058891296386719
exclude_all_flagged,2025-12-27,test,lstm_28d_regularized,44,40.72148132324219,3.2785186767578125
exclude_all_flagged,2025-12-28,test,lstm_28d_regularized,30,29.254995346069336,0.7450046539306641
exclude_all_flagged,2025-12-29,test,lstm_28d_regularized,28,27.40406608581543,0.5959339141845703
exclude_all_flagged,2025-12-30,test,lstm_28d_regularized,36,26.858861923217773,9.141138076782227
exclude_all_flagged,2025-12-31,test,lstm_28d_regularized,55,36.34783172607422,18.65216827392578
exclude_all_flagged,2024-07-01,validation,gru_14d_small,14,24.29556655883789,10.29556655883789
exclude_all_flagged,2024-07-02,validation,gru_14d_small,17,28.389806747436523,11.389806747436523
exclude_all_flagged,2024-07-03,validation,gru_14d_small,23,32.9642219543457,9.964221954345703
exclude_all_flagged,2024-07-04,validation,gru_14d_small,26,43.61400604248047,17.61400604248047
exclude_all_flagged,2024-07-05,validation,gru_14d_small,59,58.89101028442383,0.10898971557617188
exclude_all_flagged,2024-07-06,validation,gru_14d_small,59,59.660072326660156,0.6600723266601562
exclude_all_flagged,2024-07-07,validation,gru_14d_small,22,24.39531135559082,2.3953113555908203
exclude_all_flagged,2024-07-08,validation,gru_14d_small,27,26.805278778076172,0.19472122192382812
exclude_all_flagged,2024-07-09,validation,gru_14d_small,33,36.18954086303711,3.1895408630371094
exclude_all_flagged,2024-07-10,validation,gru_14d_small,40,44.754329681396484,4.754329681396484
exclude_all_flagged,2024-07-11,validation,gru_14d_small,50,50.53474807739258,0.5347480773925781
exclude_all_flagged,2024-07-12,validation,gru_14d_small,58,60.0,2.0
exclude_all_flagged,2024-07-13,validation,gru_14d_small,60,60.0,0.0
exclude_all_flagged,2024-07-14,validation,gru_14d_small,25,26.47345542907715,1.4734554290771484
exclude_all_flagged,2024-07-15,validation,gru_14d_small,28,27.458463668823242,0.5415363311767578
exclude_all_flagged,2024-07-16,validation,gru_14d_small,36,29.689863204956055,6.310136795043945
exclude_all_flagged,2024-07-17,validation,gru_14d_small,27,34.07075500488281,7.0707550048828125
exclude_all_flagged,2024-07-18,validation,gru_14d_small,32,45.393978118896484,13.393978118896484
exclude_all_flagged,2024-07-19,validation,gru_14d_small,59,60.0,1.0
exclude_all_flagged,2024-07-20,validation,gru_14d_small,60,60.0,0.0
exclude_all_flagged,2024-07-21,validation,gru_14d_small,41,30.127870559692383,10.872129440307617
exclude_all_flagged,2024-07-22,validation,gru_14d_small,45,29.998916625976562,15.001083374023438
exclude_all_flagged,2024-07-23,validation,gru_14d_small,52,38.96275329589844,13.037246704101562
exclude_all_flagged,2024-07-24,validation,gru_14d_small,57,46.65860366821289,10.34139633178711
exclude_all_flagged,2024-07-25,validation,gru_14d_small,58,51.86308288574219,6.1369171142578125
exclude_all_flagged,2024-07-26,validation,gru_14d_small,60,60.0,0.0
exclude_all_flagged,2024-07-27,validation,gru_14d_small,60,60.0,0.0
exclude_all_flagged,2024-07-28,validation,gru_14d_small,28,37.837005615234375,9.837005615234375
exclude_all_flagged,2024-07-29,validation,gru_14d_small,22,35.130470275878906,13.130470275878906
exclude_all_flagged,2024-07-30,validation,gru_14d_small,27,34.22929382324219,7.2292938232421875
exclude_all_flagged,2024-07-31,validation,gru_14d_small,40,35.492305755615234,4.507694244384766
exclude_all_flagged,2024-08-01,validation,gru_14d_small,33,40.7431755065918,7.743175506591797
exclude_all_flagged,2024-08-02,validation,gru_14d_small,60,58.65819549560547,1.3418045043945312
exclude_all_flagged,2024-08-03,validation,gru_14d_small,60,60.0,0.0
exclude_all_flagged,2024-08-04,validation,gru_14d_small,22,30.44149398803711,8.44149398803711
exclude_all_flagged,2024-08-05,validation,gru_14d_small,24,28.33854103088379,4.338541030883789
exclude_all_flagged,2024-08-06,validation,gru_14d_small,30,34.282081604003906,4.282081604003906
exclude_all_flagged,2024-08-07,validation,gru_14d_small,37,41.79652786254883,4.796527862548828
exclude_all_flagged,2024-08-08,validation,gru_14d_small,41,51.92909240722656,10.929092407226562
exclude_all_flagged,2024-08-09,validation,gru_14d_small,55,60.0,5.0
exclude_all_flagged,2024-08-10,validation,gru_14d_small,59,60.0,1.0
exclude_all_flagged,2024-08-11,validation,gru_14d_small,26,31.73965835571289,5.739658355712891
exclude_all_flagged,2024-08-12,validation,gru_14d_small,31,28.89522361755371,2.104776382446289
exclude_all_flagged,2024-08-13,validation,gru_14d_small,52,34.53700256347656,17.462997436523438
exclude_all_flagged,2024-08-14,validation,gru_14d_small,36,44.41876983642578,8.418769836425781
exclude_all_flagged,2024-08-15,validation,gru_14d_small,50,47.053199768066406,2.9468002319335938
exclude_all_flagged,2024-08-16,validation,gru_14d_small,60,58.70296859741211,1.2970314025878906
exclude_all_flagged,2024-08-17,validation,gru_14d_small,60,60.0,0.0
exclude_all_flagged,2024-08-18,validation,gru_14d_small,25,28.711254119873047,3.711254119873047
exclude_all_flagged,2024-08-19,validation,gru_14d_small,33,27.681781768798828,5.318218231201172
exclude_all_flagged,2024-08-20,validation,gru_14d_small,27,30.223163604736328,3.223163604736328
exclude_all_flagged,2024-08-21,validation,gru_14d_small,38,34.66130447387695,3.338695526123047
exclude_all_flagged,2024-08-22,validation,gru_14d_small,45,41.14590835571289,3.8540916442871094
exclude_all_flagged,2024-08-23,validation,gru_14d_small,60,49.99615478515625,10.00384521484375
exclude_all_flagged,2024-08-24,validation,gru_14d_small,60,50.777427673339844,9.222572326660156
exclude_all_flagged,2024-08-25,validation,gru_14d_small,42,36.052330017089844,5.947669982910156
exclude_all_flagged,2024-08-26,validation,gru_14d_small,52,36.93018341064453,15.069816589355469
exclude_all_flagged,2024-08-27,validation,gru_14d_small,57,41.75861740112305,15.241382598876953
exclude_all_flagged,2024-08-28,validation,gru_14d_small,60,47.550472259521484,12.449527740478516
exclude_all_flagged,2024-08-29,validation,gru_14d_small,59,53.11083984375,5.88916015625
exclude_all_flagged,2024-08-30,validation,gru_14d_small,49,59.79837417602539,10.79837417602539
exclude_all_flagged,2024-09-01,validation,gru_14d_small,60,36.92072677612305,23.079273223876953
exclude_all_flagged,2024-09-02,validation,gru_14d_small,38,37.412322998046875,0.587677001953125
exclude_all_flagged,2024-09-03,validation,gru_14d_small,33,35.78366470336914,2.7836647033691406
exclude_all_flagged,2024-09-04,validation,gru_14d_small,31,37.814971923828125,6.814971923828125
exclude_all_flagged,2024-09-05,validation,gru_14d_small,36,42.09477233886719,6.0947723388671875
exclude_all_flagged,2024-09-06,validation,gru_14d_small,57,53.31409454345703,3.6859054565429688
exclude_all_flagged,2024-09-07,validation,gru_14d_small,59,55.62295150756836,3.3770484924316406
exclude_all_flagged,2024-09-08,validation,gru_14d_small,24,36.12005615234375,12.12005615234375
exclude_all_flagged,2024-09-09,validation,gru_14d_small,29,31.61355209350586,2.6135520935058594
exclude_all_flagged,2024-09-10,validation,gru_14d_small,25,36.903961181640625,11.903961181640625
exclude_all_flagged,2024-09-11,validation,gru_14d_small,22,39.22721862792969,17.227218627929688
exclude_all_flagged,2024-09-12,validation,gru_14d_small,39,44.39492416381836,5.394924163818359
exclude_all_flagged,2024-09-13,validation,gru_14d_small,59,57.584259033203125,1.415740966796875
exclude_all_flagged,2024-09-14,validation,gru_14d_small,60,57.81234359741211,2.1876564025878906
exclude_all_flagged,2024-09-15,validation,gru_14d_small,29,31.712841033935547,2.712841033935547
exclude_all_flagged,2024-09-16,validation,gru_14d_small,40,31.293428421020508,8.706571578979492
exclude_all_flagged,2024-09-17,validation,gru_14d_small,49,35.50252151489258,13.497478485107422
exclude_all_flagged,2024-09-18,validation,gru_14d_small,50,39.71201705932617,10.287982940673828
exclude_all_flagged,2024-09-19,validation,gru_14d_small,54,45.64390563964844,8.356094360351562
exclude_all_flagged,2024-09-20,validation,gru_14d_small,59,54.218326568603516,4.781673431396484
exclude_all_flagged,2024-09-21,validation,gru_14d_small,59,55.19743728637695,3.802562713623047
exclude_all_flagged,2024-09-22,validation,gru_14d_small,36,30.6060848236084,5.393915176391602
exclude_all_flagged,2024-09-23,validation,gru_14d_small,42,32.94975280761719,9.050247192382812
exclude_all_flagged,2024-09-24,validation,gru_14d_small,55,37.19308853149414,17.80691146850586
exclude_all_flagged,2024-09-25,validation,gru_14d_small,56,44.06466293334961,11.93533706665039
exclude_all_flagged,2024-09-26,validation,gru_14d_small,56,49.137454986572266,6.862545013427734
exclude_all_flagged,2024-09-27,validation,gru_14d_small,59,54.090087890625,4.909912109375
exclude_all_flagged,2024-09-28,validation,gru_14d_small,57,52.148033142089844,4.851966857910156
exclude_all_flagged,2024-09-29,validation,gru_14d_small,38,38.19902420043945,0.19902420043945312
exclude_all_flagged,2024-09-30,validation,gru_14d_small,30,39.71169662475586,9.71169662475586
exclude_all_flagged,2024-10-01,validation,gru_14d_small,14,37.09866714477539,23.09866714477539
exclude_all_flagged,2024-10-02,validation,gru_14d_small,11,33.164886474609375,22.164886474609375
exclude_all_flagged,2024-10-03,validation,gru_14d_small,39,33.868446350097656,5.131553649902344
exclude_all_flagged,2024-10-04,validation,gru_14d_small,60,51.79581832885742,8.204181671142578
exclude_all_flagged,2024-10-05,validation,gru_14d_small,58,53.07015609741211,4.929843902587891
exclude_all_flagged,2024-10-06,validation,gru_14d_small,25,27.33799934387207,2.3379993438720703
exclude_all_flagged,2024-10-07,validation,gru_14d_small,22,26.651445388793945,4.651445388793945
exclude_all_flagged,2024-10-08,validation,gru_14d_small,30,28.87568473815918,1.1243152618408203
exclude_all_flagged,2024-10-09,validation,gru_14d_small,38,33.85391616821289,4.146083831787109
exclude_all_flagged,2024-10-10,validation,gru_14d_small,59,42.41019058227539,16.58980941772461
exclude_all_flagged,2024-10-11,validation,gru_14d_small,60,54.08220672607422,5.917793273925781
exclude_all_flagged,2024-10-12,validation,gru_14d_small,60,52.837711334228516,7.162288665771484
exclude_all_flagged,2024-10-13,validation,gru_14d_small,60,28.58712387084961,31.41287612915039
exclude_all_flagged,2024-10-14,validation,gru_14d_small,18,29.718299865722656,11.718299865722656
exclude_all_flagged,2024-10-15,validation,gru_14d_small,24,27.944337844848633,3.944337844848633
exclude_all_flagged,2024-10-16,validation,gru_14d_small,34,28.833955764770508,5.166044235229492
exclude_all_flagged,2024-10-17,validation,gru_14d_small,51,35.631195068359375,15.368804931640625
exclude_all_flagged,2024-10-18,validation,gru_14d_small,60,47.21913146972656,12.780868530273438
exclude_all_flagged,2024-10-19,validation,gru_14d_small,60,49.27883529663086,10.72116470336914
exclude_all_flagged,2024-10-20,validation,gru_14d_small,44,31.129425048828125,12.870574951171875
exclude_all_flagged,2024-10-21,validation,gru_14d_small,31,27.59406280517578,3.4059371948242188
exclude_all_flagged,2024-10-22,validation,gru_14d_small,37,30.912506103515625,6.087493896484375
exclude_all_flagged,2024-10-23,validation,gru_14d_small,51,38.23551940917969,12.764480590820312
exclude_all_flagged,2024-10-24,validation,gru_14d_small,58,48.34186553955078,9.658134460449219
exclude_all_flagged,2024-10-25,validation,gru_14d_small,59,55.2873649597168,3.712635040283203
exclude_all_flagged,2024-10-26,validation,gru_14d_small,59,54.346683502197266,4.653316497802734
exclude_all_flagged,2024-10-27,validation,gru_14d_small,59,42.3926887512207,16.607311248779297
exclude_all_flagged,2024-10-28,validation,gru_14d_small,21,35.697715759277344,14.697715759277344
exclude_all_flagged,2024-10-29,validation,gru_14d_small,23,31.18337631225586,8.18337631225586
exclude_all_flagged,2024-10-30,validation,gru_14d_small,26,31.37201690673828,5.372016906738281
exclude_all_flagged,2024-10-31,validation,gru_14d_small,40,39.69907760620117,0.3009223937988281
exclude_all_flagged,2024-11-01,validation,gru_14d_small,60,51.090816497802734,8.909183502197266
exclude_all_flagged,2024-11-02,validation,gru_14d_small,60,53.75935745239258,6.240642547607422
exclude_all_flagged,2024-11-03,validation,gru_14d_small,26,35.50954818725586,9.50954818725586
exclude_all_flagged,2024-11-04,validation,gru_14d_small,16,29.310823440551758,13.310823440551758
exclude_all_flagged,2024-11-05,validation,gru_14d_small,16,30.828895568847656,14.828895568847656
exclude_all_flagged,2024-11-06,validation,gru_14d_small,29,36.460994720458984,7.460994720458984
exclude_all_flagged,2024-11-07,validation,gru_14d_small,47,47.87942123413086,0.8794212341308594
exclude_all_flagged,2024-11-08,validation,gru_14d_small,59,56.77995681762695,2.220043182373047
exclude_all_flagged,2024-11-09,validation,gru_14d_small,60,57.70293045043945,2.297069549560547
exclude_all_flagged,2024-11-10,validation,gru_14d_small,60,46.39256286621094,13.607437133789062
exclude_all_flagged,2024-11-11,validation,gru_14d_small,38,32.70466613769531,5.2953338623046875
exclude_all_flagged,2024-11-12,validation,gru_14d_small,54,36.738792419433594,17.261207580566406
exclude_all_flagged,2024-11-13,validation,gru_14d_small,36,45.35648727416992,9.356487274169922
exclude_all_flagged,2024-11-14,validation,gru_14d_small,53,50.24513626098633,2.754863739013672
exclude_all_flagged,2024-11-15,validation,gru_14d_small,60,57.887325286865234,2.1126747131347656
exclude_all_flagged,2024-11-16,validation,gru_14d_small,60,58.82696533203125,1.17303466796875
exclude_all_flagged,2024-11-17,validation,gru_14d_small,15,43.47017288208008,28.470172882080078
exclude_all_flagged,2024-11-18,validation,gru_14d_small,12,34.103912353515625,22.103912353515625
exclude_all_flagged,2024-11-19,validation,gru_14d_small,23,31.157997131347656,8.157997131347656
exclude_all_flagged,2024-11-20,validation,gru_14d_small,34,37.504154205322266,3.5041542053222656
exclude_all_flagged,2024-11-21,validation,gru_14d_small,29,46.536659240722656,17.536659240722656
exclude_all_flagged,2024-11-22,validation,gru_14d_small,50,54.8448600769043,4.844860076904297
exclude_all_flagged,2024-11-23,validation,gru_14d_small,56,57.00267028808594,1.0026702880859375
exclude_all_flagged,2024-11-24,validation,gru_14d_small,25,40.73477554321289,15.73477554321289
exclude_all_flagged,2024-11-25,validation,gru_14d_small,25,31.251569747924805,6.251569747924805
exclude_all_flagged,2024-11-26,validation,gru_14d_small,23,34.76036834716797,11.760368347167969
exclude_all_flagged,2024-11-27,validation,gru_14d_small,43,37.25297546386719,5.7470245361328125
exclude_all_flagged,2024-11-28,validation,gru_14d_small,58,48.521724700927734,9.478275299072266
exclude_all_flagged,2024-11-29,validation,gru_14d_small,59,56.88605499267578,2.1139450073242188
exclude_all_flagged,2024-11-30,validation,gru_14d_small,59,46.702659606933594,12.297340393066406
exclude_all_flagged,2024-12-01,validation,gru_14d_small,28,24.6568660736084,3.3431339263916016
exclude_all_flagged,2024-12-02,validation,gru_14d_small,22,21.73535919189453,0.26464080810546875
exclude_all_flagged,2024-12-03,validation,gru_14d_small,34,25.557231903076172,8.442768096923828
exclude_all_flagged,2024-12-04,validation,gru_14d_small,38,29.27168846130371,8.728311538696289
exclude_all_flagged,2024-12-05,validation,gru_14d_small,29,35.368072509765625,6.368072509765625
exclude_all_flagged,2024-12-06,validation,gru_14d_small,60,49.61537551879883,10.384624481201172
exclude_all_flagged,2024-12-07,validation,gru_14d_small,60,57.231407165527344,2.7685928344726562
exclude_all_flagged,2024-12-08,validation,gru_14d_small,27,30.172029495239258,3.172029495239258
exclude_all_flagged,2024-12-09,validation,gru_14d_small,24,23.74829864501953,0.25170135498046875
exclude_all_flagged,2024-12-10,validation,gru_14d_small,26,26.132177352905273,0.13217735290527344
exclude_all_flagged,2024-12-11,validation,gru_14d_small,32,27.57767105102539,4.422328948974609
exclude_all_flagged,2024-12-12,validation,gru_14d_small,29,36.85033416748047,7.850334167480469
exclude_all_flagged,2024-12-13,validation,gru_14d_small,47,52.76341247558594,5.7634124755859375
exclude_all_flagged,2024-12-14,validation,gru_14d_small,58,55.80158615112305,2.198413848876953
exclude_all_flagged,2024-12-15,validation,gru_14d_small,34,24.044931411743164,9.955068588256836
exclude_all_flagged,2024-12-16,validation,gru_14d_small,23,23.252782821655273,0.25278282165527344
exclude_all_flagged,2024-12-17,validation,gru_14d_small,26,25.358903884887695,0.6410961151123047
exclude_all_flagged,2024-12-18,validation,gru_14d_small,32,27.88298797607422,4.117012023925781
exclude_all_flagged,2024-12-19,validation,gru_14d_small,25,29.01127815246582,4.01127815246582
exclude_all_flagged,2024-12-20,validation,gru_14d_small,52,42.35844421386719,9.641555786132812
exclude_all_flagged,2024-12-21,validation,gru_14d_small,59,50.66410827636719,8.335891723632812
exclude_all_flagged,2024-12-22,validation,gru_14d_small,31,25.306074142456055,5.693925857543945
exclude_all_flagged,2024-12-23,validation,gru_14d_small,35,21.87590217590332,13.12409782409668
exclude_all_flagged,2024-12-24,validation,gru_14d_small,45,24.02174186706543,20.97825813293457
exclude_all_flagged,2024-12-25,validation,gru_14d_small,40,29.62773895263672,10.372261047363281
exclude_all_flagged,2024-12-26,validation,gru_14d_small,48,33.95669174194336,14.04330825805664
exclude_all_flagged,2024-12-27,validation,gru_14d_small,56,40.71467208862305,15.285327911376953
exclude_all_flagged,2024-12-28,validation,gru_14d_small,58,44.626277923583984,13.373722076416016
exclude_all_flagged,2024-12-29,validation,gru_14d_small,39,28.095684051513672,10.904315948486328
exclude_all_flagged,2024-12-30,validation,gru_14d_small,39,26.80733871459961,12.19266128540039
exclude_all_flagged,2024-12-31,validation,gru_14d_small,50,31.821922302246094,18.178077697753906
exclude_all_flagged,2025-01-01,test,gru_14d_small,11,33.35615921020508,22.356159210205078
exclude_all_flagged,2025-01-02,test,gru_14d_small,15,25.87995719909668,10.87995719909668
exclude_all_flagged,2025-01-03,test,gru_14d_small,17,30.6594295501709,13.659429550170898
exclude_all_flagged,2025-01-04,test,gru_14d_small,22,35.15976333618164,13.15976333618164
exclude_all_flagged,2025-01-16,test,gru_14d_small,1,36.234130859375,35.234130859375
exclude_all_flagged,2025-01-17,test,gru_14d_small,23,41.019447326660156,18.019447326660156
exclude_all_flagged,2025-01-18,test,gru_14d_small,44,41.26914596557617,2.730854034423828
exclude_all_flagged,2025-01-19,test,gru_14d_small,13,35.87751007080078,22.87751007080078
exclude_all_flagged,2025-01-20,test,gru_14d_small,5,35.99223709106445,30.992237091064453
exclude_all_flagged,2025-01-21,test,gru_14d_small,2,36.73326110839844,34.73326110839844
exclude_all_flagged,2025-01-22,test,gru_14d_small,13,37.40813446044922,24.40813446044922
exclude_all_flagged,2025-01-23,test,gru_14d_small,14,40.3746223449707,26.374622344970703
exclude_all_flagged,2025-01-24,test,gru_14d_small,56,42.297645568847656,13.702354431152344
exclude_all_flagged,2025-01-25,test,gru_14d_small,58,38.92674255371094,19.073257446289062
exclude_all_flagged,2025-01-26,test,gru_14d_small,20,31.45803451538086,11.45803451538086
exclude_all_flagged,2025-01-27,test,gru_14d_small,17,25.71934700012207,8.71934700012207
exclude_all_flagged,2025-01-28,test,gru_14d_small,21,25.90363311767578,4.903633117675781
exclude_all_flagged,2025-01-29,test,gru_14d_small,25,21.591995239257812,3.4080047607421875
exclude_all_flagged,2025-01-30,test,gru_14d_small,28,24.329984664916992,3.670015335083008
exclude_all_flagged,2025-01-31,test,gru_14d_small,53,29.770566940307617,23.229433059692383
exclude_all_flagged,2025-02-01,test,gru_14d_small,59,40.55379104614258,18.446208953857422
exclude_all_flagged,2025-02-02,test,gru_14d_small,19,24.788928985595703,5.788928985595703
exclude_all_flagged,2025-02-03,test,gru_14d_small,23,22.37527847290039,0.6247215270996094
exclude_all_flagged,2025-02-04,test,gru_14d_small,25,22.176834106445312,2.8231658935546875
exclude_all_flagged,2025-02-05,test,gru_14d_small,25,24.017852783203125,0.982147216796875
exclude_all_flagged,2025-02-06,test,gru_14d_small,26,26.19395637512207,0.1939563751220703
exclude_all_flagged,2025-02-07,test,gru_14d_small,31,33.25642013549805,2.256420135498047
exclude_all_flagged,2025-02-08,test,gru_14d_small,46,32.77880859375,13.22119140625
exclude_all_flagged,2025-02-09,test,gru_14d_small,13,24.818952560424805,11.818952560424805
exclude_all_flagged,2025-02-10,test,gru_14d_small,16,23.59454917907715,7.594549179077148
exclude_all_flagged,2025-02-11,test,gru_14d_small,21,24.251705169677734,3.2517051696777344
exclude_all_flagged,2025-02-12,test,gru_14d_small,21,25.2780704498291,4.278070449829102
exclude_all_flagged,2025-02-13,test,gru_14d_small,25,27.246257781982422,2.246257781982422
exclude_all_flagged,2025-02-14,test,gru_14d_small,60,36.59820556640625,23.40179443359375
exclude_all_flagged,2025-02-15,test,gru_14d_small,54,45.716861724853516,8.283138275146484
exclude_all_flagged,2025-02-16,test,gru_14d_small,31,26.096696853637695,4.903303146362305
exclude_all_flagged,2025-02-17,test,gru_14d_small,20,23.158206939697266,3.1582069396972656
exclude_all_flagged,2025-02-18,test,gru_14d_small,31,21.161624908447266,9.838375091552734
exclude_all_flagged,2025-02-19,test,gru_14d_small,37,23.246118545532227,13.753881454467773
exclude_all_flagged,2025-02-20,test,gru_14d_small,44,27.722043991088867,16.277956008911133
exclude_all_flagged,2025-02-21,test,gru_14d_small,59,42.452789306640625,16.547210693359375
exclude_all_flagged,2025-02-22,test,gru_14d_small,59,47.42804718017578,11.571952819824219
exclude_all_flagged,2025-02-23,test,gru_14d_small,11,27.97838020324707,16.97838020324707
exclude_all_flagged,2025-02-24,test,gru_14d_small,29,22.307703018188477,6.692296981811523
exclude_all_flagged,2025-02-25,test,gru_14d_small,22,21.75674057006836,0.24325942993164062
exclude_all_flagged,2025-02-26,test,gru_14d_small,35,23.12051010131836,11.87948989868164
exclude_all_flagged,2025-02-27,test,gru_14d_small,32,28.294519424438477,3.7054805755615234
exclude_all_flagged,2025-02-28,test,gru_14d_small,53,40.12880325317383,12.871196746826172
exclude_all_flagged,2025-03-01,test,gru_14d_small,58,50.07176971435547,7.928230285644531
exclude_all_flagged,2025-03-02,test,gru_14d_small,11,24.323762893676758,13.323762893676758
exclude_all_flagged,2025-03-03,test,gru_14d_small,35,22.60569190979004,12.394308090209961
exclude_all_flagged,2025-03-04,test,gru_14d_small,35,24.84334945678711,10.15665054321289
exclude_all_flagged,2025-03-05,test,gru_14d_small,39,27.60759162902832,11.39240837097168
exclude_all_flagged,2025-03-06,test,gru_14d_small,35,30.306299209594727,4.693700790405273
exclude_all_flagged,2025-03-07,test,gru_14d_small,60,39.62382507324219,20.376174926757812
exclude_all_flagged,2025-03-08,test,gru_14d_small,59,41.462833404541016,17.537166595458984
exclude_all_flagged,2025-03-09,test,gru_14d_small,20,23.76618766784668,3.7661876678466797
exclude_all_flagged,2025-03-10,test,gru_14d_small,32,23.582569122314453,8.417430877685547
exclude_all_flagged,2025-03-11,test,gru_14d_small,31,24.82489776611328,6.175102233886719
exclude_all_flagged,2025-03-12,test,gru_14d_small,37,26.116191864013672,10.883808135986328
exclude_all_flagged,2025-03-13,test,gru_14d_small,42,28.696956634521484,13.303043365478516
exclude_all_flagged,2025-03-14,test,gru_14d_small,58,44.30696105957031,13.693038940429688
exclude_all_flagged,2025-03-15,test,gru_14d_small,59,43.63639450073242,15.363605499267578
exclude_all_flagged,2025-03-16,test,gru_14d_small,34,25.329416275024414,8.670583724975586
exclude_all_flagged,2025-03-17,test,gru_14d_small,31,25.368568420410156,5.631431579589844
exclude_all_flagged,2025-03-18,test,gru_14d_small,32,27.83580207824707,4.16419792175293
exclude_all_flagged,2025-03-19,test,gru_14d_small,24,29.651187896728516,5.651187896728516
exclude_all_flagged,2025-03-20,test,gru_14d_small,49,31.17873764038086,17.82126235961914
exclude_all_flagged,2025-03-21,test,gru_14d_small,58,43.74665832519531,14.253341674804688
exclude_all_flagged,2025-03-22,test,gru_14d_small,60,42.30442810058594,17.695571899414062
exclude_all_flagged,2025-03-23,test,gru_14d_small,30,25.449865341186523,4.550134658813477
exclude_all_flagged,2025-03-24,test,gru_14d_small,30,24.97641944885254,5.023580551147461
exclude_all_flagged,2025-03-25,test,gru_14d_small,30,26.17436408996582,3.8256359100341797
exclude_all_flagged,2025-03-26,test,gru_14d_small,35,28.201095581054688,6.7989044189453125
exclude_all_flagged,2025-03-27,test,gru_14d_small,43,30.006237030029297,12.993762969970703
exclude_all_flagged,2025-03-28,test,gru_14d_small,58,41.91654586791992,16.083454132080078
exclude_all_flagged,2025-03-29,test,gru_14d_small,58,42.24913024902344,15.750869750976562
exclude_all_flagged,2025-03-30,test,gru_14d_small,40,24.339153289794922,15.660846710205078
exclude_all_flagged,2025-03-31,test,gru_14d_small,33,27.582416534423828,5.417583465576172
exclude_all_flagged,2025-04-01,test,gru_14d_small,23,27.88770866394043,4.88770866394043
exclude_all_flagged,2025-04-02,test,gru_14d_small,24,30.076644897460938,6.0766448974609375
exclude_all_flagged,2025-04-03,test,gru_14d_small,33,33.62884521484375,0.62884521484375
exclude_all_flagged,2025-04-04,test,gru_14d_small,59,45.90022659301758,13.099773406982422
exclude_all_flagged,2025-04-05,test,gru_14d_small,59,44.8578987121582,14.142101287841797
exclude_all_flagged,2025-04-06,test,gru_14d_small,36,28.51422882080078,7.485771179199219
exclude_all_flagged,2025-04-07,test,gru_14d_small,19,27.736604690551758,8.736604690551758
exclude_all_flagged,2025-04-08,test,gru_14d_small,23,27.63213539123535,4.632135391235352
exclude_all_flagged,2025-04-09,test,gru_14d_small,28,28.77958869934082,0.7795886993408203
exclude_all_flagged,2025-04-10,test,gru_14d_small,50,31.30940055847168,18.69059944152832
exclude_all_flagged,2025-04-11,test,gru_14d_small,59,43.46366500854492,15.536334991455078
exclude_all_flagged,2025-04-12,test,gru_14d_small,59,45.25881576538086,13.74118423461914
exclude_all_flagged,2025-04-13,test,gru_14d_small,32,29.92728042602539,2.0727195739746094
exclude_all_flagged,2025-04-14,test,gru_14d_small,39,25.939916610717773,13.060083389282227
exclude_all_flagged,2025-04-15,test,gru_14d_small,33,28.214155197143555,4.785844802856445
exclude_all_flagged,2025-04-16,test,gru_14d_small,34,30.720827102661133,3.279172897338867
exclude_all_flagged,2025-04-17,test,gru_14d_small,43,35.80062484741211,7.199375152587891
exclude_all_flagged,2025-04-18,test,gru_14d_small,60,47.89665603637695,12.103343963623047
exclude_all_flagged,2025-04-19,test,gru_14d_small,59,47.49934387207031,11.500656127929688
exclude_all_flagged,2025-04-20,test,gru_14d_small,27,30.767675399780273,3.7676753997802734
exclude_all_flagged,2025-04-21,test,gru_14d_small,39,29.11398696899414,9.88601303100586
exclude_all_flagged,2025-04-22,test,gru_14d_small,44,30.675487518310547,13.324512481689453
exclude_all_flagged,2025-04-23,test,gru_14d_small,36,34.11650466918945,1.8834953308105469
exclude_all_flagged,2025-04-24,test,gru_14d_small,50,36.90053176879883,13.099468231201172
exclude_all_flagged,2025-04-25,test,gru_14d_small,55,45.887107849121094,9.112892150878906
exclude_all_flagged,2025-04-26,test,gru_14d_small,59,45.115806579589844,13.884193420410156
exclude_all_flagged,2025-04-27,test,gru_14d_small,21,31.2729549407959,10.272954940795898
exclude_all_flagged,2025-04-28,test,gru_14d_small,30,29.61408233642578,0.38591766357421875
exclude_all_flagged,2025-04-29,test,gru_14d_small,35,30.028331756591797,4.971668243408203
exclude_all_flagged,2025-04-30,test,gru_14d_small,29,30.170326232910156,1.1703262329101562
exclude_all_flagged,2025-05-01,test,gru_14d_small,30,32.78337097167969,2.7833709716796875
exclude_all_flagged,2025-05-02,test,gru_14d_small,58,44.41921615600586,13.58078384399414
exclude_all_flagged,2025-05-03,test,gru_14d_small,59,44.38352584838867,14.616474151611328
exclude_all_flagged,2025-05-04,test,gru_14d_small,19,25.131397247314453,6.131397247314453
exclude_all_flagged,2025-05-05,test,gru_14d_small,8,21.575061798095703,13.575061798095703
exclude_all_flagged,2025-05-06,test,gru_14d_small,13,21.924467086791992,8.924467086791992
exclude_all_flagged,2025-05-07,test,gru_14d_small,43,23.95591926574707,19.04408073425293
exclude_all_flagged,2025-05-08,test,gru_14d_small,54,32.717079162597656,21.282920837402344
exclude_all_flagged,2025-05-09,test,gru_14d_small,60,41.15467071533203,18.84532928466797
exclude_all_flagged,2025-05-10,test,gru_14d_small,59,45.80604934692383,13.193950653076172
exclude_all_flagged,2025-05-11,test,gru_14d_small,15,26.72751808166504,11.727518081665039
exclude_all_flagged,2025-05-12,test,gru_14d_small,34,25.021909713745117,8.978090286254883
exclude_all_flagged,2025-05-13,test,gru_14d_small,44,27.543542861938477,16.456457138061523
exclude_all_flagged,2025-05-14,test,gru_14d_small,56,28.808273315429688,27.191726684570312
exclude_all_flagged,2025-05-15,test,gru_14d_small,50,33.195945739746094,16.804054260253906
exclude_all_flagged,2025-05-16,test,gru_14d_small,59,43.19047164916992,15.809528350830078
exclude_all_flagged,2025-05-17,test,gru_14d_small,58,47.38227462768555,10.617725372314453
exclude_all_flagged,2025-05-18,test,gru_14d_small,36,28.496992111206055,7.503007888793945
exclude_all_flagged,2025-05-19,test,gru_14d_small,22,26.522409439086914,4.522409439086914
exclude_all_flagged,2025-05-20,test,gru_14d_small,26,25.877716064453125,0.122283935546875
exclude_all_flagged,2025-05-21,test,gru_14d_small,22,28.104509353637695,6.104509353637695
exclude_all_flagged,2025-05-22,test,gru_14d_small,20,32.05571746826172,12.055717468261719
exclude_all_flagged,2025-05-23,test,gru_14d_small,56,37.07722854614258,18.922771453857422
exclude_all_flagged,2025-05-24,test,gru_14d_small,57,48.3227424621582,8.677257537841797
exclude_all_flagged,2025-05-25,test,gru_14d_small,52,30.057863235473633,21.942136764526367
exclude_all_flagged,2025-05-26,test,gru_14d_small,9,28.835453033447266,19.835453033447266
exclude_all_flagged,2025-05-27,test,gru_14d_small,9,28.156295776367188,19.156295776367188
exclude_all_flagged,2025-05-28,test,gru_14d_small,17,28.804872512817383,11.804872512817383
exclude_all_flagged,2025-05-29,test,gru_14d_small,37,30.80433464050293,6.19566535949707
exclude_all_flagged,2025-05-30,test,gru_14d_small,54,38.75141143798828,15.248588562011719
exclude_all_flagged,2025-05-31,test,gru_14d_small,58,47.783470153808594,10.216529846191406
exclude_all_flagged,2025-06-01,test,gru_14d_small,45,32.71951675415039,12.28048324584961
exclude_all_flagged,2025-06-02,test,gru_14d_small,25,27.693490982055664,2.693490982055664
exclude_all_flagged,2025-06-03,test,gru_14d_small,25,29.814226150512695,4.814226150512695
exclude_all_flagged,2025-06-04,test,gru_14d_small,39,35.83511734008789,3.1648826599121094
exclude_all_flagged,2025-06-05,test,gru_14d_small,34,42.774044036865234,8.774044036865234
exclude_all_flagged,2025-06-06,test,gru_14d_small,58,51.27647399902344,6.7235260009765625
exclude_all_flagged,2025-06-07,test,gru_14d_small,57,53.791778564453125,3.208221435546875
exclude_all_flagged,2025-06-08,test,gru_14d_small,29,35.06199264526367,6.061992645263672
exclude_all_flagged,2025-06-09,test,gru_14d_small,34,35.65024185180664,1.6502418518066406
exclude_all_flagged,2025-06-10,test,gru_14d_small,48,40.13759994506836,7.862400054931641
exclude_all_flagged,2025-06-11,test,gru_14d_small,39,47.238525390625,8.238525390625
exclude_all_flagged,2025-06-12,test,gru_14d_small,44,50.7771110534668,6.777111053466797
exclude_all_flagged,2025-06-13,test,gru_14d_small,60,54.335899353027344,5.664100646972656
exclude_all_flagged,2025-06-14,test,gru_14d_small,59,55.90911102294922,3.0908889770507812
exclude_all_flagged,2025-06-15,test,gru_14d_small,16,37.905887603759766,21.905887603759766
exclude_all_flagged,2025-06-16,test,gru_14d_small,10,30.0772705078125,20.0772705078125
exclude_all_flagged,2025-06-17,test,gru_14d_small,22,28.350460052490234,6.350460052490234
exclude_all_flagged,2025-06-18,test,gru_14d_small,13,30.77957534790039,17.77957534790039
exclude_all_flagged,2025-06-19,test,gru_14d_small,31,32.533077239990234,1.5330772399902344
exclude_all_flagged,2025-06-20,test,gru_14d_small,60,46.52370071411133,13.476299285888672
exclude_all_flagged,2025-06-21,test,gru_14d_small,57,50.10422134399414,6.895778656005859
exclude_all_flagged,2025-06-22,test,gru_14d_small,19,27.837661743164062,8.837661743164062
exclude_all_flagged,2025-06-23,test,gru_14d_small,19,23.939273834228516,4.939273834228516
exclude_all_flagged,2025-06-24,test,gru_14d_small,34,25.5899715423584,8.410028457641602
exclude_all_flagged,2025-06-25,test,gru_14d_small,36,29.881986618041992,6.118013381958008
exclude_all_flagged,2025-06-26,test,gru_14d_small,31,37.25773620605469,6.2577362060546875
exclude_all_flagged,2025-06-27,test,gru_14d_small,59,48.37069320678711,10.62930679321289
exclude_all_flagged,2025-06-28,test,gru_14d_small,59,54.20502853393555,4.794971466064453
exclude_all_flagged,2025-06-29,test,gru_14d_small,32,27.046493530273438,4.9535064697265625
exclude_all_flagged,2025-06-30,test,gru_14d_small,25,27.4034366607666,2.4034366607666016
exclude_all_flagged,2025-07-01,test,gru_14d_small,29,26.04611587524414,2.9538841247558594
exclude_all_flagged,2025-07-02,test,gru_14d_small,23,27.79532814025879,4.795328140258789
exclude_all_flagged,2025-07-03,test,gru_14d_small,30,31.587135314941406,1.5871353149414062
exclude_all_flagged,2025-07-04,test,gru_14d_small,57,44.45399475097656,12.546005249023438
exclude_all_flagged,2025-07-05,test,gru_14d_small,59,54.60183334350586,4.398166656494141
exclude_all_flagged,2025-07-06,test,gru_14d_small,32,28.167057037353516,3.8329429626464844
exclude_all_flagged,2025-07-07,test,gru_14d_small,23,27.084835052490234,4.084835052490234
exclude_all_flagged,2025-07-08,test,gru_14d_small,39,30.51751136779785,8.482488632202148
exclude_all_flagged,2025-07-09,test,gru_14d_small,44,34.73406219482422,9.265937805175781
exclude_all_flagged,2025-07-10,test,gru_14d_small,45,40.908714294433594,4.091285705566406
exclude_all_flagged,2025-07-11,test,gru_14d_small,60,56.56245040893555,3.437549591064453
exclude_all_flagged,2025-07-12,test,gru_14d_small,59,57.15043258666992,1.8495674133300781
exclude_all_flagged,2025-07-13,test,gru_14d_small,30,25.423391342163086,4.576608657836914
exclude_all_flagged,2025-07-14,test,gru_14d_small,29,22.399276733398438,6.6007232666015625
exclude_all_flagged,2025-07-15,test,gru_14d_small,30,23.98335075378418,6.01664924621582
exclude_all_flagged,2025-07-16,test,gru_14d_small,26,26.41063690185547,0.41063690185546875
exclude_all_flagged,2025-07-17,test,gru_14d_small,36,30.56557273864746,5.434427261352539
exclude_all_flagged,2025-07-18,test,gru_14d_small,60,47.87527084350586,12.12472915649414
exclude_all_flagged,2025-07-19,test,gru_14d_small,60,56.513885498046875,3.486114501953125
exclude_all_flagged,2025-07-20,test,gru_14d_small,37,25.08123207092285,11.918767929077148
exclude_all_flagged,2025-07-21,test,gru_14d_small,43,24.524465560913086,18.475534439086914
exclude_all_flagged,2025-07-22,test,gru_14d_small,27,31.48008155822754,4.480081558227539
exclude_all_flagged,2025-07-23,test,gru_14d_small,32,36.40586853027344,4.4058685302734375
exclude_all_flagged,2025-07-24,test,gru_14d_small,42,42.13304901123047,0.13304901123046875
exclude_all_flagged,2025-07-25,test,gru_14d_small,58,57.86945724487305,0.13054275512695312
exclude_all_flagged,2025-07-26,test,gru_14d_small,60,56.7906379699707,3.209362030029297
exclude_all_flagged,2025-07-27,test,gru_14d_small,29,27.87469482421875,1.12530517578125
exclude_all_flagged,2025-07-28,test,gru_14d_small,27,24.965986251831055,2.0340137481689453
exclude_all_flagged,2025-07-29,test,gru_14d_small,28,25.672212600708008,2.327787399291992
exclude_all_flagged,2025-07-30,test,gru_14d_small,25,27.509218215942383,2.509218215942383
exclude_all_flagged,2025-07-31,test,gru_14d_small,38,32.43829345703125,5.56170654296875
exclude_all_flagged,2025-08-01,test,gru_14d_small,57,49.93728256225586,7.062717437744141
exclude_all_flagged,2025-08-02,test,gru_14d_small,59,56.739009857177734,2.2609901428222656
exclude_all_flagged,2025-08-03,test,gru_14d_small,18,26.382862091064453,8.382862091064453
exclude_all_flagged,2025-08-04,test,gru_14d_small,21,24.72602081298828,3.7260208129882812
exclude_all_flagged,2025-08-05,test,gru_14d_small,18,28.40741729736328,10.407417297363281
exclude_all_flagged,2025-08-06,test,gru_14d_small,18,32.97978973388672,14.979789733886719
exclude_all_flagged,2025-08-07,test,gru_14d_small,19,38.49445343017578,19.49445343017578
exclude_all_flagged,2025-08-08,test,gru_14d_small,52,55.397647857666016,3.3976478576660156
exclude_all_flagged,2025-08-09,test,gru_14d_small,57,57.93482208251953,0.9348220825195312
exclude_all_flagged,2025-08-10,test,gru_14d_small,42,25.8743896484375,16.1256103515625
exclude_all_flagged,2025-08-11,test,gru_14d_small,22,26.480260848999023,4.480260848999023
exclude_all_flagged,2025-08-12,test,gru_14d_small,36,26.678882598876953,9.321117401123047
exclude_all_flagged,2025-08-13,test,gru_14d_small,39,31.12799835205078,7.872001647949219
exclude_all_flagged,2025-08-14,test,gru_14d_small,46,37.583778381347656,8.416221618652344
exclude_all_flagged,2025-08-15,test,gru_14d_small,60,56.257781982421875,3.742218017578125
exclude_all_flagged,2025-08-16,test,gru_14d_small,59,57.75719451904297,1.2428054809570312
exclude_all_flagged,2025-08-17,test,gru_14d_small,26,26.78174591064453,0.7817459106445312
exclude_all_flagged,2025-08-18,test,gru_14d_small,36,24.89239501953125,11.10760498046875
exclude_all_flagged,2025-08-19,test,gru_14d_small,24,28.328344345092773,4.328344345092773
exclude_all_flagged,2025-08-20,test,gru_14d_small,32,30.101909637451172,1.8980903625488281
exclude_all_flagged,2025-08-21,test,gru_14d_small,42,36.344200134277344,5.655799865722656
exclude_all_flagged,2025-08-22,test,gru_14d_small,60,50.63101577758789,9.36898422241211
exclude_all_flagged,2025-08-23,test,gru_14d_small,59,56.49136734008789,2.5086326599121094
exclude_all_flagged,2025-08-24,test,gru_14d_small,48,30.394908905029297,17.605091094970703
exclude_all_flagged,2025-08-25,test,gru_14d_small,55,31.41977882385254,23.58022117614746
exclude_all_flagged,2025-08-26,test,gru_14d_small,59,36.50699996948242,22.493000030517578
exclude_all_flagged,2025-08-27,test,gru_14d_small,60,41.48924255371094,18.510757446289062
exclude_all_flagged,2025-08-28,test,gru_14d_small,60,45.98542404174805,14.014575958251953
exclude_all_flagged,2025-08-29,test,gru_14d_small,57,52.44298553466797,4.557014465332031
exclude_all_flagged,2025-08-30,test,gru_14d_small,59,53.15448760986328,5.845512390136719
exclude_all_flagged,2025-08-31,test,gru_14d_small,59,36.52171325683594,22.478286743164062
exclude_all_flagged,2025-09-01,test,gru_14d_small,25,40.5123405456543,15.512340545654297
exclude_all_flagged,2025-09-02,test,gru_14d_small,24,33.9859504699707,9.985950469970703
exclude_all_flagged,2025-09-03,test,gru_14d_small,22,33.3278694152832,11.327869415283203
exclude_all_flagged,2025-09-04,test,gru_14d_small,33,34.727386474609375,1.727386474609375
exclude_all_flagged,2025-09-05,test,gru_14d_small,60,47.648231506347656,12.351768493652344
exclude_all_flagged,2025-09-06,test,gru_14d_small,59,51.364376068115234,7.635623931884766
exclude_all_flagged,2025-09-07,test,gru_14d_small,13,38.145320892333984,25.145320892333984
exclude_all_flagged,2025-09-08,test,gru_14d_small,22,29.31796646118164,7.317966461181641
exclude_all_flagged,2025-09-09,test,gru_14d_small,18,32.71321105957031,14.713211059570312
exclude_all_flagged,2025-09-10,test,gru_14d_small,20,35.91593551635742,15.915935516357422
exclude_all_flagged,2025-09-11,test,gru_14d_small,28,41.54707717895508,13.547077178955078
exclude_all_flagged,2025-09-12,test,gru_14d_small,58,49.241973876953125,8.758026123046875
exclude_all_flagged,2025-09-13,test,gru_14d_small,58,52.48014831542969,5.5198516845703125
exclude_all_flagged,2025-09-14,test,gru_14d_small,20,35.44388198852539,15.44388198852539
exclude_all_flagged,2025-09-15,test,gru_14d_small,37,34.541629791259766,2.4583702087402344
exclude_all_flagged,2025-09-16,test,gru_14d_small,42,37.14107131958008,4.858928680419922
exclude_all_flagged,2025-09-17,test,gru_14d_small,39,41.237796783447266,2.2377967834472656
exclude_all_flagged,2025-09-18,test,gru_14d_small,36,45.4610710144043,9.461071014404297
exclude_all_flagged,2025-09-19,test,gru_14d_small,59,53.79490661621094,5.2050933837890625
exclude_all_flagged,2025-09-20,test,gru_14d_small,60,54.068817138671875,5.931182861328125
exclude_all_flagged,2025-09-21,test,gru_14d_small,40,33.63656997680664,6.363430023193359
exclude_all_flagged,2025-09-22,test,gru_14d_small,33,37.482566833496094,4.482566833496094
exclude_all_flagged,2025-09-23,test,gru_14d_small,42,40.91664123535156,1.0833587646484375
exclude_all_flagged,2025-09-24,test,gru_14d_small,32,44.284767150878906,12.284767150878906
exclude_all_flagged,2025-09-25,test,gru_14d_small,39,45.94670867919922,6.946708679199219
exclude_all_flagged,2025-09-26,test,gru_14d_small,58,52.6137809753418,5.386219024658203
exclude_all_flagged,2025-09-27,test,gru_14d_small,59,55.13401412963867,3.865985870361328
exclude_all_flagged,2025-09-28,test,gru_14d_small,36,41.74406814575195,5.744068145751953
exclude_all_flagged,2025-09-29,test,gru_14d_small,43,39.210594177246094,3.7894058227539062
exclude_all_flagged,2025-09-30,test,gru_14d_small,35,42.03231430053711,7.032314300537109
exclude_all_flagged,2025-10-01,test,gru_14d_small,23,38.374908447265625,15.374908447265625
exclude_all_flagged,2025-10-02,test,gru_14d_small,33,38.94979476928711,5.949794769287109
exclude_all_flagged,2025-10-03,test,gru_14d_small,60,50.661521911621094,9.338478088378906
exclude_all_flagged,2025-10-04,test,gru_14d_small,59,53.81662368774414,5.183376312255859
exclude_all_flagged,2025-10-05,test,gru_14d_small,29,32.553955078125,3.553955078125
exclude_all_flagged,2025-10-06,test,gru_14d_small,34,31.212631225585938,2.7873687744140625
exclude_all_flagged,2025-10-07,test,gru_14d_small,34,33.111289978027344,0.8887100219726562
exclude_all_flagged,2025-10-08,test,gru_14d_small,41,38.335670471191406,2.6643295288085938
exclude_all_flagged,2025-10-09,test,gru_14d_small,49,42.13972854614258,6.860271453857422
exclude_all_flagged,2025-10-10,test,gru_14d_small,58,48.12748718261719,9.872512817382812
exclude_all_flagged,2025-10-11,test,gru_14d_small,60,50.37731170654297,9.622688293457031
exclude_all_flagged,2025-10-12,test,gru_14d_small,59,33.84307098388672,25.15692901611328
exclude_all_flagged,2025-10-13,test,gru_14d_small,22,37.57716369628906,15.577163696289062
exclude_all_flagged,2025-10-14,test,gru_14d_small,37,34.44560623168945,2.554393768310547
exclude_all_flagged,2025-10-15,test,gru_14d_small,53,36.618408203125,16.381591796875
exclude_all_flagged,2025-10-16,test,gru_14d_small,57,40.986331939697266,16.013668060302734
exclude_all_flagged,2025-10-17,test,gru_14d_small,53,48.15205764770508,4.847942352294922
exclude_all_flagged,2025-10-18,test,gru_14d_small,59,51.50126266479492,7.498737335205078
exclude_all_flagged,2025-10-19,test,gru_14d_small,45,40.51223373413086,4.487766265869141
exclude_all_flagged,2025-10-20,test,gru_14d_small,42,36.06834411621094,5.9316558837890625
exclude_all_flagged,2025-10-21,test,gru_14d_small,46,38.97296142578125,7.02703857421875
exclude_all_flagged,2025-10-22,test,gru_14d_small,28,42.469207763671875,14.469207763671875
exclude_all_flagged,2025-10-23,test,gru_14d_small,47,44.2243537902832,2.775646209716797
exclude_all_flagged,2025-10-24,test,gru_14d_small,56,49.22650146484375,6.77349853515625
exclude_all_flagged,2025-10-25,test,gru_14d_small,59,51.42142868041992,7.578571319580078
exclude_all_flagged,2025-10-26,test,gru_14d_small,29,43.202945709228516,14.202945709228516
exclude_all_flagged,2025-10-27,test,gru_14d_small,27,35.45316696166992,8.453166961669922
exclude_all_flagged,2025-10-28,test,gru_14d_small,40,33.08749771118164,6.912502288818359
exclude_all_flagged,2025-10-29,test,gru_14d_small,46,35.77366638183594,10.226333618164062
exclude_all_flagged,2025-10-30,test,gru_14d_small,45,42.546485900878906,2.4535140991210938
exclude_all_flagged,2025-10-31,test,gru_14d_small,60,48.53046417236328,11.469535827636719
exclude_all_flagged,2025-11-01,test,gru_14d_small,60,50.53482437133789,9.46517562866211
exclude_all_flagged,2025-11-02,test,gru_14d_small,38,32.87424850463867,5.125751495361328
exclude_all_flagged,2025-11-03,test,gru_14d_small,21,31.538482666015625,10.538482666015625
exclude_all_flagged,2025-11-04,test,gru_14d_small,27,30.180280685424805,3.1802806854248047
exclude_all_flagged,2025-11-05,test,gru_14d_small,20,29.851318359375,9.851318359375
exclude_all_flagged,2025-11-06,test,gru_14d_small,29,31.893749237060547,2.893749237060547
exclude_all_flagged,2025-11-07,test,gru_14d_small,60,40.67391586303711,19.32608413696289
exclude_all_flagged,2025-11-08,test,gru_14d_small,60,49.50008773803711,10.49991226196289
exclude_all_flagged,2025-11-09,test,gru_14d_small,32,32.63240051269531,0.6324005126953125
exclude_all_flagged,2025-11-10,test,gru_14d_small,35,26.65559196472168,8.34440803527832
exclude_all_flagged,2025-11-11,test,gru_14d_small,29,29.72300910949707,0.7230091094970703
exclude_all_flagged,2025-11-12,test,gru_14d_small,29,36.47230911254883,7.472309112548828
exclude_all_flagged,2025-11-13,test,gru_14d_small,25,42.68990707397461,17.68990707397461
exclude_all_flagged,2025-11-14,test,gru_14d_small,54,49.277164459228516,4.722835540771484
exclude_all_flagged,2025-11-15,test,gru_14d_small,59,54.66147232055664,4.338527679443359
exclude_all_flagged,2025-11-16,test,gru_14d_small,19,37.542625427246094,18.542625427246094
exclude_all_flagged,2025-11-17,test,gru_14d_small,11,31.602108001708984,20.602108001708984
exclude_all_flagged,2025-11-18,test,gru_14d_small,16,30.167062759399414,14.167062759399414
exclude_all_flagged,2025-11-19,test,gru_14d_small,27,28.784738540649414,1.784738540649414
exclude_all_flagged,2025-11-20,test,gru_14d_small,26,34.19853591918945,8.198535919189453
exclude_all_flagged,2025-11-21,test,gru_14d_small,58,44.88640594482422,13.113594055175781
exclude_all_flagged,2025-11-22,test,gru_14d_small,58,52.4616584777832,5.538341522216797
exclude_all_flagged,2025-11-23,test,gru_14d_small,27,23.957334518432617,3.042665481567383
exclude_all_flagged,2025-11-24,test,gru_14d_small,30,23.420886993408203,6.579113006591797
exclude_all_flagged,2025-11-25,test,gru_14d_small,28,28.565467834472656,0.5654678344726562
exclude_all_flagged,2025-11-26,test,gru_14d_small,42,33.292171478271484,8.707828521728516
exclude_all_flagged,2025-11-27,test,gru_14d_small,58,37.59825897216797,20.40174102783203
exclude_all_flagged,2025-11-28,test,gru_14d_small,59,48.892303466796875,10.107696533203125
exclude_all_flagged,2025-11-29,test,gru_14d_small,55,51.05195236206055,3.948047637939453
exclude_all_flagged,2025-11-30,test,gru_14d_small,28,30.60038948059082,2.6003894805908203
exclude_all_flagged,2025-12-01,test,gru_14d_small,30,25.996692657470703,4.003307342529297
exclude_all_flagged,2025-12-02,test,gru_14d_small,31,26.25019073486328,4.749809265136719
exclude_all_flagged,2025-12-03,test,gru_14d_small,28,29.417163848876953,1.4171638488769531
exclude_all_flagged,2025-12-04,test,gru_14d_small,37,33.4803466796875,3.5196533203125
exclude_all_flagged,2025-12-05,test,gru_14d_small,50,46.081321716308594,3.9186782836914062
exclude_all_flagged,2025-12-06,test,gru_14d_small,60,52.07498550415039,7.925014495849609
exclude_all_flagged,2025-12-07,test,gru_14d_small,36,32.69417190551758,3.305828094482422
exclude_all_flagged,2025-12-08,test,gru_14d_small,26,32.16207504272461,6.162075042724609
exclude_all_flagged,2025-12-09,test,gru_14d_small,40,30.677579879760742,9.322420120239258
exclude_all_flagged,2025-12-10,test,gru_14d_small,21,33.70307540893555,12.703075408935547
exclude_all_flagged,2025-12-11,test,gru_14d_small,24,35.646766662597656,11.646766662597656
exclude_all_flagged,2025-12-12,test,gru_14d_small,50,41.7764892578125,8.2235107421875
exclude_all_flagged,2025-12-13,test,gru_14d_small,52,47.90819549560547,4.091804504394531
exclude_all_flagged,2025-12-14,test,gru_14d_small,24,29.826053619384766,5.826053619384766
exclude_all_flagged,2025-12-15,test,gru_14d_small,18,28.08637046813965,10.086370468139648
exclude_all_flagged,2025-12-16,test,gru_14d_small,23,28.274423599243164,5.274423599243164
exclude_all_flagged,2025-12-17,test,gru_14d_small,34,29.768985748291016,4.231014251708984
exclude_all_flagged,2025-12-18,test,gru_14d_small,43,32.668582916259766,10.331417083740234
exclude_all_flagged,2025-12-19,test,gru_14d_small,49,40.204612731933594,8.795387268066406
exclude_all_flagged,2025-12-20,test,gru_14d_small,57,44.864036560058594,12.135963439941406
exclude_all_flagged,2025-12-21,test,gru_14d_small,35,29.674488067626953,5.325511932373047
exclude_all_flagged,2025-12-22,test,gru_14d_small,28,28.712509155273438,0.7125091552734375
exclude_all_flagged,2025-12-23,test,gru_14d_small,27,29.020771026611328,2.020771026611328
exclude_all_flagged,2025-12-24,test,gru_14d_small,40,30.58201789855957,9.41798210144043
exclude_all_flagged,2025-12-25,test,gru_14d_small,31,33.75035858154297,2.7503585815429688
exclude_all_flagged,2025-12-26,test,gru_14d_small,40,38.01667022705078,1.9833297729492188
exclude_all_flagged,2025-12-27,test,gru_14d_small,44,40.85532760620117,3.144672393798828
exclude_all_flagged,2025-12-28,test,gru_14d_small,30,30.488101959228516,0.4881019592285156
exclude_all_flagged,2025-12-29,test,gru_14d_small,28,28.673933029174805,0.6739330291748047
exclude_all_flagged,2025-12-30,test,gru_14d_small,36,28.068775177001953,7.931224822998047
exclude_all_flagged,2025-12-31,test,gru_14d_small,55,30.871793746948242,24.128206253051758
exclude_all_flagged,2024-07-01,validation,gru_28d_regularized,14,23.35504913330078,9.355049133300781
exclude_all_flagged,2024-07-02,validation,gru_28d_regularized,17,25.435522079467773,8.435522079467773
exclude_all_flagged,2024-07-03,validation,gru_28d_regularized,23,29.4041690826416,6.404169082641602
exclude_all_flagged,2024-07-04,validation,gru_28d_regularized,26,38.638362884521484,12.638362884521484
exclude_all_flagged,2024-07-05,validation,gru_28d_regularized,59,51.93907928466797,7.060920715332031
exclude_all_flagged,2024-07-06,validation,gru_28d_regularized,59,57.94813919067383,1.0518608093261719
exclude_all_flagged,2024-07-07,validation,gru_28d_regularized,22,21.696380615234375,0.303619384765625
exclude_all_flagged,2024-07-08,validation,gru_28d_regularized,27,30.021617889404297,3.021617889404297
exclude_all_flagged,2024-07-09,validation,gru_28d_regularized,33,37.37800216674805,4.378002166748047
exclude_all_flagged,2024-07-10,validation,gru_28d_regularized,40,43.4744987487793,3.474498748779297
exclude_all_flagged,2024-07-11,validation,gru_28d_regularized,50,48.670536041259766,1.3294639587402344
exclude_all_flagged,2024-07-12,validation,gru_28d_regularized,58,57.1163330078125,0.8836669921875
exclude_all_flagged,2024-07-13,validation,gru_28d_regularized,60,58.44347381591797,1.5565261840820312
exclude_all_flagged,2024-07-14,validation,gru_28d_regularized,25,22.06548309326172,2.9345169067382812
exclude_all_flagged,2024-07-15,validation,gru_28d_regularized,28,25.51032829284668,2.4896717071533203
exclude_all_flagged,2024-07-16,validation,gru_28d_regularized,36,30.747316360473633,5.252683639526367
exclude_all_flagged,2024-07-17,validation,gru_28d_regularized,27,37.27784729003906,10.277847290039062
exclude_all_flagged,2024-07-18,validation,gru_28d_regularized,32,41.213050842285156,9.213050842285156
exclude_all_flagged,2024-07-19,validation,gru_28d_regularized,59,57.264461517333984,1.7355384826660156
exclude_all_flagged,2024-07-20,validation,gru_28d_regularized,60,58.41557312011719,1.5844268798828125
exclude_all_flagged,2024-07-21,validation,gru_28d_regularized,41,23.386219024658203,17.613780975341797
exclude_all_flagged,2024-07-22,validation,gru_28d_regularized,45,28.542163848876953,16.457836151123047
exclude_all_flagged,2024-07-23,validation,gru_28d_regularized,52,36.2930793762207,15.706920623779297
exclude_all_flagged,2024-07-24,validation,gru_28d_regularized,57,44.577274322509766,12.422725677490234
exclude_all_flagged,2024-07-25,validation,gru_28d_regularized,58,51.849891662597656,6.150108337402344
exclude_all_flagged,2024-07-26,validation,gru_28d_regularized,60,59.006324768066406,0.9936752319335938
exclude_all_flagged,2024-07-27,validation,gru_28d_regularized,60,57.351104736328125,2.648895263671875
exclude_all_flagged,2024-07-28,validation,gru_28d_regularized,28,32.4560546875,4.4560546875
exclude_all_flagged,2024-07-29,validation,gru_28d_regularized,22,28.288619995117188,6.2886199951171875
exclude_all_flagged,2024-07-30,validation,gru_28d_regularized,27,26.859966278076172,0.14003372192382812
exclude_all_flagged,2024-07-31,validation,gru_28d_regularized,40,27.960054397583008,12.039945602416992
exclude_all_flagged,2024-08-01,validation,gru_28d_regularized,33,37.05406951904297,4.054069519042969
exclude_all_flagged,2024-08-02,validation,gru_28d_regularized,60,54.32905578613281,5.6709442138671875
exclude_all_flagged,2024-08-03,validation,gru_28d_regularized,60,59.414154052734375,0.585845947265625
exclude_all_flagged,2024-08-04,validation,gru_28d_regularized,22,28.156333923339844,6.156333923339844
exclude_all_flagged,2024-08-05,validation,gru_28d_regularized,24,29.880863189697266,5.880863189697266
exclude_all_flagged,2024-08-06,validation,gru_28d_regularized,30,36.019126892089844,6.019126892089844
exclude_all_flagged,2024-08-07,validation,gru_28d_regularized,37,43.44058609008789,6.440586090087891
exclude_all_flagged,2024-08-08,validation,gru_28d_regularized,41,50.666229248046875,9.666229248046875
exclude_all_flagged,2024-08-09,validation,gru_28d_regularized,55,57.8143310546875,2.8143310546875
exclude_all_flagged,2024-08-10,validation,gru_28d_regularized,59,59.40486526489258,0.4048652648925781
exclude_all_flagged,2024-08-11,validation,gru_28d_regularized,26,28.080299377441406,2.0802993774414062
exclude_all_flagged,2024-08-12,validation,gru_28d_regularized,31,31.906221389770508,0.9062213897705078
exclude_all_flagged,2024-08-13,validation,gru_28d_regularized,52,36.742942810058594,15.257057189941406
exclude_all_flagged,2024-08-14,validation,gru_28d_regularized,36,46.37657928466797,10.376579284667969
exclude_all_flagged,2024-08-15,validation,gru_28d_regularized,50,48.42814636230469,1.5718536376953125
exclude_all_flagged,2024-08-16,validation,gru_28d_regularized,60,59.4027099609375,0.5972900390625
exclude_all_flagged,2024-08-17,validation,gru_28d_regularized,60,57.233802795410156,2.7661972045898438
exclude_all_flagged,2024-08-18,validation,gru_28d_regularized,25,29.778478622436523,4.778478622436523
exclude_all_flagged,2024-08-19,validation,gru_28d_regularized,33,30.572729110717773,2.4272708892822266
exclude_all_flagged,2024-08-20,validation,gru_28d_regularized,27,33.86148452758789,6.861484527587891
exclude_all_flagged,2024-08-21,validation,gru_28d_regularized,38,38.39896774291992,0.3989677429199219
exclude_all_flagged,2024-08-22,validation,gru_28d_regularized,45,46.59312057495117,1.5931205749511719
exclude_all_flagged,2024-08-23,validation,gru_28d_regularized,60,56.189449310302734,3.8105506896972656
exclude_all_flagged,2024-08-24,validation,gru_28d_regularized,60,57.823692321777344,2.1763076782226562
exclude_all_flagged,2024-08-25,validation,gru_28d_regularized,42,44.801116943359375,2.801116943359375
exclude_all_flagged,2024-08-26,validation,gru_28d_regularized,52,42.97379684448242,9.026203155517578
exclude_all_flagged,2024-08-27,validation,gru_28d_regularized,57,48.0489387512207,8.951061248779297
exclude_all_flagged,2024-08-28,validation,gru_28d_regularized,60,53.32801055908203,6.671989440917969
exclude_all_flagged,2024-08-29,validation,gru_28d_regularized,59,56.181800842285156,2.8181991577148438
exclude_all_flagged,2024-08-30,validation,gru_28d_regularized,49,59.984474182128906,10.984474182128906
exclude_all_flagged,2024-09-01,validation,gru_28d_regularized,60,37.07553482055664,22.92446517944336
exclude_all_flagged,2024-09-02,validation,gru_28d_regularized,38,35.41217803955078,2.5878219604492188
exclude_all_flagged,2024-09-03,validation,gru_28d_regularized,33,33.48493957519531,0.4849395751953125
exclude_all_flagged,2024-09-04,validation,gru_28d_regularized,31,35.328697204589844,4.328697204589844
exclude_all_flagged,2024-09-05,validation,gru_28d_regularized,36,41.34740447998047,5.347404479980469
exclude_all_flagged,2024-09-06,validation,gru_28d_regularized,57,55.12903594970703,1.8709640502929688
exclude_all_flagged,2024-09-07,validation,gru_28d_regularized,59,55.85670471191406,3.1432952880859375
exclude_all_flagged,2024-09-08,validation,gru_28d_regularized,24,39.52116394042969,15.521163940429688
exclude_all_flagged,2024-09-09,validation,gru_28d_regularized,29,31.489788055419922,2.489788055419922
exclude_all_flagged,2024-09-10,validation,gru_28d_regularized,25,38.2935905456543,13.293590545654297
exclude_all_flagged,2024-09-11,validation,gru_28d_regularized,22,44.3875846862793,22.387584686279297
exclude_all_flagged,2024-09-12,validation,gru_28d_regularized,39,50.073055267333984,11.073055267333984
exclude_all_flagged,2024-09-13,validation,gru_28d_regularized,59,60.0,1.0
exclude_all_flagged,2024-09-14,validation,gru_28d_regularized,60,59.53311538696289,0.4668846130371094
exclude_all_flagged,2024-09-15,validation,gru_28d_regularized,29,29.084632873535156,0.08463287353515625
exclude_all_flagged,2024-09-16,validation,gru_28d_regularized,40,30.370542526245117,9.629457473754883
exclude_all_flagged,2024-09-17,validation,gru_28d_regularized,49,40.520381927490234,8.479618072509766
exclude_all_flagged,2024-09-18,validation,gru_28d_regularized,50,46.422489166259766,3.5775108337402344
exclude_all_flagged,2024-09-19,validation,gru_28d_regularized,54,51.039649963378906,2.9603500366210938
exclude_all_flagged,2024-09-20,validation,gru_28d_regularized,59,58.160160064697266,0.8398399353027344
exclude_all_flagged,2024-09-21,validation,gru_28d_regularized,59,56.053672790527344,2.9463272094726562
exclude_all_flagged,2024-09-22,validation,gru_28d_regularized,36,35.49454116821289,0.5054588317871094
exclude_all_flagged,2024-09-23,validation,gru_28d_regularized,42,36.948829650878906,5.051170349121094
exclude_all_flagged,2024-09-24,validation,gru_28d_regularized,55,41.52536392211914,13.47463607788086
exclude_all_flagged,2024-09-25,validation,gru_28d_regularized,56,48.316192626953125,7.683807373046875
exclude_all_flagged,2024-09-26,validation,gru_28d_regularized,56,52.85317611694336,3.1468238830566406
exclude_all_flagged,2024-09-27,validation,gru_28d_regularized,59,56.18107223510742,2.818927764892578
exclude_all_flagged,2024-09-28,validation,gru_28d_regularized,57,55.876708984375,1.123291015625
exclude_all_flagged,2024-09-29,validation,gru_28d_regularized,38,40.912105560302734,2.9121055603027344
exclude_all_flagged,2024-09-30,validation,gru_28d_regularized,30,40.78218460083008,10.782184600830078
exclude_all_flagged,2024-10-01,validation,gru_28d_regularized,14,38.07303237915039,24.07303237915039
exclude_all_flagged,2024-10-02,validation,gru_28d_regularized,11,36.73221969604492,25.732219696044922
exclude_all_flagged,2024-10-03,validation,gru_28d_regularized,39,42.0311393737793,3.031139373779297
exclude_all_flagged,2024-10-04,validation,gru_28d_regularized,60,56.98991775512695,3.010082244873047
exclude_all_flagged,2024-10-05,validation,gru_28d_regularized,58,56.3957405090332,1.6042594909667969
exclude_all_flagged,2024-10-06,validation,gru_28d_regularized,25,28.413740158081055,3.4137401580810547
exclude_all_flagged,2024-10-07,validation,gru_28d_regularized,22,26.219926834106445,4.219926834106445
exclude_all_flagged,2024-10-08,validation,gru_28d_regularized,30,28.98931884765625,1.01068115234375
exclude_all_flagged,2024-10-09,validation,gru_28d_regularized,38,40.70530319213867,2.705303192138672
exclude_all_flagged,2024-10-10,validation,gru_28d_regularized,59,48.17155838012695,10.828441619873047
exclude_all_flagged,2024-10-11,validation,gru_28d_regularized,60,60.0,0.0
exclude_all_flagged,2024-10-12,validation,gru_28d_regularized,60,58.11204147338867,1.8879585266113281
exclude_all_flagged,2024-10-13,validation,gru_28d_regularized,60,35.2596435546875,24.7403564453125
exclude_all_flagged,2024-10-14,validation,gru_28d_regularized,18,39.812461853027344,21.812461853027344
exclude_all_flagged,2024-10-15,validation,gru_28d_regularized,24,31.141019821166992,7.141019821166992
exclude_all_flagged,2024-10-16,validation,gru_28d_regularized,34,30.12626075744629,3.873739242553711
exclude_all_flagged,2024-10-17,validation,gru_28d_regularized,51,37.99188232421875,13.00811767578125
exclude_all_flagged,2024-10-18,validation,gru_28d_regularized,60,53.94564437866211,6.054355621337891
exclude_all_flagged,2024-10-19,validation,gru_28d_regularized,60,54.04281234741211,5.957187652587891
exclude_all_flagged,2024-10-20,validation,gru_28d_regularized,44,38.047698974609375,5.952301025390625
exclude_all_flagged,2024-10-21,validation,gru_28d_regularized,31,32.3086051940918,1.3086051940917969
exclude_all_flagged,2024-10-22,validation,gru_28d_regularized,37,36.46416091918945,0.5358390808105469
exclude_all_flagged,2024-10-23,validation,gru_28d_regularized,51,45.81608581542969,5.1839141845703125
exclude_all_flagged,2024-10-24,validation,gru_28d_regularized,58,53.330711364746094,4.669288635253906
exclude_all_flagged,2024-10-25,validation,gru_28d_regularized,59,60.0,1.0
exclude_all_flagged,2024-10-26,validation,gru_28d_regularized,59,57.42520523071289,1.5747947692871094
exclude_all_flagged,2024-10-27,validation,gru_28d_regularized,59,40.52326202392578,18.47673797607422
exclude_all_flagged,2024-10-28,validation,gru_28d_regularized,21,43.632686614990234,22.632686614990234
exclude_all_flagged,2024-10-29,validation,gru_28d_regularized,23,35.43379211425781,12.433792114257812
exclude_all_flagged,2024-10-30,validation,gru_28d_regularized,26,33.91468048095703,7.914680480957031
exclude_all_flagged,2024-10-31,validation,gru_28d_regularized,40,38.04327392578125,1.95672607421875
exclude_all_flagged,2024-11-01,validation,gru_28d_regularized,60,53.78232955932617,6.217670440673828
exclude_all_flagged,2024-11-02,validation,gru_28d_regularized,60,59.40990447998047,0.5900955200195312
exclude_all_flagged,2024-11-03,validation,gru_28d_regularized,26,46.0067024230957,20.006702423095703
exclude_all_flagged,2024-11-04,validation,gru_28d_regularized,16,37.28955078125,21.28955078125
exclude_all_flagged,2024-11-05,validation,gru_28d_regularized,16,40.086090087890625,24.086090087890625
exclude_all_flagged,2024-11-06,validation,gru_28d_regularized,29,44.111690521240234,15.111690521240234
exclude_all_flagged,2024-11-07,validation,gru_28d_regularized,47,48.82392501831055,1.8239250183105469
exclude_all_flagged,2024-11-08,validation,gru_28d_regularized,59,57.833221435546875,1.166778564453125
exclude_all_flagged,2024-11-09,validation,gru_28d_regularized,60,56.19044494628906,3.8095550537109375
exclude_all_flagged,2024-11-10,validation,gru_28d_regularized,60,44.135406494140625,15.864593505859375
exclude_all_flagged,2024-11-11,validation,gru_28d_regularized,38,46.51160430908203,8.511604309082031
exclude_all_flagged,2024-11-12,validation,gru_28d_regularized,54,45.62176513671875,8.37823486328125
exclude_all_flagged,2024-11-13,validation,gru_28d_regularized,36,50.28207015991211,14.28207015991211
exclude_all_flagged,2024-11-14,validation,gru_28d_regularized,53,50.487491607666016,2.5125083923339844
exclude_all_flagged,2024-11-15,validation,gru_28d_regularized,60,57.306644439697266,2.6933555603027344
exclude_all_flagged,2024-11-16,validation,gru_28d_regularized,60,58.23423767089844,1.7657623291015625
exclude_all_flagged,2024-11-17,validation,gru_28d_regularized,15,47.09963607788086,32.09963607788086
exclude_all_flagged,2024-11-18,validation,gru_28d_regularized,12,35.329185485839844,23.329185485839844
exclude_all_flagged,2024-11-19,validation,gru_28d_regularized,23,28.14421272277832,5.14421272277832
exclude_all_flagged,2024-11-20,validation,gru_28d_regularized,34,34.90406036376953,0.9040603637695312
exclude_all_flagged,2024-11-21,validation,gru_28d_regularized,29,42.73146057128906,13.731460571289062
exclude_all_flagged,2024-11-22,validation,gru_28d_regularized,50,50.316200256347656,0.31620025634765625
exclude_all_flagged,2024-11-23,validation,gru_28d_regularized,56,50.38068771362305,5.619312286376953
exclude_all_flagged,2024-11-24,validation,gru_28d_regularized,25,33.303279876708984,8.303279876708984
exclude_all_flagged,2024-11-25,validation,gru_28d_regularized,25,36.54902648925781,11.549026489257812
exclude_all_flagged,2024-11-26,validation,gru_28d_regularized,23,39.04118728637695,16.041187286376953
exclude_all_flagged,2024-11-27,validation,gru_28d_regularized,43,41.507835388183594,1.4921646118164062
exclude_all_flagged,2024-11-28,validation,gru_28d_regularized,58,50.502052307128906,7.497947692871094
exclude_all_flagged,2024-11-29,validation,gru_28d_regularized,59,57.67256164550781,1.3274383544921875
exclude_all_flagged,2024-11-30,validation,gru_28d_regularized,59,60.0,1.0
exclude_all_flagged,2024-12-01,validation,gru_28d_regularized,28,22.291040420532227,5.708959579467773
exclude_all_flagged,2024-12-02,validation,gru_28d_regularized,22,27.237613677978516,5.237613677978516
exclude_all_flagged,2024-12-03,validation,gru_28d_regularized,34,28.48094940185547,5.519050598144531
exclude_all_flagged,2024-12-04,validation,gru_28d_regularized,38,35.779014587402344,2.2209854125976562
exclude_all_flagged,2024-12-05,validation,gru_28d_regularized,29,42.603275299072266,13.603275299072266
exclude_all_flagged,2024-12-06,validation,gru_28d_regularized,60,48.031044006347656,11.968955993652344
exclude_all_flagged,2024-12-07,validation,gru_28d_regularized,60,56.978206634521484,3.0217933654785156
exclude_all_flagged,2024-12-08,validation,gru_28d_regularized,27,28.373676300048828,1.3736763000488281
exclude_all_flagged,2024-12-09,validation,gru_28d_regularized,24,27.577369689941406,3.5773696899414062
exclude_all_flagged,2024-12-10,validation,gru_28d_regularized,26,26.748748779296875,0.748748779296875
exclude_all_flagged,2024-12-11,validation,gru_28d_regularized,32,30.236835479736328,1.7631645202636719
exclude_all_flagged,2024-12-12,validation,gru_28d_regularized,29,38.8566780090332,9.856678009033203
exclude_all_flagged,2024-12-13,validation,gru_28d_regularized,47,49.39668273925781,2.3966827392578125
exclude_all_flagged,2024-12-14,validation,gru_28d_regularized,58,55.07174301147461,2.9282569885253906
exclude_all_flagged,2024-12-15,validation,gru_28d_regularized,34,23.533559799194336,10.466440200805664
exclude_all_flagged,2024-12-16,validation,gru_28d_regularized,23,25.35017204284668,2.3501720428466797
exclude_all_flagged,2024-12-17,validation,gru_28d_regularized,26,26.09955406188965,0.09955406188964844
exclude_all_flagged,2024-12-18,validation,gru_28d_regularized,32,29.44403076171875,2.55596923828125
exclude_all_flagged,2024-12-19,validation,gru_28d_regularized,25,32.448062896728516,7.448062896728516
exclude_all_flagged,2024-12-20,validation,gru_28d_regularized,52,42.732086181640625,9.267913818359375
exclude_all_flagged,2024-12-21,validation,gru_28d_regularized,59,53.710941314697266,5.289058685302734
exclude_all_flagged,2024-12-22,validation,gru_28d_regularized,31,28.446775436401367,2.553224563598633
exclude_all_flagged,2024-12-23,validation,gru_28d_regularized,35,27.59164810180664,7.408351898193359
exclude_all_flagged,2024-12-24,validation,gru_28d_regularized,45,29.51127052307129,15.488729476928711
exclude_all_flagged,2024-12-25,validation,gru_28d_regularized,40,32.566131591796875,7.433868408203125
exclude_all_flagged,2024-12-26,validation,gru_28d_regularized,48,36.10842514038086,11.89157485961914
exclude_all_flagged,2024-12-27,validation,gru_28d_regularized,56,46.077423095703125,9.922576904296875
exclude_all_flagged,2024-12-28,validation,gru_28d_regularized,58,50.542110443115234,7.457889556884766
exclude_all_flagged,2024-12-29,validation,gru_28d_regularized,39,30.47379493713379,8.526205062866211
exclude_all_flagged,2024-12-30,validation,gru_28d_regularized,39,26.394046783447266,12.605953216552734
exclude_all_flagged,2024-12-31,validation,gru_28d_regularized,50,33.726253509521484,16.273746490478516
exclude_all_flagged,2025-01-01,test,gru_28d_regularized,11,27.29337501525879,16.29337501525879
exclude_all_flagged,2025-01-02,test,gru_28d_regularized,15,20.713302612304688,5.7133026123046875
exclude_all_flagged,2025-01-03,test,gru_28d_regularized,17,36.70697021484375,19.70697021484375
exclude_all_flagged,2025-01-04,test,gru_28d_regularized,22,41.9714241027832,19.971424102783203
exclude_all_flagged,2025-01-16,test,gru_28d_regularized,1,43.22321701049805,42.22321701049805
exclude_all_flagged,2025-01-17,test,gru_28d_regularized,23,46.339561462402344,23.339561462402344
exclude_all_flagged,2025-01-18,test,gru_28d_regularized,44,45.93373107910156,1.9337310791015625
exclude_all_flagged,2025-01-19,test,gru_28d_regularized,13,39.83997344970703,26.83997344970703
exclude_all_flagged,2025-01-20,test,gru_28d_regularized,5,43.51628875732422,38.51628875732422
exclude_all_flagged,2025-01-21,test,gru_28d_regularized,2,44.851009368896484,42.851009368896484
exclude_all_flagged,2025-01-22,test,gru_28d_regularized,13,45.50730895996094,32.50730895996094
exclude_all_flagged,2025-01-23,test,gru_28d_regularized,14,47.955894470214844,33.955894470214844
exclude_all_flagged,2025-01-24,test,gru_28d_regularized,56,50.343196868896484,5.656803131103516
exclude_all_flagged,2025-01-25,test,gru_28d_regularized,58,51.578304290771484,6.421695709228516
exclude_all_flagged,2025-01-26,test,gru_28d_regularized,20,41.1458625793457,21.145862579345703
exclude_all_flagged,2025-01-27,test,gru_28d_regularized,17,40.29855728149414,23.29855728149414
exclude_all_flagged,2025-01-28,test,gru_28d_regularized,21,38.37264633178711,17.37264633178711
exclude_all_flagged,2025-01-29,test,gru_28d_regularized,25,36.894351959228516,11.894351959228516
exclude_all_flagged,2025-01-30,test,gru_28d_regularized,28,34.90568161010742,6.905681610107422
exclude_all_flagged,2025-01-31,test,gru_28d_regularized,53,35.09785842895508,17.902141571044922
exclude_all_flagged,2025-02-01,test,gru_28d_regularized,59,40.433563232421875,18.566436767578125
exclude_all_flagged,2025-02-02,test,gru_28d_regularized,19,27.619075775146484,8.619075775146484
exclude_all_flagged,2025-02-03,test,gru_28d_regularized,23,26.65641212463379,3.656412124633789
exclude_all_flagged,2025-02-04,test,gru_28d_regularized,25,27.797618865966797,2.797618865966797
exclude_all_flagged,2025-02-05,test,gru_28d_regularized,25,30.096601486206055,5.096601486206055
exclude_all_flagged,2025-02-06,test,gru_28d_regularized,26,31.91360092163086,5.913600921630859
exclude_all_flagged,2025-02-07,test,gru_28d_regularized,31,35.82551956176758,4.825519561767578
exclude_all_flagged,2025-02-08,test,gru_28d_regularized,46,38.41449737548828,7.585502624511719
exclude_all_flagged,2025-02-09,test,gru_28d_regularized,13,29.59459114074707,16.59459114074707
exclude_all_flagged,2025-02-10,test,gru_28d_regularized,16,29.35322380065918,13.35322380065918
exclude_all_flagged,2025-02-11,test,gru_28d_regularized,21,29.89397430419922,8.893974304199219
exclude_all_flagged,2025-02-12,test,gru_28d_regularized,21,30.734207153320312,9.734207153320312
exclude_all_flagged,2025-02-13,test,gru_28d_regularized,25,32.28450012207031,7.2845001220703125
exclude_all_flagged,2025-02-14,test,gru_28d_regularized,60,38.87216567993164,21.12783432006836
exclude_all_flagged,2025-02-15,test,gru_28d_regularized,54,45.526668548583984,8.473331451416016
exclude_all_flagged,2025-02-16,test,gru_28d_regularized,31,29.978620529174805,1.0213794708251953
exclude_all_flagged,2025-02-17,test,gru_28d_regularized,20,28.28431510925293,8.28431510925293
exclude_all_flagged,2025-02-18,test,gru_28d_regularized,31,27.378135681152344,3.6218643188476562
exclude_all_flagged,2025-02-19,test,gru_28d_regularized,37,30.86233139038086,6.137668609619141
exclude_all_flagged,2025-02-20,test,gru_28d_regularized,44,33.72246551513672,10.277534484863281
exclude_all_flagged,2025-02-21,test,gru_28d_regularized,59,44.36231994628906,14.637680053710938
exclude_all_flagged,2025-02-22,test,gru_28d_regularized,59,49.447723388671875,9.552276611328125
exclude_all_flagged,2025-02-23,test,gru_28d_regularized,11,29.5439395904541,18.5439395904541
exclude_all_flagged,2025-02-24,test,gru_28d_regularized,29,23.68083381652832,5.31916618347168
exclude_all_flagged,2025-02-25,test,gru_28d_regularized,22,28.344860076904297,6.344860076904297
exclude_all_flagged,2025-02-26,test,gru_28d_regularized,35,30.402931213378906,4.597068786621094
exclude_all_flagged,2025-02-27,test,gru_28d_regularized,32,35.44880294799805,3.448802947998047
exclude_all_flagged,2025-02-28,test,gru_28d_regularized,53,44.105064392089844,8.894935607910156
exclude_all_flagged,2025-03-01,test,gru_28d_regularized,58,53.66127395629883,4.338726043701172
exclude_all_flagged,2025-03-02,test,gru_28d_regularized,11,24.795307159423828,13.795307159423828
exclude_all_flagged,2025-03-03,test,gru_28d_regularized,35,24.94521141052246,10.054788589477539
exclude_all_flagged,2025-03-04,test,gru_28d_regularized,35,30.322816848754883,4.677183151245117
exclude_all_flagged,2025-03-05,test,gru_28d_regularized,39,34.06877899169922,4.931221008300781
exclude_all_flagged,2025-03-06,test,gru_28d_regularized,35,36.807830810546875,1.807830810546875
exclude_all_flagged,2025-03-07,test,gru_28d_regularized,60,44.79273986816406,15.207260131835938
exclude_all_flagged,2025-03-08,test,gru_28d_regularized,59,52.03802490234375,6.96197509765625
exclude_all_flagged,2025-03-09,test,gru_28d_regularized,20,23.88097381591797,3.8809738159179688
exclude_all_flagged,2025-03-10,test,gru_28d_regularized,32,24.36113739013672,7.638862609863281
exclude_all_flagged,2025-03-11,test,gru_28d_regularized,31,26.379150390625,4.620849609375
exclude_all_flagged,2025-03-12,test,gru_28d_regularized,37,28.774953842163086,8.225046157836914
exclude_all_flagged,2025-03-13,test,gru_28d_regularized,42,31.577102661132812,10.422897338867188
exclude_all_flagged,2025-03-14,test,gru_28d_regularized,58,49.05308532714844,8.946914672851562
exclude_all_flagged,2025-03-15,test,gru_28d_regularized,59,55.22325897216797,3.7767410278320312
exclude_all_flagged,2025-03-16,test,gru_28d_regularized,34,21.857345581054688,12.142654418945312
exclude_all_flagged,2025-03-17,test,gru_28d_regularized,31,22.58643341064453,8.413566589355469
exclude_all_flagged,2025-03-18,test,gru_28d_regularized,32,26.13825225830078,5.861747741699219
exclude_all_flagged,2025-03-19,test,gru_28d_regularized,24,31.731975555419922,7.731975555419922
exclude_all_flagged,2025-03-20,test,gru_28d_regularized,49,36.387298583984375,12.612701416015625
exclude_all_flagged,2025-03-21,test,gru_28d_regularized,58,51.83565139770508,6.164348602294922
exclude_all_flagged,2025-03-22,test,gru_28d_regularized,60,54.64347839355469,5.3565216064453125
exclude_all_flagged,2025-03-23,test,gru_28d_regularized,30,22.543363571166992,7.456636428833008
exclude_all_flagged,2025-03-24,test,gru_28d_regularized,30,21.271926879882812,8.728073120117188
exclude_all_flagged,2025-03-25,test,gru_28d_regularized,30,22.120378494262695,7.879621505737305
exclude_all_flagged,2025-03-26,test,gru_28d_regularized,35,25.79460906982422,9.205390930175781
exclude_all_flagged,2025-03-27,test,gru_28d_regularized,43,32.553165435791016,10.446834564208984
exclude_all_flagged,2025-03-28,test,gru_28d_regularized,58,46.62283706665039,11.37716293334961
exclude_all_flagged,2025-03-29,test,gru_28d_regularized,58,54.6523551940918,3.347644805908203
exclude_all_flagged,2025-03-30,test,gru_28d_regularized,40,24.748781204223633,15.251218795776367
exclude_all_flagged,2025-03-31,test,gru_28d_regularized,33,30.988086700439453,2.011913299560547
exclude_all_flagged,2025-04-01,test,gru_28d_regularized,23,26.74917221069336,3.7491722106933594
exclude_all_flagged,2025-04-02,test,gru_28d_regularized,24,28.305152893066406,4.305152893066406
exclude_all_flagged,2025-04-03,test,gru_28d_regularized,33,35.60966491699219,2.6096649169921875
exclude_all_flagged,2025-04-04,test,gru_28d_regularized,59,54.22664260864258,4.773357391357422
exclude_all_flagged,2025-04-05,test,gru_28d_regularized,59,56.85329818725586,2.1467018127441406
exclude_all_flagged,2025-04-06,test,gru_28d_regularized,36,27.782310485839844,8.217689514160156
exclude_all_flagged,2025-04-07,test,gru_28d_regularized,19,25.66739273071289,6.667392730712891
exclude_all_flagged,2025-04-08,test,gru_28d_regularized,23,25.2425479888916,2.2425479888916016
exclude_all_flagged,2025-04-09,test,gru_28d_regularized,28,27.754039764404297,0.24596023559570312
exclude_all_flagged,2025-04-10,test,gru_28d_regularized,50,32.427978515625,17.572021484375
exclude_all_flagged,2025-04-11,test,gru_28d_regularized,59,48.480342864990234,10.519657135009766
exclude_all_flagged,2025-04-12,test,gru_28d_regularized,59,54.34711837768555,4.652881622314453
exclude_all_flagged,2025-04-13,test,gru_28d_regularized,32,31.287763595581055,0.7122364044189453
exclude_all_flagged,2025-04-14,test,gru_28d_regularized,39,25.610647201538086,13.389352798461914
exclude_all_flagged,2025-04-15,test,gru_28d_regularized,33,29.164142608642578,3.835857391357422
exclude_all_flagged,2025-04-16,test,gru_28d_regularized,34,31.010499954223633,2.989500045776367
exclude_all_flagged,2025-04-17,test,gru_28d_regularized,43,36.68682861328125,6.31317138671875
exclude_all_flagged,2025-04-18,test,gru_28d_regularized,60,54.33943557739258,5.660564422607422
exclude_all_flagged,2025-04-19,test,gru_28d_regularized,59,56.70465850830078,2.2953414916992188
exclude_all_flagged,2025-04-20,test,gru_28d_regularized,27,31.95372200012207,4.95372200012207
exclude_all_flagged,2025-04-21,test,gru_28d_regularized,39,28.24329948425293,10.75670051574707
exclude_all_flagged,2025-04-22,test,gru_28d_regularized,44,30.085750579833984,13.914249420166016
exclude_all_flagged,2025-04-23,test,gru_28d_regularized,36,33.55825424194336,2.4417457580566406
exclude_all_flagged,2025-04-24,test,gru_28d_regularized,50,40.349185943603516,9.650814056396484
exclude_all_flagged,2025-04-25,test,gru_28d_regularized,55,55.68349075317383,0.6834907531738281
exclude_all_flagged,2025-04-26,test,gru_28d_regularized,59,53.549278259277344,5.450721740722656
exclude_all_flagged,2025-04-27,test,gru_28d_regularized,21,32.201202392578125,11.201202392578125
exclude_all_flagged,2025-04-28,test,gru_28d_regularized,30,29.108867645263672,0.8911323547363281
exclude_all_flagged,2025-04-29,test,gru_28d_regularized,35,29.601543426513672,5.398456573486328
exclude_all_flagged,2025-04-30,test,gru_28d_regularized,29,27.895788192749023,1.1042118072509766
exclude_all_flagged,2025-05-01,test,gru_28d_regularized,30,30.802379608154297,0.8023796081542969
exclude_all_flagged,2025-05-02,test,gru_28d_regularized,58,53.75916290283203,4.240837097167969
exclude_all_flagged,2025-05-03,test,gru_28d_regularized,59,55.48407745361328,3.5159225463867188
exclude_all_flagged,2025-05-04,test,gru_28d_regularized,19,29.368331909179688,10.368331909179688
exclude_all_flagged,2025-05-05,test,gru_28d_regularized,8,25.105606079101562,17.105606079101562
exclude_all_flagged,2025-05-06,test,gru_28d_regularized,13,26.28059196472168,13.28059196472168
exclude_all_flagged,2025-05-07,test,gru_28d_regularized,43,27.133115768432617,15.866884231567383
exclude_all_flagged,2025-05-08,test,gru_28d_regularized,54,32.26604080200195,21.733959197998047
exclude_all_flagged,2025-05-09,test,gru_28d_regularized,60,48.709693908691406,11.290306091308594
exclude_all_flagged,2025-05-10,test,gru_28d_regularized,59,55.34746551513672,3.6525344848632812
exclude_all_flagged,2025-05-11,test,gru_28d_regularized,15,29.486398696899414,14.486398696899414
exclude_all_flagged,2025-05-12,test,gru_28d_regularized,34,26.703351974487305,7.296648025512695
exclude_all_flagged,2025-05-13,test,gru_28d_regularized,44,30.008159637451172,13.991840362548828
exclude_all_flagged,2025-05-14,test,gru_28d_regularized,56,32.92551040649414,23.07448959350586
exclude_all_flagged,2025-05-15,test,gru_28d_regularized,50,40.86555099487305,9.134449005126953
exclude_all_flagged,2025-05-16,test,gru_28d_regularized,59,55.953147888183594,3.0468521118164062
exclude_all_flagged,2025-05-17,test,gru_28d_regularized,58,56.226715087890625,1.773284912109375
exclude_all_flagged,2025-05-18,test,gru_28d_regularized,36,30.747888565063477,5.252111434936523
exclude_all_flagged,2025-05-19,test,gru_28d_regularized,22,27.92861557006836,5.928615570068359
exclude_all_flagged,2025-05-20,test,gru_28d_regularized,26,25.399568557739258,0.6004314422607422
exclude_all_flagged,2025-05-21,test,gru_28d_regularized,22,27.47845458984375,5.47845458984375
exclude_all_flagged,2025-05-22,test,gru_28d_regularized,20,32.55905532836914,12.55905532836914
exclude_all_flagged,2025-05-23,test,gru_28d_regularized,56,45.29538345336914,10.70461654663086
exclude_all_flagged,2025-05-24,test,gru_28d_regularized,57,55.37952423095703,1.6204757690429688
exclude_all_flagged,2025-05-25,test,gru_28d_regularized,52,29.99703598022461,22.00296401977539
exclude_all_flagged,2025-05-26,test,gru_28d_regularized,9,24.863113403320312,15.863113403320312
exclude_all_flagged,2025-05-27,test,gru_28d_regularized,9,22.7745418548584,13.774541854858398
exclude_all_flagged,2025-05-28,test,gru_28d_regularized,17,24.332603454589844,7.332603454589844
exclude_all_flagged,2025-05-29,test,gru_28d_regularized,37,27.72817611694336,9.27182388305664
exclude_all_flagged,2025-05-30,test,gru_28d_regularized,54,42.004432678222656,11.995567321777344
exclude_all_flagged,2025-05-31,test,gru_28d_regularized,58,53.31239700317383,4.687602996826172
exclude_all_flagged,2025-06-01,test,gru_28d_regularized,45,28.718355178833008,16.281644821166992
exclude_all_flagged,2025-06-02,test,gru_28d_regularized,25,33.254905700683594,8.254905700683594
exclude_all_flagged,2025-06-03,test,gru_28d_regularized,25,33.41657638549805,8.416576385498047
exclude_all_flagged,2025-06-04,test,gru_28d_regularized,39,37.931880950927734,1.0681190490722656
exclude_all_flagged,2025-06-05,test,gru_28d_regularized,34,46.36254119873047,12.362541198730469
exclude_all_flagged,2025-06-06,test,gru_28d_regularized,58,55.65860366821289,2.3413963317871094
exclude_all_flagged,2025-06-07,test,gru_28d_regularized,57,58.01045608520508,1.0104560852050781
exclude_all_flagged,2025-06-08,test,gru_28d_regularized,29,26.509441375732422,2.490558624267578
exclude_all_flagged,2025-06-09,test,gru_28d_regularized,34,32.13865661621094,1.8613433837890625
exclude_all_flagged,2025-06-10,test,gru_28d_regularized,48,38.653480529785156,9.346519470214844
exclude_all_flagged,2025-06-11,test,gru_28d_regularized,39,47.12427520751953,8.124275207519531
exclude_all_flagged,2025-06-12,test,gru_28d_regularized,44,52.672607421875,8.672607421875
exclude_all_flagged,2025-06-13,test,gru_28d_regularized,60,59.73167037963867,0.2683296203613281
exclude_all_flagged,2025-06-14,test,gru_28d_regularized,59,59.26667785644531,0.2666778564453125
exclude_all_flagged,2025-06-15,test,gru_28d_regularized,16,27.774850845336914,11.774850845336914
exclude_all_flagged,2025-06-16,test,gru_28d_regularized,10,29.118879318237305,19.118879318237305
exclude_all_flagged,2025-06-17,test,gru_28d_regularized,22,30.09463119506836,8.09463119506836
exclude_all_flagged,2025-06-18,test,gru_28d_regularized,13,36.93294906616211,23.93294906616211
exclude_all_flagged,2025-06-19,test,gru_28d_regularized,31,36.840450286865234,5.840450286865234
exclude_all_flagged,2025-06-20,test,gru_28d_regularized,60,53.814212799072266,6.185787200927734
exclude_all_flagged,2025-06-21,test,gru_28d_regularized,57,54.73257064819336,2.2674293518066406
exclude_all_flagged,2025-06-22,test,gru_28d_regularized,19,26.011859893798828,7.011859893798828
exclude_all_flagged,2025-06-23,test,gru_28d_regularized,19,24.176237106323242,5.176237106323242
exclude_all_flagged,2025-06-24,test,gru_28d_regularized,34,25.663463592529297,8.336536407470703
exclude_all_flagged,2025-06-25,test,gru_28d_regularized,36,33.89067077636719,2.1093292236328125
exclude_all_flagged,2025-06-26,test,gru_28d_regularized,31,37.03997802734375,6.03997802734375
exclude_all_flagged,2025-06-27,test,gru_28d_regularized,59,50.13773727416992,8.862262725830078
exclude_all_flagged,2025-06-28,test,gru_28d_regularized,59,55.94688415527344,3.0531158447265625
exclude_all_flagged,2025-06-29,test,gru_28d_regularized,32,23.86574363708496,8.134256362915039
exclude_all_flagged,2025-06-30,test,gru_28d_regularized,25,28.970705032348633,3.970705032348633
exclude_all_flagged,2025-07-01,test,gru_28d_regularized,29,31.91338539123535,2.9133853912353516
exclude_all_flagged,2025-07-02,test,gru_28d_regularized,23,36.44704818725586,13.44704818725586
exclude_all_flagged,2025-07-03,test,gru_28d_regularized,30,40.090023040771484,10.090023040771484
exclude_all_flagged,2025-07-04,test,gru_28d_regularized,57,50.317237854003906,6.682762145996094
exclude_all_flagged,2025-07-05,test,gru_28d_regularized,59,59.543792724609375,0.543792724609375
exclude_all_flagged,2025-07-06,test,gru_28d_regularized,32,21.76647186279297,10.233528137207031
exclude_all_flagged,2025-07-07,test,gru_28d_regularized,23,28.233768463134766,5.233768463134766
exclude_all_flagged,2025-07-08,test,gru_28d_regularized,39,30.923234939575195,8.076765060424805
exclude_all_flagged,2025-07-09,test,gru_28d_regularized,44,40.146461486816406,3.8535385131835938
exclude_all_flagged,2025-07-10,test,gru_28d_regularized,45,44.317325592041016,0.6826744079589844
exclude_all_flagged,2025-07-11,test,gru_28d_regularized,60,54.70951843261719,5.2904815673828125
exclude_all_flagged,2025-07-12,test,gru_28d_regularized,59,52.122684478759766,6.877315521240234
exclude_all_flagged,2025-07-13,test,gru_28d_regularized,30,22.573715209960938,7.4262847900390625
exclude_all_flagged,2025-07-14,test,gru_28d_regularized,29,24.168243408203125,4.831756591796875
exclude_all_flagged,2025-07-15,test,gru_28d_regularized,30,27.297611236572266,2.7023887634277344
exclude_all_flagged,2025-07-16,test,gru_28d_regularized,26,31.550626754760742,5.550626754760742
exclude_all_flagged,2025-07-17,test,gru_28d_regularized,36,36.11656188964844,0.1165618896484375
exclude_all_flagged,2025-07-18,test,gru_28d_regularized,60,53.81385803222656,6.1861419677734375
exclude_all_flagged,2025-07-19,test,gru_28d_regularized,60,55.48667907714844,4.5133209228515625
exclude_all_flagged,2025-07-20,test,gru_28d_regularized,37,23.68225860595703,13.317741394042969
exclude_all_flagged,2025-07-21,test,gru_28d_regularized,43,23.4559326171875,19.5440673828125
exclude_all_flagged,2025-07-22,test,gru_28d_regularized,27,29.596757888793945,2.5967578887939453
exclude_all_flagged,2025-07-23,test,gru_28d_regularized,32,31.804441452026367,0.1955585479736328
exclude_all_flagged,2025-07-24,test,gru_28d_regularized,42,35.2839241027832,6.716075897216797
exclude_all_flagged,2025-07-25,test,gru_28d_regularized,58,55.304405212402344,2.6955947875976562
exclude_all_flagged,2025-07-26,test,gru_28d_regularized,60,54.515132904052734,5.484867095947266
exclude_all_flagged,2025-07-27,test,gru_28d_regularized,29,26.568086624145508,2.431913375854492
exclude_all_flagged,2025-07-28,test,gru_28d_regularized,27,22.987363815307617,4.012636184692383
exclude_all_flagged,2025-07-29,test,gru_28d_regularized,28,24.213232040405273,3.7867679595947266
exclude_all_flagged,2025-07-30,test,gru_28d_regularized,25,27.19451332092285,2.1945133209228516
exclude_all_flagged,2025-07-31,test,gru_28d_regularized,38,23.22222328186035,14.777776718139648
exclude_all_flagged,2025-08-01,test,gru_28d_regularized,57,48.112648010253906,8.887351989746094
exclude_all_flagged,2025-08-02,test,gru_28d_regularized,59,56.17045593261719,2.8295440673828125
exclude_all_flagged,2025-08-03,test,gru_28d_regularized,18,23.909738540649414,5.909738540649414
exclude_all_flagged,2025-08-04,test,gru_28d_regularized,21,22.867778778076172,1.8677787780761719
exclude_all_flagged,2025-08-05,test,gru_28d_regularized,18,26.993770599365234,8.993770599365234
exclude_all_flagged,2025-08-06,test,gru_28d_regularized,18,31.339445114135742,13.339445114135742
exclude_all_flagged,2025-08-07,test,gru_28d_regularized,19,34.222381591796875,15.222381591796875
exclude_all_flagged,2025-08-08,test,gru_28d_regularized,52,47.0994987487793,4.900501251220703
exclude_all_flagged,2025-08-09,test,gru_28d_regularized,57,53.68575668334961,3.3142433166503906
exclude_all_flagged,2025-08-10,test,gru_28d_regularized,42,23.452003479003906,18.547996520996094
exclude_all_flagged,2025-08-11,test,gru_28d_regularized,22,27.883670806884766,5.883670806884766
exclude_all_flagged,2025-08-12,test,gru_28d_regularized,36,27.98825454711914,8.01174545288086
exclude_all_flagged,2025-08-13,test,gru_28d_regularized,39,33.239356994628906,5.760643005371094
exclude_all_flagged,2025-08-14,test,gru_28d_regularized,46,40.311195373535156,5.688804626464844
exclude_all_flagged,2025-08-15,test,gru_28d_regularized,60,52.82004165649414,7.179958343505859
exclude_all_flagged,2025-08-16,test,gru_28d_regularized,59,54.357078552246094,4.642921447753906
exclude_all_flagged,2025-08-17,test,gru_28d_regularized,26,27.634986877441406,1.6349868774414062
exclude_all_flagged,2025-08-18,test,gru_28d_regularized,36,26.942842483520508,9.057157516479492
exclude_all_flagged,2025-08-19,test,gru_28d_regularized,24,31.663101196289062,7.6631011962890625
exclude_all_flagged,2025-08-20,test,gru_28d_regularized,32,31.935388565063477,0.06461143493652344
exclude_all_flagged,2025-08-21,test,gru_28d_regularized,42,34.87837219238281,7.1216278076171875
exclude_all_flagged,2025-08-22,test,gru_28d_regularized,60,50.355899810791016,9.644100189208984
exclude_all_flagged,2025-08-23,test,gru_28d_regularized,59,53.47978591918945,5.520214080810547
exclude_all_flagged,2025-08-24,test,gru_28d_regularized,48,25.751161575317383,22.248838424682617
exclude_all_flagged,2025-08-25,test,gru_28d_regularized,55,27.252836227416992,27.747163772583008
exclude_all_flagged,2025-08-26,test,gru_28d_regularized,59,33.95226287841797,25.04773712158203
exclude_all_flagged,2025-08-27,test,gru_28d_regularized,60,39.18730545043945,20.812694549560547
exclude_all_flagged,2025-08-28,test,gru_28d_regularized,60,46.89081573486328,13.109184265136719
exclude_all_flagged,2025-08-29,test,gru_28d_regularized,57,54.88125991821289,2.1187400817871094
exclude_all_flagged,2025-08-30,test,gru_28d_regularized,59,54.37887191772461,4.621128082275391
exclude_all_flagged,2025-08-31,test,gru_28d_regularized,59,35.6295166015625,23.3704833984375
exclude_all_flagged,2025-09-01,test,gru_28d_regularized,25,31.890308380126953,6.890308380126953
exclude_all_flagged,2025-09-02,test,gru_28d_regularized,24,27.524173736572266,3.5241737365722656
exclude_all_flagged,2025-09-03,test,gru_28d_regularized,22,28.45694923400879,6.456949234008789
exclude_all_flagged,2025-09-04,test,gru_28d_regularized,33,31.635700225830078,1.3642997741699219
exclude_all_flagged,2025-09-05,test,gru_28d_regularized,60,45.10373306274414,14.89626693725586
exclude_all_flagged,2025-09-06,test,gru_28d_regularized,59,53.410057067871094,5.589942932128906
exclude_all_flagged,2025-09-07,test,gru_28d_regularized,13,43.90401840209961,30.90401840209961
exclude_all_flagged,2025-09-08,test,gru_28d_regularized,22,29.030611038208008,7.030611038208008
exclude_all_flagged,2025-09-09,test,gru_28d_regularized,18,33.67397689819336,15.67397689819336
exclude_all_flagged,2025-09-10,test,gru_28d_regularized,20,37.3491325378418,17.349132537841797
exclude_all_flagged,2025-09-11,test,gru_28d_regularized,28,37.91550827026367,9.915508270263672
exclude_all_flagged,2025-09-12,test,gru_28d_regularized,58,47.49504852294922,10.504951477050781
exclude_all_flagged,2025-09-13,test,gru_28d_regularized,58,52.03276443481445,5.967235565185547
exclude_all_flagged,2025-09-14,test,gru_28d_regularized,20,29.095212936401367,9.095212936401367
exclude_all_flagged,2025-09-15,test,gru_28d_regularized,37,31.73737335205078,5.262626647949219
exclude_all_flagged,2025-09-16,test,gru_28d_regularized,42,36.03475570678711,5.965244293212891
exclude_all_flagged,2025-09-17,test,gru_28d_regularized,39,38.788787841796875,0.211212158203125
exclude_all_flagged,2025-09-18,test,gru_28d_regularized,36,42.048465728759766,6.048465728759766
exclude_all_flagged,2025-09-19,test,gru_28d_regularized,59,46.59931182861328,12.400688171386719
exclude_all_flagged,2025-09-20,test,gru_28d_regularized,60,49.04817199707031,10.951828002929688
exclude_all_flagged,2025-09-21,test,gru_28d_regularized,40,33.92531967163086,6.074680328369141
exclude_all_flagged,2025-09-22,test,gru_28d_regularized,33,35.370967864990234,2.3709678649902344
exclude_all_flagged,2025-09-23,test,gru_28d_regularized,42,36.78562545776367,5.214374542236328
exclude_all_flagged,2025-09-24,test,gru_28d_regularized,32,41.03559875488281,9.035598754882812
exclude_all_flagged,2025-09-25,test,gru_28d_regularized,39,42.238372802734375,3.238372802734375
exclude_all_flagged,2025-09-26,test,gru_28d_regularized,58,48.833683013916016,9.166316986083984
exclude_all_flagged,2025-09-27,test,gru_28d_regularized,59,52.328529357910156,6.671470642089844
exclude_all_flagged,2025-09-28,test,gru_28d_regularized,36,39.882415771484375,3.882415771484375
exclude_all_flagged,2025-09-29,test,gru_28d_regularized,43,34.92098617553711,8.07901382446289
exclude_all_flagged,2025-09-30,test,gru_28d_regularized,35,39.9390869140625,4.9390869140625
exclude_all_flagged,2025-10-01,test,gru_28d_regularized,23,41.677940368652344,18.677940368652344
exclude_all_flagged,2025-10-02,test,gru_28d_regularized,33,40.68170928955078,7.681709289550781
exclude_all_flagged,2025-10-03,test,gru_28d_regularized,60,52.552547454833984,7.447452545166016
exclude_all_flagged,2025-10-04,test,gru_28d_regularized,59,55.214664459228516,3.7853355407714844
exclude_all_flagged,2025-10-05,test,gru_28d_regularized,29,31.983203887939453,2.983203887939453
exclude_all_flagged,2025-10-06,test,gru_28d_regularized,34,31.37594985961914,2.6240501403808594
exclude_all_flagged,2025-10-07,test,gru_28d_regularized,34,34.08855438232422,0.08855438232421875
exclude_all_flagged,2025-10-08,test,gru_28d_regularized,41,38.80134582519531,2.1986541748046875
exclude_all_flagged,2025-10-09,test,gru_28d_regularized,49,43.5879020690918,5.412097930908203
exclude_all_flagged,2025-10-10,test,gru_28d_regularized,58,53.390769958496094,4.609230041503906
exclude_all_flagged,2025-10-11,test,gru_28d_regularized,60,53.170169830322266,6.829830169677734
exclude_all_flagged,2025-10-12,test,gru_28d_regularized,59,35.69479751586914,23.30520248413086
exclude_all_flagged,2025-10-13,test,gru_28d_regularized,22,39.754905700683594,17.754905700683594
exclude_all_flagged,2025-10-14,test,gru_28d_regularized,37,37.024391174316406,0.02439117431640625
exclude_all_flagged,2025-10-15,test,gru_28d_regularized,53,40.783023834228516,12.216976165771484
exclude_all_flagged,2025-10-16,test,gru_28d_regularized,57,45.4781379699707,11.521862030029297
exclude_all_flagged,2025-10-17,test,gru_28d_regularized,53,52.20395278930664,0.7960472106933594
exclude_all_flagged,2025-10-18,test,gru_28d_regularized,59,54.03787612915039,4.962123870849609
exclude_all_flagged,2025-10-19,test,gru_28d_regularized,45,44.70261001586914,0.2973899841308594
exclude_all_flagged,2025-10-20,test,gru_28d_regularized,42,38.44139862060547,3.5586013793945312
exclude_all_flagged,2025-10-21,test,gru_28d_regularized,46,39.61928176879883,6.380718231201172
exclude_all_flagged,2025-10-22,test,gru_28d_regularized,28,42.58504104614258,14.585041046142578
exclude_all_flagged,2025-10-23,test,gru_28d_regularized,47,44.882442474365234,2.1175575256347656
exclude_all_flagged,2025-10-24,test,gru_28d_regularized,56,55.43657302856445,0.5634269714355469
exclude_all_flagged,2025-10-25,test,gru_28d_regularized,59,55.50616455078125,3.49383544921875
exclude_all_flagged,2025-10-26,test,gru_28d_regularized,29,44.047889709472656,15.047889709472656
exclude_all_flagged,2025-10-27,test,gru_28d_regularized,27,38.299163818359375,11.299163818359375
exclude_all_flagged,2025-10-28,test,gru_28d_regularized,40,35.730674743652344,4.269325256347656
exclude_all_flagged,2025-10-29,test,gru_28d_regularized,46,38.43471908569336,7.565280914306641
exclude_all_flagged,2025-10-30,test,gru_28d_regularized,45,42.305145263671875,2.694854736328125
exclude_all_flagged,2025-10-31,test,gru_28d_regularized,60,50.91093444824219,9.089065551757812
exclude_all_flagged,2025-11-01,test,gru_28d_regularized,60,56.82492446899414,3.1750755310058594
exclude_all_flagged,2025-11-02,test,gru_28d_regularized,38,34.013938903808594,3.9860610961914062
exclude_all_flagged,2025-11-03,test,gru_28d_regularized,21,33.26693344116211,12.26693344116211
exclude_all_flagged,2025-11-04,test,gru_28d_regularized,27,29.70142364501953,2.7014236450195312
exclude_all_flagged,2025-11-05,test,gru_28d_regularized,20,31.011735916137695,11.011735916137695
exclude_all_flagged,2025-11-06,test,gru_28d_regularized,29,32.58306884765625,3.58306884765625
exclude_all_flagged,2025-11-07,test,gru_28d_regularized,60,46.610591888427734,13.389408111572266
exclude_all_flagged,2025-11-08,test,gru_28d_regularized,60,54.58821487426758,5.411785125732422
exclude_all_flagged,2025-11-09,test,gru_28d_regularized,32,34.30197525024414,2.3019752502441406
exclude_all_flagged,2025-11-10,test,gru_28d_regularized,35,25.9292049407959,9.070795059204102
exclude_all_flagged,2025-11-11,test,gru_28d_regularized,29,31.552780151367188,2.5527801513671875
exclude_all_flagged,2025-11-12,test,gru_28d_regularized,29,40.54039764404297,11.540397644042969
exclude_all_flagged,2025-11-13,test,gru_28d_regularized,25,46.29044723510742,21.290447235107422
exclude_all_flagged,2025-11-14,test,gru_28d_regularized,54,50.228721618652344,3.7712783813476562
exclude_all_flagged,2025-11-15,test,gru_28d_regularized,59,53.9486198425293,5.051380157470703
exclude_all_flagged,2025-11-16,test,gru_28d_regularized,19,32.77705764770508,13.777057647705078
exclude_all_flagged,2025-11-17,test,gru_28d_regularized,11,28.649505615234375,17.649505615234375
exclude_all_flagged,2025-11-18,test,gru_28d_regularized,16,27.003379821777344,11.003379821777344
exclude_all_flagged,2025-11-19,test,gru_28d_regularized,27,29.66505241394043,2.6650524139404297
exclude_all_flagged,2025-11-20,test,gru_28d_regularized,26,32.00425720214844,6.0042572021484375
exclude_all_flagged,2025-11-21,test,gru_28d_regularized,58,39.09230041503906,18.907699584960938
exclude_all_flagged,2025-11-22,test,gru_28d_regularized,58,51.09349822998047,6.906501770019531
exclude_all_flagged,2025-11-23,test,gru_28d_regularized,27,22.570728302001953,4.429271697998047
exclude_all_flagged,2025-11-24,test,gru_28d_regularized,30,26.450328826904297,3.549671173095703
exclude_all_flagged,2025-11-25,test,gru_28d_regularized,28,31.290538787841797,3.290538787841797
exclude_all_flagged,2025-11-26,test,gru_28d_regularized,42,32.6949462890625,9.3050537109375
exclude_all_flagged,2025-11-27,test,gru_28d_regularized,58,34.66705322265625,23.33294677734375
exclude_all_flagged,2025-11-28,test,gru_28d_regularized,59,46.3883056640625,12.6116943359375
exclude_all_flagged,2025-11-29,test,gru_28d_regularized,55,50.34114456176758,4.658855438232422
exclude_all_flagged,2025-11-30,test,gru_28d_regularized,28,22.39019012451172,5.609809875488281
exclude_all_flagged,2025-12-01,test,gru_28d_regularized,30,17.70067596435547,12.299324035644531
exclude_all_flagged,2025-12-02,test,gru_28d_regularized,31,25.672761917114258,5.327238082885742
exclude_all_flagged,2025-12-03,test,gru_28d_regularized,28,31.486614227294922,3.486614227294922
exclude_all_flagged,2025-12-04,test,gru_28d_regularized,37,36.38364028930664,0.6163597106933594
exclude_all_flagged,2025-12-05,test,gru_28d_regularized,50,45.418819427490234,4.581180572509766
exclude_all_flagged,2025-12-06,test,gru_28d_regularized,60,52.063812255859375,7.936187744140625
exclude_all_flagged,2025-12-07,test,gru_28d_regularized,36,31.366561889648438,4.6334381103515625
exclude_all_flagged,2025-12-08,test,gru_28d_regularized,26,30.496110916137695,4.496110916137695
exclude_all_flagged,2025-12-09,test,gru_28d_regularized,40,30.716623306274414,9.283376693725586
exclude_all_flagged,2025-12-10,test,gru_28d_regularized,21,34.86803436279297,13.868034362792969
exclude_all_flagged,2025-12-11,test,gru_28d_regularized,24,36.444007873535156,12.444007873535156
exclude_all_flagged,2025-12-12,test,gru_28d_regularized,50,41.636627197265625,8.363372802734375
exclude_all_flagged,2025-12-13,test,gru_28d_regularized,52,49.977783203125,2.022216796875
exclude_all_flagged,2025-12-14,test,gru_28d_regularized,24,33.47982406616211,9.47982406616211
exclude_all_flagged,2025-12-15,test,gru_28d_regularized,18,31.82250213623047,13.822502136230469
exclude_all_flagged,2025-12-16,test,gru_28d_regularized,23,30.957706451416016,7.957706451416016
exclude_all_flagged,2025-12-17,test,gru_28d_regularized,34,32.218326568603516,1.7816734313964844
exclude_all_flagged,2025-12-18,test,gru_28d_regularized,43,33.50996780395508,9.490032196044922
exclude_all_flagged,2025-12-19,test,gru_28d_regularized,49,40.94272232055664,8.05727767944336
exclude_all_flagged,2025-12-20,test,gru_28d_regularized,57,48.6546630859375,8.3453369140625
exclude_all_flagged,2025-12-21,test,gru_28d_regularized,35,32.59720230102539,2.4027976989746094
exclude_all_flagged,2025-12-22,test,gru_28d_regularized,28,32.24996566772461,4.249965667724609
exclude_all_flagged,2025-12-23,test,gru_28d_regularized,27,32.01182556152344,5.0118255615234375
exclude_all_flagged,2025-12-24,test,gru_28d_regularized,40,33.17870330810547,6.821296691894531
exclude_all_flagged,2025-12-25,test,gru_28d_regularized,31,36.73272705078125,5.73272705078125
exclude_all_flagged,2025-12-26,test,gru_28d_regularized,40,45.79721450805664,5.797214508056641
exclude_all_flagged,2025-12-27,test,gru_28d_regularized,44,47.47113800048828,3.4711380004882812
exclude_all_flagged,2025-12-28,test,gru_28d_regularized,30,32.013526916503906,2.0135269165039062
exclude_all_flagged,2025-12-29,test,gru_28d_regularized,28,29.79079818725586,1.7907981872558594
exclude_all_flagged,2025-12-30,test,gru_28d_regularized,36,30.023481369018555,5.976518630981445
exclude_all_flagged,2025-12-31,test,gru_28d_regularized,55,33.19854736328125,21.80145263671875
exclude_all_flagged,2024-07-01,validation,gru_56d_wide,14,27.91090965270996,13.910909652709961
exclude_all_flagged,2024-07-02,validation,gru_56d_wide,17,26.830934524536133,9.830934524536133
exclude_all_flagged,2024-07-03,validation,gru_56d_wide,23,31.400854110717773,8.400854110717773
exclude_all_flagged,2024-07-04,validation,gru_56d_wide,26,40.431678771972656,14.431678771972656
exclude_all_flagged,2024-07-05,validation,gru_56d_wide,59,55.377315521240234,3.6226844787597656
exclude_all_flagged,2024-07-06,validation,gru_56d_wide,59,58.8682746887207,0.13172531127929688
exclude_all_flagged,2024-07-07,validation,gru_56d_wide,22,22.398820877075195,0.3988208770751953
exclude_all_flagged,2024-07-08,validation,gru_56d_wide,27,25.18179702758789,1.8182029724121094
exclude_all_flagged,2024-07-09,validation,gru_56d_wide,33,33.9530143737793,0.9530143737792969
exclude_all_flagged,2024-07-10,validation,gru_56d_wide,40,38.61753845214844,1.3824615478515625
exclude_all_flagged,2024-07-11,validation,gru_56d_wide,50,43.2517204284668,6.748279571533203
exclude_all_flagged,2024-07-12,validation,gru_56d_wide,58,59.11443328857422,1.1144332885742188
exclude_all_flagged,2024-07-13,validation,gru_56d_wide,60,60.0,0.0
exclude_all_flagged,2024-07-14,validation,gru_56d_wide,25,24.872020721435547,0.12797927856445312
exclude_all_flagged,2024-07-15,validation,gru_56d_wide,28,23.631200790405273,4.368799209594727
exclude_all_flagged,2024-07-16,validation,gru_56d_wide,36,26.7885799407959,9.211420059204102
exclude_all_flagged,2024-07-17,validation,gru_56d_wide,27,34.89223098754883,7.892230987548828
exclude_all_flagged,2024-07-18,validation,gru_56d_wide,32,44.68230438232422,12.682304382324219
exclude_all_flagged,2024-07-19,validation,gru_56d_wide,59,57.68047332763672,1.3195266723632812
exclude_all_flagged,2024-07-20,validation,gru_56d_wide,60,59.665130615234375,0.334869384765625
exclude_all_flagged,2024-07-21,validation,gru_56d_wide,41,24.759658813476562,16.240341186523438
exclude_all_flagged,2024-07-22,validation,gru_56d_wide,45,24.932849884033203,20.067150115966797
exclude_all_flagged,2024-07-23,validation,gru_56d_wide,52,31.1655216217041,20.8344783782959
exclude_all_flagged,2024-07-24,validation,gru_56d_wide,57,41.19072723388672,15.809272766113281
exclude_all_flagged,2024-07-25,validation,gru_56d_wide,58,48.11782455444336,9.88217544555664
exclude_all_flagged,2024-07-26,validation,gru_56d_wide,60,60.0,0.0
exclude_all_flagged,2024-07-27,validation,gru_56d_wide,60,60.0,0.0
exclude_all_flagged,2024-07-28,validation,gru_56d_wide,28,35.88861846923828,7.888618469238281
exclude_all_flagged,2024-07-29,validation,gru_56d_wide,22,33.126983642578125,11.126983642578125
exclude_all_flagged,2024-07-30,validation,gru_56d_wide,27,34.362892150878906,7.362892150878906
exclude_all_flagged,2024-07-31,validation,gru_56d_wide,40,38.60501480102539,1.3949851989746094
exclude_all_flagged,2024-08-01,validation,gru_56d_wide,33,41.8571662902832,8.857166290283203
exclude_all_flagged,2024-08-02,validation,gru_56d_wide,60,55.133460998535156,4.866539001464844
exclude_all_flagged,2024-08-03,validation,gru_56d_wide,60,58.961647033691406,1.0383529663085938
exclude_all_flagged,2024-08-04,validation,gru_56d_wide,22,23.39220428466797,1.3922042846679688
exclude_all_flagged,2024-08-05,validation,gru_56d_wide,24,25.654333114624023,1.6543331146240234
exclude_all_flagged,2024-08-06,validation,gru_56d_wide,30,33.60794448852539,3.6079444885253906
exclude_all_flagged,2024-08-07,validation,gru_56d_wide,37,43.00760269165039,6.007602691650391
exclude_all_flagged,2024-08-08,validation,gru_56d_wide,41,50.5151252746582,9.515125274658203
exclude_all_flagged,2024-08-09,validation,gru_56d_wide,55,60.0,5.0
exclude_all_flagged,2024-08-10,validation,gru_56d_wide,59,60.0,1.0
exclude_all_flagged,2024-08-11,validation,gru_56d_wide,26,30.485456466674805,4.485456466674805
exclude_all_flagged,2024-08-12,validation,gru_56d_wide,31,28.995159149169922,2.004840850830078
exclude_all_flagged,2024-08-13,validation,gru_56d_wide,52,32.2381477355957,19.761852264404297
exclude_all_flagged,2024-08-14,validation,gru_56d_wide,36,40.87266159057617,4.872661590576172
exclude_all_flagged,2024-08-15,validation,gru_56d_wide,50,44.04091262817383,5.959087371826172
exclude_all_flagged,2024-08-16,validation,gru_56d_wide,60,60.0,0.0
exclude_all_flagged,2024-08-17,validation,gru_56d_wide,60,60.0,0.0
exclude_all_flagged,2024-08-18,validation,gru_56d_wide,25,26.743684768676758,1.7436847686767578
exclude_all_flagged,2024-08-19,validation,gru_56d_wide,33,24.476118087768555,8.523881912231445
exclude_all_flagged,2024-08-20,validation,gru_56d_wide,27,32.5703125,5.5703125
exclude_all_flagged,2024-08-21,validation,gru_56d_wide,38,36.605560302734375,1.394439697265625
exclude_all_flagged,2024-08-22,validation,gru_56d_wide,45,45.958744049072266,0.9587440490722656
exclude_all_flagged,2024-08-23,validation,gru_56d_wide,60,54.54903793334961,5.450962066650391
exclude_all_flagged,2024-08-24,validation,gru_56d_wide,60,55.55012512207031,4.4498748779296875
exclude_all_flagged,2024-08-25,validation,gru_56d_wide,42,38.99427795410156,3.0057220458984375
exclude_all_flagged,2024-08-26,validation,gru_56d_wide,52,36.76061248779297,15.239387512207031
exclude_all_flagged,2024-08-27,validation,gru_56d_wide,57,41.52544021606445,15.474559783935547
exclude_all_flagged,2024-08-28,validation,gru_56d_wide,60,47.44740295410156,12.552597045898438
exclude_all_flagged,2024-08-29,validation,gru_56d_wide,59,53.31061553955078,5.689384460449219
exclude_all_flagged,2024-08-30,validation,gru_56d_wide,49,60.0,11.0
exclude_all_flagged,2024-09-01,validation,gru_56d_wide,60,39.51264190673828,20.48735809326172
exclude_all_flagged,2024-09-02,validation,gru_56d_wide,38,39.647613525390625,1.647613525390625
exclude_all_flagged,2024-09-03,validation,gru_56d_wide,33,40.89178466796875,7.89178466796875
exclude_all_flagged,2024-09-04,validation,gru_56d_wide,31,44.10075378417969,13.100753784179688
exclude_all_flagged,2024-09-05,validation,gru_56d_wide,36,49.80192184448242,13.801921844482422
exclude_all_flagged,2024-09-06,validation,gru_56d_wide,57,59.44646072387695,2.446460723876953
exclude_all_flagged,2024-09-07,validation,gru_56d_wide,59,60.0,1.0
exclude_all_flagged,2024-09-08,validation,gru_56d_wide,24,39.22446060180664,15.22446060180664
exclude_all_flagged,2024-09-09,validation,gru_56d_wide,29,40.46900177001953,11.469001770019531
exclude_all_flagged,2024-09-10,validation,gru_56d_wide,25,45.40549087524414,20.40549087524414
exclude_all_flagged,2024-09-11,validation,gru_56d_wide,22,48.51020431518555,26.510204315185547
exclude_all_flagged,2024-09-12,validation,gru_56d_wide,39,54.164093017578125,15.164093017578125
exclude_all_flagged,2024-09-13,validation,gru_56d_wide,59,60.0,1.0
exclude_all_flagged,2024-09-14,validation,gru_56d_wide,60,60.0,0.0
exclude_all_flagged,2024-09-15,validation,gru_56d_wide,29,32.328636169433594,3.3286361694335938
exclude_all_flagged,2024-09-16,validation,gru_56d_wide,40,30.267786026000977,9.732213973999023
exclude_all_flagged,2024-09-17,validation,gru_56d_wide,49,35.98699188232422,13.013008117675781
exclude_all_flagged,2024-09-18,validation,gru_56d_wide,50,41.59117889404297,8.408821105957031
exclude_all_flagged,2024-09-19,validation,gru_56d_wide,54,50.79665756225586,3.2033424377441406
exclude_all_flagged,2024-09-20,validation,gru_56d_wide,59,60.0,1.0
exclude_all_flagged,2024-09-21,validation,gru_56d_wide,59,60.0,1.0
exclude_all_flagged,2024-09-22,validation,gru_56d_wide,36,30.210094451904297,5.789905548095703
exclude_all_flagged,2024-09-23,validation,gru_56d_wide,42,33.08550262451172,8.914497375488281
exclude_all_flagged,2024-09-24,validation,gru_56d_wide,55,38.56989669799805,16.430103302001953
exclude_all_flagged,2024-09-25,validation,gru_56d_wide,56,44.76299285888672,11.237007141113281
exclude_all_flagged,2024-09-26,validation,gru_56d_wide,56,53.755191802978516,2.2448081970214844
exclude_all_flagged,2024-09-27,validation,gru_56d_wide,59,59.619911193847656,0.6199111938476562
exclude_all_flagged,2024-09-28,validation,gru_56d_wide,57,59.290435791015625,2.290435791015625
exclude_all_flagged,2024-09-29,validation,gru_56d_wide,38,39.475467681884766,1.4754676818847656
exclude_all_flagged,2024-09-30,validation,gru_56d_wide,30,40.52671432495117,10.526714324951172
exclude_all_flagged,2024-10-01,validation,gru_56d_wide,14,44.144996643066406,30.144996643066406
exclude_all_flagged,2024-10-02,validation,gru_56d_wide,11,41.46155548095703,30.46155548095703
exclude_all_flagged,2024-10-03,validation,gru_56d_wide,39,44.1934814453125,5.1934814453125
exclude_all_flagged,2024-10-04,validation,gru_56d_wide,60,58.45159912109375,1.54840087890625
exclude_all_flagged,2024-10-05,validation,gru_56d_wide,58,56.76133728027344,1.2386627197265625
exclude_all_flagged,2024-10-06,validation,gru_56d_wide,25,24.01862907409668,0.9813709259033203
exclude_all_flagged,2024-10-07,validation,gru_56d_wide,22,25.217954635620117,3.217954635620117
exclude_all_flagged,2024-10-08,validation,gru_56d_wide,30,30.046550750732422,0.046550750732421875
exclude_all_flagged,2024-10-09,validation,gru_56d_wide,38,38.518699645996094,0.5186996459960938
exclude_all_flagged,2024-10-10,validation,gru_56d_wide,59,53.79787063598633,5.202129364013672
exclude_all_flagged,2024-10-11,validation,gru_56d_wide,60,60.0,0.0
exclude_all_flagged,2024-10-12,validation,gru_56d_wide,60,59.580955505371094,0.41904449462890625
exclude_all_flagged,2024-10-13,validation,gru_56d_wide,60,29.201786041259766,30.798213958740234
exclude_all_flagged,2024-10-14,validation,gru_56d_wide,18,26.510461807250977,8.510461807250977
exclude_all_flagged,2024-10-15,validation,gru_56d_wide,24,25.640132904052734,1.6401329040527344
exclude_all_flagged,2024-10-16,validation,gru_56d_wide,34,27.458330154418945,6.541669845581055
exclude_all_flagged,2024-10-17,validation,gru_56d_wide,51,42.05227279663086,8.94772720336914
exclude_all_flagged,2024-10-18,validation,gru_56d_wide,60,55.60866928100586,4.391330718994141
exclude_all_flagged,2024-10-19,validation,gru_56d_wide,60,55.54002380371094,4.4599761962890625
exclude_all_flagged,2024-10-20,validation,gru_56d_wide,44,34.665584564208984,9.334415435791016
exclude_all_flagged,2024-10-21,validation,gru_56d_wide,31,28.172054290771484,2.8279457092285156
exclude_all_flagged,2024-10-22,validation,gru_56d_wide,37,33.53721237182617,3.462787628173828
exclude_all_flagged,2024-10-23,validation,gru_56d_wide,51,44.02877426147461,6.971225738525391
exclude_all_flagged,2024-10-24,validation,gru_56d_wide,58,53.38349151611328,4.616508483886719
exclude_all_flagged,2024-10-25,validation,gru_56d_wide,59,59.892574310302734,0.8925743103027344
exclude_all_flagged,2024-10-26,validation,gru_56d_wide,59,56.879859924316406,2.1201400756835938
exclude_all_flagged,2024-10-27,validation,gru_56d_wide,59,41.525779724121094,17.474220275878906
exclude_all_flagged,2024-10-28,validation,gru_56d_wide,21,32.508201599121094,11.508201599121094
exclude_all_flagged,2024-10-29,validation,gru_56d_wide,23,29.756366729736328,6.756366729736328
exclude_all_flagged,2024-10-30,validation,gru_56d_wide,26,35.01376724243164,9.01376724243164
exclude_all_flagged,2024-10-31,validation,gru_56d_wide,40,47.462581634521484,7.462581634521484
exclude_all_flagged,2024-11-01,validation,gru_56d_wide,60,56.80781555175781,3.1921844482421875
exclude_all_flagged,2024-11-02,validation,gru_56d_wide,60,52.62931823730469,7.3706817626953125
exclude_all_flagged,2024-11-03,validation,gru_56d_wide,26,35.70493698120117,9.704936981201172
exclude_all_flagged,2024-11-04,validation,gru_56d_wide,16,28.681039810180664,12.681039810180664
exclude_all_flagged,2024-11-05,validation,gru_56d_wide,16,32.333621978759766,16.333621978759766
exclude_all_flagged,2024-11-06,validation,gru_56d_wide,29,40.19747543334961,11.19747543334961
exclude_all_flagged,2024-11-07,validation,gru_56d_wide,47,52.444374084472656,5.444374084472656
exclude_all_flagged,2024-11-08,validation,gru_56d_wide,59,58.988338470458984,0.011661529541015625
exclude_all_flagged,2024-11-09,validation,gru_56d_wide,60,59.383827209472656,0.6161727905273438
exclude_all_flagged,2024-11-10,validation,gru_56d_wide,60,45.81631851196289,14.18368148803711
exclude_all_flagged,2024-11-11,validation,gru_56d_wide,38,35.7353515625,2.2646484375
exclude_all_flagged,2024-11-12,validation,gru_56d_wide,54,37.40822982788086,16.59177017211914
exclude_all_flagged,2024-11-13,validation,gru_56d_wide,36,43.81167984008789,7.811679840087891
exclude_all_flagged,2024-11-14,validation,gru_56d_wide,53,49.750099182128906,3.2499008178710938
exclude_all_flagged,2024-11-15,validation,gru_56d_wide,60,57.44977569580078,2.5502243041992188
exclude_all_flagged,2024-11-16,validation,gru_56d_wide,60,59.45891189575195,0.5410881042480469
exclude_all_flagged,2024-11-17,validation,gru_56d_wide,15,47.10792541503906,32.10792541503906
exclude_all_flagged,2024-11-18,validation,gru_56d_wide,12,36.47799301147461,24.47799301147461
exclude_all_flagged,2024-11-19,validation,gru_56d_wide,23,32.707481384277344,9.707481384277344
exclude_all_flagged,2024-11-20,validation,gru_56d_wide,34,36.29016876220703,2.2901687622070312
exclude_all_flagged,2024-11-21,validation,gru_56d_wide,29,48.49116516113281,19.491165161132812
exclude_all_flagged,2024-11-22,validation,gru_56d_wide,50,56.30194854736328,6.301948547363281
exclude_all_flagged,2024-11-23,validation,gru_56d_wide,56,57.14861297607422,1.1486129760742188
exclude_all_flagged,2024-11-24,validation,gru_56d_wide,25,44.1228141784668,19.122814178466797
exclude_all_flagged,2024-11-25,validation,gru_56d_wide,25,36.78338623046875,11.78338623046875
exclude_all_flagged,2024-11-26,validation,gru_56d_wide,23,41.07722091674805,18.077220916748047
exclude_all_flagged,2024-11-27,validation,gru_56d_wide,43,40.665382385253906,2.3346176147460938
exclude_all_flagged,2024-11-28,validation,gru_56d_wide,58,52.07851791381836,5.921482086181641
exclude_all_flagged,2024-11-29,validation,gru_56d_wide,59,60.0,1.0
exclude_all_flagged,2024-11-30,validation,gru_56d_wide,59,60.0,1.0
exclude_all_flagged,2024-12-01,validation,gru_56d_wide,28,31.443954467773438,3.4439544677734375
exclude_all_flagged,2024-12-02,validation,gru_56d_wide,22,24.094913482666016,2.0949134826660156
exclude_all_flagged,2024-12-03,validation,gru_56d_wide,34,24.330068588256836,9.669931411743164
exclude_all_flagged,2024-12-04,validation,gru_56d_wide,38,31.13853645324707,6.86146354675293
exclude_all_flagged,2024-12-05,validation,gru_56d_wide,29,39.059425354003906,10.059425354003906
exclude_all_flagged,2024-12-06,validation,gru_56d_wide,60,51.26585006713867,8.734149932861328
exclude_all_flagged,2024-12-07,validation,gru_56d_wide,60,56.768943786621094,3.2310562133789062
exclude_all_flagged,2024-12-08,validation,gru_56d_wide,27,32.411590576171875,5.411590576171875
exclude_all_flagged,2024-12-09,validation,gru_56d_wide,24,27.759218215942383,3.759218215942383
exclude_all_flagged,2024-12-10,validation,gru_56d_wide,26,28.623443603515625,2.623443603515625
exclude_all_flagged,2024-12-11,validation,gru_56d_wide,32,30.888229370117188,1.1117706298828125
exclude_all_flagged,2024-12-12,validation,gru_56d_wide,29,42.30620193481445,13.306201934814453
exclude_all_flagged,2024-12-13,validation,gru_56d_wide,47,53.64829635620117,6.648296356201172
exclude_all_flagged,2024-12-14,validation,gru_56d_wide,58,57.0009880065918,0.9990119934082031
exclude_all_flagged,2024-12-15,validation,gru_56d_wide,34,27.756866455078125,6.243133544921875
exclude_all_flagged,2024-12-16,validation,gru_56d_wide,23,23.089208602905273,0.08920860290527344
exclude_all_flagged,2024-12-17,validation,gru_56d_wide,26,25.770519256591797,0.22948074340820312
exclude_all_flagged,2024-12-18,validation,gru_56d_wide,32,29.17192268371582,2.8280773162841797
exclude_all_flagged,2024-12-19,validation,gru_56d_wide,25,31.444860458374023,6.444860458374023
exclude_all_flagged,2024-12-20,validation,gru_56d_wide,52,45.518890380859375,6.481109619140625
exclude_all_flagged,2024-12-21,validation,gru_56d_wide,59,54.792301177978516,4.207698822021484
exclude_all_flagged,2024-12-22,validation,gru_56d_wide,31,30.885826110839844,0.11417388916015625
exclude_all_flagged,2024-12-23,validation,gru_56d_wide,35,24.929615020751953,10.070384979248047
exclude_all_flagged,2024-12-24,validation,gru_56d_wide,45,25.7122802734375,19.2877197265625
exclude_all_flagged,2024-12-25,validation,gru_56d_wide,40,31.69662094116211,8.30337905883789
exclude_all_flagged,2024-12-26,validation,gru_56d_wide,48,37.207740783691406,10.792259216308594
exclude_all_flagged,2024-12-27,validation,gru_56d_wide,56,48.22516632080078,7.774833679199219
exclude_all_flagged,2024-12-28,validation,gru_56d_wide,58,53.04828643798828,4.951713562011719
exclude_all_flagged,2024-12-29,validation,gru_56d_wide,39,33.924278259277344,5.075721740722656
exclude_all_flagged,2024-12-30,validation,gru_56d_wide,39,29.466285705566406,9.533714294433594
exclude_all_flagged,2024-12-31,validation,gru_56d_wide,50,35.23643112182617,14.763568878173828
exclude_all_flagged,2025-01-01,test,gru_56d_wide,11,27.06415557861328,16.06415557861328
exclude_all_flagged,2025-01-02,test,gru_56d_wide,15,23.285207748413086,8.285207748413086
exclude_all_flagged,2025-01-03,test,gru_56d_wide,17,33.4297981262207,16.429798126220703
exclude_all_flagged,2025-01-04,test,gru_56d_wide,22,38.30422592163086,16.30422592163086
exclude_all_flagged,2025-01-16,test,gru_56d_wide,1,48.064205169677734,47.064205169677734
exclude_all_flagged,2025-01-17,test,gru_56d_wide,23,50.28538131713867,27.285381317138672
exclude_all_flagged,2025-01-18,test,gru_56d_wide,44,49.43573760986328,5.435737609863281
exclude_all_flagged,2025-01-19,test,gru_56d_wide,13,38.264041900634766,25.264041900634766
exclude_all_flagged,2025-01-20,test,gru_56d_wide,5,39.12820816040039,34.12820816040039
exclude_all_flagged,2025-01-21,test,gru_56d_wide,2,40.08916091918945,38.08916091918945
exclude_all_flagged,2025-01-22,test,gru_56d_wide,13,39.814613342285156,26.814613342285156
exclude_all_flagged,2025-01-23,test,gru_56d_wide,14,42.34494400024414,28.34494400024414
exclude_all_flagged,2025-01-24,test,gru_56d_wide,56,42.753387451171875,13.246612548828125
exclude_all_flagged,2025-01-25,test,gru_56d_wide,58,43.636661529541016,14.363338470458984
exclude_all_flagged,2025-01-26,test,gru_56d_wide,20,33.89729690551758,13.897296905517578
exclude_all_flagged,2025-01-27,test,gru_56d_wide,17,32.61637496948242,15.616374969482422
exclude_all_flagged,2025-01-28,test,gru_56d_wide,21,34.43622589111328,13.436225891113281
exclude_all_flagged,2025-01-29,test,gru_56d_wide,25,29.67560577392578,4.675605773925781
exclude_all_flagged,2025-01-30,test,gru_56d_wide,28,28.957365036010742,0.9573650360107422
exclude_all_flagged,2025-01-31,test,gru_56d_wide,53,37.085662841796875,15.914337158203125
exclude_all_flagged,2025-02-01,test,gru_56d_wide,59,43.57269287109375,15.42730712890625
exclude_all_flagged,2025-02-02,test,gru_56d_wide,19,25.720706939697266,6.720706939697266
exclude_all_flagged,2025-02-03,test,gru_56d_wide,23,20.468233108520508,2.531766891479492
exclude_all_flagged,2025-02-04,test,gru_56d_wide,25,20.5824031829834,4.417596817016602
exclude_all_flagged,2025-02-05,test,gru_56d_wide,25,23.757505416870117,1.2424945831298828
exclude_all_flagged,2025-02-06,test,gru_56d_wide,26,27.23387336730957,1.2338733673095703
exclude_all_flagged,2025-02-07,test,gru_56d_wide,31,36.76808166503906,5.7680816650390625
exclude_all_flagged,2025-02-08,test,gru_56d_wide,46,40.3680419921875,5.6319580078125
exclude_all_flagged,2025-02-09,test,gru_56d_wide,13,28.236108779907227,15.236108779907227
exclude_all_flagged,2025-02-10,test,gru_56d_wide,16,26.863828659057617,10.863828659057617
exclude_all_flagged,2025-02-11,test,gru_56d_wide,21,26.21054458618164,5.210544586181641
exclude_all_flagged,2025-02-12,test,gru_56d_wide,21,27.23984718322754,6.239847183227539
exclude_all_flagged,2025-02-13,test,gru_56d_wide,25,31.546680450439453,6.546680450439453
exclude_all_flagged,2025-02-14,test,gru_56d_wide,60,43.067623138427734,16.932376861572266
exclude_all_flagged,2025-02-15,test,gru_56d_wide,54,51.49116516113281,2.5088348388671875
exclude_all_flagged,2025-02-16,test,gru_56d_wide,31,22.233564376831055,8.766435623168945
exclude_all_flagged,2025-02-17,test,gru_56d_wide,20,25.376197814941406,5.376197814941406
exclude_all_flagged,2025-02-18,test,gru_56d_wide,31,23.261817932128906,7.738182067871094
exclude_all_flagged,2025-02-19,test,gru_56d_wide,37,26.313329696655273,10.686670303344727
exclude_all_flagged,2025-02-20,test,gru_56d_wide,44,31.332008361816406,12.667991638183594
exclude_all_flagged,2025-02-21,test,gru_56d_wide,59,48.390201568603516,10.609798431396484
exclude_all_flagged,2025-02-22,test,gru_56d_wide,59,52.79986572265625,6.20013427734375
exclude_all_flagged,2025-02-23,test,gru_56d_wide,11,29.32272720336914,18.32272720336914
exclude_all_flagged,2025-02-24,test,gru_56d_wide,29,23.196517944335938,5.8034820556640625
exclude_all_flagged,2025-02-25,test,gru_56d_wide,22,27.978641510009766,5.978641510009766
exclude_all_flagged,2025-02-26,test,gru_56d_wide,35,31.43977928161621,3.560220718383789
exclude_all_flagged,2025-02-27,test,gru_56d_wide,32,37.18881607055664,5.188816070556641
exclude_all_flagged,2025-02-28,test,gru_56d_wide,53,52.2407341003418,0.7592658996582031
exclude_all_flagged,2025-03-01,test,gru_56d_wide,58,55.56804275512695,2.431957244873047
exclude_all_flagged,2025-03-02,test,gru_56d_wide,11,28.70928382873535,17.70928382873535
exclude_all_flagged,2025-03-03,test,gru_56d_wide,35,27.853683471679688,7.1463165283203125
exclude_all_flagged,2025-03-04,test,gru_56d_wide,35,32.49638748168945,2.503612518310547
exclude_all_flagged,2025-03-05,test,gru_56d_wide,39,37.486236572265625,1.513763427734375
exclude_all_flagged,2025-03-06,test,gru_56d_wide,35,41.22807312011719,6.2280731201171875
exclude_all_flagged,2025-03-07,test,gru_56d_wide,60,49.47895812988281,10.521041870117188
exclude_all_flagged,2025-03-08,test,gru_56d_wide,59,54.264583587646484,4.735416412353516
exclude_all_flagged,2025-03-09,test,gru_56d_wide,20,18.721633911132812,1.2783660888671875
exclude_all_flagged,2025-03-10,test,gru_56d_wide,32,22.910673141479492,9.089326858520508
exclude_all_flagged,2025-03-11,test,gru_56d_wide,31,25.84876823425293,5.15123176574707
exclude_all_flagged,2025-03-12,test,gru_56d_wide,37,29.89750099182129,7.102499008178711
exclude_all_flagged,2025-03-13,test,gru_56d_wide,42,34.9792594909668,7.020740509033203
exclude_all_flagged,2025-03-14,test,gru_56d_wide,58,51.674800872802734,6.325199127197266
exclude_all_flagged,2025-03-15,test,gru_56d_wide,59,56.63786697387695,2.362133026123047
exclude_all_flagged,2025-03-16,test,gru_56d_wide,34,23.891237258911133,10.108762741088867
exclude_all_flagged,2025-03-17,test,gru_56d_wide,31,26.203819274902344,4.796180725097656
exclude_all_flagged,2025-03-18,test,gru_56d_wide,32,31.828163146972656,0.17183685302734375
exclude_all_flagged,2025-03-19,test,gru_56d_wide,24,36.78681564331055,12.786815643310547
exclude_all_flagged,2025-03-20,test,gru_56d_wide,49,38.935062408447266,10.064937591552734
exclude_all_flagged,2025-03-21,test,gru_56d_wide,58,51.3810920715332,6.618907928466797
exclude_all_flagged,2025-03-22,test,gru_56d_wide,60,53.135066986083984,6.864933013916016
exclude_all_flagged,2025-03-23,test,gru_56d_wide,30,22.63884735107422,7.361152648925781
exclude_all_flagged,2025-03-24,test,gru_56d_wide,30,23.352571487426758,6.647428512573242
exclude_all_flagged,2025-03-25,test,gru_56d_wide,30,24.896488189697266,5.103511810302734
exclude_all_flagged,2025-03-26,test,gru_56d_wide,35,29.99153709411621,5.008462905883789
exclude_all_flagged,2025-03-27,test,gru_56d_wide,43,36.434532165527344,6.565467834472656
exclude_all_flagged,2025-03-28,test,gru_56d_wide,58,50.046146392822266,7.953853607177734
exclude_all_flagged,2025-03-29,test,gru_56d_wide,58,53.602210998535156,4.397789001464844
exclude_all_flagged,2025-03-30,test,gru_56d_wide,40,25.266935348510742,14.733064651489258
exclude_all_flagged,2025-03-31,test,gru_56d_wide,33,34.4747314453125,1.4747314453125
exclude_all_flagged,2025-04-01,test,gru_56d_wide,23,24.949665069580078,1.9496650695800781
exclude_all_flagged,2025-04-02,test,gru_56d_wide,24,27.72752571105957,3.7275257110595703
exclude_all_flagged,2025-04-03,test,gru_56d_wide,33,35.8400993347168,2.840099334716797
exclude_all_flagged,2025-04-04,test,gru_56d_wide,59,54.85612106323242,4.143878936767578
exclude_all_flagged,2025-04-05,test,gru_56d_wide,59,57.04507064819336,1.9549293518066406
exclude_all_flagged,2025-04-06,test,gru_56d_wide,36,24.524030685424805,11.475969314575195
exclude_all_flagged,2025-04-07,test,gru_56d_wide,19,24.31777572631836,5.317775726318359
exclude_all_flagged,2025-04-08,test,gru_56d_wide,23,23.097957611083984,0.09795761108398438
exclude_all_flagged,2025-04-09,test,gru_56d_wide,28,26.632143020629883,1.3678569793701172
exclude_all_flagged,2025-04-10,test,gru_56d_wide,50,32.192344665527344,17.807655334472656
exclude_all_flagged,2025-04-11,test,gru_56d_wide,59,51.82143020629883,7.178569793701172
exclude_all_flagged,2025-04-12,test,gru_56d_wide,59,52.82395553588867,6.176044464111328
exclude_all_flagged,2025-04-13,test,gru_56d_wide,32,27.320974349975586,4.679025650024414
exclude_all_flagged,2025-04-14,test,gru_56d_wide,39,24.128826141357422,14.871173858642578
exclude_all_flagged,2025-04-15,test,gru_56d_wide,33,24.631330490112305,8.368669509887695
exclude_all_flagged,2025-04-16,test,gru_56d_wide,34,25.54733657836914,8.45266342163086
exclude_all_flagged,2025-04-17,test,gru_56d_wide,43,38.9077033996582,4.092296600341797
exclude_all_flagged,2025-04-18,test,gru_56d_wide,60,58.65003204345703,1.3499679565429688
exclude_all_flagged,2025-04-19,test,gru_56d_wide,59,60.0,1.0
exclude_all_flagged,2025-04-20,test,gru_56d_wide,27,34.126258850097656,7.126258850097656
exclude_all_flagged,2025-04-21,test,gru_56d_wide,39,31.857688903808594,7.142311096191406
exclude_all_flagged,2025-04-22,test,gru_56d_wide,44,32.51908874511719,11.480911254882812
exclude_all_flagged,2025-04-23,test,gru_56d_wide,36,37.01750564575195,1.0175056457519531
exclude_all_flagged,2025-04-24,test,gru_56d_wide,50,45.13728713989258,4.862712860107422
exclude_all_flagged,2025-04-25,test,gru_56d_wide,55,58.173179626464844,3.1731796264648438
exclude_all_flagged,2025-04-26,test,gru_56d_wide,59,56.65225601196289,2.3477439880371094
exclude_all_flagged,2025-04-27,test,gru_56d_wide,21,33.2879753112793,12.287975311279297
exclude_all_flagged,2025-04-28,test,gru_56d_wide,30,35.03703308105469,5.0370330810546875
exclude_all_flagged,2025-04-29,test,gru_56d_wide,35,34.244873046875,0.755126953125
exclude_all_flagged,2025-04-30,test,gru_56d_wide,29,36.11443328857422,7.114433288574219
exclude_all_flagged,2025-05-01,test,gru_56d_wide,30,37.618431091308594,7.618431091308594
exclude_all_flagged,2025-05-02,test,gru_56d_wide,58,56.763282775878906,1.2367172241210938
exclude_all_flagged,2025-05-03,test,gru_56d_wide,59,57.43964767456055,1.5603523254394531
exclude_all_flagged,2025-05-04,test,gru_56d_wide,19,29.453506469726562,10.453506469726562
exclude_all_flagged,2025-05-05,test,gru_56d_wide,8,26.26475715637207,18.26475715637207
exclude_all_flagged,2025-05-06,test,gru_56d_wide,13,25.67878532409668,12.67878532409668
exclude_all_flagged,2025-05-07,test,gru_56d_wide,43,25.679767608642578,17.320232391357422
exclude_all_flagged,2025-05-08,test,gru_56d_wide,54,38.681907653808594,15.318092346191406
exclude_all_flagged,2025-05-09,test,gru_56d_wide,60,53.93156051635742,6.068439483642578
exclude_all_flagged,2025-05-10,test,gru_56d_wide,59,53.76361846923828,5.236381530761719
exclude_all_flagged,2025-05-11,test,gru_56d_wide,15,24.775175094604492,9.775175094604492
exclude_all_flagged,2025-05-12,test,gru_56d_wide,34,20.25967025756836,13.74032974243164
exclude_all_flagged,2025-05-13,test,gru_56d_wide,44,22.007230758666992,21.992769241333008
exclude_all_flagged,2025-05-14,test,gru_56d_wide,56,26.849529266357422,29.150470733642578
exclude_all_flagged,2025-05-15,test,gru_56d_wide,50,35.993831634521484,14.006168365478516
exclude_all_flagged,2025-05-16,test,gru_56d_wide,59,51.69358444213867,7.306415557861328
exclude_all_flagged,2025-05-17,test,gru_56d_wide,58,49.244876861572266,8.755123138427734
exclude_all_flagged,2025-05-18,test,gru_56d_wide,36,24.317195892333984,11.682804107666016
exclude_all_flagged,2025-05-19,test,gru_56d_wide,22,22.451976776123047,0.4519767761230469
exclude_all_flagged,2025-05-20,test,gru_56d_wide,26,23.532760620117188,2.4672393798828125
exclude_all_flagged,2025-05-21,test,gru_56d_wide,22,27.195499420166016,5.195499420166016
exclude_all_flagged,2025-05-22,test,gru_56d_wide,20,33.7592887878418,13.759288787841797
exclude_all_flagged,2025-05-23,test,gru_56d_wide,56,46.15232467651367,9.847675323486328
exclude_all_flagged,2025-05-24,test,gru_56d_wide,57,52.95209503173828,4.047904968261719
exclude_all_flagged,2025-05-25,test,gru_56d_wide,52,23.852535247802734,28.147464752197266
exclude_all_flagged,2025-05-26,test,gru_56d_wide,9,21.13649559020996,12.136495590209961
exclude_all_flagged,2025-05-27,test,gru_56d_wide,9,23.327701568603516,14.327701568603516
exclude_all_flagged,2025-05-28,test,gru_56d_wide,17,27.805566787719727,10.805566787719727
exclude_all_flagged,2025-05-29,test,gru_56d_wide,37,32.9245719909668,4.075428009033203
exclude_all_flagged,2025-05-30,test,gru_56d_wide,54,48.2364501953125,5.7635498046875
exclude_all_flagged,2025-05-31,test,gru_56d_wide,58,55.789852142333984,2.2101478576660156
exclude_all_flagged,2025-06-01,test,gru_56d_wide,45,36.901123046875,8.098876953125
exclude_all_flagged,2025-06-02,test,gru_56d_wide,25,30.83034896850586,5.830348968505859
exclude_all_flagged,2025-06-03,test,gru_56d_wide,25,34.61899948120117,9.618999481201172
exclude_all_flagged,2025-06-04,test,gru_56d_wide,39,40.157901763916016,1.1579017639160156
exclude_all_flagged,2025-06-05,test,gru_56d_wide,34,47.321372985839844,13.321372985839844
exclude_all_flagged,2025-06-06,test,gru_56d_wide,58,58.928382873535156,0.9283828735351562
exclude_all_flagged,2025-06-07,test,gru_56d_wide,57,60.0,3.0
exclude_all_flagged,2025-06-08,test,gru_56d_wide,29,37.10274887084961,8.10274887084961
exclude_all_flagged,2025-06-09,test,gru_56d_wide,34,31.795963287353516,2.2040367126464844
exclude_all_flagged,2025-06-10,test,gru_56d_wide,48,36.68459701538086,11.31540298461914
exclude_all_flagged,2025-06-11,test,gru_56d_wide,39,40.92996597290039,1.9299659729003906
exclude_all_flagged,2025-06-12,test,gru_56d_wide,44,46.38960647583008,2.389606475830078
exclude_all_flagged,2025-06-13,test,gru_56d_wide,60,57.46746826171875,2.53253173828125
exclude_all_flagged,2025-06-14,test,gru_56d_wide,59,59.4107780456543,0.4107780456542969
exclude_all_flagged,2025-06-15,test,gru_56d_wide,16,36.6930046081543,20.693004608154297
exclude_all_flagged,2025-06-16,test,gru_56d_wide,10,33.45130920410156,23.451309204101562
exclude_all_flagged,2025-06-17,test,gru_56d_wide,22,34.25510025024414,12.25510025024414
exclude_all_flagged,2025-06-18,test,gru_56d_wide,13,36.00253677368164,23.00253677368164
exclude_all_flagged,2025-06-19,test,gru_56d_wide,31,37.445770263671875,6.445770263671875
exclude_all_flagged,2025-06-20,test,gru_56d_wide,60,56.81578063964844,3.1842193603515625
exclude_all_flagged,2025-06-21,test,gru_56d_wide,57,57.062232971191406,0.06223297119140625
exclude_all_flagged,2025-06-22,test,gru_56d_wide,19,29.919240951538086,10.919240951538086
exclude_all_flagged,2025-06-23,test,gru_56d_wide,19,24.73691177368164,5.736911773681641
exclude_all_flagged,2025-06-24,test,gru_56d_wide,34,27.33211898803711,6.667881011962891
exclude_all_flagged,2025-06-25,test,gru_56d_wide,36,31.160600662231445,4.839399337768555
exclude_all_flagged,2025-06-26,test,gru_56d_wide,31,38.7764778137207,7.776477813720703
exclude_all_flagged,2025-06-27,test,gru_56d_wide,59,53.287288665771484,5.712711334228516
exclude_all_flagged,2025-06-28,test,gru_56d_wide,59,55.075321197509766,3.9246788024902344
exclude_all_flagged,2025-06-29,test,gru_56d_wide,32,25.106176376342773,6.893823623657227
exclude_all_flagged,2025-06-30,test,gru_56d_wide,25,26.87361717224121,1.873617172241211
exclude_all_flagged,2025-07-01,test,gru_56d_wide,29,31.329259872436523,2.3292598724365234
exclude_all_flagged,2025-07-02,test,gru_56d_wide,23,32.565345764160156,9.565345764160156
exclude_all_flagged,2025-07-03,test,gru_56d_wide,30,36.56149673461914,6.561496734619141
exclude_all_flagged,2025-07-04,test,gru_56d_wide,57,50.95977020263672,6.040229797363281
exclude_all_flagged,2025-07-05,test,gru_56d_wide,59,57.24607849121094,1.7539215087890625
exclude_all_flagged,2025-07-06,test,gru_56d_wide,32,27.60329246520996,4.396707534790039
exclude_all_flagged,2025-07-07,test,gru_56d_wide,23,27.639888763427734,4.639888763427734
exclude_all_flagged,2025-07-08,test,gru_56d_wide,39,31.92803382873535,7.071966171264648
exclude_all_flagged,2025-07-09,test,gru_56d_wide,44,36.46750259399414,7.532497406005859
exclude_all_flagged,2025-07-10,test,gru_56d_wide,45,43.36007308959961,1.6399269104003906
exclude_all_flagged,2025-07-11,test,gru_56d_wide,60,58.30177688598633,1.6982231140136719
exclude_all_flagged,2025-07-12,test,gru_56d_wide,59,57.57611083984375,1.42388916015625
exclude_all_flagged,2025-07-13,test,gru_56d_wide,30,26.359724044799805,3.6402759552001953
exclude_all_flagged,2025-07-14,test,gru_56d_wide,29,22.455997467041016,6.544002532958984
exclude_all_flagged,2025-07-15,test,gru_56d_wide,30,28.226526260375977,1.7734737396240234
exclude_all_flagged,2025-07-16,test,gru_56d_wide,26,31.729631423950195,5.729631423950195
exclude_all_flagged,2025-07-17,test,gru_56d_wide,36,37.4467887878418,1.4467887878417969
exclude_all_flagged,2025-07-18,test,gru_56d_wide,60,53.62027359008789,6.379726409912109
exclude_all_flagged,2025-07-19,test,gru_56d_wide,60,55.444427490234375,4.555572509765625
exclude_all_flagged,2025-07-20,test,gru_56d_wide,37,21.347631454467773,15.652368545532227
exclude_all_flagged,2025-07-21,test,gru_56d_wide,43,20.18202781677246,22.81797218322754
exclude_all_flagged,2025-07-22,test,gru_56d_wide,27,28.287025451660156,1.2870254516601562
exclude_all_flagged,2025-07-23,test,gru_56d_wide,32,33.90737533569336,1.9073753356933594
exclude_all_flagged,2025-07-24,test,gru_56d_wide,42,41.127689361572266,0.8723106384277344
exclude_all_flagged,2025-07-25,test,gru_56d_wide,58,59.715293884277344,1.7152938842773438
exclude_all_flagged,2025-07-26,test,gru_56d_wide,60,59.677207946777344,0.32279205322265625
exclude_all_flagged,2025-07-27,test,gru_56d_wide,29,29.522075653076172,0.5220756530761719
exclude_all_flagged,2025-07-28,test,gru_56d_wide,27,26.08574676513672,0.9142532348632812
exclude_all_flagged,2025-07-29,test,gru_56d_wide,28,25.957345962524414,2.042654037475586
exclude_all_flagged,2025-07-30,test,gru_56d_wide,25,27.3763370513916,2.3763370513916016
exclude_all_flagged,2025-07-31,test,gru_56d_wide,38,35.37085723876953,2.6291427612304688
exclude_all_flagged,2025-08-01,test,gru_56d_wide,57,53.84934997558594,3.1506500244140625
exclude_all_flagged,2025-08-02,test,gru_56d_wide,59,57.13764953613281,1.8623504638671875
exclude_all_flagged,2025-08-03,test,gru_56d_wide,18,24.00303840637207,6.00303840637207
exclude_all_flagged,2025-08-04,test,gru_56d_wide,21,20.468507766723633,0.5314922332763672
exclude_all_flagged,2025-08-05,test,gru_56d_wide,18,25.939672470092773,7.939672470092773
exclude_all_flagged,2025-08-06,test,gru_56d_wide,18,31.222822189331055,13.222822189331055
exclude_all_flagged,2025-08-07,test,gru_56d_wide,19,39.93085861206055,20.930858612060547
exclude_all_flagged,2025-08-08,test,gru_56d_wide,52,55.1976203918457,3.197620391845703
exclude_all_flagged,2025-08-09,test,gru_56d_wide,57,60.0,3.0
exclude_all_flagged,2025-08-10,test,gru_56d_wide,42,25.169559478759766,16.830440521240234
exclude_all_flagged,2025-08-11,test,gru_56d_wide,22,26.618934631347656,4.618934631347656
exclude_all_flagged,2025-08-12,test,gru_56d_wide,36,28.762895584106445,7.237104415893555
exclude_all_flagged,2025-08-13,test,gru_56d_wide,39,32.60356521606445,6.396434783935547
exclude_all_flagged,2025-08-14,test,gru_56d_wide,46,38.49845886230469,7.5015411376953125
exclude_all_flagged,2025-08-15,test,gru_56d_wide,60,59.92425537109375,0.07574462890625
exclude_all_flagged,2025-08-16,test,gru_56d_wide,59,60.0,1.0
exclude_all_flagged,2025-08-17,test,gru_56d_wide,26,31.31906509399414,5.319065093994141
exclude_all_flagged,2025-08-18,test,gru_56d_wide,36,24.60573959350586,11.39426040649414
exclude_all_flagged,2025-08-19,test,gru_56d_wide,24,25.788116455078125,1.788116455078125
exclude_all_flagged,2025-08-20,test,gru_56d_wide,32,27.854650497436523,4.145349502563477
exclude_all_flagged,2025-08-21,test,gru_56d_wide,42,31.948850631713867,10.051149368286133
exclude_all_flagged,2025-08-22,test,gru_56d_wide,60,54.08572769165039,5.914272308349609
exclude_all_flagged,2025-08-23,test,gru_56d_wide,59,55.172607421875,3.827392578125
exclude_all_flagged,2025-08-24,test,gru_56d_wide,48,27.166404724121094,20.833595275878906
exclude_all_flagged,2025-08-25,test,gru_56d_wide,55,25.045560836791992,29.954439163208008
exclude_all_flagged,2025-08-26,test,gru_56d_wide,59,29.330400466918945,29.669599533081055
exclude_all_flagged,2025-08-27,test,gru_56d_wide,60,36.353763580322266,23.646236419677734
exclude_all_flagged,2025-08-28,test,gru_56d_wide,60,49.41880416870117,10.581195831298828
exclude_all_flagged,2025-08-29,test,gru_56d_wide,57,60.0,3.0
exclude_all_flagged,2025-08-30,test,gru_56d_wide,59,58.315040588378906,0.6849594116210938
exclude_all_flagged,2025-08-31,test,gru_56d_wide,59,32.075050354003906,26.924949645996094
exclude_all_flagged,2025-09-01,test,gru_56d_wide,25,34.17324447631836,9.17324447631836
exclude_all_flagged,2025-09-02,test,gru_56d_wide,24,31.726926803588867,7.726926803588867
exclude_all_flagged,2025-09-03,test,gru_56d_wide,22,33.44918441772461,11.44918441772461
exclude_all_flagged,2025-09-04,test,gru_56d_wide,33,37.79121780395508,4.791217803955078
exclude_all_flagged,2025-09-05,test,gru_56d_wide,60,48.63900375366211,11.36099624633789
exclude_all_flagged,2025-09-06,test,gru_56d_wide,59,50.137367248535156,8.862632751464844
exclude_all_flagged,2025-09-07,test,gru_56d_wide,13,34.22997283935547,21.22997283935547
exclude_all_flagged,2025-09-08,test,gru_56d_wide,22,27.008316040039062,5.0083160400390625
exclude_all_flagged,2025-09-09,test,gru_56d_wide,18,31.01775360107422,13.017753601074219
exclude_all_flagged,2025-09-10,test,gru_56d_wide,20,36.61043930053711,16.61043930053711
exclude_all_flagged,2025-09-11,test,gru_56d_wide,28,45.03615951538086,17.03615951538086
exclude_all_flagged,2025-09-12,test,gru_56d_wide,58,55.72428894042969,2.2757110595703125
exclude_all_flagged,2025-09-13,test,gru_56d_wide,58,60.0,2.0
exclude_all_flagged,2025-09-14,test,gru_56d_wide,20,39.619205474853516,19.619205474853516
exclude_all_flagged,2025-09-15,test,gru_56d_wide,37,36.218597412109375,0.781402587890625
exclude_all_flagged,2025-09-16,test,gru_56d_wide,42,36.6725959777832,5.327404022216797
exclude_all_flagged,2025-09-17,test,gru_56d_wide,39,39.15279769897461,0.15279769897460938
exclude_all_flagged,2025-09-18,test,gru_56d_wide,36,43.318824768066406,7.318824768066406
exclude_all_flagged,2025-09-19,test,gru_56d_wide,59,58.356449127197266,0.6435508728027344
exclude_all_flagged,2025-09-20,test,gru_56d_wide,60,60.0,0.0
exclude_all_flagged,2025-09-21,test,gru_56d_wide,40,35.05702590942383,4.942974090576172
exclude_all_flagged,2025-09-22,test,gru_56d_wide,33,33.34322738647461,0.3432273864746094
exclude_all_flagged,2025-09-23,test,gru_56d_wide,42,34.61833953857422,7.381660461425781
exclude_all_flagged,2025-09-24,test,gru_56d_wide,32,38.79525375366211,6.795253753662109
exclude_all_flagged,2025-09-25,test,gru_56d_wide,39,43.3701057434082,4.370105743408203
exclude_all_flagged,2025-09-26,test,gru_56d_wide,58,56.1406364440918,1.8593635559082031
exclude_all_flagged,2025-09-27,test,gru_56d_wide,59,59.68207931518555,0.6820793151855469
exclude_all_flagged,2025-09-28,test,gru_56d_wide,36,42.51935958862305,6.519359588623047
exclude_all_flagged,2025-09-29,test,gru_56d_wide,43,39.51249694824219,3.4875030517578125
exclude_all_flagged,2025-09-30,test,gru_56d_wide,35,41.565345764160156,6.565345764160156
exclude_all_flagged,2025-10-01,test,gru_56d_wide,23,44.47602844238281,21.476028442382812
exclude_all_flagged,2025-10-02,test,gru_56d_wide,33,46.43648910522461,13.43648910522461
exclude_all_flagged,2025-10-03,test,gru_56d_wide,60,58.53560256958008,1.4643974304199219
exclude_all_flagged,2025-10-04,test,gru_56d_wide,59,60.0,1.0
exclude_all_flagged,2025-10-05,test,gru_56d_wide,29,33.75788497924805,4.757884979248047
exclude_all_flagged,2025-10-06,test,gru_56d_wide,34,31.502840042114258,2.497159957885742
exclude_all_flagged,2025-10-07,test,gru_56d_wide,34,33.15458679199219,0.8454132080078125
exclude_all_flagged,2025-10-08,test,gru_56d_wide,41,34.578285217285156,6.421714782714844
exclude_all_flagged,2025-10-09,test,gru_56d_wide,49,41.360591888427734,7.639408111572266
exclude_all_flagged,2025-10-10,test,gru_56d_wide,58,58.35651397705078,0.35651397705078125
exclude_all_flagged,2025-10-11,test,gru_56d_wide,60,60.0,0.0
exclude_all_flagged,2025-10-12,test,gru_56d_wide,59,34.296138763427734,24.703861236572266
exclude_all_flagged,2025-10-13,test,gru_56d_wide,22,35.521183013916016,13.521183013916016
exclude_all_flagged,2025-10-14,test,gru_56d_wide,37,33.77243423461914,3.2275657653808594
exclude_all_flagged,2025-10-15,test,gru_56d_wide,53,36.9183349609375,16.0816650390625
exclude_all_flagged,2025-10-16,test,gru_56d_wide,57,41.659854888916016,15.340145111083984
exclude_all_flagged,2025-10-17,test,gru_56d_wide,53,55.18071746826172,2.1807174682617188
exclude_all_flagged,2025-10-18,test,gru_56d_wide,59,55.12067794799805,3.879322052001953
exclude_all_flagged,2025-10-19,test,gru_56d_wide,45,37.75959014892578,7.240409851074219
exclude_all_flagged,2025-10-20,test,gru_56d_wide,42,28.71971893310547,13.280281066894531
exclude_all_flagged,2025-10-21,test,gru_56d_wide,46,33.489234924316406,12.510765075683594
exclude_all_flagged,2025-10-22,test,gru_56d_wide,28,41.96474838256836,13.96474838256836
exclude_all_flagged,2025-10-23,test,gru_56d_wide,47,46.9846305847168,0.015369415283203125
exclude_all_flagged,2025-10-24,test,gru_56d_wide,56,55.54386520385742,0.4561347961425781
exclude_all_flagged,2025-10-25,test,gru_56d_wide,59,55.243682861328125,3.756317138671875
exclude_all_flagged,2025-10-26,test,gru_56d_wide,29,40.60094451904297,11.600944519042969
exclude_all_flagged,2025-10-27,test,gru_56d_wide,27,33.86309814453125,6.86309814453125
exclude_all_flagged,2025-10-28,test,gru_56d_wide,40,33.08110809326172,6.918891906738281
exclude_all_flagged,2025-10-29,test,gru_56d_wide,46,32.835784912109375,13.164215087890625
exclude_all_flagged,2025-10-30,test,gru_56d_wide,45,42.093360900878906,2.9066390991210938
exclude_all_flagged,2025-10-31,test,gru_56d_wide,60,54.66571044921875,5.33428955078125
exclude_all_flagged,2025-11-01,test,gru_56d_wide,60,53.15861511230469,6.8413848876953125
exclude_all_flagged,2025-11-02,test,gru_56d_wide,38,26.875566482543945,11.124433517456055
exclude_all_flagged,2025-11-03,test,gru_56d_wide,21,22.81790542602539,1.8179054260253906
exclude_all_flagged,2025-11-04,test,gru_56d_wide,27,28.37180519104004,1.371805191040039
exclude_all_flagged,2025-11-05,test,gru_56d_wide,20,33.97177505493164,13.97177505493164
exclude_all_flagged,2025-11-06,test,gru_56d_wide,29,40.44093322753906,11.440933227539062
exclude_all_flagged,2025-11-07,test,gru_56d_wide,60,52.61056137084961,7.389438629150391
exclude_all_flagged,2025-11-08,test,gru_56d_wide,60,55.6591682434082,4.340831756591797
exclude_all_flagged,2025-11-09,test,gru_56d_wide,32,33.9344367980957,1.9344367980957031
exclude_all_flagged,2025-11-10,test,gru_56d_wide,35,26.418052673339844,8.581947326660156
exclude_all_flagged,2025-11-11,test,gru_56d_wide,29,29.124664306640625,0.124664306640625
exclude_all_flagged,2025-11-12,test,gru_56d_wide,29,37.77693176269531,8.776931762695312
exclude_all_flagged,2025-11-13,test,gru_56d_wide,25,44.89714050292969,19.897140502929688
exclude_all_flagged,2025-11-14,test,gru_56d_wide,54,55.502647399902344,1.5026473999023438
exclude_all_flagged,2025-11-15,test,gru_56d_wide,59,60.0,1.0
exclude_all_flagged,2025-11-16,test,gru_56d_wide,19,41.19276809692383,22.192768096923828
exclude_all_flagged,2025-11-17,test,gru_56d_wide,11,33.58293914794922,22.58293914794922
exclude_all_flagged,2025-11-18,test,gru_56d_wide,16,32.285701751708984,16.285701751708984
exclude_all_flagged,2025-11-19,test,gru_56d_wide,27,31.34343147277832,4.34343147277832
exclude_all_flagged,2025-11-20,test,gru_56d_wide,26,36.28678894042969,10.286788940429688
exclude_all_flagged,2025-11-21,test,gru_56d_wide,58,51.553741455078125,6.446258544921875
exclude_all_flagged,2025-11-22,test,gru_56d_wide,58,57.643001556396484,0.3569984436035156
exclude_all_flagged,2025-11-23,test,gru_56d_wide,27,31.294471740722656,4.294471740722656
exclude_all_flagged,2025-11-24,test,gru_56d_wide,30,29.358749389648438,0.6412506103515625
exclude_all_flagged,2025-11-25,test,gru_56d_wide,28,31.730968475341797,3.730968475341797
exclude_all_flagged,2025-11-26,test,gru_56d_wide,42,37.62052917480469,4.3794708251953125
exclude_all_flagged,2025-11-27,test,gru_56d_wide,58,40.893272399902344,17.106727600097656
exclude_all_flagged,2025-11-28,test,gru_56d_wide,59,55.27642822265625,3.72357177734375
exclude_all_flagged,2025-11-29,test,gru_56d_wide,55,56.32204818725586,1.3220481872558594
exclude_all_flagged,2025-11-30,test,gru_56d_wide,28,33.8974494934082,5.897449493408203
exclude_all_flagged,2025-12-01,test,gru_56d_wide,30,25.965641021728516,4.034358978271484
exclude_all_flagged,2025-12-02,test,gru_56d_wide,31,26.24881935119629,4.751180648803711
exclude_all_flagged,2025-12-03,test,gru_56d_wide,28,29.546480178833008,1.5464801788330078
exclude_all_flagged,2025-12-04,test,gru_56d_wide,37,31.687929153442383,5.312070846557617
exclude_all_flagged,2025-12-05,test,gru_56d_wide,50,50.05498504638672,0.05498504638671875
exclude_all_flagged,2025-12-06,test,gru_56d_wide,60,55.41228485107422,4.587715148925781
exclude_all_flagged,2025-12-07,test,gru_56d_wide,36,31.106689453125,4.893310546875
exclude_all_flagged,2025-12-08,test,gru_56d_wide,26,27.255849838256836,1.255849838256836
exclude_all_flagged,2025-12-09,test,gru_56d_wide,40,27.01667594909668,12.98332405090332
exclude_all_flagged,2025-12-10,test,gru_56d_wide,21,31.034709930419922,10.034709930419922
exclude_all_flagged,2025-12-11,test,gru_56d_wide,24,34.168434143066406,10.168434143066406
exclude_all_flagged,2025-12-12,test,gru_56d_wide,50,45.574615478515625,4.425384521484375
exclude_all_flagged,2025-12-13,test,gru_56d_wide,52,52.547977447509766,0.5479774475097656
exclude_all_flagged,2025-12-14,test,gru_56d_wide,24,37.392906188964844,13.392906188964844
exclude_all_flagged,2025-12-15,test,gru_56d_wide,18,32.110897064208984,14.110897064208984
exclude_all_flagged,2025-12-16,test,gru_56d_wide,23,30.682409286499023,7.682409286499023
exclude_all_flagged,2025-12-17,test,gru_56d_wide,34,32.298927307128906,1.7010726928710938
exclude_all_flagged,2025-12-18,test,gru_56d_wide,43,34.23320388793945,8.766796112060547
exclude_all_flagged,2025-12-19,test,gru_56d_wide,49,46.74949645996094,2.2505035400390625
exclude_all_flagged,2025-12-20,test,gru_56d_wide,57,52.5076904296875,4.4923095703125
exclude_all_flagged,2025-12-21,test,gru_56d_wide,35,33.01484680175781,1.9851531982421875
exclude_all_flagged,2025-12-22,test,gru_56d_wide,28,29.907440185546875,1.907440185546875
exclude_all_flagged,2025-12-23,test,gru_56d_wide,27,30.96953773498535,3.9695377349853516
exclude_all_flagged,2025-12-24,test,gru_56d_wide,40,33.63968276977539,6.360317230224609
exclude_all_flagged,2025-12-25,test,gru_56d_wide,31,39.55491256713867,8.554912567138672
exclude_all_flagged,2025-12-26,test,gru_56d_wide,40,47.45431900024414,7.454319000244141
exclude_all_flagged,2025-12-27,test,gru_56d_wide,44,49.715980529785156,5.715980529785156
exclude_all_flagged,2025-12-28,test,gru_56d_wide,30,33.202396392822266,3.2023963928222656
exclude_all_flagged,2025-12-29,test,gru_56d_wide,28,31.505033493041992,3.505033493041992
exclude_all_flagged,2025-12-30,test,gru_56d_wide,36,32.24585723876953,3.7541427612304688
exclude_all_flagged,2025-12-31,test,gru_56d_wide,55,35.505340576171875,19.494659423828125
exclude_all_flagged,2024-07-01,validation,gru_42d_balanced,14,27.631074905395508,13.631074905395508
exclude_all_flagged,2024-07-02,validation,gru_42d_balanced,17,27.12347412109375,10.12347412109375
exclude_all_flagged,2024-07-03,validation,gru_42d_balanced,23,32.09839630126953,9.098396301269531
exclude_all_flagged,2024-07-04,validation,gru_42d_balanced,26,41.2470588684082,15.247058868408203
exclude_all_flagged,2024-07-05,validation,gru_42d_balanced,59,57.31713104248047,1.6828689575195312
exclude_all_flagged,2024-07-06,validation,gru_42d_balanced,59,60.0,1.0
exclude_all_flagged,2024-07-07,validation,gru_42d_balanced,22,23.10723114013672,1.1072311401367188
exclude_all_flagged,2024-07-08,validation,gru_42d_balanced,27,25.20801544189453,1.7919845581054688
exclude_all_flagged,2024-07-09,validation,gru_42d_balanced,33,33.58209228515625,0.58209228515625
exclude_all_flagged,2024-07-10,validation,gru_42d_balanced,40,38.54711151123047,1.4528884887695312
exclude_all_flagged,2024-07-11,validation,gru_42d_balanced,50,42.7834358215332,7.216564178466797
exclude_all_flagged,2024-07-12,validation,gru_42d_balanced,58,60.0,2.0
exclude_all_flagged,2024-07-13,validation,gru_42d_balanced,60,60.0,0.0
exclude_all_flagged,2024-07-14,validation,gru_42d_balanced,25,24.981592178344727,0.018407821655273438
exclude_all_flagged,2024-07-15,validation,gru_42d_balanced,28,23.97019386291504,4.029806137084961
exclude_all_flagged,2024-07-16,validation,gru_42d_balanced,36,27.42168617248535,8.578313827514648
exclude_all_flagged,2024-07-17,validation,gru_42d_balanced,27,35.21442413330078,8.214424133300781
exclude_all_flagged,2024-07-18,validation,gru_42d_balanced,32,45.060245513916016,13.060245513916016
exclude_all_flagged,2024-07-19,validation,gru_42d_balanced,59,59.46267318725586,0.4626731872558594
exclude_all_flagged,2024-07-20,validation,gru_42d_balanced,60,60.0,0.0
exclude_all_flagged,2024-07-21,validation,gru_42d_balanced,41,26.278470993041992,14.721529006958008
exclude_all_flagged,2024-07-22,validation,gru_42d_balanced,45,25.60474395751953,19.39525604248047
exclude_all_flagged,2024-07-23,validation,gru_42d_balanced,52,31.0454044342041,20.9545955657959
exclude_all_flagged,2024-07-24,validation,gru_42d_balanced,57,41.42101287841797,15.578987121582031
exclude_all_flagged,2024-07-25,validation,gru_42d_balanced,58,49.82297897338867,8.177021026611328
exclude_all_flagged,2024-07-26,validation,gru_42d_balanced,60,60.0,0.0
exclude_all_flagged,2024-07-27,validation,gru_42d_balanced,60,60.0,0.0
exclude_all_flagged,2024-07-28,validation,gru_42d_balanced,28,35.39506149291992,7.395061492919922
exclude_all_flagged,2024-07-29,validation,gru_42d_balanced,22,33.1734619140625,11.1734619140625
exclude_all_flagged,2024-07-30,validation,gru_42d_balanced,27,33.55652618408203,6.556526184082031
exclude_all_flagged,2024-07-31,validation,gru_42d_balanced,40,37.044700622558594,2.9552993774414062
exclude_all_flagged,2024-08-01,validation,gru_42d_balanced,33,39.63493728637695,6.634937286376953
exclude_all_flagged,2024-08-02,validation,gru_42d_balanced,60,55.776649475097656,4.223350524902344
exclude_all_flagged,2024-08-03,validation,gru_42d_balanced,60,59.71334457397461,0.2866554260253906
exclude_all_flagged,2024-08-04,validation,gru_42d_balanced,22,23.472553253173828,1.4725532531738281
exclude_all_flagged,2024-08-05,validation,gru_42d_balanced,24,26.394723892211914,2.394723892211914
exclude_all_flagged,2024-08-06,validation,gru_42d_balanced,30,34.63023376464844,4.6302337646484375
exclude_all_flagged,2024-08-07,validation,gru_42d_balanced,37,42.20923614501953,5.209236145019531
exclude_all_flagged,2024-08-08,validation,gru_42d_balanced,41,50.14308166503906,9.143081665039062
exclude_all_flagged,2024-08-09,validation,gru_42d_balanced,55,60.0,5.0
exclude_all_flagged,2024-08-10,validation,gru_42d_balanced,59,60.0,1.0
exclude_all_flagged,2024-08-11,validation,gru_42d_balanced,26,30.691669464111328,4.691669464111328
exclude_all_flagged,2024-08-12,validation,gru_42d_balanced,31,30.059083938598633,0.9409160614013672
exclude_all_flagged,2024-08-13,validation,gru_42d_balanced,52,32.72898864746094,19.271011352539062
exclude_all_flagged,2024-08-14,validation,gru_42d_balanced,36,40.16405487060547,4.164054870605469
exclude_all_flagged,2024-08-15,validation,gru_42d_balanced,50,42.90772247314453,7.092277526855469
exclude_all_flagged,2024-08-16,validation,gru_42d_balanced,60,60.0,0.0
exclude_all_flagged,2024-08-17,validation,gru_42d_balanced,60,60.0,0.0
exclude_all_flagged,2024-08-18,validation,gru_42d_balanced,25,26.055419921875,1.055419921875
exclude_all_flagged,2024-08-19,validation,gru_42d_balanced,33,25.24102783203125,7.75897216796875
exclude_all_flagged,2024-08-20,validation,gru_42d_balanced,27,33.44409942626953,6.444099426269531
exclude_all_flagged,2024-08-21,validation,gru_42d_balanced,38,37.28171920776367,0.7182807922363281
exclude_all_flagged,2024-08-22,validation,gru_42d_balanced,45,45.6613655090332,0.6613655090332031
exclude_all_flagged,2024-08-23,validation,gru_42d_balanced,60,55.087608337402344,4.912391662597656
exclude_all_flagged,2024-08-24,validation,gru_42d_balanced,60,55.727542877197266,4.272457122802734
exclude_all_flagged,2024-08-25,validation,gru_42d_balanced,42,39.028045654296875,2.971954345703125
exclude_all_flagged,2024-08-26,validation,gru_42d_balanced,52,36.35881042480469,15.641189575195312
exclude_all_flagged,2024-08-27,validation,gru_42d_balanced,57,40.31584930419922,16.68415069580078
exclude_all_flagged,2024-08-28,validation,gru_42d_balanced,60,46.58834457397461,13.41165542602539
exclude_all_flagged,2024-08-29,validation,gru_42d_balanced,59,52.9155158996582,6.084484100341797
exclude_all_flagged,2024-08-30,validation,gru_42d_balanced,49,60.0,11.0
exclude_all_flagged,2024-09-01,validation,gru_42d_balanced,60,37.6910400390625,22.3089599609375
exclude_all_flagged,2024-09-02,validation,gru_42d_balanced,38,37.953128814697266,0.046871185302734375
exclude_all_flagged,2024-09-03,validation,gru_42d_balanced,33,39.394378662109375,6.394378662109375
exclude_all_flagged,2024-09-04,validation,gru_42d_balanced,31,42.6780891418457,11.678089141845703
exclude_all_flagged,2024-09-05,validation,gru_42d_balanced,36,48.77565002441406,12.775650024414062
exclude_all_flagged,2024-09-06,validation,gru_42d_balanced,57,59.174659729003906,2.1746597290039062
exclude_all_flagged,2024-09-07,validation,gru_42d_balanced,59,60.0,1.0
exclude_all_flagged,2024-09-08,validation,gru_42d_balanced,24,37.59912872314453,13.599128723144531
exclude_all_flagged,2024-09-09,validation,gru_42d_balanced,29,39.891761779785156,10.891761779785156
exclude_all_flagged,2024-09-10,validation,gru_42d_balanced,25,44.89274215698242,19.892742156982422
exclude_all_flagged,2024-09-11,validation,gru_42d_balanced,22,46.275848388671875,24.275848388671875
exclude_all_flagged,2024-09-12,validation,gru_42d_balanced,39,52.45273971557617,13.452739715576172
exclude_all_flagged,2024-09-13,validation,gru_42d_balanced,59,60.0,1.0
exclude_all_flagged,2024-09-14,validation,gru_42d_balanced,60,60.0,0.0
exclude_all_flagged,2024-09-15,validation,gru_42d_balanced,29,33.635257720947266,4.635257720947266
exclude_all_flagged,2024-09-16,validation,gru_42d_balanced,40,30.70821189880371,9.291788101196289
exclude_all_flagged,2024-09-17,validation,gru_42d_balanced,49,36.23284912109375,12.76715087890625
exclude_all_flagged,2024-09-18,validation,gru_42d_balanced,50,40.98879623413086,9.01120376586914
exclude_all_flagged,2024-09-19,validation,gru_42d_balanced,54,49.201820373535156,4.798179626464844
exclude_all_flagged,2024-09-20,validation,gru_42d_balanced,59,60.0,1.0
exclude_all_flagged,2024-09-21,validation,gru_42d_balanced,59,60.0,1.0
exclude_all_flagged,2024-09-22,validation,gru_42d_balanced,36,30.092126846313477,5.907873153686523
exclude_all_flagged,2024-09-23,validation,gru_42d_balanced,42,34.02891540527344,7.9710845947265625
exclude_all_flagged,2024-09-24,validation,gru_42d_balanced,55,38.63314437866211,16.36685562133789
exclude_all_flagged,2024-09-25,validation,gru_42d_balanced,56,44.57466125488281,11.425338745117188
exclude_all_flagged,2024-09-26,validation,gru_42d_balanced,56,53.97806930541992,2.021930694580078
exclude_all_flagged,2024-09-27,validation,gru_42d_balanced,59,60.0,1.0
exclude_all_flagged,2024-09-28,validation,gru_42d_balanced,57,59.609039306640625,2.609039306640625
exclude_all_flagged,2024-09-29,validation,gru_42d_balanced,38,38.69310760498047,0.6931076049804688
exclude_all_flagged,2024-09-30,validation,gru_42d_balanced,30,40.09354782104492,10.093547821044922
exclude_all_flagged,2024-10-01,validation,gru_42d_balanced,14,43.20689010620117,29.206890106201172
exclude_all_flagged,2024-10-02,validation,gru_42d_balanced,11,39.14579772949219,28.145797729492188
exclude_all_flagged,2024-10-03,validation,gru_42d_balanced,39,40.95258712768555,1.9525871276855469
exclude_all_flagged,2024-10-04,validation,gru_42d_balanced,60,56.364532470703125,3.635467529296875
exclude_all_flagged,2024-10-05,validation,gru_42d_balanced,58,54.399444580078125,3.600555419921875
exclude_all_flagged,2024-10-06,validation,gru_42d_balanced,25,23.8079776763916,1.1920223236083984
exclude_all_flagged,2024-10-07,validation,gru_42d_balanced,22,24.904186248779297,2.904186248779297
exclude_all_flagged,2024-10-08,validation,gru_42d_balanced,30,29.58164405822754,0.41835594177246094
exclude_all_flagged,2024-10-09,validation,gru_42d_balanced,38,37.29691696166992,0.7030830383300781
exclude_all_flagged,2024-10-10,validation,gru_42d_balanced,59,51.10523986816406,7.8947601318359375
exclude_all_flagged,2024-10-11,validation,gru_42d_balanced,60,60.0,0.0
exclude_all_flagged,2024-10-12,validation,gru_42d_balanced,60,58.38444137573242,1.6155586242675781
exclude_all_flagged,2024-10-13,validation,gru_42d_balanced,60,29.533695220947266,30.466304779052734
exclude_all_flagged,2024-10-14,validation,gru_42d_balanced,18,27.476537704467773,9.476537704467773
exclude_all_flagged,2024-10-15,validation,gru_42d_balanced,24,26.16977310180664,2.1697731018066406
exclude_all_flagged,2024-10-16,validation,gru_42d_balanced,34,27.408994674682617,6.591005325317383
exclude_all_flagged,2024-10-17,validation,gru_42d_balanced,51,40.978763580322266,10.021236419677734
exclude_all_flagged,2024-10-18,validation,gru_42d_balanced,60,55.6086311340332,4.391368865966797
exclude_all_flagged,2024-10-19,validation,gru_42d_balanced,60,54.95611572265625,5.04388427734375
exclude_all_flagged,2024-10-20,validation,gru_42d_balanced,44,33.745521545410156,10.254478454589844
exclude_all_flagged,2024-10-21,validation,gru_42d_balanced,31,28.369367599487305,2.6306324005126953
exclude_all_flagged,2024-10-22,validation,gru_42d_balanced,37,34.43354415893555,2.566455841064453
exclude_all_flagged,2024-10-23,validation,gru_42d_balanced,51,43.213748931884766,7.786251068115234
exclude_all_flagged,2024-10-24,validation,gru_42d_balanced,58,54.16985321044922,3.8301467895507812
exclude_all_flagged,2024-10-25,validation,gru_42d_balanced,59,60.0,1.0
exclude_all_flagged,2024-10-26,validation,gru_42d_balanced,59,56.59169387817383,2.408306121826172
exclude_all_flagged,2024-10-27,validation,gru_42d_balanced,59,41.21722412109375,17.78277587890625
exclude_all_flagged,2024-10-28,validation,gru_42d_balanced,21,33.19178771972656,12.191787719726562
exclude_all_flagged,2024-10-29,validation,gru_42d_balanced,23,30.903461456298828,7.903461456298828
exclude_all_flagged,2024-10-30,validation,gru_42d_balanced,26,34.732177734375,8.732177734375
exclude_all_flagged,2024-10-31,validation,gru_42d_balanced,40,45.781227111816406,5.781227111816406
exclude_all_flagged,2024-11-01,validation,gru_42d_balanced,60,55.37541198730469,4.6245880126953125
exclude_all_flagged,2024-11-02,validation,gru_42d_balanced,60,50.59424591064453,9.405754089355469
exclude_all_flagged,2024-11-03,validation,gru_42d_balanced,26,34.29136276245117,8.291362762451172
exclude_all_flagged,2024-11-04,validation,gru_42d_balanced,16,29.203601837158203,13.203601837158203
exclude_all_flagged,2024-11-05,validation,gru_42d_balanced,16,32.39498519897461,16.39498519897461
exclude_all_flagged,2024-11-06,validation,gru_42d_balanced,29,39.172264099121094,10.172264099121094
exclude_all_flagged,2024-11-07,validation,gru_42d_balanced,47,51.0273551940918,4.027355194091797
exclude_all_flagged,2024-11-08,validation,gru_42d_balanced,59,59.5418701171875,0.5418701171875
exclude_all_flagged,2024-11-09,validation,gru_42d_balanced,60,59.387718200683594,0.6122817993164062
exclude_all_flagged,2024-11-10,validation,gru_42d_balanced,60,46.26742935180664,13.73257064819336
exclude_all_flagged,2024-11-11,validation,gru_42d_balanced,38,36.01702880859375,1.98297119140625
exclude_all_flagged,2024-11-12,validation,gru_42d_balanced,54,38.043701171875,15.956298828125
exclude_all_flagged,2024-11-13,validation,gru_42d_balanced,36,43.99522018432617,7.995220184326172
exclude_all_flagged,2024-11-14,validation,gru_42d_balanced,53,49.672000885009766,3.3279991149902344
exclude_all_flagged,2024-11-15,validation,gru_42d_balanced,60,58.429988861083984,1.5700111389160156
exclude_all_flagged,2024-11-16,validation,gru_42d_balanced,60,59.034854888916016,0.9651451110839844
exclude_all_flagged,2024-11-17,validation,gru_42d_balanced,15,45.34946823120117,30.349468231201172
exclude_all_flagged,2024-11-18,validation,gru_42d_balanced,12,35.65182876586914,23.65182876586914
exclude_all_flagged,2024-11-19,validation,gru_42d_balanced,23,32.13051223754883,9.130512237548828
exclude_all_flagged,2024-11-20,validation,gru_42d_balanced,34,34.930580139160156,0.9305801391601562
exclude_all_flagged,2024-11-21,validation,gru_42d_balanced,29,46.54769515991211,17.54769515991211
exclude_all_flagged,2024-11-22,validation,gru_42d_balanced,50,56.235877990722656,6.235877990722656
exclude_all_flagged,2024-11-23,validation,gru_42d_balanced,56,57.730560302734375,1.730560302734375
exclude_all_flagged,2024-11-24,validation,gru_42d_balanced,25,44.88340759277344,19.883407592773438
exclude_all_flagged,2024-11-25,validation,gru_42d_balanced,25,35.98796081542969,10.987960815429688
exclude_all_flagged,2024-11-26,validation,gru_42d_balanced,23,39.826011657714844,16.826011657714844
exclude_all_flagged,2024-11-27,validation,gru_42d_balanced,43,39.274566650390625,3.725433349609375
exclude_all_flagged,2024-11-28,validation,gru_42d_balanced,58,51.416683197021484,6.583316802978516
exclude_all_flagged,2024-11-29,validation,gru_42d_balanced,59,60.0,1.0
exclude_all_flagged,2024-11-30,validation,gru_42d_balanced,59,60.0,1.0
exclude_all_flagged,2024-12-01,validation,gru_42d_balanced,28,30.79694175720215,2.7969417572021484
exclude_all_flagged,2024-12-02,validation,gru_42d_balanced,22,24.75246238708496,2.752462387084961
exclude_all_flagged,2024-12-03,validation,gru_42d_balanced,34,24.81401252746582,9.18598747253418
exclude_all_flagged,2024-12-04,validation,gru_42d_balanced,38,31.073209762573242,6.926790237426758
exclude_all_flagged,2024-12-05,validation,gru_42d_balanced,29,38.16313171386719,9.163131713867188
exclude_all_flagged,2024-12-06,validation,gru_42d_balanced,60,50.908695220947266,9.091304779052734
exclude_all_flagged,2024-12-07,validation,gru_42d_balanced,60,57.824981689453125,2.175018310546875
exclude_all_flagged,2024-12-08,validation,gru_42d_balanced,27,31.882421493530273,4.882421493530273
exclude_all_flagged,2024-12-09,validation,gru_42d_balanced,24,28.23729133605957,4.23729133605957
exclude_all_flagged,2024-12-10,validation,gru_42d_balanced,26,29.095712661743164,3.095712661743164
exclude_all_flagged,2024-12-11,validation,gru_42d_balanced,32,30.896623611450195,1.1033763885498047
exclude_all_flagged,2024-12-12,validation,gru_42d_balanced,29,42.0172004699707,13.017200469970703
exclude_all_flagged,2024-12-13,validation,gru_42d_balanced,47,53.315799713134766,6.315799713134766
exclude_all_flagged,2024-12-14,validation,gru_42d_balanced,58,57.175804138183594,0.8241958618164062
exclude_all_flagged,2024-12-15,validation,gru_42d_balanced,34,27.847721099853516,6.152278900146484
exclude_all_flagged,2024-12-16,validation,gru_42d_balanced,23,23.702613830566406,0.7026138305664062
exclude_all_flagged,2024-12-17,validation,gru_42d_balanced,26,26.489091873168945,0.4890918731689453
exclude_all_flagged,2024-12-18,validation,gru_42d_balanced,32,29.771163940429688,2.2288360595703125
exclude_all_flagged,2024-12-19,validation,gru_42d_balanced,25,31.732227325439453,6.732227325439453
exclude_all_flagged,2024-12-20,validation,gru_42d_balanced,52,45.16947937011719,6.8305206298828125
exclude_all_flagged,2024-12-21,validation,gru_42d_balanced,59,54.806129455566406,4.193870544433594
exclude_all_flagged,2024-12-22,validation,gru_42d_balanced,31,29.90325164794922,1.0967483520507812
exclude_all_flagged,2024-12-23,validation,gru_42d_balanced,35,25.22011375427246,9.779886245727539
exclude_all_flagged,2024-12-24,validation,gru_42d_balanced,45,26.020408630371094,18.979591369628906
exclude_all_flagged,2024-12-25,validation,gru_42d_balanced,40,32.595848083496094,7.404151916503906
exclude_all_flagged,2024-12-26,validation,gru_42d_balanced,48,38.15031051635742,9.849689483642578
exclude_all_flagged,2024-12-27,validation,gru_42d_balanced,56,48.21956253051758,7.780437469482422
exclude_all_flagged,2024-12-28,validation,gru_42d_balanced,58,52.77994155883789,5.220058441162109
exclude_all_flagged,2024-12-29,validation,gru_42d_balanced,39,33.35136032104492,5.648639678955078
exclude_all_flagged,2024-12-30,validation,gru_42d_balanced,39,30.2647705078125,8.7352294921875
exclude_all_flagged,2024-12-31,validation,gru_42d_balanced,50,35.46382522583008,14.536174774169922
exclude_all_flagged,2025-01-01,test,gru_42d_balanced,11,28.171085357666016,17.171085357666016
exclude_all_flagged,2025-01-02,test,gru_42d_balanced,15,23.58477020263672,8.584770202636719
exclude_all_flagged,2025-01-03,test,gru_42d_balanced,17,34.25286865234375,17.25286865234375
exclude_all_flagged,2025-01-04,test,gru_42d_balanced,22,38.815608978271484,16.815608978271484
exclude_all_flagged,2025-01-16,test,gru_42d_balanced,1,47.152854919433594,46.152854919433594
exclude_all_flagged,2025-01-17,test,gru_42d_balanced,23,50.1549072265625,27.1549072265625
exclude_all_flagged,2025-01-18,test,gru_42d_balanced,44,48.55355453491211,4.553554534912109
exclude_all_flagged,2025-01-19,test,gru_42d_balanced,13,37.42890930175781,24.428909301757812
exclude_all_flagged,2025-01-20,test,gru_42d_balanced,5,38.46075439453125,33.46075439453125
exclude_all_flagged,2025-01-21,test,gru_42d_balanced,2,39.37144088745117,37.37144088745117
exclude_all_flagged,2025-01-22,test,gru_42d_balanced,13,39.11048889160156,26.110488891601562
exclude_all_flagged,2025-01-23,test,gru_42d_balanced,14,42.24846267700195,28.248462677001953
exclude_all_flagged,2025-01-24,test,gru_42d_balanced,56,42.76178741455078,13.238212585449219
exclude_all_flagged,2025-01-25,test,gru_42d_balanced,58,45.187538146972656,12.812461853027344
exclude_all_flagged,2025-01-26,test,gru_42d_balanced,20,35.83073043823242,15.830730438232422
exclude_all_flagged,2025-01-27,test,gru_42d_balanced,17,34.425628662109375,17.425628662109375
exclude_all_flagged,2025-01-28,test,gru_42d_balanced,21,36.21828842163086,15.21828842163086
exclude_all_flagged,2025-01-29,test,gru_42d_balanced,25,31.27870750427246,6.278707504272461
exclude_all_flagged,2025-01-30,test,gru_42d_balanced,28,30.399682998657227,2.3996829986572266
exclude_all_flagged,2025-01-31,test,gru_42d_balanced,53,39.362579345703125,13.637420654296875
exclude_all_flagged,2025-02-01,test,gru_42d_balanced,59,45.549495697021484,13.450504302978516
exclude_all_flagged,2025-02-02,test,gru_42d_balanced,19,27.610130310058594,8.610130310058594
exclude_all_flagged,2025-02-03,test,gru_42d_balanced,23,23.095245361328125,0.095245361328125
exclude_all_flagged,2025-02-04,test,gru_42d_balanced,25,23.180744171142578,1.8192558288574219
exclude_all_flagged,2025-02-05,test,gru_42d_balanced,25,25.694862365722656,0.6948623657226562
exclude_all_flagged,2025-02-06,test,gru_42d_balanced,26,29.15505027770996,3.155050277709961
exclude_all_flagged,2025-02-07,test,gru_42d_balanced,31,39.30030822753906,8.300308227539062
exclude_all_flagged,2025-02-08,test,gru_42d_balanced,46,43.0916748046875,2.9083251953125
exclude_all_flagged,2025-02-09,test,gru_42d_balanced,13,30.498823165893555,17.498823165893555
exclude_all_flagged,2025-02-10,test,gru_42d_balanced,16,28.977811813354492,12.977811813354492
exclude_all_flagged,2025-02-11,test,gru_42d_balanced,21,28.22216033935547,7.222160339355469
exclude_all_flagged,2025-02-12,test,gru_42d_balanced,21,29.038454055786133,8.038454055786133
exclude_all_flagged,2025-02-13,test,gru_42d_balanced,25,32.75421905517578,7.754219055175781
exclude_all_flagged,2025-02-14,test,gru_42d_balanced,60,43.43679428100586,16.56320571899414
exclude_all_flagged,2025-02-15,test,gru_42d_balanced,54,52.270606994628906,1.7293930053710938
exclude_all_flagged,2025-02-16,test,gru_42d_balanced,31,23.830289840698242,7.169710159301758
exclude_all_flagged,2025-02-17,test,gru_42d_balanced,20,27.227018356323242,7.227018356323242
exclude_all_flagged,2025-02-18,test,gru_42d_balanced,31,25.110179901123047,5.889820098876953
exclude_all_flagged,2025-02-19,test,gru_42d_balanced,37,27.510770797729492,9.489229202270508
exclude_all_flagged,2025-02-20,test,gru_42d_balanced,44,32.086734771728516,11.913265228271484
exclude_all_flagged,2025-02-21,test,gru_42d_balanced,59,48.319297790527344,10.680702209472656
exclude_all_flagged,2025-02-22,test,gru_42d_balanced,59,53.498924255371094,5.501075744628906
exclude_all_flagged,2025-02-23,test,gru_42d_balanced,11,30.458833694458008,19.458833694458008
exclude_all_flagged,2025-02-24,test,gru_42d_balanced,29,23.232606887817383,5.767393112182617
exclude_all_flagged,2025-02-25,test,gru_42d_balanced,22,28.442604064941406,6.442604064941406
exclude_all_flagged,2025-02-26,test,gru_42d_balanced,35,31.503419876098633,3.496580123901367
exclude_all_flagged,2025-02-27,test,gru_42d_balanced,32,36.78675842285156,4.7867584228515625
exclude_all_flagged,2025-02-28,test,gru_42d_balanced,53,52.204349517822266,0.7956504821777344
exclude_all_flagged,2025-03-01,test,gru_42d_balanced,58,55.577049255371094,2.4229507446289062
exclude_all_flagged,2025-03-02,test,gru_42d_balanced,11,29.188570022583008,18.188570022583008
exclude_all_flagged,2025-03-03,test,gru_42d_balanced,35,27.409284591674805,7.590715408325195
exclude_all_flagged,2025-03-04,test,gru_42d_balanced,35,32.58517837524414,2.4148216247558594
exclude_all_flagged,2025-03-05,test,gru_42d_balanced,39,37.41847610473633,1.5815238952636719
exclude_all_flagged,2025-03-06,test,gru_42d_balanced,35,41.41145706176758,6.411457061767578
exclude_all_flagged,2025-03-07,test,gru_42d_balanced,60,49.63209533691406,10.367904663085938
exclude_all_flagged,2025-03-08,test,gru_42d_balanced,59,54.23871994018555,4.761280059814453
exclude_all_flagged,2025-03-09,test,gru_42d_balanced,20,20.26423454284668,0.2642345428466797
exclude_all_flagged,2025-03-10,test,gru_42d_balanced,32,24.428550720214844,7.571449279785156
exclude_all_flagged,2025-03-11,test,gru_42d_balanced,31,26.93427276611328,4.065727233886719
exclude_all_flagged,2025-03-12,test,gru_42d_balanced,37,30.452173233032227,6.547826766967773
exclude_all_flagged,2025-03-13,test,gru_42d_balanced,42,35.072330474853516,6.927669525146484
exclude_all_flagged,2025-03-14,test,gru_42d_balanced,58,51.521183013916016,6.478816986083984
exclude_all_flagged,2025-03-15,test,gru_42d_balanced,59,56.05380630493164,2.9461936950683594
exclude_all_flagged,2025-03-16,test,gru_42d_balanced,34,25.19220733642578,8.807792663574219
exclude_all_flagged,2025-03-17,test,gru_42d_balanced,31,27.86684799194336,3.1331520080566406
exclude_all_flagged,2025-03-18,test,gru_42d_balanced,32,33.2602653503418,1.2602653503417969
exclude_all_flagged,2025-03-19,test,gru_42d_balanced,24,37.84687805175781,13.846878051757812
exclude_all_flagged,2025-03-20,test,gru_42d_balanced,49,39.39629364013672,9.603706359863281
exclude_all_flagged,2025-03-21,test,gru_42d_balanced,58,51.51875305175781,6.4812469482421875
exclude_all_flagged,2025-03-22,test,gru_42d_balanced,60,52.58662033081055,7.413379669189453
exclude_all_flagged,2025-03-23,test,gru_42d_balanced,30,23.860872268676758,6.139127731323242
exclude_all_flagged,2025-03-24,test,gru_42d_balanced,30,24.824859619140625,5.175140380859375
exclude_all_flagged,2025-03-25,test,gru_42d_balanced,30,26.58834457397461,3.4116554260253906
exclude_all_flagged,2025-03-26,test,gru_42d_balanced,35,31.542776107788086,3.457223892211914
exclude_all_flagged,2025-03-27,test,gru_42d_balanced,43,37.45695877075195,5.543041229248047
exclude_all_flagged,2025-03-28,test,gru_42d_balanced,58,49.586421966552734,8.413578033447266
exclude_all_flagged,2025-03-29,test,gru_42d_balanced,58,53.92380905151367,4.076190948486328
exclude_all_flagged,2025-03-30,test,gru_42d_balanced,40,26.322811126708984,13.677188873291016
exclude_all_flagged,2025-03-31,test,gru_42d_balanced,33,35.14306640625,2.14306640625
exclude_all_flagged,2025-04-01,test,gru_42d_balanced,23,25.45502281188965,2.4550228118896484
exclude_all_flagged,2025-04-02,test,gru_42d_balanced,24,28.106325149536133,4.106325149536133
exclude_all_flagged,2025-04-03,test,gru_42d_balanced,33,35.6275520324707,2.627552032470703
exclude_all_flagged,2025-04-04,test,gru_42d_balanced,59,55.25433349609375,3.74566650390625
exclude_all_flagged,2025-04-05,test,gru_42d_balanced,59,57.31351852416992,1.6864814758300781
exclude_all_flagged,2025-04-06,test,gru_42d_balanced,36,24.435182571411133,11.564817428588867
exclude_all_flagged,2025-04-07,test,gru_42d_balanced,19,24.49824333190918,5.49824333190918
exclude_all_flagged,2025-04-08,test,gru_42d_balanced,23,23.061853408813477,0.06185340881347656
exclude_all_flagged,2025-04-09,test,gru_42d_balanced,28,26.99272918701172,1.0072708129882812
exclude_all_flagged,2025-04-10,test,gru_42d_balanced,50,32.09406661987305,17.905933380126953
exclude_all_flagged,2025-04-11,test,gru_42d_balanced,59,51.34693908691406,7.6530609130859375
exclude_all_flagged,2025-04-12,test,gru_42d_balanced,59,51.92022705078125,7.07977294921875
exclude_all_flagged,2025-04-13,test,gru_42d_balanced,32,26.96925163269043,5.03074836730957
exclude_all_flagged,2025-04-14,test,gru_42d_balanced,39,24.266374588012695,14.733625411987305
exclude_all_flagged,2025-04-15,test,gru_42d_balanced,33,25.68330955505371,7.316690444946289
exclude_all_flagged,2025-04-16,test,gru_42d_balanced,34,26.682758331298828,7.317241668701172
exclude_all_flagged,2025-04-17,test,gru_42d_balanced,43,38.07452392578125,4.92547607421875
exclude_all_flagged,2025-04-18,test,gru_42d_balanced,60,57.61845779418945,2.381542205810547
exclude_all_flagged,2025-04-19,test,gru_42d_balanced,59,59.24794006347656,0.2479400634765625
exclude_all_flagged,2025-04-20,test,gru_42d_balanced,27,32.8287467956543,5.828746795654297
exclude_all_flagged,2025-04-21,test,gru_42d_balanced,39,30.06322479248047,8.936775207519531
exclude_all_flagged,2025-04-22,test,gru_42d_balanced,44,31.912309646606445,12.087690353393555
exclude_all_flagged,2025-04-23,test,gru_42d_balanced,36,36.74026107788086,0.7402610778808594
exclude_all_flagged,2025-04-24,test,gru_42d_balanced,50,44.1619873046875,5.8380126953125
exclude_all_flagged,2025-04-25,test,gru_42d_balanced,55,57.19330596923828,2.1933059692382812
exclude_all_flagged,2025-04-26,test,gru_42d_balanced,59,55.58753967285156,3.4124603271484375
exclude_all_flagged,2025-04-27,test,gru_42d_balanced,21,31.876893997192383,10.876893997192383
exclude_all_flagged,2025-04-28,test,gru_42d_balanced,30,33.16298294067383,3.162982940673828
exclude_all_flagged,2025-04-29,test,gru_42d_balanced,35,32.93368911743164,2.0663108825683594
exclude_all_flagged,2025-04-30,test,gru_42d_balanced,29,34.21954345703125,5.21954345703125
exclude_all_flagged,2025-05-01,test,gru_42d_balanced,30,35.27107620239258,5.271076202392578
exclude_all_flagged,2025-05-02,test,gru_42d_balanced,58,55.249271392822266,2.7507286071777344
exclude_all_flagged,2025-05-03,test,gru_42d_balanced,59,56.42430877685547,2.5756912231445312
exclude_all_flagged,2025-05-04,test,gru_42d_balanced,19,28.689231872558594,9.689231872558594
exclude_all_flagged,2025-05-05,test,gru_42d_balanced,8,25.434932708740234,17.434932708740234
exclude_all_flagged,2025-05-06,test,gru_42d_balanced,13,24.692184448242188,11.692184448242188
exclude_all_flagged,2025-05-07,test,gru_42d_balanced,43,25.040678024291992,17.959321975708008
exclude_all_flagged,2025-05-08,test,gru_42d_balanced,54,36.85622024536133,17.143779754638672
exclude_all_flagged,2025-05-09,test,gru_42d_balanced,60,52.11894226074219,7.8810577392578125
exclude_all_flagged,2025-05-10,test,gru_42d_balanced,59,52.61372375488281,6.3862762451171875
exclude_all_flagged,2025-05-11,test,gru_42d_balanced,15,25.453426361083984,10.453426361083984
exclude_all_flagged,2025-05-12,test,gru_42d_balanced,34,21.74281120300293,12.25718879699707
exclude_all_flagged,2025-05-13,test,gru_42d_balanced,44,23.865100860595703,20.134899139404297
exclude_all_flagged,2025-05-14,test,gru_42d_balanced,56,28.427600860595703,27.572399139404297
exclude_all_flagged,2025-05-15,test,gru_42d_balanced,50,36.091575622558594,13.908424377441406
exclude_all_flagged,2025-05-16,test,gru_42d_balanced,59,50.31132888793945,8.688671112060547
exclude_all_flagged,2025-05-17,test,gru_42d_balanced,58,48.5447998046875,9.4552001953125
exclude_all_flagged,2025-05-18,test,gru_42d_balanced,36,24.945016860961914,11.054983139038086
exclude_all_flagged,2025-05-19,test,gru_42d_balanced,22,23.308351516723633,1.3083515167236328
exclude_all_flagged,2025-05-20,test,gru_42d_balanced,26,24.415437698364258,1.5845623016357422
exclude_all_flagged,2025-05-21,test,gru_42d_balanced,22,27.68694305419922,5.686943054199219
exclude_all_flagged,2025-05-22,test,gru_42d_balanced,20,33.98862075805664,13.98862075805664
exclude_all_flagged,2025-05-23,test,gru_42d_balanced,56,46.02152633666992,9.978473663330078
exclude_all_flagged,2025-05-24,test,gru_42d_balanced,57,52.175689697265625,4.824310302734375
exclude_all_flagged,2025-05-25,test,gru_42d_balanced,52,24.78240203857422,27.21759796142578
exclude_all_flagged,2025-05-26,test,gru_42d_balanced,9,22.4956111907959,13.495611190795898
exclude_all_flagged,2025-05-27,test,gru_42d_balanced,9,24.97777557373047,15.977775573730469
exclude_all_flagged,2025-05-28,test,gru_42d_balanced,17,27.99469757080078,10.994697570800781
exclude_all_flagged,2025-05-29,test,gru_42d_balanced,37,33.220638275146484,3.7793617248535156
exclude_all_flagged,2025-05-30,test,gru_42d_balanced,54,47.88467788696289,6.115322113037109
exclude_all_flagged,2025-05-31,test,gru_42d_balanced,58,54.58651351928711,3.4134864807128906
exclude_all_flagged,2025-06-01,test,gru_42d_balanced,45,36.77753829956055,8.222461700439453
exclude_all_flagged,2025-06-02,test,gru_42d_balanced,25,30.517303466796875,5.517303466796875
exclude_all_flagged,2025-06-03,test,gru_42d_balanced,25,33.69863510131836,8.69863510131836
exclude_all_flagged,2025-06-04,test,gru_42d_balanced,39,40.10701370239258,1.1070137023925781
exclude_all_flagged,2025-06-05,test,gru_42d_balanced,34,45.58970260620117,11.589702606201172
exclude_all_flagged,2025-06-06,test,gru_42d_balanced,58,59.32741928100586,1.3274192810058594
exclude_all_flagged,2025-06-07,test,gru_42d_balanced,57,60.0,3.0
exclude_all_flagged,2025-06-08,test,gru_42d_balanced,29,37.71382522583008,8.713825225830078
exclude_all_flagged,2025-06-09,test,gru_42d_balanced,34,32.00735092163086,1.9926490783691406
exclude_all_flagged,2025-06-10,test,gru_42d_balanced,48,36.865478515625,11.134521484375
exclude_all_flagged,2025-06-11,test,gru_42d_balanced,39,40.62460708618164,1.6246070861816406
exclude_all_flagged,2025-06-12,test,gru_42d_balanced,44,47.23451232910156,3.2345123291015625
exclude_all_flagged,2025-06-13,test,gru_42d_balanced,60,58.7896728515625,1.2103271484375
exclude_all_flagged,2025-06-14,test,gru_42d_balanced,59,60.0,1.0
exclude_all_flagged,2025-06-15,test,gru_42d_balanced,16,37.692081451416016,21.692081451416016
exclude_all_flagged,2025-06-16,test,gru_42d_balanced,10,34.430137634277344,24.430137634277344
exclude_all_flagged,2025-06-17,test,gru_42d_balanced,22,34.83092498779297,12.830924987792969
exclude_all_flagged,2025-06-18,test,gru_42d_balanced,13,36.106353759765625,23.106353759765625
exclude_all_flagged,2025-06-19,test,gru_42d_balanced,31,36.894195556640625,5.894195556640625
exclude_all_flagged,2025-06-20,test,gru_42d_balanced,60,56.63298797607422,3.3670120239257812
exclude_all_flagged,2025-06-21,test,gru_42d_balanced,57,58.5836181640625,1.5836181640625
exclude_all_flagged,2025-06-22,test,gru_42d_balanced,19,31.62183952331543,12.62183952331543
exclude_all_flagged,2025-06-23,test,gru_42d_balanced,19,25.209331512451172,6.209331512451172
exclude_all_flagged,2025-06-24,test,gru_42d_balanced,34,28.185598373413086,5.814401626586914
exclude_all_flagged,2025-06-25,test,gru_42d_balanced,36,31.58942985534668,4.41057014465332
exclude_all_flagged,2025-06-26,test,gru_42d_balanced,31,38.696693420410156,7.696693420410156
exclude_all_flagged,2025-06-27,test,gru_42d_balanced,59,54.22026824951172,4.779731750488281
exclude_all_flagged,2025-06-28,test,gru_42d_balanced,59,56.731597900390625,2.268402099609375
exclude_all_flagged,2025-06-29,test,gru_42d_balanced,32,26.441713333129883,5.558286666870117
exclude_all_flagged,2025-06-30,test,gru_42d_balanced,25,28.070236206054688,3.0702362060546875
exclude_all_flagged,2025-07-01,test,gru_42d_balanced,29,32.2898063659668,3.289806365966797
exclude_all_flagged,2025-07-02,test,gru_42d_balanced,23,33.74313735961914,10.74313735961914
exclude_all_flagged,2025-07-03,test,gru_42d_balanced,30,37.10088348388672,7.100883483886719
exclude_all_flagged,2025-07-04,test,gru_42d_balanced,57,52.37311553955078,4.626884460449219
exclude_all_flagged,2025-07-05,test,gru_42d_balanced,59,59.138633728027344,0.13863372802734375
exclude_all_flagged,2025-07-06,test,gru_42d_balanced,32,28.38431739807129,3.615682601928711
exclude_all_flagged,2025-07-07,test,gru_42d_balanced,23,27.83943748474121,4.839437484741211
exclude_all_flagged,2025-07-08,test,gru_42d_balanced,39,31.759735107421875,7.240264892578125
exclude_all_flagged,2025-07-09,test,gru_42d_balanced,44,36.09260559082031,7.9073944091796875
exclude_all_flagged,2025-07-10,test,gru_42d_balanced,45,43.807586669921875,1.192413330078125
exclude_all_flagged,2025-07-11,test,gru_42d_balanced,60,59.766258239746094,0.23374176025390625
exclude_all_flagged,2025-07-12,test,gru_42d_balanced,59,59.09455490112305,0.09455490112304688
exclude_all_flagged,2025-07-13,test,gru_42d_balanced,30,26.146408081054688,3.8535919189453125
exclude_all_flagged,2025-07-14,test,gru_42d_balanced,29,22.915939331054688,6.0840606689453125
exclude_all_flagged,2025-07-15,test,gru_42d_balanced,30,29.026119232177734,0.9738807678222656
exclude_all_flagged,2025-07-16,test,gru_42d_balanced,26,31.9136962890625,5.9136962890625
exclude_all_flagged,2025-07-17,test,gru_42d_balanced,36,36.65572738647461,0.6557273864746094
exclude_all_flagged,2025-07-18,test,gru_42d_balanced,60,54.33750534057617,5.662494659423828
exclude_all_flagged,2025-07-19,test,gru_42d_balanced,60,56.09001922607422,3.9099807739257812
exclude_all_flagged,2025-07-20,test,gru_42d_balanced,37,21.544069290161133,15.455930709838867
exclude_all_flagged,2025-07-21,test,gru_42d_balanced,43,20.71746063232422,22.28253936767578
exclude_all_flagged,2025-07-22,test,gru_42d_balanced,27,27.85938835144043,0.8593883514404297
exclude_all_flagged,2025-07-23,test,gru_42d_balanced,32,32.906585693359375,0.906585693359375
exclude_all_flagged,2025-07-24,test,gru_42d_balanced,42,39.76502990722656,2.2349700927734375
exclude_all_flagged,2025-07-25,test,gru_42d_balanced,58,60.0,2.0
exclude_all_flagged,2025-07-26,test,gru_42d_balanced,60,60.0,0.0
exclude_all_flagged,2025-07-27,test,gru_42d_balanced,29,29.343839645385742,0.3438396453857422
exclude_all_flagged,2025-07-28,test,gru_42d_balanced,27,26.449480056762695,0.5505199432373047
exclude_all_flagged,2025-07-29,test,gru_42d_balanced,28,26.346599578857422,1.6534004211425781
exclude_all_flagged,2025-07-30,test,gru_42d_balanced,25,27.8026123046875,2.8026123046875
exclude_all_flagged,2025-07-31,test,gru_42d_balanced,38,33.64681625366211,4.353183746337891
exclude_all_flagged,2025-08-01,test,gru_42d_balanced,57,52.419071197509766,4.580928802490234
exclude_all_flagged,2025-08-02,test,gru_42d_balanced,59,56.51526641845703,2.4847335815429688
exclude_all_flagged,2025-08-03,test,gru_42d_balanced,18,23.824569702148438,5.8245697021484375
exclude_all_flagged,2025-08-04,test,gru_42d_balanced,21,20.749221801757812,0.2507781982421875
exclude_all_flagged,2025-08-05,test,gru_42d_balanced,18,26.492267608642578,8.492267608642578
exclude_all_flagged,2025-08-06,test,gru_42d_balanced,18,30.965251922607422,12.965251922607422
exclude_all_flagged,2025-08-07,test,gru_42d_balanced,19,39.08128356933594,20.081283569335938
exclude_all_flagged,2025-08-08,test,gru_42d_balanced,52,54.51560592651367,2.515605926513672
exclude_all_flagged,2025-08-09,test,gru_42d_balanced,57,60.0,3.0
exclude_all_flagged,2025-08-10,test,gru_42d_balanced,42,26.27861976623535,15.721380233764648
exclude_all_flagged,2025-08-11,test,gru_42d_balanced,22,25.86198616027832,3.8619861602783203
exclude_all_flagged,2025-08-12,test,gru_42d_balanced,36,28.153905868530273,7.846094131469727
exclude_all_flagged,2025-08-13,test,gru_42d_balanced,39,31.81294059753418,7.18705940246582
exclude_all_flagged,2025-08-14,test,gru_42d_balanced,46,37.371429443359375,8.628570556640625
exclude_all_flagged,2025-08-15,test,gru_42d_balanced,60,59.7518424987793,0.24815750122070312
exclude_all_flagged,2025-08-16,test,gru_42d_balanced,59,60.0,1.0
exclude_all_flagged,2025-08-17,test,gru_42d_balanced,26,30.4334774017334,4.433477401733398
exclude_all_flagged,2025-08-18,test,gru_42d_balanced,36,24.969411849975586,11.030588150024414
exclude_all_flagged,2025-08-19,test,gru_42d_balanced,24,26.514741897583008,2.514741897583008
exclude_all_flagged,2025-08-20,test,gru_42d_balanced,32,28.227941513061523,3.7720584869384766
exclude_all_flagged,2025-08-21,test,gru_42d_balanced,42,31.37326431274414,10.62673568725586
exclude_all_flagged,2025-08-22,test,gru_42d_balanced,60,52.91108703613281,7.0889129638671875
exclude_all_flagged,2025-08-23,test,gru_42d_balanced,59,54.60124206542969,4.3987579345703125
exclude_all_flagged,2025-08-24,test,gru_42d_balanced,48,27.12781524658203,20.87218475341797
exclude_all_flagged,2025-08-25,test,gru_42d_balanced,55,25.63997459411621,29.36002540588379
exclude_all_flagged,2025-08-26,test,gru_42d_balanced,59,29.805233001708984,29.194766998291016
exclude_all_flagged,2025-08-27,test,gru_42d_balanced,60,36.46397399902344,23.536026000976562
exclude_all_flagged,2025-08-28,test,gru_42d_balanced,60,49.08775329589844,10.912246704101562
exclude_all_flagged,2025-08-29,test,gru_42d_balanced,57,60.0,3.0
exclude_all_flagged,2025-08-30,test,gru_42d_balanced,59,57.98668670654297,1.0133132934570312
exclude_all_flagged,2025-08-31,test,gru_42d_balanced,59,31.911170959472656,27.088829040527344
exclude_all_flagged,2025-09-01,test,gru_42d_balanced,25,33.56312561035156,8.563125610351562
exclude_all_flagged,2025-09-02,test,gru_42d_balanced,24,30.641704559326172,6.641704559326172
exclude_all_flagged,2025-09-03,test,gru_42d_balanced,22,31.662256240844727,9.662256240844727
exclude_all_flagged,2025-09-04,test,gru_42d_balanced,33,35.122493743896484,2.1224937438964844
exclude_all_flagged,2025-09-05,test,gru_42d_balanced,60,46.223045349121094,13.776954650878906
exclude_all_flagged,2025-09-06,test,gru_42d_balanced,59,48.209007263183594,10.790992736816406
exclude_all_flagged,2025-09-07,test,gru_42d_balanced,13,33.323486328125,20.323486328125
exclude_all_flagged,2025-09-08,test,gru_42d_balanced,22,26.66326904296875,4.66326904296875
exclude_all_flagged,2025-09-09,test,gru_42d_balanced,18,30.619609832763672,12.619609832763672
exclude_all_flagged,2025-09-10,test,gru_42d_balanced,20,35.92679977416992,15.926799774169922
exclude_all_flagged,2025-09-11,test,gru_42d_balanced,28,43.24643325805664,15.24643325805664
exclude_all_flagged,2025-09-12,test,gru_42d_balanced,58,54.151573181152344,3.8484268188476562
exclude_all_flagged,2025-09-13,test,gru_42d_balanced,58,59.9326171875,1.9326171875
exclude_all_flagged,2025-09-14,test,gru_42d_balanced,20,40.11551284790039,20.11551284790039
exclude_all_flagged,2025-09-15,test,gru_42d_balanced,37,35.919517517089844,1.0804824829101562
exclude_all_flagged,2025-09-16,test,gru_42d_balanced,42,36.60748291015625,5.39251708984375
exclude_all_flagged,2025-09-17,test,gru_42d_balanced,39,39.11516571044922,0.11516571044921875
exclude_all_flagged,2025-09-18,test,gru_42d_balanced,36,42.588626861572266,6.588626861572266
exclude_all_flagged,2025-09-19,test,gru_42d_balanced,59,57.58624267578125,1.41375732421875
exclude_all_flagged,2025-09-20,test,gru_42d_balanced,60,60.0,0.0
exclude_all_flagged,2025-09-21,test,gru_42d_balanced,40,35.153926849365234,4.846073150634766
exclude_all_flagged,2025-09-22,test,gru_42d_balanced,33,33.59879684448242,0.5987968444824219
exclude_all_flagged,2025-09-23,test,gru_42d_balanced,42,35.167301177978516,6.832698822021484
exclude_all_flagged,2025-09-24,test,gru_42d_balanced,32,39.01311492919922,7.013114929199219
exclude_all_flagged,2025-09-25,test,gru_42d_balanced,39,43.32494354248047,4.324943542480469
exclude_all_flagged,2025-09-26,test,gru_42d_balanced,58,56.083213806152344,1.9167861938476562
exclude_all_flagged,2025-09-27,test,gru_42d_balanced,59,59.80398178100586,0.8039817810058594
exclude_all_flagged,2025-09-28,test,gru_42d_balanced,36,42.84485626220703,6.844856262207031
exclude_all_flagged,2025-09-29,test,gru_42d_balanced,43,40.135597229003906,2.8644027709960938
exclude_all_flagged,2025-09-30,test,gru_42d_balanced,35,42.27253723144531,7.2725372314453125
exclude_all_flagged,2025-10-01,test,gru_42d_balanced,23,45.08000946044922,22.08000946044922
exclude_all_flagged,2025-10-02,test,gru_42d_balanced,33,45.97300720214844,12.973007202148438
exclude_all_flagged,2025-10-03,test,gru_42d_balanced,60,58.576053619384766,1.4239463806152344
exclude_all_flagged,2025-10-04,test,gru_42d_balanced,59,59.77396774291992,0.7739677429199219
exclude_all_flagged,2025-10-05,test,gru_42d_balanced,29,33.000423431396484,4.000423431396484
exclude_all_flagged,2025-10-06,test,gru_42d_balanced,34,31.36905860900879,2.630941390991211
exclude_all_flagged,2025-10-07,test,gru_42d_balanced,34,33.781192779541016,0.21880722045898438
exclude_all_flagged,2025-10-08,test,gru_42d_balanced,41,35.10880661010742,5.891193389892578
exclude_all_flagged,2025-10-09,test,gru_42d_balanced,49,41.542518615722656,7.457481384277344
exclude_all_flagged,2025-10-10,test,gru_42d_balanced,58,57.28917694091797,0.7108230590820312
exclude_all_flagged,2025-10-11,test,gru_42d_balanced,60,60.0,0.0
exclude_all_flagged,2025-10-12,test,gru_42d_balanced,59,33.82710647583008,25.172893524169922
exclude_all_flagged,2025-10-13,test,gru_42d_balanced,22,35.141780853271484,13.141780853271484
exclude_all_flagged,2025-10-14,test,gru_42d_balanced,37,34.54441452026367,2.455585479736328
exclude_all_flagged,2025-10-15,test,gru_42d_balanced,53,37.180728912353516,15.819271087646484
exclude_all_flagged,2025-10-16,test,gru_42d_balanced,57,40.667789459228516,16.332210540771484
exclude_all_flagged,2025-10-17,test,gru_42d_balanced,53,54.095703125,1.095703125
exclude_all_flagged,2025-10-18,test,gru_42d_balanced,59,54.11674499511719,4.8832550048828125
exclude_all_flagged,2025-10-19,test,gru_42d_balanced,45,37.28097152709961,7.719028472900391
exclude_all_flagged,2025-10-20,test,gru_42d_balanced,42,28.795991897583008,13.204008102416992
exclude_all_flagged,2025-10-21,test,gru_42d_balanced,46,34.47024154663086,11.52975845336914
exclude_all_flagged,2025-10-22,test,gru_42d_balanced,28,42.71522903442383,14.715229034423828
exclude_all_flagged,2025-10-23,test,gru_42d_balanced,47,46.022430419921875,0.977569580078125
exclude_all_flagged,2025-10-24,test,gru_42d_balanced,56,54.36294174194336,1.6370582580566406
exclude_all_flagged,2025-10-25,test,gru_42d_balanced,59,53.86469650268555,5.135303497314453
exclude_all_flagged,2025-10-26,test,gru_42d_balanced,29,40.48147201538086,11.48147201538086
exclude_all_flagged,2025-10-27,test,gru_42d_balanced,27,33.4963264465332,6.496326446533203
exclude_all_flagged,2025-10-28,test,gru_42d_balanced,40,33.553916931152344,6.446083068847656
exclude_all_flagged,2025-10-29,test,gru_42d_balanced,46,33.1807861328125,12.8192138671875
exclude_all_flagged,2025-10-30,test,gru_42d_balanced,45,41.1790771484375,3.8209228515625
exclude_all_flagged,2025-10-31,test,gru_42d_balanced,60,53.37757873535156,6.6224212646484375
exclude_all_flagged,2025-11-01,test,gru_42d_balanced,60,51.15523147583008,8.844768524169922
exclude_all_flagged,2025-11-02,test,gru_42d_balanced,38,26.418962478637695,11.581037521362305
exclude_all_flagged,2025-11-03,test,gru_42d_balanced,21,23.728593826293945,2.7285938262939453
exclude_all_flagged,2025-11-04,test,gru_42d_balanced,27,29.31523895263672,2.3152389526367188
exclude_all_flagged,2025-11-05,test,gru_42d_balanced,20,33.49118423461914,13.49118423461914
exclude_all_flagged,2025-11-06,test,gru_42d_balanced,29,38.35133743286133,9.351337432861328
exclude_all_flagged,2025-11-07,test,gru_42d_balanced,60,50.03414535522461,9.96585464477539
exclude_all_flagged,2025-11-08,test,gru_42d_balanced,60,53.88564682006836,6.114353179931641
exclude_all_flagged,2025-11-09,test,gru_42d_balanced,32,33.35134506225586,1.3513450622558594
exclude_all_flagged,2025-11-10,test,gru_42d_balanced,35,26.317180633544922,8.682819366455078
exclude_all_flagged,2025-11-11,test,gru_42d_balanced,29,28.322734832763672,0.6772651672363281
exclude_all_flagged,2025-11-12,test,gru_42d_balanced,29,36.444541931152344,7.444541931152344
exclude_all_flagged,2025-11-13,test,gru_42d_balanced,25,44.13624954223633,19.136249542236328
exclude_all_flagged,2025-11-14,test,gru_42d_balanced,54,55.065284729003906,1.0652847290039062
exclude_all_flagged,2025-11-15,test,gru_42d_balanced,59,60.0,1.0
exclude_all_flagged,2025-11-16,test,gru_42d_balanced,19,41.59379577636719,22.593795776367188
exclude_all_flagged,2025-11-17,test,gru_42d_balanced,11,33.80854034423828,22.80854034423828
exclude_all_flagged,2025-11-18,test,gru_42d_balanced,16,31.814743041992188,15.814743041992188
exclude_all_flagged,2025-11-19,test,gru_42d_balanced,27,30.660104751586914,3.660104751586914
exclude_all_flagged,2025-11-20,test,gru_42d_balanced,26,34.90454864501953,8.904548645019531
exclude_all_flagged,2025-11-21,test,gru_42d_balanced,58,50.04279708862305,7.957202911376953
exclude_all_flagged,2025-11-22,test,gru_42d_balanced,58,57.827266693115234,0.17273330688476562
exclude_all_flagged,2025-11-23,test,gru_42d_balanced,27,31.315418243408203,4.315418243408203
exclude_all_flagged,2025-11-24,test,gru_42d_balanced,30,29.385066986083984,0.6149330139160156
exclude_all_flagged,2025-11-25,test,gru_42d_balanced,28,31.65278434753418,3.6527843475341797
exclude_all_flagged,2025-11-26,test,gru_42d_balanced,42,37.07291793823242,4.927082061767578
exclude_all_flagged,2025-11-27,test,gru_42d_balanced,58,39.8182487487793,18.181751251220703
exclude_all_flagged,2025-11-28,test,gru_42d_balanced,59,55.197853088378906,3.8021469116210938
exclude_all_flagged,2025-11-29,test,gru_42d_balanced,55,57.140621185302734,2.1406211853027344
exclude_all_flagged,2025-11-30,test,gru_42d_balanced,28,33.57912826538086,5.579128265380859
exclude_all_flagged,2025-12-01,test,gru_42d_balanced,30,26.030200958251953,3.969799041748047
exclude_all_flagged,2025-12-02,test,gru_42d_balanced,31,26.68238067626953,4.317619323730469
exclude_all_flagged,2025-12-03,test,gru_42d_balanced,28,30.217432022094727,2.2174320220947266
exclude_all_flagged,2025-12-04,test,gru_42d_balanced,37,32.432106018066406,4.567893981933594
exclude_all_flagged,2025-12-05,test,gru_42d_balanced,50,50.030574798583984,0.030574798583984375
exclude_all_flagged,2025-12-06,test,gru_42d_balanced,60,55.53995132446289,4.460048675537109
exclude_all_flagged,2025-12-07,test,gru_42d_balanced,36,30.601335525512695,5.398664474487305
exclude_all_flagged,2025-12-08,test,gru_42d_balanced,26,27.72945785522461,1.7294578552246094
exclude_all_flagged,2025-12-09,test,gru_42d_balanced,40,27.445878982543945,12.554121017456055
exclude_all_flagged,2025-12-10,test,gru_42d_balanced,21,31.291913986206055,10.291913986206055
exclude_all_flagged,2025-12-11,test,gru_42d_balanced,24,34.46165084838867,10.461650848388672
exclude_all_flagged,2025-12-12,test,gru_42d_balanced,50,45.26606750488281,4.7339324951171875
exclude_all_flagged,2025-12-13,test,gru_42d_balanced,52,52.352027893066406,0.35202789306640625
exclude_all_flagged,2025-12-14,test,gru_42d_balanced,24,36.7556266784668,12.755626678466797
exclude_all_flagged,2025-12-15,test,gru_42d_balanced,18,31.487104415893555,13.487104415893555
exclude_all_flagged,2025-12-16,test,gru_42d_balanced,23,30.544248580932617,7.544248580932617
exclude_all_flagged,2025-12-17,test,gru_42d_balanced,34,32.151973724365234,1.8480262756347656
exclude_all_flagged,2025-12-18,test,gru_42d_balanced,43,34.17151641845703,8.828483581542969
exclude_all_flagged,2025-12-19,test,gru_42d_balanced,49,45.790748596191406,3.2092514038085938
exclude_all_flagged,2025-12-20,test,gru_42d_balanced,57,52.18455505371094,4.8154449462890625
exclude_all_flagged,2025-12-21,test,gru_42d_balanced,35,32.673744201660156,2.3262557983398438
exclude_all_flagged,2025-12-22,test,gru_42d_balanced,28,30.525348663330078,2.525348663330078
exclude_all_flagged,2025-12-23,test,gru_42d_balanced,27,31.9372615814209,4.937261581420898
exclude_all_flagged,2025-12-24,test,gru_42d_balanced,40,34.131954193115234,5.868045806884766
exclude_all_flagged,2025-12-25,test,gru_42d_balanced,31,39.506465911865234,8.506465911865234
exclude_all_flagged,2025-12-26,test,gru_42d_balanced,40,46.96055221557617,6.960552215576172
exclude_all_flagged,2025-12-27,test,gru_42d_balanced,44,48.73030471801758,4.730304718017578
exclude_all_flagged,2025-12-28,test,gru_42d_balanced,30,32.67390823364258,2.673908233642578
exclude_all_flagged,2025-12-29,test,gru_42d_balanced,28,31.63002586364746,3.630025863647461
exclude_all_flagged,2025-12-30,test,gru_42d_balanced,36,32.973751068115234,3.0262489318847656
exclude_all_flagged,2025-12-31,test,gru_42d_balanced,55,35.70008087158203,19.29991912841797
exclude_all_flagged,2024-07-01,validation,gru_56d_more_regularized,14,28.160654067993164,14.160654067993164
exclude_all_flagged,2024-07-02,validation,gru_56d_more_regularized,17,27.34969139099121,10.349691390991211
exclude_all_flagged,2024-07-03,validation,gru_56d_more_regularized,23,32.39253234863281,9.392532348632812
exclude_all_flagged,2024-07-04,validation,gru_56d_more_regularized,26,41.103885650634766,15.103885650634766
exclude_all_flagged,2024-07-05,validation,gru_56d_more_regularized,59,56.05990982055664,2.9400901794433594
exclude_all_flagged,2024-07-06,validation,gru_56d_more_regularized,59,59.41790771484375,0.41790771484375
exclude_all_flagged,2024-07-07,validation,gru_56d_more_regularized,22,23.49600601196289,1.4960060119628906
exclude_all_flagged,2024-07-08,validation,gru_56d_more_regularized,27,24.62298011779785,2.3770198822021484
exclude_all_flagged,2024-07-09,validation,gru_56d_more_regularized,33,33.035335540771484,0.035335540771484375
exclude_all_flagged,2024-07-10,validation,gru_56d_more_regularized,40,38.05279541015625,1.94720458984375
exclude_all_flagged,2024-07-11,validation,gru_56d_more_regularized,50,42.33979797363281,7.6602020263671875
exclude_all_flagged,2024-07-12,validation,gru_56d_more_regularized,58,59.589378356933594,1.5893783569335938
exclude_all_flagged,2024-07-13,validation,gru_56d_more_regularized,60,60.0,0.0
exclude_all_flagged,2024-07-14,validation,gru_56d_more_regularized,25,25.47643280029297,0.47643280029296875
exclude_all_flagged,2024-07-15,validation,gru_56d_more_regularized,28,23.762386322021484,4.237613677978516
exclude_all_flagged,2024-07-16,validation,gru_56d_more_regularized,36,26.710344314575195,9.289655685424805
exclude_all_flagged,2024-07-17,validation,gru_56d_more_regularized,27,35.011688232421875,8.011688232421875
exclude_all_flagged,2024-07-18,validation,gru_56d_more_regularized,32,45.465431213378906,13.465431213378906
exclude_all_flagged,2024-07-19,validation,gru_56d_more_regularized,59,58.613677978515625,0.386322021484375
exclude_all_flagged,2024-07-20,validation,gru_56d_more_regularized,60,60.0,0.0
exclude_all_flagged,2024-07-21,validation,gru_56d_more_regularized,41,26.056230545043945,14.943769454956055
exclude_all_flagged,2024-07-22,validation,gru_56d_more_regularized,45,25.57735252380371,19.42264747619629
exclude_all_flagged,2024-07-23,validation,gru_56d_more_regularized,52,31.793970108032227,20.206029891967773
exclude_all_flagged,2024-07-24,validation,gru_56d_more_regularized,57,41.92401123046875,15.07598876953125
exclude_all_flagged,2024-07-25,validation,gru_56d_more_regularized,58,49.001808166503906,8.998191833496094
exclude_all_flagged,2024-07-26,validation,gru_56d_more_regularized,60,60.0,0.0
exclude_all_flagged,2024-07-27,validation,gru_56d_more_regularized,60,60.0,0.0
exclude_all_flagged,2024-07-28,validation,gru_56d_more_regularized,28,37.04867172241211,9.04867172241211
exclude_all_flagged,2024-07-29,validation,gru_56d_more_regularized,22,34.71364974975586,12.71364974975586
exclude_all_flagged,2024-07-30,validation,gru_56d_more_regularized,27,35.992759704589844,8.992759704589844
exclude_all_flagged,2024-07-31,validation,gru_56d_more_regularized,40,39.415435791015625,0.584564208984375
exclude_all_flagged,2024-08-01,validation,gru_56d_more_regularized,33,41.83559036254883,8.835590362548828
exclude_all_flagged,2024-08-02,validation,gru_56d_more_regularized,60,55.3961296081543,4.603870391845703
exclude_all_flagged,2024-08-03,validation,gru_56d_more_regularized,60,59.329345703125,0.670654296875
exclude_all_flagged,2024-08-04,validation,gru_56d_more_regularized,22,25.224327087402344,3.2243270874023438
exclude_all_flagged,2024-08-05,validation,gru_56d_more_regularized,24,26.730222702026367,2.730222702026367
exclude_all_flagged,2024-08-06,validation,gru_56d_more_regularized,30,34.041202545166016,4.041202545166016
exclude_all_flagged,2024-08-07,validation,gru_56d_more_regularized,37,43.10708999633789,6.107089996337891
exclude_all_flagged,2024-08-08,validation,gru_56d_more_regularized,41,50.33822250366211,9.33822250366211
exclude_all_flagged,2024-08-09,validation,gru_56d_more_regularized,55,60.0,5.0
exclude_all_flagged,2024-08-10,validation,gru_56d_more_regularized,59,60.0,1.0
exclude_all_flagged,2024-08-11,validation,gru_56d_more_regularized,26,32.05457305908203,6.054573059082031
exclude_all_flagged,2024-08-12,validation,gru_56d_more_regularized,31,29.659074783325195,1.3409252166748047
exclude_all_flagged,2024-08-13,validation,gru_56d_more_regularized,52,32.2439079284668,19.756092071533203
exclude_all_flagged,2024-08-14,validation,gru_56d_more_regularized,36,40.38711166381836,4.387111663818359
exclude_all_flagged,2024-08-15,validation,gru_56d_more_regularized,50,43.705928802490234,6.294071197509766
exclude_all_flagged,2024-08-16,validation,gru_56d_more_regularized,60,60.0,0.0
exclude_all_flagged,2024-08-17,validation,gru_56d_more_regularized,60,60.0,0.0
exclude_all_flagged,2024-08-18,validation,gru_56d_more_regularized,25,27.780433654785156,2.7804336547851562
exclude_all_flagged,2024-08-19,validation,gru_56d_more_regularized,33,25.653596878051758,7.346403121948242
exclude_all_flagged,2024-08-20,validation,gru_56d_more_regularized,27,34.10105895996094,7.1010589599609375
exclude_all_flagged,2024-08-21,validation,gru_56d_more_regularized,38,37.76862716674805,0.23137283325195312
exclude_all_flagged,2024-08-22,validation,gru_56d_more_regularized,45,46.41371154785156,1.4137115478515625
exclude_all_flagged,2024-08-23,validation,gru_56d_more_regularized,60,54.951995849609375,5.048004150390625
exclude_all_flagged,2024-08-24,validation,gru_56d_more_regularized,60,55.69116973876953,4.308830261230469
exclude_all_flagged,2024-08-25,validation,gru_56d_more_regularized,42,38.79922103881836,3.2007789611816406
exclude_all_flagged,2024-08-26,validation,gru_56d_more_regularized,52,36.37807846069336,15.62192153930664
exclude_all_flagged,2024-08-27,validation,gru_56d_more_regularized,57,40.91728973388672,16.08271026611328
exclude_all_flagged,2024-08-28,validation,gru_56d_more_regularized,60,46.635353088378906,13.364646911621094
exclude_all_flagged,2024-08-29,validation,gru_56d_more_regularized,59,52.51461410522461,6.485385894775391
exclude_all_flagged,2024-08-30,validation,gru_56d_more_regularized,49,60.0,11.0
exclude_all_flagged,2024-09-01,validation,gru_56d_more_regularized,60,39.66621398925781,20.333786010742188
exclude_all_flagged,2024-09-02,validation,gru_56d_more_regularized,38,40.12117385864258,2.121173858642578
exclude_all_flagged,2024-09-03,validation,gru_56d_more_regularized,33,41.153560638427734,8.153560638427734
exclude_all_flagged,2024-09-04,validation,gru_56d_more_regularized,31,44.2964973449707,13.296497344970703
exclude_all_flagged,2024-09-05,validation,gru_56d_more_regularized,36,49.76133728027344,13.761337280273438
exclude_all_flagged,2024-09-06,validation,gru_56d_more_regularized,57,59.074806213378906,2.0748062133789062
exclude_all_flagged,2024-09-07,validation,gru_56d_more_regularized,59,60.0,1.0
exclude_all_flagged,2024-09-08,validation,gru_56d_more_regularized,24,40.28220748901367,16.282207489013672
exclude_all_flagged,2024-09-09,validation,gru_56d_more_regularized,29,41.10469055175781,12.104690551757812
exclude_all_flagged,2024-09-10,validation,gru_56d_more_regularized,25,45.39583969116211,20.39583969116211
exclude_all_flagged,2024-09-11,validation,gru_56d_more_regularized,22,48.05690002441406,26.056900024414062
exclude_all_flagged,2024-09-12,validation,gru_56d_more_regularized,39,53.64246368408203,14.642463684082031
exclude_all_flagged,2024-09-13,validation,gru_56d_more_regularized,59,60.0,1.0
exclude_all_flagged,2024-09-14,validation,gru_56d_more_regularized,60,60.0,0.0
exclude_all_flagged,2024-09-15,validation,gru_56d_more_regularized,29,34.27665328979492,5.276653289794922
exclude_all_flagged,2024-09-16,validation,gru_56d_more_regularized,40,30.24514389038086,9.75485610961914
exclude_all_flagged,2024-09-17,validation,gru_56d_more_regularized,49,34.92256546020508,14.077434539794922
exclude_all_flagged,2024-09-18,validation,gru_56d_more_regularized,50,40.510948181152344,9.489051818847656
exclude_all_flagged,2024-09-19,validation,gru_56d_more_regularized,54,50.30691146850586,3.6930885314941406
exclude_all_flagged,2024-09-20,validation,gru_56d_more_regularized,59,60.0,1.0
exclude_all_flagged,2024-09-21,validation,gru_56d_more_regularized,59,60.0,1.0
exclude_all_flagged,2024-09-22,validation,gru_56d_more_regularized,36,31.447246551513672,4.552753448486328
exclude_all_flagged,2024-09-23,validation,gru_56d_more_regularized,42,34.29460525512695,7.705394744873047
exclude_all_flagged,2024-09-24,validation,gru_56d_more_regularized,55,39.58336639404297,15.416633605957031
exclude_all_flagged,2024-09-25,validation,gru_56d_more_regularized,56,45.048465728759766,10.951534271240234
exclude_all_flagged,2024-09-26,validation,gru_56d_more_regularized,56,53.82219314575195,2.177806854248047
exclude_all_flagged,2024-09-27,validation,gru_56d_more_regularized,59,59.82387924194336,0.8238792419433594
exclude_all_flagged,2024-09-28,validation,gru_56d_more_regularized,57,59.58250045776367,2.582500457763672
exclude_all_flagged,2024-09-29,validation,gru_56d_more_regularized,38,40.1971321105957,2.197132110595703
exclude_all_flagged,2024-09-30,validation,gru_56d_more_regularized,30,40.65538787841797,10.655387878417969
exclude_all_flagged,2024-10-01,validation,gru_56d_more_regularized,14,44.00041961669922,30.00041961669922
exclude_all_flagged,2024-10-02,validation,gru_56d_more_regularized,11,42.08125686645508,31.081256866455078
exclude_all_flagged,2024-10-03,validation,gru_56d_more_regularized,39,44.56574249267578,5.565742492675781
exclude_all_flagged,2024-10-04,validation,gru_56d_more_regularized,60,57.60093307495117,2.399066925048828
exclude_all_flagged,2024-10-05,validation,gru_56d_more_regularized,58,55.82621765136719,2.1737823486328125
exclude_all_flagged,2024-10-06,validation,gru_56d_more_regularized,25,24.61078453063965,0.38921546936035156
exclude_all_flagged,2024-10-07,validation,gru_56d_more_regularized,22,24.609466552734375,2.609466552734375
exclude_all_flagged,2024-10-08,validation,gru_56d_more_regularized,30,28.70663070678711,1.2933692932128906
exclude_all_flagged,2024-10-09,validation,gru_56d_more_regularized,38,36.82190704345703,1.1780929565429688
exclude_all_flagged,2024-10-10,validation,gru_56d_more_regularized,59,52.83388900756836,6.166110992431641
exclude_all_flagged,2024-10-11,validation,gru_56d_more_regularized,60,60.0,0.0
exclude_all_flagged,2024-10-12,validation,gru_56d_more_regularized,60,58.89388656616211,1.1061134338378906
exclude_all_flagged,2024-10-13,validation,gru_56d_more_regularized,60,29.722251892089844,30.277748107910156
exclude_all_flagged,2024-10-14,validation,gru_56d_more_regularized,18,26.279762268066406,8.279762268066406
exclude_all_flagged,2024-10-15,validation,gru_56d_more_regularized,24,25.47571563720703,1.4757156372070312
exclude_all_flagged,2024-10-16,validation,gru_56d_more_regularized,34,27.622417449951172,6.377582550048828
exclude_all_flagged,2024-10-17,validation,gru_56d_more_regularized,51,42.89177703857422,8.108222961425781
exclude_all_flagged,2024-10-18,validation,gru_56d_more_regularized,60,55.75591278076172,4.244087219238281
exclude_all_flagged,2024-10-19,validation,gru_56d_more_regularized,60,55.56214904785156,4.4378509521484375
exclude_all_flagged,2024-10-20,validation,gru_56d_more_regularized,44,36.05801773071289,7.941982269287109
exclude_all_flagged,2024-10-21,validation,gru_56d_more_regularized,31,28.188167572021484,2.8118324279785156
exclude_all_flagged,2024-10-22,validation,gru_56d_more_regularized,37,33.28270721435547,3.7172927856445312
exclude_all_flagged,2024-10-23,validation,gru_56d_more_regularized,51,43.5658073425293,7.434192657470703
exclude_all_flagged,2024-10-24,validation,gru_56d_more_regularized,58,53.44338607788086,4.556613922119141
exclude_all_flagged,2024-10-25,validation,gru_56d_more_regularized,59,59.92133331298828,0.9213333129882812
exclude_all_flagged,2024-10-26,validation,gru_56d_more_regularized,59,56.673561096191406,2.3264389038085938
exclude_all_flagged,2024-10-27,validation,gru_56d_more_regularized,59,42.54801940917969,16.451980590820312
exclude_all_flagged,2024-10-28,validation,gru_56d_more_regularized,21,32.870933532714844,11.870933532714844
exclude_all_flagged,2024-10-29,validation,gru_56d_more_regularized,23,30.082197189331055,7.082197189331055
exclude_all_flagged,2024-10-30,validation,gru_56d_more_regularized,26,35.27357482910156,9.273574829101562
exclude_all_flagged,2024-10-31,validation,gru_56d_more_regularized,40,47.61333465576172,7.613334655761719
exclude_all_flagged,2024-11-01,validation,gru_56d_more_regularized,60,56.14228057861328,3.8577194213867188
exclude_all_flagged,2024-11-02,validation,gru_56d_more_regularized,60,52.43373489379883,7.566265106201172
exclude_all_flagged,2024-11-03,validation,gru_56d_more_regularized,26,36.241153717041016,10.241153717041016
exclude_all_flagged,2024-11-04,validation,gru_56d_more_regularized,16,28.28877067565918,12.28877067565918
exclude_all_flagged,2024-11-05,validation,gru_56d_more_regularized,16,30.626216888427734,14.626216888427734
exclude_all_flagged,2024-11-06,validation,gru_56d_more_regularized,29,38.730979919433594,9.730979919433594
exclude_all_flagged,2024-11-07,validation,gru_56d_more_regularized,47,51.70918273925781,4.7091827392578125
exclude_all_flagged,2024-11-08,validation,gru_56d_more_regularized,59,58.459625244140625,0.540374755859375
exclude_all_flagged,2024-11-09,validation,gru_56d_more_regularized,60,58.72182846069336,1.2781715393066406
exclude_all_flagged,2024-11-10,validation,gru_56d_more_regularized,60,46.53670883178711,13.46329116821289
exclude_all_flagged,2024-11-11,validation,gru_56d_more_regularized,38,34.580963134765625,3.419036865234375
exclude_all_flagged,2024-11-12,validation,gru_56d_more_regularized,54,35.316444396972656,18.683555603027344
exclude_all_flagged,2024-11-13,validation,gru_56d_more_regularized,36,41.9744873046875,5.9744873046875
exclude_all_flagged,2024-11-14,validation,gru_56d_more_regularized,53,49.138397216796875,3.861602783203125
exclude_all_flagged,2024-11-15,validation,gru_56d_more_regularized,60,57.34095001220703,2.6590499877929688
exclude_all_flagged,2024-11-16,validation,gru_56d_more_regularized,60,59.14282989501953,0.8571701049804688
exclude_all_flagged,2024-11-17,validation,gru_56d_more_regularized,15,47.2671012878418,32.2671012878418
exclude_all_flagged,2024-11-18,validation,gru_56d_more_regularized,12,36.3437385559082,24.343738555908203
exclude_all_flagged,2024-11-19,validation,gru_56d_more_regularized,23,32.77816390991211,9.77816390991211
exclude_all_flagged,2024-11-20,validation,gru_56d_more_regularized,34,35.59191131591797,1.5919113159179688
exclude_all_flagged,2024-11-21,validation,gru_56d_more_regularized,29,47.73860549926758,18.738605499267578
exclude_all_flagged,2024-11-22,validation,gru_56d_more_regularized,50,55.54962158203125,5.54962158203125
exclude_all_flagged,2024-11-23,validation,gru_56d_more_regularized,56,56.88581085205078,0.8858108520507812
exclude_all_flagged,2024-11-24,validation,gru_56d_more_regularized,25,45.16738510131836,20.16738510131836
exclude_all_flagged,2024-11-25,validation,gru_56d_more_regularized,25,36.03938674926758,11.039386749267578
exclude_all_flagged,2024-11-26,validation,gru_56d_more_regularized,23,40.06193161010742,17.061931610107422
exclude_all_flagged,2024-11-27,validation,gru_56d_more_regularized,43,39.90100860595703,3.0989913940429688
exclude_all_flagged,2024-11-28,validation,gru_56d_more_regularized,58,50.78273391723633,7.217266082763672
exclude_all_flagged,2024-11-29,validation,gru_56d_more_regularized,59,60.0,1.0
exclude_all_flagged,2024-11-30,validation,gru_56d_more_regularized,59,60.0,1.0
exclude_all_flagged,2024-12-01,validation,gru_56d_more_regularized,28,32.048118591308594,4.048118591308594
exclude_all_flagged,2024-12-02,validation,gru_56d_more_regularized,22,23.61534309387207,1.6153430938720703
exclude_all_flagged,2024-12-03,validation,gru_56d_more_regularized,34,23.57244873046875,10.42755126953125
exclude_all_flagged,2024-12-04,validation,gru_56d_more_regularized,38,31.200700759887695,6.799299240112305
exclude_all_flagged,2024-12-05,validation,gru_56d_more_regularized,29,39.29090118408203,10.290901184082031
exclude_all_flagged,2024-12-06,validation,gru_56d_more_regularized,60,51.09784698486328,8.902153015136719
exclude_all_flagged,2024-12-07,validation,gru_56d_more_regularized,60,56.63290023803711,3.3670997619628906
exclude_all_flagged,2024-12-08,validation,gru_56d_more_regularized,27,34.03143310546875,7.03143310546875
exclude_all_flagged,2024-12-09,validation,gru_56d_more_regularized,24,28.363555908203125,4.363555908203125
exclude_all_flagged,2024-12-10,validation,gru_56d_more_regularized,26,29.32639503479004,3.326395034790039
exclude_all_flagged,2024-12-11,validation,gru_56d_more_regularized,32,31.453771591186523,0.5462284088134766
exclude_all_flagged,2024-12-12,validation,gru_56d_more_regularized,29,42.50922775268555,13.509227752685547
exclude_all_flagged,2024-12-13,validation,gru_56d_more_regularized,47,53.75611114501953,6.756111145019531
exclude_all_flagged,2024-12-14,validation,gru_56d_more_regularized,58,57.176055908203125,0.823944091796875
exclude_all_flagged,2024-12-15,validation,gru_56d_more_regularized,34,29.12109375,4.87890625
exclude_all_flagged,2024-12-16,validation,gru_56d_more_regularized,23,23.955690383911133,0.9556903839111328
exclude_all_flagged,2024-12-17,validation,gru_56d_more_regularized,26,26.73528289794922,0.7352828979492188
exclude_all_flagged,2024-12-18,validation,gru_56d_more_regularized,32,30.003503799438477,1.9964962005615234
exclude_all_flagged,2024-12-19,validation,gru_56d_more_regularized,25,32.05062484741211,7.050624847412109
exclude_all_flagged,2024-12-20,validation,gru_56d_more_regularized,52,45.97397232055664,6.026027679443359
exclude_all_flagged,2024-12-21,validation,gru_56d_more_regularized,59,54.74281692504883,4.257183074951172
exclude_all_flagged,2024-12-22,validation,gru_56d_more_regularized,31,31.437911987304688,0.4379119873046875
exclude_all_flagged,2024-12-23,validation,gru_56d_more_regularized,35,25.47565460205078,9.524345397949219
exclude_all_flagged,2024-12-24,validation,gru_56d_more_regularized,45,26.15223503112793,18.84776496887207
exclude_all_flagged,2024-12-25,validation,gru_56d_more_regularized,40,32.449073791503906,7.550926208496094
exclude_all_flagged,2024-12-26,validation,gru_56d_more_regularized,48,37.97712326049805,10.022876739501953
exclude_all_flagged,2024-12-27,validation,gru_56d_more_regularized,56,48.49463653564453,7.505363464355469
exclude_all_flagged,2024-12-28,validation,gru_56d_more_regularized,58,53.136783599853516,4.863216400146484
exclude_all_flagged,2024-12-29,validation,gru_56d_more_regularized,39,34.44689178466797,4.553108215332031
exclude_all_flagged,2024-12-30,validation,gru_56d_more_regularized,39,30.427330017089844,8.572669982910156
exclude_all_flagged,2024-12-31,validation,gru_56d_more_regularized,50,35.147884368896484,14.852115631103516
exclude_all_flagged,2025-01-01,test,gru_56d_more_regularized,11,27.342134475708008,16.342134475708008
exclude_all_flagged,2025-01-02,test,gru_56d_more_regularized,15,24.45602035522461,9.45602035522461
exclude_all_flagged,2025-01-03,test,gru_56d_more_regularized,17,34.535770416259766,17.535770416259766
exclude_all_flagged,2025-01-04,test,gru_56d_more_regularized,22,39.96875,17.96875
exclude_all_flagged,2025-01-16,test,gru_56d_more_regularized,1,47.74597930908203,46.74597930908203
exclude_all_flagged,2025-01-17,test,gru_56d_more_regularized,23,49.747615814208984,26.747615814208984
exclude_all_flagged,2025-01-18,test,gru_56d_more_regularized,44,48.906044006347656,4.906044006347656
exclude_all_flagged,2025-01-19,test,gru_56d_more_regularized,13,38.02854537963867,25.028545379638672
exclude_all_flagged,2025-01-20,test,gru_56d_more_regularized,5,38.73659133911133,33.73659133911133
exclude_all_flagged,2025-01-21,test,gru_56d_more_regularized,2,39.46967697143555,37.46967697143555
exclude_all_flagged,2025-01-22,test,gru_56d_more_regularized,13,39.346214294433594,26.346214294433594
exclude_all_flagged,2025-01-23,test,gru_56d_more_regularized,14,42.17243957519531,28.172439575195312
exclude_all_flagged,2025-01-24,test,gru_56d_more_regularized,56,42.65829849243164,13.34170150756836
exclude_all_flagged,2025-01-25,test,gru_56d_more_regularized,58,43.220359802246094,14.779640197753906
exclude_all_flagged,2025-01-26,test,gru_56d_more_regularized,20,33.93981170654297,13.939811706542969
exclude_all_flagged,2025-01-27,test,gru_56d_more_regularized,17,33.0279426574707,16.027942657470703
exclude_all_flagged,2025-01-28,test,gru_56d_more_regularized,21,34.953636169433594,13.953636169433594
exclude_all_flagged,2025-01-29,test,gru_56d_more_regularized,25,30.468576431274414,5.468576431274414
exclude_all_flagged,2025-01-30,test,gru_56d_more_regularized,28,29.866159439086914,1.866159439086914
exclude_all_flagged,2025-01-31,test,gru_56d_more_regularized,53,37.7746467590332,15.225353240966797
exclude_all_flagged,2025-02-01,test,gru_56d_more_regularized,59,43.72351837158203,15.276481628417969
exclude_all_flagged,2025-02-02,test,gru_56d_more_regularized,19,25.898794174194336,6.898794174194336
exclude_all_flagged,2025-02-03,test,gru_56d_more_regularized,23,20.688894271850586,2.311105728149414
exclude_all_flagged,2025-02-04,test,gru_56d_more_regularized,25,20.9670352935791,4.032964706420898
exclude_all_flagged,2025-02-05,test,gru_56d_more_regularized,25,24.589200973510742,0.4107990264892578
exclude_all_flagged,2025-02-06,test,gru_56d_more_regularized,26,28.062713623046875,2.062713623046875
exclude_all_flagged,2025-02-07,test,gru_56d_more_regularized,31,37.41022872924805,6.410228729248047
exclude_all_flagged,2025-02-08,test,gru_56d_more_regularized,46,40.79148483276367,5.208515167236328
exclude_all_flagged,2025-02-09,test,gru_56d_more_regularized,13,28.864044189453125,15.864044189453125
exclude_all_flagged,2025-02-10,test,gru_56d_more_regularized,16,27.171537399291992,11.171537399291992
exclude_all_flagged,2025-02-11,test,gru_56d_more_regularized,21,26.62120819091797,5.621208190917969
exclude_all_flagged,2025-02-12,test,gru_56d_more_regularized,21,27.81717872619629,6.817178726196289
exclude_all_flagged,2025-02-13,test,gru_56d_more_regularized,25,32.134544372558594,7.134544372558594
exclude_all_flagged,2025-02-14,test,gru_56d_more_regularized,60,43.062259674072266,16.937740325927734
exclude_all_flagged,2025-02-15,test,gru_56d_more_regularized,54,51.06808090209961,2.9319190979003906
exclude_all_flagged,2025-02-16,test,gru_56d_more_regularized,31,23.150835037231445,7.849164962768555
exclude_all_flagged,2025-02-17,test,gru_56d_more_regularized,20,26.610286712646484,6.610286712646484
exclude_all_flagged,2025-02-18,test,gru_56d_more_regularized,31,24.721189498901367,6.278810501098633
exclude_all_flagged,2025-02-19,test,gru_56d_more_regularized,37,27.54451560974121,9.455484390258789
exclude_all_flagged,2025-02-20,test,gru_56d_more_regularized,44,32.21184539794922,11.788154602050781
exclude_all_flagged,2025-02-21,test,gru_56d_more_regularized,59,48.617454528808594,10.382545471191406
exclude_all_flagged,2025-02-22,test,gru_56d_more_regularized,59,52.83417892456055,6.165821075439453
exclude_all_flagged,2025-02-23,test,gru_56d_more_regularized,11,29.898950576782227,18.898950576782227
exclude_all_flagged,2025-02-24,test,gru_56d_more_regularized,29,23.638214111328125,5.361785888671875
exclude_all_flagged,2025-02-25,test,gru_56d_more_regularized,22,28.657014846801758,6.657014846801758
exclude_all_flagged,2025-02-26,test,gru_56d_more_regularized,35,32.02956771850586,2.9704322814941406
exclude_all_flagged,2025-02-27,test,gru_56d_more_regularized,32,37.373130798339844,5.373130798339844
exclude_all_flagged,2025-02-28,test,gru_56d_more_regularized,53,52.13819885253906,0.8618011474609375
exclude_all_flagged,2025-03-01,test,gru_56d_more_regularized,58,55.148902893066406,2.8510971069335938
exclude_all_flagged,2025-03-02,test,gru_56d_more_regularized,11,29.56644630432129,18.56644630432129
exclude_all_flagged,2025-03-03,test,gru_56d_more_regularized,35,28.561670303344727,6.438329696655273
exclude_all_flagged,2025-03-04,test,gru_56d_more_regularized,35,33.06712341308594,1.9328765869140625
exclude_all_flagged,2025-03-05,test,gru_56d_more_regularized,39,37.85430908203125,1.14569091796875
exclude_all_flagged,2025-03-06,test,gru_56d_more_regularized,35,41.455352783203125,6.455352783203125
exclude_all_flagged,2025-03-07,test,gru_56d_more_regularized,60,49.404151916503906,10.595848083496094
exclude_all_flagged,2025-03-08,test,gru_56d_more_regularized,59,53.873085021972656,5.126914978027344
exclude_all_flagged,2025-03-09,test,gru_56d_more_regularized,20,19.210227966308594,0.7897720336914062
exclude_all_flagged,2025-03-10,test,gru_56d_more_regularized,32,23.815391540527344,8.184608459472656
exclude_all_flagged,2025-03-11,test,gru_56d_more_regularized,31,26.54572105407715,4.454278945922852
exclude_all_flagged,2025-03-12,test,gru_56d_more_regularized,37,30.644535064697266,6.355464935302734
exclude_all_flagged,2025-03-13,test,gru_56d_more_regularized,42,35.23297882080078,6.767021179199219
exclude_all_flagged,2025-03-14,test,gru_56d_more_regularized,58,51.775489807128906,6.224510192871094
exclude_all_flagged,2025-03-15,test,gru_56d_more_regularized,59,56.89134979248047,2.1086502075195312
exclude_all_flagged,2025-03-16,test,gru_56d_more_regularized,34,24.424396514892578,9.575603485107422
exclude_all_flagged,2025-03-17,test,gru_56d_more_regularized,31,26.9907169342041,4.009283065795898
exclude_all_flagged,2025-03-18,test,gru_56d_more_regularized,32,32.6567268371582,0.6567268371582031
exclude_all_flagged,2025-03-19,test,gru_56d_more_regularized,24,37.553688049316406,13.553688049316406
exclude_all_flagged,2025-03-20,test,gru_56d_more_regularized,49,39.12091827392578,9.879081726074219
exclude_all_flagged,2025-03-21,test,gru_56d_more_regularized,58,51.160133361816406,6.839866638183594
exclude_all_flagged,2025-03-22,test,gru_56d_more_regularized,60,53.04944610595703,6.950553894042969
exclude_all_flagged,2025-03-23,test,gru_56d_more_regularized,30,23.39820671081543,6.60179328918457
exclude_all_flagged,2025-03-24,test,gru_56d_more_regularized,30,24.302879333496094,5.697120666503906
exclude_all_flagged,2025-03-25,test,gru_56d_more_regularized,30,26.117238998413086,3.882761001586914
exclude_all_flagged,2025-03-26,test,gru_56d_more_regularized,35,31.069950103759766,3.9300498962402344
exclude_all_flagged,2025-03-27,test,gru_56d_more_regularized,43,37.074798583984375,5.925201416015625
exclude_all_flagged,2025-03-28,test,gru_56d_more_regularized,58,49.796085357666016,8.203914642333984
exclude_all_flagged,2025-03-29,test,gru_56d_more_regularized,58,53.99943161010742,4.000568389892578
exclude_all_flagged,2025-03-30,test,gru_56d_more_regularized,40,26.540319442749023,13.459680557250977
exclude_all_flagged,2025-03-31,test,gru_56d_more_regularized,33,34.71677780151367,1.7167778015136719
exclude_all_flagged,2025-04-01,test,gru_56d_more_regularized,23,25.417451858520508,2.417451858520508
exclude_all_flagged,2025-04-02,test,gru_56d_more_regularized,24,28.661184310913086,4.661184310913086
exclude_all_flagged,2025-04-03,test,gru_56d_more_regularized,33,36.67780685424805,3.677806854248047
exclude_all_flagged,2025-04-04,test,gru_56d_more_regularized,59,55.00551223754883,3.994487762451172
exclude_all_flagged,2025-04-05,test,gru_56d_more_regularized,59,57.163352966308594,1.8366470336914062
exclude_all_flagged,2025-04-06,test,gru_56d_more_regularized,36,25.675161361694336,10.324838638305664
exclude_all_flagged,2025-04-07,test,gru_56d_more_regularized,19,25.139408111572266,6.139408111572266
exclude_all_flagged,2025-04-08,test,gru_56d_more_regularized,23,24.089448928833008,1.0894489288330078
exclude_all_flagged,2025-04-09,test,gru_56d_more_regularized,28,27.578941345214844,0.42105865478515625
exclude_all_flagged,2025-04-10,test,gru_56d_more_regularized,50,32.877044677734375,17.122955322265625
exclude_all_flagged,2025-04-11,test,gru_56d_more_regularized,59,51.84784698486328,7.152153015136719
exclude_all_flagged,2025-04-12,test,gru_56d_more_regularized,59,52.95109939575195,6.048900604248047
exclude_all_flagged,2025-04-13,test,gru_56d_more_regularized,32,28.189983367919922,3.810016632080078
exclude_all_flagged,2025-04-14,test,gru_56d_more_regularized,39,24.415321350097656,14.584678649902344
exclude_all_flagged,2025-04-15,test,gru_56d_more_regularized,33,25.310882568359375,7.689117431640625
exclude_all_flagged,2025-04-16,test,gru_56d_more_regularized,34,26.273136138916016,7.726863861083984
exclude_all_flagged,2025-04-17,test,gru_56d_more_regularized,43,39.63170623779297,3.3682937622070312
exclude_all_flagged,2025-04-18,test,gru_56d_more_regularized,60,59.069766998291016,0.9302330017089844
exclude_all_flagged,2025-04-19,test,gru_56d_more_regularized,59,60.0,1.0
exclude_all_flagged,2025-04-20,test,gru_56d_more_regularized,27,35.349674224853516,8.349674224853516
exclude_all_flagged,2025-04-21,test,gru_56d_more_regularized,39,32.45991134643555,6.540088653564453
exclude_all_flagged,2025-04-22,test,gru_56d_more_regularized,44,32.94133758544922,11.058662414550781
exclude_all_flagged,2025-04-23,test,gru_56d_more_regularized,36,37.321067810058594,1.3210678100585938
exclude_all_flagged,2025-04-24,test,gru_56d_more_regularized,50,45.25450897216797,4.745491027832031
exclude_all_flagged,2025-04-25,test,gru_56d_more_regularized,55,58.154537200927734,3.1545372009277344
exclude_all_flagged,2025-04-26,test,gru_56d_more_regularized,59,57.32332229614258,1.6766777038574219
exclude_all_flagged,2025-04-27,test,gru_56d_more_regularized,21,34.2467155456543,13.246715545654297
exclude_all_flagged,2025-04-28,test,gru_56d_more_regularized,30,35.73888397216797,5.738883972167969
exclude_all_flagged,2025-04-29,test,gru_56d_more_regularized,35,34.95838165283203,0.04161834716796875
exclude_all_flagged,2025-04-30,test,gru_56d_more_regularized,29,36.482086181640625,7.482086181640625
exclude_all_flagged,2025-05-01,test,gru_56d_more_regularized,30,37.72755813598633,7.727558135986328
exclude_all_flagged,2025-05-02,test,gru_56d_more_regularized,58,56.61826705932617,1.3817329406738281
exclude_all_flagged,2025-05-03,test,gru_56d_more_regularized,59,57.441043853759766,1.5589561462402344
exclude_all_flagged,2025-05-04,test,gru_56d_more_regularized,19,30.490991592407227,11.490991592407227
exclude_all_flagged,2025-05-05,test,gru_56d_more_regularized,8,27.306007385253906,19.306007385253906
exclude_all_flagged,2025-05-06,test,gru_56d_more_regularized,13,26.992481231689453,13.992481231689453
exclude_all_flagged,2025-05-07,test,gru_56d_more_regularized,43,26.617000579833984,16.382999420166016
exclude_all_flagged,2025-05-08,test,gru_56d_more_regularized,54,38.94209289550781,15.057907104492188
exclude_all_flagged,2025-05-09,test,gru_56d_more_regularized,60,54.01255798339844,5.9874420166015625
exclude_all_flagged,2025-05-10,test,gru_56d_more_regularized,59,53.864013671875,5.135986328125
exclude_all_flagged,2025-05-11,test,gru_56d_more_regularized,15,25.13618278503418,10.13618278503418
exclude_all_flagged,2025-05-12,test,gru_56d_more_regularized,34,20.69483184814453,13.305168151855469
exclude_all_flagged,2025-05-13,test,gru_56d_more_regularized,44,22.54007911682129,21.45992088317871
exclude_all_flagged,2025-05-14,test,gru_56d_more_regularized,56,27.54160499572754,28.45839500427246
exclude_all_flagged,2025-05-15,test,gru_56d_more_regularized,50,36.73274612426758,13.267253875732422
exclude_all_flagged,2025-05-16,test,gru_56d_more_regularized,59,51.89448928833008,7.105510711669922
exclude_all_flagged,2025-05-17,test,gru_56d_more_regularized,58,49.65857696533203,8.341423034667969
exclude_all_flagged,2025-05-18,test,gru_56d_more_regularized,36,24.97357177734375,11.02642822265625
exclude_all_flagged,2025-05-19,test,gru_56d_more_regularized,22,23.287763595581055,1.2877635955810547
exclude_all_flagged,2025-05-20,test,gru_56d_more_regularized,26,24.647817611694336,1.352182388305664
exclude_all_flagged,2025-05-21,test,gru_56d_more_regularized,22,28.701202392578125,6.701202392578125
exclude_all_flagged,2025-05-22,test,gru_56d_more_regularized,20,35.21853256225586,15.21853256225586
exclude_all_flagged,2025-05-23,test,gru_56d_more_regularized,56,47.499717712402344,8.500282287597656
exclude_all_flagged,2025-05-24,test,gru_56d_more_regularized,57,52.75956344604492,4.240436553955078
exclude_all_flagged,2025-05-25,test,gru_56d_more_regularized,52,24.547195434570312,27.452804565429688
exclude_all_flagged,2025-05-26,test,gru_56d_more_regularized,9,21.999284744262695,12.999284744262695
exclude_all_flagged,2025-05-27,test,gru_56d_more_regularized,9,24.6335506439209,15.633550643920898
exclude_all_flagged,2025-05-28,test,gru_56d_more_regularized,17,28.782106399536133,11.782106399536133
exclude_all_flagged,2025-05-29,test,gru_56d_more_regularized,37,33.782413482666016,3.2175865173339844
exclude_all_flagged,2025-05-30,test,gru_56d_more_regularized,54,48.74418258666992,5.255817413330078
exclude_all_flagged,2025-05-31,test,gru_56d_more_regularized,58,55.8082275390625,2.1917724609375
exclude_all_flagged,2025-06-01,test,gru_56d_more_regularized,45,37.28076934814453,7.719230651855469
exclude_all_flagged,2025-06-02,test,gru_56d_more_regularized,25,30.19024085998535,5.190240859985352
exclude_all_flagged,2025-06-03,test,gru_56d_more_regularized,25,33.499820709228516,8.499820709228516
exclude_all_flagged,2025-06-04,test,gru_56d_more_regularized,39,39.370025634765625,0.370025634765625
exclude_all_flagged,2025-06-05,test,gru_56d_more_regularized,34,46.92207336425781,12.922073364257812
exclude_all_flagged,2025-06-06,test,gru_56d_more_regularized,58,59.06707000732422,1.0670700073242188
exclude_all_flagged,2025-06-07,test,gru_56d_more_regularized,57,60.0,3.0
exclude_all_flagged,2025-06-08,test,gru_56d_more_regularized,29,38.690223693847656,9.690223693847656
exclude_all_flagged,2025-06-09,test,gru_56d_more_regularized,34,32.55446243286133,1.4455375671386719
exclude_all_flagged,2025-06-10,test,gru_56d_more_regularized,48,36.2430305480957,11.756969451904297
exclude_all_flagged,2025-06-11,test,gru_56d_more_regularized,39,40.70515060424805,1.7051506042480469
exclude_all_flagged,2025-06-12,test,gru_56d_more_regularized,44,46.62457275390625,2.62457275390625
exclude_all_flagged,2025-06-13,test,gru_56d_more_regularized,60,58.085933685302734,1.9140663146972656
exclude_all_flagged,2025-06-14,test,gru_56d_more_regularized,59,60.0,1.0
exclude_all_flagged,2025-06-15,test,gru_56d_more_regularized,16,38.38715744018555,22.387157440185547
exclude_all_flagged,2025-06-16,test,gru_56d_more_regularized,10,34.661216735839844,24.661216735839844
exclude_all_flagged,2025-06-17,test,gru_56d_more_regularized,22,35.14443588256836,13.14443588256836
exclude_all_flagged,2025-06-18,test,gru_56d_more_regularized,13,36.69137954711914,23.69137954711914
exclude_all_flagged,2025-06-19,test,gru_56d_more_regularized,31,37.846004486083984,6.846004486083984
exclude_all_flagged,2025-06-20,test,gru_56d_more_regularized,60,56.9134521484375,3.0865478515625
exclude_all_flagged,2025-06-21,test,gru_56d_more_regularized,57,57.620994567871094,0.6209945678710938
exclude_all_flagged,2025-06-22,test,gru_56d_more_regularized,19,31.412397384643555,12.412397384643555
exclude_all_flagged,2025-06-23,test,gru_56d_more_regularized,19,25.097829818725586,6.097829818725586
exclude_all_flagged,2025-06-24,test,gru_56d_more_regularized,34,27.758817672729492,6.241182327270508
exclude_all_flagged,2025-06-25,test,gru_56d_more_regularized,36,31.314586639404297,4.685413360595703
exclude_all_flagged,2025-06-26,test,gru_56d_more_regularized,31,39.19390869140625,8.19390869140625
exclude_all_flagged,2025-06-27,test,gru_56d_more_regularized,59,53.683860778808594,5.316139221191406
exclude_all_flagged,2025-06-28,test,gru_56d_more_regularized,59,55.77717971801758,3.222820281982422
exclude_all_flagged,2025-06-29,test,gru_56d_more_regularized,32,25.929553985595703,6.070446014404297
exclude_all_flagged,2025-06-30,test,gru_56d_more_regularized,25,27.157264709472656,2.1572647094726562
exclude_all_flagged,2025-07-01,test,gru_56d_more_regularized,29,32.03776168823242,3.037761688232422
exclude_all_flagged,2025-07-02,test,gru_56d_more_regularized,23,33.30402374267578,10.304023742675781
exclude_all_flagged,2025-07-03,test,gru_56d_more_regularized,30,36.782386779785156,6.782386779785156
exclude_all_flagged,2025-07-04,test,gru_56d_more_regularized,57,51.62214660644531,5.3778533935546875
exclude_all_flagged,2025-07-05,test,gru_56d_more_regularized,59,57.81503677368164,1.1849632263183594
exclude_all_flagged,2025-07-06,test,gru_56d_more_regularized,32,29.128416061401367,2.871583938598633
exclude_all_flagged,2025-07-07,test,gru_56d_more_regularized,23,28.044084548950195,5.044084548950195
exclude_all_flagged,2025-07-08,test,gru_56d_more_regularized,39,32.32155227661133,6.678447723388672
exclude_all_flagged,2025-07-09,test,gru_56d_more_regularized,44,36.60552978515625,7.39447021484375
exclude_all_flagged,2025-07-10,test,gru_56d_more_regularized,45,43.54320526123047,1.4567947387695312
exclude_all_flagged,2025-07-11,test,gru_56d_more_regularized,60,58.493896484375,1.506103515625
exclude_all_flagged,2025-07-12,test,gru_56d_more_regularized,59,58.2727165222168,0.7272834777832031
exclude_all_flagged,2025-07-13,test,gru_56d_more_regularized,30,27.9713134765625,2.0286865234375
exclude_all_flagged,2025-07-14,test,gru_56d_more_regularized,29,23.7997989654541,5.200201034545898
exclude_all_flagged,2025-07-15,test,gru_56d_more_regularized,30,29.328828811645508,0.6711711883544922
exclude_all_flagged,2025-07-16,test,gru_56d_more_regularized,26,32.73657989501953,6.736579895019531
exclude_all_flagged,2025-07-17,test,gru_56d_more_regularized,36,38.20597839355469,2.2059783935546875
exclude_all_flagged,2025-07-18,test,gru_56d_more_regularized,60,53.914466857910156,6.085533142089844
exclude_all_flagged,2025-07-19,test,gru_56d_more_regularized,60,55.981849670410156,4.018150329589844
exclude_all_flagged,2025-07-20,test,gru_56d_more_regularized,37,22.94782829284668,14.05217170715332
exclude_all_flagged,2025-07-21,test,gru_56d_more_regularized,43,21.37950897216797,21.62049102783203
exclude_all_flagged,2025-07-22,test,gru_56d_more_regularized,27,29.198474884033203,2.198474884033203
exclude_all_flagged,2025-07-23,test,gru_56d_more_regularized,32,34.70917510986328,2.7091751098632812
exclude_all_flagged,2025-07-24,test,gru_56d_more_regularized,42,42.521575927734375,0.521575927734375
exclude_all_flagged,2025-07-25,test,gru_56d_more_regularized,58,60.0,2.0
exclude_all_flagged,2025-07-26,test,gru_56d_more_regularized,60,60.0,0.0
exclude_all_flagged,2025-07-27,test,gru_56d_more_regularized,29,30.8880672454834,1.8880672454833984
exclude_all_flagged,2025-07-28,test,gru_56d_more_regularized,27,27.723480224609375,0.723480224609375
exclude_all_flagged,2025-07-29,test,gru_56d_more_regularized,28,27.56792449951172,0.43207550048828125
exclude_all_flagged,2025-07-30,test,gru_56d_more_regularized,25,28.79289436340332,3.7928943634033203
exclude_all_flagged,2025-07-31,test,gru_56d_more_regularized,38,36.27783203125,1.72216796875
exclude_all_flagged,2025-08-01,test,gru_56d_more_regularized,57,53.5599365234375,3.4400634765625
exclude_all_flagged,2025-08-02,test,gru_56d_more_regularized,59,57.27352523803711,1.7264747619628906
exclude_all_flagged,2025-08-03,test,gru_56d_more_regularized,18,25.447479248046875,7.447479248046875
exclude_all_flagged,2025-08-04,test,gru_56d_more_regularized,21,21.97503662109375,0.97503662109375
exclude_all_flagged,2025-08-05,test,gru_56d_more_regularized,18,27.032072067260742,9.032072067260742
exclude_all_flagged,2025-08-06,test,gru_56d_more_regularized,18,31.585912704467773,13.585912704467773
exclude_all_flagged,2025-08-07,test,gru_56d_more_regularized,19,40.558170318603516,21.558170318603516
exclude_all_flagged,2025-08-08,test,gru_56d_more_regularized,52,55.757266998291016,3.7572669982910156
exclude_all_flagged,2025-08-09,test,gru_56d_more_regularized,57,60.0,3.0
exclude_all_flagged,2025-08-10,test,gru_56d_more_regularized,42,26.359357833862305,15.640642166137695
exclude_all_flagged,2025-08-11,test,gru_56d_more_regularized,22,26.398658752441406,4.398658752441406
exclude_all_flagged,2025-08-12,test,gru_56d_more_regularized,36,28.23211669921875,7.76788330078125
exclude_all_flagged,2025-08-13,test,gru_56d_more_regularized,39,31.6878719329834,7.312128067016602
exclude_all_flagged,2025-08-14,test,gru_56d_more_regularized,46,38.185054779052734,7.814945220947266
exclude_all_flagged,2025-08-15,test,gru_56d_more_regularized,60,60.0,0.0
exclude_all_flagged,2025-08-16,test,gru_56d_more_regularized,59,60.0,1.0
exclude_all_flagged,2025-08-17,test,gru_56d_more_regularized,26,32.28462600708008,6.284626007080078
exclude_all_flagged,2025-08-18,test,gru_56d_more_regularized,36,25.499237060546875,10.500762939453125
exclude_all_flagged,2025-08-19,test,gru_56d_more_regularized,24,26.628482818603516,2.6284828186035156
exclude_all_flagged,2025-08-20,test,gru_56d_more_regularized,32,28.71433448791504,3.285665512084961
exclude_all_flagged,2025-08-21,test,gru_56d_more_regularized,42,32.77956008911133,9.220439910888672
exclude_all_flagged,2025-08-22,test,gru_56d_more_regularized,60,54.46773147583008,5.532268524169922
exclude_all_flagged,2025-08-23,test,gru_56d_more_regularized,59,55.2972412109375,3.7027587890625
exclude_all_flagged,2025-08-24,test,gru_56d_more_regularized,48,28.311912536621094,19.688087463378906
exclude_all_flagged,2025-08-25,test,gru_56d_more_regularized,55,26.170534133911133,28.829465866088867
exclude_all_flagged,2025-08-26,test,gru_56d_more_regularized,59,29.92728042602539,29.07271957397461
exclude_all_flagged,2025-08-27,test,gru_56d_more_regularized,60,36.756404876708984,23.243595123291016
exclude_all_flagged,2025-08-28,test,gru_56d_more_regularized,60,49.496585845947266,10.503414154052734
exclude_all_flagged,2025-08-29,test,gru_56d_more_regularized,57,60.0,3.0
exclude_all_flagged,2025-08-30,test,gru_56d_more_regularized,59,58.54280471801758,0.4571952819824219
exclude_all_flagged,2025-08-31,test,gru_56d_more_regularized,59,33.009765625,25.990234375
exclude_all_flagged,2025-09-01,test,gru_56d_more_regularized,25,34.98163986206055,9.981639862060547
exclude_all_flagged,2025-09-02,test,gru_56d_more_regularized,24,33.18220138549805,9.182201385498047
exclude_all_flagged,2025-09-03,test,gru_56d_more_regularized,22,34.61455154418945,12.614551544189453
exclude_all_flagged,2025-09-04,test,gru_56d_more_regularized,33,38.63543701171875,5.63543701171875
exclude_all_flagged,2025-09-05,test,gru_56d_more_regularized,60,48.57210159301758,11.427898406982422
exclude_all_flagged,2025-09-06,test,gru_56d_more_regularized,59,49.48236846923828,9.517631530761719
exclude_all_flagged,2025-09-07,test,gru_56d_more_regularized,13,35.25518798828125,22.25518798828125
exclude_all_flagged,2025-09-08,test,gru_56d_more_regularized,22,28.026247024536133,6.026247024536133
exclude_all_flagged,2025-09-09,test,gru_56d_more_regularized,18,30.878217697143555,12.878217697143555
exclude_all_flagged,2025-09-10,test,gru_56d_more_regularized,20,36.12716293334961,16.12716293334961
exclude_all_flagged,2025-09-11,test,gru_56d_more_regularized,28,44.210723876953125,16.210723876953125
exclude_all_flagged,2025-09-12,test,gru_56d_more_regularized,58,55.46881103515625,2.53118896484375
exclude_all_flagged,2025-09-13,test,gru_56d_more_regularized,58,59.87917709350586,1.8791770935058594
exclude_all_flagged,2025-09-14,test,gru_56d_more_regularized,20,40.48883819580078,20.48883819580078
exclude_all_flagged,2025-09-15,test,gru_56d_more_regularized,37,35.46988296508789,1.5301170349121094
exclude_all_flagged,2025-09-16,test,gru_56d_more_regularized,42,35.5804328918457,6.419567108154297
exclude_all_flagged,2025-09-17,test,gru_56d_more_regularized,39,38.093055725097656,0.9069442749023438
exclude_all_flagged,2025-09-18,test,gru_56d_more_regularized,36,42.61127471923828,6.611274719238281
exclude_all_flagged,2025-09-19,test,gru_56d_more_regularized,59,58.64409255981445,0.3559074401855469
exclude_all_flagged,2025-09-20,test,gru_56d_more_regularized,60,60.0,0.0
exclude_all_flagged,2025-09-21,test,gru_56d_more_regularized,40,35.49256896972656,4.5074310302734375
exclude_all_flagged,2025-09-22,test,gru_56d_more_regularized,33,33.83592224121094,0.8359222412109375
exclude_all_flagged,2025-09-23,test,gru_56d_more_regularized,42,35.361698150634766,6.638301849365234
exclude_all_flagged,2025-09-24,test,gru_56d_more_regularized,32,39.37868118286133,7.378681182861328
exclude_all_flagged,2025-09-25,test,gru_56d_more_regularized,39,44.03095626831055,5.030956268310547
exclude_all_flagged,2025-09-26,test,gru_56d_more_regularized,58,56.88039016723633,1.1196098327636719
exclude_all_flagged,2025-09-27,test,gru_56d_more_regularized,59,60.0,1.0
exclude_all_flagged,2025-09-28,test,gru_56d_more_regularized,36,43.44694900512695,7.446949005126953
exclude_all_flagged,2025-09-29,test,gru_56d_more_regularized,43,40.670658111572266,2.3293418884277344
exclude_all_flagged,2025-09-30,test,gru_56d_more_regularized,35,41.64461135864258,6.644611358642578
exclude_all_flagged,2025-10-01,test,gru_56d_more_regularized,23,44.0494384765625,21.0494384765625
exclude_all_flagged,2025-10-02,test,gru_56d_more_regularized,33,46.34624481201172,13.346244812011719
exclude_all_flagged,2025-10-03,test,gru_56d_more_regularized,60,58.573646545410156,1.4263534545898438
exclude_all_flagged,2025-10-04,test,gru_56d_more_regularized,59,60.0,1.0
exclude_all_flagged,2025-10-05,test,gru_56d_more_regularized,29,35.14253616333008,6.142536163330078
exclude_all_flagged,2025-10-06,test,gru_56d_more_regularized,34,32.75613784790039,1.2438621520996094
exclude_all_flagged,2025-10-07,test,gru_56d_more_regularized,34,33.70275115966797,0.29724884033203125
exclude_all_flagged,2025-10-08,test,gru_56d_more_regularized,41,34.28355026245117,6.716449737548828
exclude_all_flagged,2025-10-09,test,gru_56d_more_regularized,49,40.91336441040039,8.08663558959961
exclude_all_flagged,2025-10-10,test,gru_56d_more_regularized,58,58.37834167480469,0.3783416748046875
exclude_all_flagged,2025-10-11,test,gru_56d_more_regularized,60,60.0,0.0
exclude_all_flagged,2025-10-12,test,gru_56d_more_regularized,59,35.17375946044922,23.82624053955078
exclude_all_flagged,2025-10-13,test,gru_56d_more_regularized,22,36.19732666015625,14.19732666015625
exclude_all_flagged,2025-10-14,test,gru_56d_more_regularized,37,34.7534065246582,2.246593475341797
exclude_all_flagged,2025-10-15,test,gru_56d_more_regularized,53,37.3012580871582,15.698741912841797
exclude_all_flagged,2025-10-16,test,gru_56d_more_regularized,57,41.71282196044922,15.287178039550781
exclude_all_flagged,2025-10-17,test,gru_56d_more_regularized,53,55.25298309326172,2.2529830932617188
exclude_all_flagged,2025-10-18,test,gru_56d_more_regularized,59,55.333457946777344,3.6665420532226562
exclude_all_flagged,2025-10-19,test,gru_56d_more_regularized,45,38.65103530883789,6.348964691162109
exclude_all_flagged,2025-10-20,test,gru_56d_more_regularized,42,29.88352394104004,12.116476058959961
exclude_all_flagged,2025-10-21,test,gru_56d_more_regularized,46,34.21009063720703,11.789909362792969
exclude_all_flagged,2025-10-22,test,gru_56d_more_regularized,28,42.36103057861328,14.361030578613281
exclude_all_flagged,2025-10-23,test,gru_56d_more_regularized,47,47.31802749633789,0.3180274963378906
exclude_all_flagged,2025-10-24,test,gru_56d_more_regularized,56,55.547821044921875,0.452178955078125
exclude_all_flagged,2025-10-25,test,gru_56d_more_regularized,59,55.16129684448242,3.838703155517578
exclude_all_flagged,2025-10-26,test,gru_56d_more_regularized,29,41.366580963134766,12.366580963134766
exclude_all_flagged,2025-10-27,test,gru_56d_more_regularized,27,34.821983337402344,7.821983337402344
exclude_all_flagged,2025-10-28,test,gru_56d_more_regularized,40,34.10271453857422,5.897285461425781
exclude_all_flagged,2025-10-29,test,gru_56d_more_regularized,46,32.87517166137695,13.124828338623047
exclude_all_flagged,2025-10-30,test,gru_56d_more_regularized,45,42.13572311401367,2.864276885986328
exclude_all_flagged,2025-10-31,test,gru_56d_more_regularized,60,54.21772766113281,5.7822723388671875
exclude_all_flagged,2025-11-01,test,gru_56d_more_regularized,60,52.61979293823242,7.380207061767578
exclude_all_flagged,2025-11-02,test,gru_56d_more_regularized,38,28.036672592163086,9.963327407836914
exclude_all_flagged,2025-11-03,test,gru_56d_more_regularized,21,23.585824966430664,2.585824966430664
exclude_all_flagged,2025-11-04,test,gru_56d_more_regularized,27,29.024160385131836,2.024160385131836
exclude_all_flagged,2025-11-05,test,gru_56d_more_regularized,20,34.22951889038086,14.22951889038086
exclude_all_flagged,2025-11-06,test,gru_56d_more_regularized,29,40.510231018066406,11.510231018066406
exclude_all_flagged,2025-11-07,test,gru_56d_more_regularized,60,51.969688415527344,8.030311584472656
exclude_all_flagged,2025-11-08,test,gru_56d_more_regularized,60,54.93852615356445,5.061473846435547
exclude_all_flagged,2025-11-09,test,gru_56d_more_regularized,32,34.7689208984375,2.7689208984375
exclude_all_flagged,2025-11-10,test,gru_56d_more_regularized,35,26.062294006347656,8.937705993652344
exclude_all_flagged,2025-11-11,test,gru_56d_more_regularized,29,28.346004486083984,0.6539955139160156
exclude_all_flagged,2025-11-12,test,gru_56d_more_regularized,29,37.22794723510742,8.227947235107422
exclude_all_flagged,2025-11-13,test,gru_56d_more_regularized,25,44.4080924987793,19.408092498779297
exclude_all_flagged,2025-11-14,test,gru_56d_more_regularized,54,55.81483840942383,1.8148384094238281
exclude_all_flagged,2025-11-15,test,gru_56d_more_regularized,59,60.0,1.0
exclude_all_flagged,2025-11-16,test,gru_56d_more_regularized,19,42.24078369140625,23.24078369140625
exclude_all_flagged,2025-11-17,test,gru_56d_more_regularized,11,34.141117095947266,23.141117095947266
exclude_all_flagged,2025-11-18,test,gru_56d_more_regularized,16,32.28000259399414,16.28000259399414
exclude_all_flagged,2025-11-19,test,gru_56d_more_regularized,27,30.9835147857666,3.9835147857666016
exclude_all_flagged,2025-11-20,test,gru_56d_more_regularized,26,35.65605545043945,9.656055450439453
exclude_all_flagged,2025-11-21,test,gru_56d_more_regularized,58,51.411399841308594,6.588600158691406
exclude_all_flagged,2025-11-22,test,gru_56d_more_regularized,58,57.6231803894043,0.3768196105957031
exclude_all_flagged,2025-11-23,test,gru_56d_more_regularized,27,32.474273681640625,5.474273681640625
exclude_all_flagged,2025-11-24,test,gru_56d_more_regularized,30,29.870939254760742,0.1290607452392578
exclude_all_flagged,2025-11-25,test,gru_56d_more_regularized,28,32.1310920715332,4.131092071533203
exclude_all_flagged,2025-11-26,test,gru_56d_more_regularized,42,38.39082717895508,3.609172821044922
exclude_all_flagged,2025-11-27,test,gru_56d_more_regularized,58,41.23898696899414,16.76101303100586
exclude_all_flagged,2025-11-28,test,gru_56d_more_regularized,59,55.4333381652832,3.566661834716797
exclude_all_flagged,2025-11-29,test,gru_56d_more_regularized,55,56.9388542175293,1.9388542175292969
exclude_all_flagged,2025-11-30,test,gru_56d_more_regularized,28,35.23643493652344,7.2364349365234375
exclude_all_flagged,2025-12-01,test,gru_56d_more_regularized,30,26.8488712310791,3.1511287689208984
exclude_all_flagged,2025-12-02,test,gru_56d_more_regularized,31,26.942811965942383,4.057188034057617
exclude_all_flagged,2025-12-03,test,gru_56d_more_regularized,28,30.6842041015625,2.6842041015625
exclude_all_flagged,2025-12-04,test,gru_56d_more_regularized,37,33.1804313659668,3.819568634033203
exclude_all_flagged,2025-12-05,test,gru_56d_more_regularized,50,50.27957534790039,0.2795753479003906
exclude_all_flagged,2025-12-06,test,gru_56d_more_regularized,60,55.80951690673828,4.190483093261719
exclude_all_flagged,2025-12-07,test,gru_56d_more_regularized,36,32.1935920715332,3.806407928466797
exclude_all_flagged,2025-12-08,test,gru_56d_more_regularized,26,28.259769439697266,2.2597694396972656
exclude_all_flagged,2025-12-09,test,gru_56d_more_regularized,40,28.102243423461914,11.897756576538086
exclude_all_flagged,2025-12-10,test,gru_56d_more_regularized,21,31.876567840576172,10.876567840576172
exclude_all_flagged,2025-12-11,test,gru_56d_more_regularized,24,35.272361755371094,11.272361755371094
exclude_all_flagged,2025-12-12,test,gru_56d_more_regularized,50,46.389591217041016,3.6104087829589844
exclude_all_flagged,2025-12-13,test,gru_56d_more_regularized,52,52.97620391845703,0.9762039184570312
exclude_all_flagged,2025-12-14,test,gru_56d_more_regularized,24,38.54879379272461,14.54879379272461
exclude_all_flagged,2025-12-15,test,gru_56d_more_regularized,18,33.44608688354492,15.446086883544922
exclude_all_flagged,2025-12-16,test,gru_56d_more_regularized,23,32.06617736816406,9.066177368164062
exclude_all_flagged,2025-12-17,test,gru_56d_more_regularized,34,33.53531265258789,0.4646873474121094
exclude_all_flagged,2025-12-18,test,gru_56d_more_regularized,43,35.29094314575195,7.709056854248047
exclude_all_flagged,2025-12-19,test,gru_56d_more_regularized,49,46.78356170654297,2.2164382934570312
exclude_all_flagged,2025-12-20,test,gru_56d_more_regularized,57,52.734317779541016,4.265682220458984
exclude_all_flagged,2025-12-21,test,gru_56d_more_regularized,35,33.67143249511719,1.3285675048828125
exclude_all_flagged,2025-12-22,test,gru_56d_more_regularized,28,30.713937759399414,2.713937759399414
exclude_all_flagged,2025-12-23,test,gru_56d_more_regularized,27,32.0722541809082,5.072254180908203
exclude_all_flagged,2025-12-24,test,gru_56d_more_regularized,40,34.68563461303711,5.314365386962891
exclude_all_flagged,2025-12-25,test,gru_56d_more_regularized,31,40.276954650878906,9.276954650878906
exclude_all_flagged,2025-12-26,test,gru_56d_more_regularized,40,48.1544075012207,8.154407501220703
exclude_all_flagged,2025-12-27,test,gru_56d_more_regularized,44,50.21294021606445,6.212940216064453
exclude_all_flagged,2025-12-28,test,gru_56d_more_regularized,30,33.8166389465332,3.816638946533203
exclude_all_flagged,2025-12-29,test,gru_56d_more_regularized,28,32.19584274291992,4.195842742919922
exclude_all_flagged,2025-12-30,test,gru_56d_more_regularized,36,33.13960647583008,2.860393524169922
exclude_all_flagged,2025-12-31,test,gru_56d_more_regularized,55,35.63593292236328,19.36406707763672
exclude_all_flagged,2024-07-01,validation,gru_84d_compact,14,27.67889976501465,13.678899765014648
exclude_all_flagged,2024-07-02,validation,gru_84d_compact,17,27.804344177246094,10.804344177246094
exclude_all_flagged,2024-07-03,validation,gru_84d_compact,23,32.42939376831055,9.429393768310547
exclude_all_flagged,2024-07-04,validation,gru_84d_compact,26,41.09950256347656,15.099502563476562
exclude_all_flagged,2024-07-05,validation,gru_84d_compact,59,53.73207092285156,5.2679290771484375
exclude_all_flagged,2024-07-06,validation,gru_84d_compact,59,58.33583068847656,0.6641693115234375
exclude_all_flagged,2024-07-07,validation,gru_84d_compact,22,23.925472259521484,1.9254722595214844
exclude_all_flagged,2024-07-08,validation,gru_84d_compact,27,28.501270294189453,1.5012702941894531
exclude_all_flagged,2024-07-09,validation,gru_84d_compact,33,35.551605224609375,2.551605224609375
exclude_all_flagged,2024-07-10,validation,gru_84d_compact,40,42.586238861083984,2.5862388610839844
exclude_all_flagged,2024-07-11,validation,gru_84d_compact,50,47.62773513793945,2.372264862060547
exclude_all_flagged,2024-07-12,validation,gru_84d_compact,58,58.64010238647461,0.6401023864746094
exclude_all_flagged,2024-07-13,validation,gru_84d_compact,60,59.60292053222656,0.3970794677734375
exclude_all_flagged,2024-07-14,validation,gru_84d_compact,25,24.765195846557617,0.2348041534423828
exclude_all_flagged,2024-07-15,validation,gru_84d_compact,28,26.797636032104492,1.2023639678955078
exclude_all_flagged,2024-07-16,validation,gru_84d_compact,36,30.72208023071289,5.277919769287109
exclude_all_flagged,2024-07-17,validation,gru_84d_compact,27,37.04201126098633,10.042011260986328
exclude_all_flagged,2024-07-18,validation,gru_84d_compact,32,42.62482452392578,10.624824523925781
exclude_all_flagged,2024-07-19,validation,gru_84d_compact,59,57.90913772583008,1.0908622741699219
exclude_all_flagged,2024-07-20,validation,gru_84d_compact,60,59.31708526611328,0.6829147338867188
exclude_all_flagged,2024-07-21,validation,gru_84d_compact,41,23.987199783325195,17.012800216674805
exclude_all_flagged,2024-07-22,validation,gru_84d_compact,45,27.635757446289062,17.364242553710938
exclude_all_flagged,2024-07-23,validation,gru_84d_compact,52,34.91386032104492,17.086139678955078
exclude_all_flagged,2024-07-24,validation,gru_84d_compact,57,44.03883743286133,12.961162567138672
exclude_all_flagged,2024-07-25,validation,gru_84d_compact,58,52.52075958251953,5.479240417480469
exclude_all_flagged,2024-07-26,validation,gru_84d_compact,60,60.0,0.0
exclude_all_flagged,2024-07-27,validation,gru_84d_compact,60,59.00056838989258,0.9994316101074219
exclude_all_flagged,2024-07-28,validation,gru_84d_compact,28,34.82956314086914,6.829563140869141
exclude_all_flagged,2024-07-29,validation,gru_84d_compact,22,31.896263122558594,9.896263122558594
exclude_all_flagged,2024-07-30,validation,gru_84d_compact,27,31.075931549072266,4.075931549072266
exclude_all_flagged,2024-07-31,validation,gru_84d_compact,40,32.43760681152344,7.5623931884765625
exclude_all_flagged,2024-08-01,validation,gru_84d_compact,33,38.74276351928711,5.742763519287109
exclude_all_flagged,2024-08-02,validation,gru_84d_compact,60,54.6661262512207,5.333873748779297
exclude_all_flagged,2024-08-03,validation,gru_84d_compact,60,59.29248046875,0.70751953125
exclude_all_flagged,2024-08-04,validation,gru_84d_compact,22,29.730478286743164,7.730478286743164
exclude_all_flagged,2024-08-05,validation,gru_84d_compact,24,32.227901458740234,8.227901458740234
exclude_all_flagged,2024-08-06,validation,gru_84d_compact,30,37.373291015625,7.373291015625
exclude_all_flagged,2024-08-07,validation,gru_84d_compact,37,45.36038589477539,8.36038589477539
exclude_all_flagged,2024-08-08,validation,gru_84d_compact,41,52.26123046875,11.26123046875
exclude_all_flagged,2024-08-09,validation,gru_84d_compact,55,60.0,5.0
exclude_all_flagged,2024-08-10,validation,gru_84d_compact,59,60.0,1.0
exclude_all_flagged,2024-08-11,validation,gru_84d_compact,26,30.47451400756836,4.474514007568359
exclude_all_flagged,2024-08-12,validation,gru_84d_compact,31,32.5136604309082,1.5136604309082031
exclude_all_flagged,2024-08-13,validation,gru_84d_compact,52,35.54831314086914,16.45168685913086
exclude_all_flagged,2024-08-14,validation,gru_84d_compact,36,45.36439514160156,9.364395141601562
exclude_all_flagged,2024-08-15,validation,gru_84d_compact,50,48.13032913208008,1.8696708679199219
exclude_all_flagged,2024-08-16,validation,gru_84d_compact,60,60.0,0.0
exclude_all_flagged,2024-08-17,validation,gru_84d_compact,60,57.379249572753906,2.6207504272460938
exclude_all_flagged,2024-08-18,validation,gru_84d_compact,25,31.72589683532715,6.725896835327148
exclude_all_flagged,2024-08-19,validation,gru_84d_compact,33,33.16307830810547,0.16307830810546875
exclude_all_flagged,2024-08-20,validation,gru_84d_compact,27,37.05982208251953,10.059822082519531
exclude_all_flagged,2024-08-21,validation,gru_84d_compact,38,41.07384490966797,3.0738449096679688
exclude_all_flagged,2024-08-22,validation,gru_84d_compact,45,50.24241638183594,5.2424163818359375
exclude_all_flagged,2024-08-23,validation,gru_84d_compact,60,60.0,0.0
exclude_all_flagged,2024-08-24,validation,gru_84d_compact,60,60.0,0.0
exclude_all_flagged,2024-08-25,validation,gru_84d_compact,42,41.549564361572266,0.4504356384277344
exclude_all_flagged,2024-08-26,validation,gru_84d_compact,52,39.63448715209961,12.36551284790039
exclude_all_flagged,2024-08-27,validation,gru_84d_compact,57,47.09682083129883,9.903179168701172
exclude_all_flagged,2024-08-28,validation,gru_84d_compact,60,52.09469223022461,7.905307769775391
exclude_all_flagged,2024-08-29,validation,gru_84d_compact,59,54.74589157104492,4.254108428955078
exclude_all_flagged,2024-08-30,validation,gru_84d_compact,49,59.843101501464844,10.843101501464844
exclude_all_flagged,2024-09-01,validation,gru_84d_compact,60,40.218997955322266,19.781002044677734
exclude_all_flagged,2024-09-02,validation,gru_84d_compact,38,37.5886344909668,0.4113655090332031
exclude_all_flagged,2024-09-03,validation,gru_84d_compact,33,36.14437484741211,3.1443748474121094
exclude_all_flagged,2024-09-04,validation,gru_84d_compact,31,38.46358871459961,7.463588714599609
exclude_all_flagged,2024-09-05,validation,gru_84d_compact,36,43.065582275390625,7.065582275390625
exclude_all_flagged,2024-09-06,validation,gru_84d_compact,57,53.68507385253906,3.3149261474609375
exclude_all_flagged,2024-09-07,validation,gru_84d_compact,59,53.87812423706055,5.121875762939453
exclude_all_flagged,2024-09-08,validation,gru_84d_compact,24,39.17830276489258,15.178302764892578
exclude_all_flagged,2024-09-09,validation,gru_84d_compact,29,37.76445007324219,8.764450073242188
exclude_all_flagged,2024-09-10,validation,gru_84d_compact,25,42.23059844970703,17.23059844970703
exclude_all_flagged,2024-09-11,validation,gru_84d_compact,22,46.43893814086914,24.43893814086914
exclude_all_flagged,2024-09-12,validation,gru_84d_compact,39,51.124855041503906,12.124855041503906
exclude_all_flagged,2024-09-13,validation,gru_84d_compact,59,60.0,1.0
exclude_all_flagged,2024-09-14,validation,gru_84d_compact,60,59.80879592895508,0.19120407104492188
exclude_all_flagged,2024-09-15,validation,gru_84d_compact,29,31.11280632019043,2.1128063201904297
exclude_all_flagged,2024-09-16,validation,gru_84d_compact,40,33.7728157043457,6.227184295654297
exclude_all_flagged,2024-09-17,validation,gru_84d_compact,49,39.659881591796875,9.340118408203125
exclude_all_flagged,2024-09-18,validation,gru_84d_compact,50,45.73560333251953,4.264396667480469
exclude_all_flagged,2024-09-19,validation,gru_84d_compact,54,50.74601364135742,3.253986358642578
exclude_all_flagged,2024-09-20,validation,gru_84d_compact,59,58.385379791259766,0.6146202087402344
exclude_all_flagged,2024-09-21,validation,gru_84d_compact,59,55.960235595703125,3.039764404296875
exclude_all_flagged,2024-09-22,validation,gru_84d_compact,36,36.789894104003906,0.7898941040039062
exclude_all_flagged,2024-09-23,validation,gru_84d_compact,42,38.80259323120117,3.197406768798828
exclude_all_flagged,2024-09-24,validation,gru_84d_compact,55,42.31153869628906,12.688461303710938
exclude_all_flagged,2024-09-25,validation,gru_84d_compact,56,47.69717025756836,8.30282974243164
exclude_all_flagged,2024-09-26,validation,gru_84d_compact,56,52.37994384765625,3.62005615234375
exclude_all_flagged,2024-09-27,validation,gru_84d_compact,59,54.940757751464844,4.059242248535156
exclude_all_flagged,2024-09-28,validation,gru_84d_compact,57,54.47264099121094,2.5273590087890625
exclude_all_flagged,2024-09-29,validation,gru_84d_compact,38,40.9482307434082,2.948230743408203
exclude_all_flagged,2024-09-30,validation,gru_84d_compact,30,41.307960510253906,11.307960510253906
exclude_all_flagged,2024-10-01,validation,gru_84d_compact,14,40.828834533691406,26.828834533691406
exclude_all_flagged,2024-10-02,validation,gru_84d_compact,11,37.8436279296875,26.8436279296875
exclude_all_flagged,2024-10-03,validation,gru_84d_compact,39,41.939273834228516,2.9392738342285156
exclude_all_flagged,2024-10-04,validation,gru_84d_compact,60,55.311641693115234,4.688358306884766
exclude_all_flagged,2024-10-05,validation,gru_84d_compact,58,55.98859405517578,2.0114059448242188
exclude_all_flagged,2024-10-06,validation,gru_84d_compact,25,28.738510131835938,3.7385101318359375
exclude_all_flagged,2024-10-07,validation,gru_84d_compact,22,27.146451950073242,5.146451950073242
exclude_all_flagged,2024-10-08,validation,gru_84d_compact,30,29.389692306518555,0.6103076934814453
exclude_all_flagged,2024-10-09,validation,gru_84d_compact,38,39.28143310546875,1.28143310546875
exclude_all_flagged,2024-10-10,validation,gru_84d_compact,59,49.989906311035156,9.010093688964844
exclude_all_flagged,2024-10-11,validation,gru_84d_compact,60,60.0,0.0
exclude_all_flagged,2024-10-12,validation,gru_84d_compact,60,58.53849792480469,1.4615020751953125
exclude_all_flagged,2024-10-13,validation,gru_84d_compact,60,34.7841682434082,25.215831756591797
exclude_all_flagged,2024-10-14,validation,gru_84d_compact,18,37.48093032836914,19.48093032836914
exclude_all_flagged,2024-10-15,validation,gru_84d_compact,24,30.877107620239258,6.877107620239258
exclude_all_flagged,2024-10-16,validation,gru_84d_compact,34,29.8000545501709,4.199945449829102
exclude_all_flagged,2024-10-17,validation,gru_84d_compact,51,37.56099319458008,13.439006805419922
exclude_all_flagged,2024-10-18,validation,gru_84d_compact,60,51.892303466796875,8.107696533203125
exclude_all_flagged,2024-10-19,validation,gru_84d_compact,60,51.70622253417969,8.293777465820312
exclude_all_flagged,2024-10-20,validation,gru_84d_compact,44,35.89964294433594,8.100357055664062
exclude_all_flagged,2024-10-21,validation,gru_84d_compact,31,31.516752243041992,0.5167522430419922
exclude_all_flagged,2024-10-22,validation,gru_84d_compact,37,36.50489044189453,0.49510955810546875
exclude_all_flagged,2024-10-23,validation,gru_84d_compact,51,45.290199279785156,5.709800720214844
exclude_all_flagged,2024-10-24,validation,gru_84d_compact,58,54.038414001464844,3.9615859985351562
exclude_all_flagged,2024-10-25,validation,gru_84d_compact,59,59.53630828857422,0.5363082885742188
exclude_all_flagged,2024-10-26,validation,gru_84d_compact,59,56.82741928100586,2.1725807189941406
exclude_all_flagged,2024-10-27,validation,gru_84d_compact,59,40.15330505371094,18.846694946289062
exclude_all_flagged,2024-10-28,validation,gru_84d_compact,21,40.87195587158203,19.87195587158203
exclude_all_flagged,2024-10-29,validation,gru_84d_compact,23,35.46500778198242,12.465007781982422
exclude_all_flagged,2024-10-30,validation,gru_84d_compact,26,36.523677825927734,10.523677825927734
exclude_all_flagged,2024-10-31,validation,gru_84d_compact,40,41.193546295166016,1.1935462951660156
exclude_all_flagged,2024-11-01,validation,gru_84d_compact,60,52.300811767578125,7.699188232421875
exclude_all_flagged,2024-11-02,validation,gru_84d_compact,60,57.43891143798828,2.5610885620117188
exclude_all_flagged,2024-11-03,validation,gru_84d_compact,26,43.79616928100586,17.79616928100586
exclude_all_flagged,2024-11-04,validation,gru_84d_compact,16,35.43870544433594,19.438705444335938
exclude_all_flagged,2024-11-05,validation,gru_84d_compact,16,34.898075103759766,18.898075103759766
exclude_all_flagged,2024-11-06,validation,gru_84d_compact,29,40.91938400268555,11.919384002685547
exclude_all_flagged,2024-11-07,validation,gru_84d_compact,47,48.651920318603516,1.6519203186035156
exclude_all_flagged,2024-11-08,validation,gru_84d_compact,59,57.341827392578125,1.658172607421875
exclude_all_flagged,2024-11-09,validation,gru_84d_compact,60,55.966590881347656,4.033409118652344
exclude_all_flagged,2024-11-10,validation,gru_84d_compact,60,42.47178649902344,17.528213500976562
exclude_all_flagged,2024-11-11,validation,gru_84d_compact,38,39.71339797973633,1.7133979797363281
exclude_all_flagged,2024-11-12,validation,gru_84d_compact,54,40.403228759765625,13.596771240234375
exclude_all_flagged,2024-11-13,validation,gru_84d_compact,36,47.173038482666016,11.173038482666016
exclude_all_flagged,2024-11-14,validation,gru_84d_compact,53,51.296051025390625,1.703948974609375
exclude_all_flagged,2024-11-15,validation,gru_84d_compact,60,57.631675720214844,2.3683242797851562
exclude_all_flagged,2024-11-16,validation,gru_84d_compact,60,56.762542724609375,3.237457275390625
exclude_all_flagged,2024-11-17,validation,gru_84d_compact,15,43.43107986450195,28.431079864501953
exclude_all_flagged,2024-11-18,validation,gru_84d_compact,12,33.57129669189453,21.57129669189453
exclude_all_flagged,2024-11-19,validation,gru_84d_compact,23,28.116943359375,5.116943359375
exclude_all_flagged,2024-11-20,validation,gru_84d_compact,34,32.44567108154297,1.5543289184570312
exclude_all_flagged,2024-11-21,validation,gru_84d_compact,29,41.03615951538086,12.03615951538086
exclude_all_flagged,2024-11-22,validation,gru_84d_compact,50,49.525028228759766,0.4749717712402344
exclude_all_flagged,2024-11-23,validation,gru_84d_compact,56,48.557064056396484,7.442935943603516
exclude_all_flagged,2024-11-24,validation,gru_84d_compact,25,33.67286682128906,8.672866821289062
exclude_all_flagged,2024-11-25,validation,gru_84d_compact,25,33.626407623291016,8.626407623291016
exclude_all_flagged,2024-11-26,validation,gru_84d_compact,23,37.83175277709961,14.83175277709961
exclude_all_flagged,2024-11-27,validation,gru_84d_compact,43,39.636253356933594,3.3637466430664062
exclude_all_flagged,2024-11-28,validation,gru_84d_compact,58,49.67774200439453,8.322257995605469
exclude_all_flagged,2024-11-29,validation,gru_84d_compact,59,59.21286392211914,0.21286392211914062
exclude_all_flagged,2024-11-30,validation,gru_84d_compact,59,59.78276824951172,0.7827682495117188
exclude_all_flagged,2024-12-01,validation,gru_84d_compact,28,27.71566390991211,0.2843360900878906
exclude_all_flagged,2024-12-02,validation,gru_84d_compact,22,26.98644256591797,4.986442565917969
exclude_all_flagged,2024-12-03,validation,gru_84d_compact,34,27.510099411010742,6.489900588989258
exclude_all_flagged,2024-12-04,validation,gru_84d_compact,38,36.225711822509766,1.7742881774902344
exclude_all_flagged,2024-12-05,validation,gru_84d_compact,29,44.645111083984375,15.645111083984375
exclude_all_flagged,2024-12-06,validation,gru_84d_compact,60,51.82997512817383,8.170024871826172
exclude_all_flagged,2024-12-07,validation,gru_84d_compact,60,57.114830017089844,2.8851699829101562
exclude_all_flagged,2024-12-08,validation,gru_84d_compact,27,29.94412612915039,2.9441261291503906
exclude_all_flagged,2024-12-09,validation,gru_84d_compact,24,26.780725479125977,2.7807254791259766
exclude_all_flagged,2024-12-10,validation,gru_84d_compact,26,27.046350479125977,1.0463504791259766
exclude_all_flagged,2024-12-11,validation,gru_84d_compact,32,30.42708969116211,1.5729103088378906
exclude_all_flagged,2024-12-12,validation,gru_84d_compact,29,41.90693283081055,12.906932830810547
exclude_all_flagged,2024-12-13,validation,gru_84d_compact,47,54.07853317260742,7.078533172607422
exclude_all_flagged,2024-12-14,validation,gru_84d_compact,58,56.063438415527344,1.9365615844726562
exclude_all_flagged,2024-12-15,validation,gru_84d_compact,34,25.043203353881836,8.956796646118164
exclude_all_flagged,2024-12-16,validation,gru_84d_compact,23,25.727041244506836,2.727041244506836
exclude_all_flagged,2024-12-17,validation,gru_84d_compact,26,27.45359992980957,1.4535999298095703
exclude_all_flagged,2024-12-18,validation,gru_84d_compact,32,31.022226333618164,0.9777736663818359
exclude_all_flagged,2024-12-19,validation,gru_84d_compact,25,33.79709243774414,8.79709243774414
exclude_all_flagged,2024-12-20,validation,gru_84d_compact,52,46.867427825927734,5.132572174072266
exclude_all_flagged,2024-12-21,validation,gru_84d_compact,59,54.42819595336914,4.571804046630859
exclude_all_flagged,2024-12-22,validation,gru_84d_compact,31,28.53468894958496,2.465311050415039
exclude_all_flagged,2024-12-23,validation,gru_84d_compact,35,26.340898513793945,8.659101486206055
exclude_all_flagged,2024-12-24,validation,gru_84d_compact,45,28.98423194885254,16.01576805114746
exclude_all_flagged,2024-12-25,validation,gru_84d_compact,40,34.48649597167969,5.5135040283203125
exclude_all_flagged,2024-12-26,validation,gru_84d_compact,48,38.9277229309082,9.072277069091797
exclude_all_flagged,2024-12-27,validation,gru_84d_compact,56,48.02875900268555,7.971240997314453
exclude_all_flagged,2024-12-28,validation,gru_84d_compact,58,51.25217056274414,6.747829437255859
exclude_all_flagged,2024-12-29,validation,gru_84d_compact,39,32.52347183227539,6.476528167724609
exclude_all_flagged,2024-12-30,validation,gru_84d_compact,39,28.2044620513916,10.795537948608398
exclude_all_flagged,2024-12-31,validation,gru_84d_compact,50,34.359012603759766,15.640987396240234
exclude_all_flagged,2025-01-01,test,gru_84d_compact,11,33.70376968383789,22.70376968383789
exclude_all_flagged,2025-01-02,test,gru_84d_compact,15,25.76080322265625,10.76080322265625
exclude_all_flagged,2025-01-03,test,gru_84d_compact,17,37.994895935058594,20.994895935058594
exclude_all_flagged,2025-01-04,test,gru_84d_compact,22,41.886390686035156,19.886390686035156
exclude_all_flagged,2025-01-16,test,gru_84d_compact,1,42.31666946411133,41.31666946411133
exclude_all_flagged,2025-01-17,test,gru_84d_compact,23,45.280548095703125,22.280548095703125
exclude_all_flagged,2025-01-18,test,gru_84d_compact,44,45.38603973388672,1.3860397338867188
exclude_all_flagged,2025-01-19,test,gru_84d_compact,13,39.133567810058594,26.133567810058594
exclude_all_flagged,2025-01-20,test,gru_84d_compact,5,41.77640151977539,36.77640151977539
exclude_all_flagged,2025-01-21,test,gru_84d_compact,2,43.180484771728516,41.180484771728516
exclude_all_flagged,2025-01-22,test,gru_84d_compact,13,44.15249252319336,31.15249252319336
exclude_all_flagged,2025-01-23,test,gru_84d_compact,14,47.82091522216797,33.82091522216797
exclude_all_flagged,2025-01-24,test,gru_84d_compact,56,49.14925765991211,6.850742340087891
exclude_all_flagged,2025-01-25,test,gru_84d_compact,58,51.03042221069336,6.969577789306641
exclude_all_flagged,2025-01-26,test,gru_84d_compact,20,40.90768051147461,20.90768051147461
exclude_all_flagged,2025-01-27,test,gru_84d_compact,17,38.099212646484375,21.099212646484375
exclude_all_flagged,2025-01-28,test,gru_84d_compact,21,36.416751861572266,15.416751861572266
exclude_all_flagged,2025-01-29,test,gru_84d_compact,25,34.474281311035156,9.474281311035156
exclude_all_flagged,2025-01-30,test,gru_84d_compact,28,31.85940170288086,3.8594017028808594
exclude_all_flagged,2025-01-31,test,gru_84d_compact,53,35.324832916259766,17.675167083740234
exclude_all_flagged,2025-02-01,test,gru_84d_compact,59,43.393497467041016,15.606502532958984
exclude_all_flagged,2025-02-02,test,gru_84d_compact,19,26.7618408203125,7.7618408203125
exclude_all_flagged,2025-02-03,test,gru_84d_compact,23,25.087705612182617,2.087705612182617
exclude_all_flagged,2025-02-04,test,gru_84d_compact,25,26.168947219848633,1.1689472198486328
exclude_all_flagged,2025-02-05,test,gru_84d_compact,25,28.74060821533203,3.7406082153320312
exclude_all_flagged,2025-02-06,test,gru_84d_compact,26,30.885746002197266,4.885746002197266
exclude_all_flagged,2025-02-07,test,gru_84d_compact,31,38.920562744140625,7.920562744140625
exclude_all_flagged,2025-02-08,test,gru_84d_compact,46,38.71910095214844,7.2808990478515625
exclude_all_flagged,2025-02-09,test,gru_84d_compact,13,28.348257064819336,15.348257064819336
exclude_all_flagged,2025-02-10,test,gru_84d_compact,16,28.527952194213867,12.527952194213867
exclude_all_flagged,2025-02-11,test,gru_84d_compact,21,28.695812225341797,7.695812225341797
exclude_all_flagged,2025-02-12,test,gru_84d_compact,21,31.58695411682129,10.586954116821289
exclude_all_flagged,2025-02-13,test,gru_84d_compact,25,34.73283004760742,9.732830047607422
exclude_all_flagged,2025-02-14,test,gru_84d_compact,60,41.71489334106445,18.285106658935547
exclude_all_flagged,2025-02-15,test,gru_84d_compact,54,47.378719329833984,6.621280670166016
exclude_all_flagged,2025-02-16,test,gru_84d_compact,31,29.048049926757812,1.9519500732421875
exclude_all_flagged,2025-02-17,test,gru_84d_compact,20,28.486953735351562,8.486953735351562
exclude_all_flagged,2025-02-18,test,gru_84d_compact,31,29.260719299316406,1.7392807006835938
exclude_all_flagged,2025-02-19,test,gru_84d_compact,37,33.11182403564453,3.8881759643554688
exclude_all_flagged,2025-02-20,test,gru_84d_compact,44,36.82290267944336,7.177097320556641
exclude_all_flagged,2025-02-21,test,gru_84d_compact,59,47.547637939453125,11.452362060546875
exclude_all_flagged,2025-02-22,test,gru_84d_compact,59,49.65890884399414,9.34109115600586
exclude_all_flagged,2025-02-23,test,gru_84d_compact,11,29.756925582885742,18.756925582885742
exclude_all_flagged,2025-02-24,test,gru_84d_compact,29,26.343685150146484,2.6563148498535156
exclude_all_flagged,2025-02-25,test,gru_84d_compact,22,30.31726837158203,8.317268371582031
exclude_all_flagged,2025-02-26,test,gru_84d_compact,35,33.26140213012695,1.7385978698730469
exclude_all_flagged,2025-02-27,test,gru_84d_compact,32,37.85165786743164,5.851657867431641
exclude_all_flagged,2025-02-28,test,gru_84d_compact,53,46.73475646972656,6.2652435302734375
exclude_all_flagged,2025-03-01,test,gru_84d_compact,58,52.595481872558594,5.404518127441406
exclude_all_flagged,2025-03-02,test,gru_84d_compact,11,26.545503616333008,15.545503616333008
exclude_all_flagged,2025-03-03,test,gru_84d_compact,35,27.181169509887695,7.818830490112305
exclude_all_flagged,2025-03-04,test,gru_84d_compact,35,31.244138717651367,3.755861282348633
exclude_all_flagged,2025-03-05,test,gru_84d_compact,39,35.74159240722656,3.2584075927734375
exclude_all_flagged,2025-03-06,test,gru_84d_compact,35,39.7164306640625,4.7164306640625
exclude_all_flagged,2025-03-07,test,gru_84d_compact,60,50.130558013916016,9.869441986083984
exclude_all_flagged,2025-03-08,test,gru_84d_compact,59,52.80546188354492,6.194538116455078
exclude_all_flagged,2025-03-09,test,gru_84d_compact,20,23.867685317993164,3.867685317993164
exclude_all_flagged,2025-03-10,test,gru_84d_compact,32,26.668970108032227,5.331029891967773
exclude_all_flagged,2025-03-11,test,gru_84d_compact,31,28.492414474487305,2.5075855255126953
exclude_all_flagged,2025-03-12,test,gru_84d_compact,37,31.88189697265625,5.11810302734375
exclude_all_flagged,2025-03-13,test,gru_84d_compact,42,36.275047302246094,5.724952697753906
exclude_all_flagged,2025-03-14,test,gru_84d_compact,58,53.274620056152344,4.725379943847656
exclude_all_flagged,2025-03-15,test,gru_84d_compact,59,56.01052474975586,2.9894752502441406
exclude_all_flagged,2025-03-16,test,gru_84d_compact,34,22.952491760253906,11.047508239746094
exclude_all_flagged,2025-03-17,test,gru_84d_compact,31,24.23924446105957,6.76075553894043
exclude_all_flagged,2025-03-18,test,gru_84d_compact,32,28.711469650268555,3.2885303497314453
exclude_all_flagged,2025-03-19,test,gru_84d_compact,24,35.054420471191406,11.054420471191406
exclude_all_flagged,2025-03-20,test,gru_84d_compact,49,37.986732482910156,11.013267517089844
exclude_all_flagged,2025-03-21,test,gru_84d_compact,58,55.02507400512695,2.974925994873047
exclude_all_flagged,2025-03-22,test,gru_84d_compact,60,54.483131408691406,5.516868591308594
exclude_all_flagged,2025-03-23,test,gru_84d_compact,30,24.49960708618164,5.500392913818359
exclude_all_flagged,2025-03-24,test,gru_84d_compact,30,23.393169403076172,6.606830596923828
exclude_all_flagged,2025-03-25,test,gru_84d_compact,30,24.411325454711914,5.588674545288086
exclude_all_flagged,2025-03-26,test,gru_84d_compact,35,27.703203201293945,7.296796798706055
exclude_all_flagged,2025-03-27,test,gru_84d_compact,43,35.226348876953125,7.773651123046875
exclude_all_flagged,2025-03-28,test,gru_84d_compact,58,49.00642776489258,8.993572235107422
exclude_all_flagged,2025-03-29,test,gru_84d_compact,58,53.47886276245117,4.521137237548828
exclude_all_flagged,2025-03-30,test,gru_84d_compact,40,27.1492862701416,12.850713729858398
exclude_all_flagged,2025-03-31,test,gru_84d_compact,33,30.79353141784668,2.2064685821533203
exclude_all_flagged,2025-04-01,test,gru_84d_compact,23,33.62369918823242,10.623699188232422
exclude_all_flagged,2025-04-02,test,gru_84d_compact,24,30.927026748657227,6.927026748657227
exclude_all_flagged,2025-04-03,test,gru_84d_compact,33,36.54859161376953,3.5485916137695312
exclude_all_flagged,2025-04-04,test,gru_84d_compact,59,54.17586898803711,4.824131011962891
exclude_all_flagged,2025-04-05,test,gru_84d_compact,59,55.45927429199219,3.5407257080078125
exclude_all_flagged,2025-04-06,test,gru_84d_compact,36,28.03074073791504,7.969259262084961
exclude_all_flagged,2025-04-07,test,gru_84d_compact,19,24.94469451904297,5.944694519042969
exclude_all_flagged,2025-04-08,test,gru_84d_compact,23,24.916860580444336,1.916860580444336
exclude_all_flagged,2025-04-09,test,gru_84d_compact,28,28.61566734313965,0.6156673431396484
exclude_all_flagged,2025-04-10,test,gru_84d_compact,50,33.36587905883789,16.63412094116211
exclude_all_flagged,2025-04-11,test,gru_84d_compact,59,52.608551025390625,6.391448974609375
exclude_all_flagged,2025-04-12,test,gru_84d_compact,59,54.51798629760742,4.482013702392578
exclude_all_flagged,2025-04-13,test,gru_84d_compact,32,31.14981460571289,0.8501853942871094
exclude_all_flagged,2025-04-14,test,gru_84d_compact,39,26.23465347290039,12.76534652709961
exclude_all_flagged,2025-04-15,test,gru_84d_compact,33,29.23033332824707,3.7696666717529297
exclude_all_flagged,2025-04-16,test,gru_84d_compact,34,31.563018798828125,2.436981201171875
exclude_all_flagged,2025-04-17,test,gru_84d_compact,43,38.63882827758789,4.361171722412109
exclude_all_flagged,2025-04-18,test,gru_84d_compact,60,54.34626388549805,5.653736114501953
exclude_all_flagged,2025-04-19,test,gru_84d_compact,59,55.09406661987305,3.905933380126953
exclude_all_flagged,2025-04-20,test,gru_84d_compact,27,32.67341232299805,5.673412322998047
exclude_all_flagged,2025-04-21,test,gru_84d_compact,39,28.91448402404785,10.085515975952148
exclude_all_flagged,2025-04-22,test,gru_84d_compact,44,30.721288681030273,13.278711318969727
exclude_all_flagged,2025-04-23,test,gru_84d_compact,36,34.795806884765625,1.204193115234375
exclude_all_flagged,2025-04-24,test,gru_84d_compact,50,42.12101745605469,7.8789825439453125
exclude_all_flagged,2025-04-25,test,gru_84d_compact,55,54.71534729003906,0.2846527099609375
exclude_all_flagged,2025-04-26,test,gru_84d_compact,59,51.27145004272461,7.728549957275391
exclude_all_flagged,2025-04-27,test,gru_84d_compact,21,32.98580551147461,11.98580551147461
exclude_all_flagged,2025-04-28,test,gru_84d_compact,30,31.81616973876953,1.8161697387695312
exclude_all_flagged,2025-04-29,test,gru_84d_compact,35,32.73160934448242,2.268390655517578
exclude_all_flagged,2025-04-30,test,gru_84d_compact,29,30.921518325805664,1.921518325805664
exclude_all_flagged,2025-05-01,test,gru_84d_compact,30,33.80189895629883,3.801898956298828
exclude_all_flagged,2025-05-02,test,gru_84d_compact,58,53.09103012084961,4.908969879150391
exclude_all_flagged,2025-05-03,test,gru_84d_compact,59,54.22300338745117,4.776996612548828
exclude_all_flagged,2025-05-04,test,gru_84d_compact,19,30.46451187133789,11.46451187133789
exclude_all_flagged,2025-05-05,test,gru_84d_compact,8,27.36104965209961,19.36104965209961
exclude_all_flagged,2025-05-06,test,gru_84d_compact,13,29.404048919677734,16.404048919677734
exclude_all_flagged,2025-05-07,test,gru_84d_compact,43,29.1218204498291,13.878179550170898
exclude_all_flagged,2025-05-08,test,gru_84d_compact,54,34.76929473876953,19.23070526123047
exclude_all_flagged,2025-05-09,test,gru_84d_compact,60,54.30730438232422,5.692695617675781
exclude_all_flagged,2025-05-10,test,gru_84d_compact,59,57.505672454833984,1.4943275451660156
exclude_all_flagged,2025-05-11,test,gru_84d_compact,15,31.2823543548584,16.2823543548584
exclude_all_flagged,2025-05-12,test,gru_84d_compact,34,28.643625259399414,5.356374740600586
exclude_all_flagged,2025-05-13,test,gru_84d_compact,44,31.50470542907715,12.495294570922852
exclude_all_flagged,2025-05-14,test,gru_84d_compact,56,35.7147216796875,20.2852783203125
exclude_all_flagged,2025-05-15,test,gru_84d_compact,50,43.83067321777344,6.1693267822265625
exclude_all_flagged,2025-05-16,test,gru_84d_compact,59,55.198394775390625,3.801605224609375
exclude_all_flagged,2025-05-17,test,gru_84d_compact,58,55.297584533691406,2.7024154663085938
exclude_all_flagged,2025-05-18,test,gru_84d_compact,36,32.60529327392578,3.3947067260742188
exclude_all_flagged,2025-05-19,test,gru_84d_compact,22,31.113431930541992,9.113431930541992
exclude_all_flagged,2025-05-20,test,gru_84d_compact,26,30.1829833984375,4.1829833984375
exclude_all_flagged,2025-05-21,test,gru_84d_compact,22,33.11296844482422,11.112968444824219
exclude_all_flagged,2025-05-22,test,gru_84d_compact,20,38.07967758178711,18.07967758178711
exclude_all_flagged,2025-05-23,test,gru_84d_compact,56,47.978031158447266,8.021968841552734
exclude_all_flagged,2025-05-24,test,gru_84d_compact,57,55.114315032958984,1.8856849670410156
exclude_all_flagged,2025-05-25,test,gru_84d_compact,52,32.40248107910156,19.597518920898438
exclude_all_flagged,2025-05-26,test,gru_84d_compact,9,26.755233764648438,17.755233764648438
exclude_all_flagged,2025-05-27,test,gru_84d_compact,9,25.737586975097656,16.737586975097656
exclude_all_flagged,2025-05-28,test,gru_84d_compact,17,26.44341278076172,9.443412780761719
exclude_all_flagged,2025-05-29,test,gru_84d_compact,37,29.353740692138672,7.646259307861328
exclude_all_flagged,2025-05-30,test,gru_84d_compact,54,46.3436393737793,7.656360626220703
exclude_all_flagged,2025-05-31,test,gru_84d_compact,58,53.51593780517578,4.484062194824219
exclude_all_flagged,2025-06-01,test,gru_84d_compact,45,32.054656982421875,12.945343017578125
exclude_all_flagged,2025-06-02,test,gru_84d_compact,25,32.23619842529297,7.236198425292969
exclude_all_flagged,2025-06-03,test,gru_84d_compact,25,33.304603576660156,8.304603576660156
exclude_all_flagged,2025-06-04,test,gru_84d_compact,39,38.82123947143555,0.17876052856445312
exclude_all_flagged,2025-06-05,test,gru_84d_compact,34,47.7844123840332,13.784412384033203
exclude_all_flagged,2025-06-06,test,gru_84d_compact,58,55.70621871948242,2.293781280517578
exclude_all_flagged,2025-06-07,test,gru_84d_compact,57,57.18293762207031,0.1829376220703125
exclude_all_flagged,2025-06-08,test,gru_84d_compact,29,31.09446144104004,2.094461441040039
exclude_all_flagged,2025-06-09,test,gru_84d_compact,34,33.10979461669922,0.8902053833007812
exclude_all_flagged,2025-06-10,test,gru_84d_compact,48,37.256343841552734,10.743656158447266
exclude_all_flagged,2025-06-11,test,gru_84d_compact,39,45.48590850830078,6.485908508300781
exclude_all_flagged,2025-06-12,test,gru_84d_compact,44,52.22251510620117,8.222515106201172
exclude_all_flagged,2025-06-13,test,gru_84d_compact,60,59.729183197021484,0.2708168029785156
exclude_all_flagged,2025-06-14,test,gru_84d_compact,59,59.2625732421875,0.2625732421875
exclude_all_flagged,2025-06-15,test,gru_84d_compact,16,32.139007568359375,16.139007568359375
exclude_all_flagged,2025-06-16,test,gru_84d_compact,10,31.949142456054688,21.949142456054688
exclude_all_flagged,2025-06-17,test,gru_84d_compact,22,33.36538314819336,11.36538314819336
exclude_all_flagged,2025-06-18,test,gru_84d_compact,13,39.276668548583984,26.276668548583984
exclude_all_flagged,2025-06-19,test,gru_84d_compact,31,40.235809326171875,9.235809326171875
exclude_all_flagged,2025-06-20,test,gru_84d_compact,60,53.37152862548828,6.628471374511719
exclude_all_flagged,2025-06-21,test,gru_84d_compact,57,54.05986785888672,2.9401321411132812
exclude_all_flagged,2025-06-22,test,gru_84d_compact,19,26.596717834472656,7.596717834472656
exclude_all_flagged,2025-06-23,test,gru_84d_compact,19,25.441633224487305,6.441633224487305
exclude_all_flagged,2025-06-24,test,gru_84d_compact,34,28.03108024597168,5.96891975402832
exclude_all_flagged,2025-06-25,test,gru_84d_compact,36,34.28788757324219,1.7121124267578125
exclude_all_flagged,2025-06-26,test,gru_84d_compact,31,39.819000244140625,8.819000244140625
exclude_all_flagged,2025-06-27,test,gru_84d_compact,59,53.085662841796875,5.914337158203125
exclude_all_flagged,2025-06-28,test,gru_84d_compact,59,55.76200866699219,3.2379913330078125
exclude_all_flagged,2025-06-29,test,gru_84d_compact,32,25.011322021484375,6.988677978515625
exclude_all_flagged,2025-06-30,test,gru_84d_compact,25,29.618566513061523,4.618566513061523
exclude_all_flagged,2025-07-01,test,gru_84d_compact,29,36.06533432006836,7.065334320068359
exclude_all_flagged,2025-07-02,test,gru_84d_compact,23,37.518310546875,14.518310546875
exclude_all_flagged,2025-07-03,test,gru_84d_compact,30,41.37157440185547,11.371574401855469
exclude_all_flagged,2025-07-04,test,gru_84d_compact,57,53.91588592529297,3.0841140747070312
exclude_all_flagged,2025-07-05,test,gru_84d_compact,59,59.32624053955078,0.32624053955078125
exclude_all_flagged,2025-07-06,test,gru_84d_compact,32,25.668481826782227,6.331518173217773
exclude_all_flagged,2025-07-07,test,gru_84d_compact,23,28.648460388183594,5.648460388183594
exclude_all_flagged,2025-07-08,test,gru_84d_compact,39,32.31159591674805,6.688404083251953
exclude_all_flagged,2025-07-09,test,gru_84d_compact,44,39.48875427246094,4.5112457275390625
exclude_all_flagged,2025-07-10,test,gru_84d_compact,45,45.54273986816406,0.5427398681640625
exclude_all_flagged,2025-07-11,test,gru_84d_compact,60,54.629066467285156,5.370933532714844
exclude_all_flagged,2025-07-12,test,gru_84d_compact,59,51.42363357543945,7.576366424560547
exclude_all_flagged,2025-07-13,test,gru_84d_compact,30,25.393617630004883,4.606382369995117
exclude_all_flagged,2025-07-14,test,gru_84d_compact,29,26.24460792541504,2.755392074584961
exclude_all_flagged,2025-07-15,test,gru_84d_compact,30,30.148967742919922,0.14896774291992188
exclude_all_flagged,2025-07-16,test,gru_84d_compact,26,33.949127197265625,7.949127197265625
exclude_all_flagged,2025-07-17,test,gru_84d_compact,36,39.163082122802734,3.1630821228027344
exclude_all_flagged,2025-07-18,test,gru_84d_compact,60,57.511802673339844,2.4881973266601562
exclude_all_flagged,2025-07-19,test,gru_84d_compact,60,56.35692596435547,3.6430740356445312
exclude_all_flagged,2025-07-20,test,gru_84d_compact,37,25.44929313659668,11.55070686340332
exclude_all_flagged,2025-07-21,test,gru_84d_compact,43,24.889360427856445,18.110639572143555
exclude_all_flagged,2025-07-22,test,gru_84d_compact,27,30.984760284423828,3.984760284423828
exclude_all_flagged,2025-07-23,test,gru_84d_compact,32,34.0401496887207,2.040149688720703
exclude_all_flagged,2025-07-24,test,gru_84d_compact,42,37.144317626953125,4.855682373046875
exclude_all_flagged,2025-07-25,test,gru_84d_compact,58,56.76637649536133,1.2336235046386719
exclude_all_flagged,2025-07-26,test,gru_84d_compact,60,55.49015808105469,4.5098419189453125
exclude_all_flagged,2025-07-27,test,gru_84d_compact,29,28.556785583496094,0.44321441650390625
exclude_all_flagged,2025-07-28,test,gru_84d_compact,27,26.067007064819336,0.9329929351806641
exclude_all_flagged,2025-07-29,test,gru_84d_compact,28,26.686138153076172,1.3138618469238281
exclude_all_flagged,2025-07-30,test,gru_84d_compact,25,29.137786865234375,4.137786865234375
exclude_all_flagged,2025-07-31,test,gru_84d_compact,38,27.4964656829834,10.503534317016602
exclude_all_flagged,2025-08-01,test,gru_84d_compact,57,49.53719711303711,7.462802886962891
exclude_all_flagged,2025-08-02,test,gru_84d_compact,59,54.96506118774414,4.034938812255859
exclude_all_flagged,2025-08-03,test,gru_84d_compact,18,26.582380294799805,8.582380294799805
exclude_all_flagged,2025-08-04,test,gru_84d_compact,21,26.583662033081055,5.583662033081055
exclude_all_flagged,2025-08-05,test,gru_84d_compact,18,29.21502685546875,11.21502685546875
exclude_all_flagged,2025-08-06,test,gru_84d_compact,18,33.33431625366211,15.33431625366211
exclude_all_flagged,2025-08-07,test,gru_84d_compact,19,38.39107894897461,19.39107894897461
exclude_all_flagged,2025-08-08,test,gru_84d_compact,52,51.35942077636719,0.6405792236328125
exclude_all_flagged,2025-08-09,test,gru_84d_compact,57,54.27827072143555,2.721729278564453
exclude_all_flagged,2025-08-10,test,gru_84d_compact,42,24.44791030883789,17.55208969116211
exclude_all_flagged,2025-08-11,test,gru_84d_compact,22,27.318939208984375,5.318939208984375
exclude_all_flagged,2025-08-12,test,gru_84d_compact,36,28.057645797729492,7.942354202270508
exclude_all_flagged,2025-08-13,test,gru_84d_compact,39,32.96710968017578,6.032890319824219
exclude_all_flagged,2025-08-14,test,gru_84d_compact,46,41.398887634277344,4.601112365722656
exclude_all_flagged,2025-08-15,test,gru_84d_compact,60,55.98992156982422,4.010078430175781
exclude_all_flagged,2025-08-16,test,gru_84d_compact,59,54.716453552246094,4.283546447753906
exclude_all_flagged,2025-08-17,test,gru_84d_compact,26,30.588016510009766,4.588016510009766
exclude_all_flagged,2025-08-18,test,gru_84d_compact,36,29.838851928710938,6.1611480712890625
exclude_all_flagged,2025-08-19,test,gru_84d_compact,24,32.88779830932617,8.887798309326172
exclude_all_flagged,2025-08-20,test,gru_84d_compact,32,33.85218811035156,1.8521881103515625
exclude_all_flagged,2025-08-21,test,gru_84d_compact,42,36.24633026123047,5.753669738769531
exclude_all_flagged,2025-08-22,test,gru_84d_compact,60,52.129371643066406,7.870628356933594
exclude_all_flagged,2025-08-23,test,gru_84d_compact,59,53.1078987121582,5.892101287841797
exclude_all_flagged,2025-08-24,test,gru_84d_compact,48,27.937820434570312,20.062179565429688
exclude_all_flagged,2025-08-25,test,gru_84d_compact,55,28.58991813659668,26.41008186340332
exclude_all_flagged,2025-08-26,test,gru_84d_compact,59,34.16276168823242,24.837238311767578
exclude_all_flagged,2025-08-27,test,gru_84d_compact,60,40.420440673828125,19.579559326171875
exclude_all_flagged,2025-08-28,test,gru_84d_compact,60,48.428558349609375,11.571441650390625
exclude_all_flagged,2025-08-29,test,gru_84d_compact,57,55.7298469543457,1.2701530456542969
exclude_all_flagged,2025-08-30,test,gru_84d_compact,59,53.56011199951172,5.439888000488281
exclude_all_flagged,2025-08-31,test,gru_84d_compact,59,38.20164489746094,20.798355102539062
exclude_all_flagged,2025-09-01,test,gru_84d_compact,25,34.94770812988281,9.947708129882812
exclude_all_flagged,2025-09-02,test,gru_84d_compact,24,30.9908447265625,6.9908447265625
exclude_all_flagged,2025-09-03,test,gru_84d_compact,22,32.14505386352539,10.14505386352539
exclude_all_flagged,2025-09-04,test,gru_84d_compact,33,35.046844482421875,2.046844482421875
exclude_all_flagged,2025-09-05,test,gru_84d_compact,60,44.358551025390625,15.641448974609375
exclude_all_flagged,2025-09-06,test,gru_84d_compact,59,50.77906799316406,8.220932006835938
exclude_all_flagged,2025-09-07,test,gru_84d_compact,13,43.51517868041992,30.515178680419922
exclude_all_flagged,2025-09-08,test,gru_84d_compact,22,31.261287689208984,9.261287689208984
exclude_all_flagged,2025-09-09,test,gru_84d_compact,18,33.870704650878906,15.870704650878906
exclude_all_flagged,2025-09-10,test,gru_84d_compact,20,36.709022521972656,16.709022521972656
exclude_all_flagged,2025-09-11,test,gru_84d_compact,28,39.987918853759766,11.987918853759766
exclude_all_flagged,2025-09-12,test,gru_84d_compact,58,49.353389739990234,8.646610260009766
exclude_all_flagged,2025-09-13,test,gru_84d_compact,58,52.61541748046875,5.38458251953125
exclude_all_flagged,2025-09-14,test,gru_84d_compact,20,31.446916580200195,11.446916580200195
exclude_all_flagged,2025-09-15,test,gru_84d_compact,37,31.72849464416504,5.271505355834961
exclude_all_flagged,2025-09-16,test,gru_84d_compact,42,34.62907791137695,7.370922088623047
exclude_all_flagged,2025-09-17,test,gru_84d_compact,39,37.7192497253418,1.2807502746582031
exclude_all_flagged,2025-09-18,test,gru_84d_compact,36,42.7806510925293,6.780651092529297
exclude_all_flagged,2025-09-19,test,gru_84d_compact,59,49.20853805541992,9.791461944580078
exclude_all_flagged,2025-09-20,test,gru_84d_compact,60,49.922000885009766,10.077999114990234
exclude_all_flagged,2025-09-21,test,gru_84d_compact,40,33.696224212646484,6.303775787353516
exclude_all_flagged,2025-09-22,test,gru_84d_compact,33,34.918025970458984,1.9180259704589844
exclude_all_flagged,2025-09-23,test,gru_84d_compact,42,36.61796951293945,5.382030487060547
exclude_all_flagged,2025-09-24,test,gru_84d_compact,32,39.76079559326172,7.760795593261719
exclude_all_flagged,2025-09-25,test,gru_84d_compact,39,41.69734191894531,2.6973419189453125
exclude_all_flagged,2025-09-26,test,gru_84d_compact,58,48.534976959228516,9.465023040771484
exclude_all_flagged,2025-09-27,test,gru_84d_compact,59,50.789031982421875,8.210968017578125
exclude_all_flagged,2025-09-28,test,gru_84d_compact,36,38.35575485229492,2.355754852294922
exclude_all_flagged,2025-09-29,test,gru_84d_compact,43,34.19227600097656,8.807723999023438
exclude_all_flagged,2025-09-30,test,gru_84d_compact,35,37.77841567993164,2.7784156799316406
exclude_all_flagged,2025-10-01,test,gru_84d_compact,23,42.50375747680664,19.50375747680664
exclude_all_flagged,2025-10-02,test,gru_84d_compact,33,42.60590362548828,9.605903625488281
exclude_all_flagged,2025-10-03,test,gru_84d_compact,60,53.75270462036133,6.247295379638672
exclude_all_flagged,2025-10-04,test,gru_84d_compact,59,54.53657150268555,4.463428497314453
exclude_all_flagged,2025-10-05,test,gru_84d_compact,29,32.73762130737305,3.737621307373047
exclude_all_flagged,2025-10-06,test,gru_84d_compact,34,32.3314094543457,1.6685905456542969
exclude_all_flagged,2025-10-07,test,gru_84d_compact,34,34.394187927246094,0.39418792724609375
exclude_all_flagged,2025-10-08,test,gru_84d_compact,41,37.1263542175293,3.873645782470703
exclude_all_flagged,2025-10-09,test,gru_84d_compact,49,43.180381774902344,5.819618225097656
exclude_all_flagged,2025-10-10,test,gru_84d_compact,58,53.64272689819336,4.357273101806641
exclude_all_flagged,2025-10-11,test,gru_84d_compact,60,52.55421447753906,7.4457855224609375
exclude_all_flagged,2025-10-12,test,gru_84d_compact,59,35.61866760253906,23.381332397460938
exclude_all_flagged,2025-10-13,test,gru_84d_compact,22,39.07522201538086,17.07522201538086
exclude_all_flagged,2025-10-14,test,gru_84d_compact,37,37.06456756591797,0.06456756591796875
exclude_all_flagged,2025-10-15,test,gru_84d_compact,53,39.83662033081055,13.163379669189453
exclude_all_flagged,2025-10-16,test,gru_84d_compact,57,45.32158279418945,11.678417205810547
exclude_all_flagged,2025-10-17,test,gru_84d_compact,53,51.39572525024414,1.6042747497558594
exclude_all_flagged,2025-10-18,test,gru_84d_compact,59,51.69099807739258,7.309001922607422
exclude_all_flagged,2025-10-19,test,gru_84d_compact,45,42.38290023803711,2.6170997619628906
exclude_all_flagged,2025-10-20,test,gru_84d_compact,42,38.06421661376953,3.9357833862304688
exclude_all_flagged,2025-10-21,test,gru_84d_compact,46,39.264732360839844,6.735267639160156
exclude_all_flagged,2025-10-22,test,gru_84d_compact,28,43.11569595336914,15.11569595336914
exclude_all_flagged,2025-10-23,test,gru_84d_compact,47,45.35395050048828,1.6460494995117188
exclude_all_flagged,2025-10-24,test,gru_84d_compact,56,53.150550842285156,2.8494491577148438
exclude_all_flagged,2025-10-25,test,gru_84d_compact,59,53.461605072021484,5.538394927978516
exclude_all_flagged,2025-10-26,test,gru_84d_compact,29,42.5013313293457,13.501331329345703
exclude_all_flagged,2025-10-27,test,gru_84d_compact,27,38.474239349365234,11.474239349365234
exclude_all_flagged,2025-10-28,test,gru_84d_compact,40,36.675235748291016,3.3247642517089844
exclude_all_flagged,2025-10-29,test,gru_84d_compact,46,38.390018463134766,7.609981536865234
exclude_all_flagged,2025-10-30,test,gru_84d_compact,45,42.95236587524414,2.0476341247558594
exclude_all_flagged,2025-10-31,test,gru_84d_compact,60,49.673641204833984,10.326358795166016
exclude_all_flagged,2025-11-01,test,gru_84d_compact,60,52.9963264465332,7.003673553466797
exclude_all_flagged,2025-11-02,test,gru_84d_compact,38,34.82890701293945,3.171092987060547
exclude_all_flagged,2025-11-03,test,gru_84d_compact,21,33.503170013427734,12.503170013427734
exclude_all_flagged,2025-11-04,test,gru_84d_compact,27,31.86395263671875,4.86395263671875
exclude_all_flagged,2025-11-05,test,gru_84d_compact,20,33.043724060058594,13.043724060058594
exclude_all_flagged,2025-11-06,test,gru_84d_compact,29,35.82901382446289,6.829013824462891
exclude_all_flagged,2025-11-07,test,gru_84d_compact,60,46.46576690673828,13.534233093261719
exclude_all_flagged,2025-11-08,test,gru_84d_compact,60,51.46076202392578,8.539237976074219
exclude_all_flagged,2025-11-09,test,gru_84d_compact,32,35.4973258972168,3.497325897216797
exclude_all_flagged,2025-11-10,test,gru_84d_compact,35,27.381799697875977,7.618200302124023
exclude_all_flagged,2025-11-11,test,gru_84d_compact,29,32.46622848510742,3.466228485107422
exclude_all_flagged,2025-11-12,test,gru_84d_compact,29,40.39063262939453,11.390632629394531
exclude_all_flagged,2025-11-13,test,gru_84d_compact,25,45.071563720703125,20.071563720703125
exclude_all_flagged,2025-11-14,test,gru_84d_compact,54,50.44084930419922,3.5591506958007812
exclude_all_flagged,2025-11-15,test,gru_84d_compact,59,52.53440856933594,6.4655914306640625
exclude_all_flagged,2025-11-16,test,gru_84d_compact,19,33.366355895996094,14.366355895996094
exclude_all_flagged,2025-11-17,test,gru_84d_compact,11,29.151308059692383,18.151308059692383
exclude_all_flagged,2025-11-18,test,gru_84d_compact,16,27.851139068603516,11.851139068603516
exclude_all_flagged,2025-11-19,test,gru_84d_compact,27,29.129846572875977,2.1298465728759766
exclude_all_flagged,2025-11-20,test,gru_84d_compact,26,31.317102432250977,5.317102432250977
exclude_all_flagged,2025-11-21,test,gru_84d_compact,58,43.22027587890625,14.77972412109375
exclude_all_flagged,2025-11-22,test,gru_84d_compact,58,50.99973678588867,7.000263214111328
exclude_all_flagged,2025-11-23,test,gru_84d_compact,27,25.282442092895508,1.7175579071044922
exclude_all_flagged,2025-11-24,test,gru_84d_compact,30,27.52250099182129,2.477499008178711
exclude_all_flagged,2025-11-25,test,gru_84d_compact,28,31.867313385009766,3.8673133850097656
exclude_all_flagged,2025-11-26,test,gru_84d_compact,42,34.29222106933594,7.7077789306640625
exclude_all_flagged,2025-11-27,test,gru_84d_compact,58,35.737796783447266,22.262203216552734
exclude_all_flagged,2025-11-28,test,gru_84d_compact,59,49.25259780883789,9.74740219116211
exclude_all_flagged,2025-11-29,test,gru_84d_compact,55,50.60622787475586,4.393772125244141
exclude_all_flagged,2025-11-30,test,gru_84d_compact,28,24.59480857849121,3.405191421508789
exclude_all_flagged,2025-12-01,test,gru_84d_compact,30,21.306461334228516,8.693538665771484
exclude_all_flagged,2025-12-02,test,gru_84d_compact,31,27.709945678710938,3.2900543212890625
exclude_all_flagged,2025-12-03,test,gru_84d_compact,28,34.4925422668457,6.492542266845703
exclude_all_flagged,2025-12-04,test,gru_84d_compact,37,39.07308578491211,2.0730857849121094
exclude_all_flagged,2025-12-05,test,gru_84d_compact,50,49.6217155456543,0.3782844543457031
exclude_all_flagged,2025-12-06,test,gru_84d_compact,60,51.68037414550781,8.319625854492188
exclude_all_flagged,2025-12-07,test,gru_84d_compact,36,31.135507583618164,4.864492416381836
exclude_all_flagged,2025-12-08,test,gru_84d_compact,26,30.24871063232422,4.248710632324219
exclude_all_flagged,2025-12-09,test,gru_84d_compact,40,30.833168029785156,9.166831970214844
exclude_all_flagged,2025-12-10,test,gru_84d_compact,21,36.567447662353516,15.567447662353516
exclude_all_flagged,2025-12-11,test,gru_84d_compact,24,39.396339416503906,15.396339416503906
exclude_all_flagged,2025-12-12,test,gru_84d_compact,50,47.50434112548828,2.4956588745117188
exclude_all_flagged,2025-12-13,test,gru_84d_compact,52,51.8592643737793,0.14073562622070312
exclude_all_flagged,2025-12-14,test,gru_84d_compact,24,34.83677291870117,10.836772918701172
exclude_all_flagged,2025-12-15,test,gru_84d_compact,18,32.12246322631836,14.12246322631836
exclude_all_flagged,2025-12-16,test,gru_84d_compact,23,31.705810546875,8.705810546875
exclude_all_flagged,2025-12-17,test,gru_84d_compact,34,33.07952880859375,0.92047119140625
exclude_all_flagged,2025-12-18,test,gru_84d_compact,43,34.72887420654297,8.271125793457031
exclude_all_flagged,2025-12-19,test,gru_84d_compact,49,42.937984466552734,6.062015533447266
exclude_all_flagged,2025-12-20,test,gru_84d_compact,57,48.247032165527344,8.752967834472656
exclude_all_flagged,2025-12-21,test,gru_84d_compact,35,32.52717971801758,2.472820281982422
exclude_all_flagged,2025-12-22,test,gru_84d_compact,28,31.64397430419922,3.6439743041992188
exclude_all_flagged,2025-12-23,test,gru_84d_compact,27,32.60983657836914,5.609836578369141
exclude_all_flagged,2025-12-24,test,gru_84d_compact,40,34.2686767578125,5.7313232421875
exclude_all_flagged,2025-12-25,test,gru_84d_compact,31,39.25127029418945,8.251270294189453
exclude_all_flagged,2025-12-26,test,gru_84d_compact,40,46.22404479980469,6.2240447998046875
exclude_all_flagged,2025-12-27,test,gru_84d_compact,44,46.30327224731445,2.303272247314453
exclude_all_flagged,2025-12-28,test,gru_84d_compact,30,31.922182083129883,1.9221820831298828
exclude_all_flagged,2025-12-29,test,gru_84d_compact,28,29.179729461669922,1.1797294616699219
exclude_all_flagged,2025-12-30,test,gru_84d_compact,36,30.213407516479492,5.786592483520508
exclude_all_flagged,2025-12-31,test,gru_84d_compact,55,33.27571105957031,21.724288940429688
exclude_all_flagged,2024-07-01,validation,lstm_56d_regularized,14,34.17154312133789,20.17154312133789
exclude_all_flagged,2024-07-02,validation,lstm_56d_regularized,17,33.18561553955078,16.18561553955078
exclude_all_flagged,2024-07-03,validation,lstm_56d_regularized,23,34.508968353271484,11.508968353271484
exclude_all_flagged,2024-07-04,validation,lstm_56d_regularized,26,42.61984634399414,16.61984634399414
exclude_all_flagged,2024-07-05,validation,lstm_56d_regularized,59,54.9744987487793,4.025501251220703
exclude_all_flagged,2024-07-06,validation,lstm_56d_regularized,59,60.0,1.0
exclude_all_flagged,2024-07-07,validation,lstm_56d_regularized,22,29.270488739013672,7.270488739013672
exclude_all_flagged,2024-07-08,validation,lstm_56d_regularized,27,26.714540481567383,0.2854595184326172
exclude_all_flagged,2024-07-09,validation,lstm_56d_regularized,33,33.5742301940918,0.5742301940917969
exclude_all_flagged,2024-07-10,validation,lstm_56d_regularized,40,41.417938232421875,1.417938232421875
exclude_all_flagged,2024-07-11,validation,lstm_56d_regularized,50,46.575252532958984,3.4247474670410156
exclude_all_flagged,2024-07-12,validation,lstm_56d_regularized,58,60.0,2.0
exclude_all_flagged,2024-07-13,validation,lstm_56d_regularized,60,60.0,0.0
exclude_all_flagged,2024-07-14,validation,lstm_56d_regularized,25,29.064411163330078,4.064411163330078
exclude_all_flagged,2024-07-15,validation,lstm_56d_regularized,28,28.345399856567383,0.3453998565673828
exclude_all_flagged,2024-07-16,validation,lstm_56d_regularized,36,30.7375545501709,5.262445449829102
exclude_all_flagged,2024-07-17,validation,lstm_56d_regularized,27,37.9196662902832,10.919666290283203
exclude_all_flagged,2024-07-18,validation,lstm_56d_regularized,32,49.20598220825195,17.205982208251953
exclude_all_flagged,2024-07-19,validation,lstm_56d_regularized,59,60.0,1.0
exclude_all_flagged,2024-07-20,validation,lstm_56d_regularized,60,60.0,0.0
exclude_all_flagged,2024-07-21,validation,lstm_56d_regularized,41,31.127826690673828,9.872173309326172
exclude_all_flagged,2024-07-22,validation,lstm_56d_regularized,45,31.849807739257812,13.150192260742188
exclude_all_flagged,2024-07-23,validation,lstm_56d_regularized,52,37.11661911010742,14.883380889892578
exclude_all_flagged,2024-07-24,validation,lstm_56d_regularized,57,45.73397445678711,11.26602554321289
exclude_all_flagged,2024-07-25,validation,lstm_56d_regularized,58,52.192291259765625,5.807708740234375
exclude_all_flagged,2024-07-26,validation,lstm_56d_regularized,60,60.0,0.0
exclude_all_flagged,2024-07-27,validation,lstm_56d_regularized,60,59.5914192199707,0.4085807800292969
exclude_all_flagged,2024-07-28,validation,lstm_56d_regularized,28,38.504119873046875,10.504119873046875
exclude_all_flagged,2024-07-29,validation,lstm_56d_regularized,22,40.33915328979492,18.339153289794922
exclude_all_flagged,2024-07-30,validation,lstm_56d_regularized,27,41.7139778137207,14.713977813720703
exclude_all_flagged,2024-07-31,validation,lstm_56d_regularized,40,43.10966491699219,3.1096649169921875
exclude_all_flagged,2024-08-01,validation,lstm_56d_regularized,33,49.32716369628906,16.327163696289062
exclude_all_flagged,2024-08-02,validation,lstm_56d_regularized,60,60.0,0.0
exclude_all_flagged,2024-08-03,validation,lstm_56d_regularized,60,60.0,0.0
exclude_all_flagged,2024-08-04,validation,lstm_56d_regularized,22,35.86581039428711,13.86581039428711
exclude_all_flagged,2024-08-05,validation,lstm_56d_regularized,24,35.92572784423828,11.925727844238281
exclude_all_flagged,2024-08-06,validation,lstm_56d_regularized,30,38.16909408569336,8.16909408569336
exclude_all_flagged,2024-08-07,validation,lstm_56d_regularized,37,46.919715881347656,9.919715881347656
exclude_all_flagged,2024-08-08,validation,lstm_56d_regularized,41,55.09510040283203,14.095100402832031
exclude_all_flagged,2024-08-09,validation,lstm_56d_regularized,55,60.0,5.0
exclude_all_flagged,2024-08-10,validation,lstm_56d_regularized,59,60.0,1.0
exclude_all_flagged,2024-08-11,validation,lstm_56d_regularized,26,36.03818893432617,10.038188934326172
exclude_all_flagged,2024-08-12,validation,lstm_56d_regularized,31,38.07649612426758,7.076496124267578
exclude_all_flagged,2024-08-13,validation,lstm_56d_regularized,52,41.58205032348633,10.417949676513672
exclude_all_flagged,2024-08-14,validation,lstm_56d_regularized,36,47.02396774291992,11.023967742919922
exclude_all_flagged,2024-08-15,validation,lstm_56d_regularized,50,49.928707122802734,0.07129287719726562
exclude_all_flagged,2024-08-16,validation,lstm_56d_regularized,60,60.0,0.0
exclude_all_flagged,2024-08-17,validation,lstm_56d_regularized,60,60.0,0.0
exclude_all_flagged,2024-08-18,validation,lstm_56d_regularized,25,35.552974700927734,10.552974700927734
exclude_all_flagged,2024-08-19,validation,lstm_56d_regularized,33,41.24716567993164,8.24716567993164
exclude_all_flagged,2024-08-20,validation,lstm_56d_regularized,27,46.481937408447266,19.481937408447266
exclude_all_flagged,2024-08-21,validation,lstm_56d_regularized,38,48.00123977661133,10.001239776611328
exclude_all_flagged,2024-08-22,validation,lstm_56d_regularized,45,51.05049514770508,6.050495147705078
exclude_all_flagged,2024-08-23,validation,lstm_56d_regularized,60,55.31850051879883,4.681499481201172
exclude_all_flagged,2024-08-24,validation,lstm_56d_regularized,60,55.25194549560547,4.748054504394531
exclude_all_flagged,2024-08-25,validation,lstm_56d_regularized,42,44.8829460144043,2.882946014404297
exclude_all_flagged,2024-08-26,validation,lstm_56d_regularized,52,41.43099594116211,10.56900405883789
exclude_all_flagged,2024-08-27,validation,lstm_56d_regularized,57,46.04722595214844,10.952774047851562
exclude_all_flagged,2024-08-28,validation,lstm_56d_regularized,60,49.76069259643555,10.239307403564453
exclude_all_flagged,2024-08-29,validation,lstm_56d_regularized,59,52.87141036987305,6.128589630126953
exclude_all_flagged,2024-08-30,validation,lstm_56d_regularized,49,60.0,11.0
exclude_all_flagged,2024-09-01,validation,lstm_56d_regularized,60,40.377655029296875,19.622344970703125
exclude_all_flagged,2024-09-02,validation,lstm_56d_regularized,38,38.4272575378418,0.4272575378417969
exclude_all_flagged,2024-09-03,validation,lstm_56d_regularized,33,39.63397216796875,6.63397216796875
exclude_all_flagged,2024-09-04,validation,lstm_56d_regularized,31,44.15985107421875,13.15985107421875
exclude_all_flagged,2024-09-05,validation,lstm_56d_regularized,36,46.49552917480469,10.495529174804688
exclude_all_flagged,2024-09-06,validation,lstm_56d_regularized,57,51.80080795288086,5.199192047119141
exclude_all_flagged,2024-09-07,validation,lstm_56d_regularized,59,54.29404067993164,4.705959320068359
exclude_all_flagged,2024-09-08,validation,lstm_56d_regularized,24,39.99502182006836,15.99502182006836
exclude_all_flagged,2024-09-09,validation,lstm_56d_regularized,29,38.944610595703125,9.944610595703125
exclude_all_flagged,2024-09-10,validation,lstm_56d_regularized,25,42.097068786621094,17.097068786621094
exclude_all_flagged,2024-09-11,validation,lstm_56d_regularized,22,44.898040771484375,22.898040771484375
exclude_all_flagged,2024-09-12,validation,lstm_56d_regularized,39,50.26675033569336,11.26675033569336
exclude_all_flagged,2024-09-13,validation,lstm_56d_regularized,59,59.8824462890625,0.8824462890625
exclude_all_flagged,2024-09-14,validation,lstm_56d_regularized,60,60.0,0.0
exclude_all_flagged,2024-09-15,validation,lstm_56d_regularized,29,35.253604888916016,6.253604888916016
exclude_all_flagged,2024-09-16,validation,lstm_56d_regularized,40,34.77334976196289,5.226650238037109
exclude_all_flagged,2024-09-17,validation,lstm_56d_regularized,49,38.54929733276367,10.450702667236328
exclude_all_flagged,2024-09-18,validation,lstm_56d_regularized,50,40.3798828125,9.6201171875
exclude_all_flagged,2024-09-19,validation,lstm_56d_regularized,54,47.72441864013672,6.275581359863281
exclude_all_flagged,2024-09-20,validation,lstm_56d_regularized,59,60.0,1.0
exclude_all_flagged,2024-09-21,validation,lstm_56d_regularized,59,59.35112762451172,0.35112762451171875
exclude_all_flagged,2024-09-22,validation,lstm_56d_regularized,36,33.63332748413086,2.3666725158691406
exclude_all_flagged,2024-09-23,validation,lstm_56d_regularized,42,40.35236740112305,1.6476325988769531
exclude_all_flagged,2024-09-24,validation,lstm_56d_regularized,55,42.2409782409668,12.759021759033203
exclude_all_flagged,2024-09-25,validation,lstm_56d_regularized,56,44.219852447509766,11.780147552490234
exclude_all_flagged,2024-09-26,validation,lstm_56d_regularized,56,49.33774948120117,6.662250518798828
exclude_all_flagged,2024-09-27,validation,lstm_56d_regularized,59,56.14480209350586,2.8551979064941406
exclude_all_flagged,2024-09-28,validation,lstm_56d_regularized,57,54.40195846557617,2.598041534423828
exclude_all_flagged,2024-09-29,validation,lstm_56d_regularized,38,38.0587272644043,0.058727264404296875
exclude_all_flagged,2024-09-30,validation,lstm_56d_regularized,30,44.987632751464844,14.987632751464844
exclude_all_flagged,2024-10-01,validation,lstm_56d_regularized,14,40.34362030029297,26.34362030029297
exclude_all_flagged,2024-10-02,validation,lstm_56d_regularized,11,41.757415771484375,30.757415771484375
exclude_all_flagged,2024-10-03,validation,lstm_56d_regularized,39,48.73568344116211,9.73568344116211
exclude_all_flagged,2024-10-04,validation,lstm_56d_regularized,60,59.705074310302734,0.2949256896972656
exclude_all_flagged,2024-10-05,validation,lstm_56d_regularized,58,56.496055603027344,1.5039443969726562
exclude_all_flagged,2024-10-06,validation,lstm_56d_regularized,25,33.76608657836914,8.76608657836914
exclude_all_flagged,2024-10-07,validation,lstm_56d_regularized,22,33.74236297607422,11.742362976074219
exclude_all_flagged,2024-10-08,validation,lstm_56d_regularized,30,36.198997497558594,6.198997497558594
exclude_all_flagged,2024-10-09,validation,lstm_56d_regularized,38,41.40937805175781,3.4093780517578125
exclude_all_flagged,2024-10-10,validation,lstm_56d_regularized,59,53.85712432861328,5.142875671386719
exclude_all_flagged,2024-10-11,validation,lstm_56d_regularized,60,60.0,0.0
exclude_all_flagged,2024-10-12,validation,lstm_56d_regularized,60,58.82246017456055,1.1775398254394531
exclude_all_flagged,2024-10-13,validation,lstm_56d_regularized,60,32.94054412841797,27.05945587158203
exclude_all_flagged,2024-10-14,validation,lstm_56d_regularized,18,32.73018264770508,14.730182647705078
exclude_all_flagged,2024-10-15,validation,lstm_56d_regularized,24,33.818294525146484,9.818294525146484
exclude_all_flagged,2024-10-16,validation,lstm_56d_regularized,34,36.303009033203125,2.303009033203125
exclude_all_flagged,2024-10-17,validation,lstm_56d_regularized,51,46.74805450439453,4.251945495605469
exclude_all_flagged,2024-10-18,validation,lstm_56d_regularized,60,55.67403793334961,4.325962066650391
exclude_all_flagged,2024-10-19,validation,lstm_56d_regularized,60,53.20147705078125,6.79852294921875
exclude_all_flagged,2024-10-20,validation,lstm_56d_regularized,44,37.92536544799805,6.074634552001953
exclude_all_flagged,2024-10-21,validation,lstm_56d_regularized,31,32.256629943847656,1.2566299438476562
exclude_all_flagged,2024-10-22,validation,lstm_56d_regularized,37,37.534019470214844,0.5340194702148438
exclude_all_flagged,2024-10-23,validation,lstm_56d_regularized,51,41.96261978149414,9.03738021850586
exclude_all_flagged,2024-10-24,validation,lstm_56d_regularized,58,49.40895080566406,8.591049194335938
exclude_all_flagged,2024-10-25,validation,lstm_56d_regularized,59,54.354896545410156,4.645103454589844
exclude_all_flagged,2024-10-26,validation,lstm_56d_regularized,59,52.35968780517578,6.640312194824219
exclude_all_flagged,2024-10-27,validation,lstm_56d_regularized,59,41.12417221069336,17.87582778930664
exclude_all_flagged,2024-10-28,validation,lstm_56d_regularized,21,38.11676025390625,17.11676025390625
exclude_all_flagged,2024-10-29,validation,lstm_56d_regularized,23,39.931968688964844,16.931968688964844
exclude_all_flagged,2024-10-30,validation,lstm_56d_regularized,26,42.57981872558594,16.579818725585938
exclude_all_flagged,2024-10-31,validation,lstm_56d_regularized,40,43.97566223144531,3.9756622314453125
exclude_all_flagged,2024-11-01,validation,lstm_56d_regularized,60,58.546485900878906,1.4535140991210938
exclude_all_flagged,2024-11-02,validation,lstm_56d_regularized,60,54.02443313598633,5.975566864013672
exclude_all_flagged,2024-11-03,validation,lstm_56d_regularized,26,42.82154083251953,16.82154083251953
exclude_all_flagged,2024-11-04,validation,lstm_56d_regularized,16,37.89101791381836,21.89101791381836
exclude_all_flagged,2024-11-05,validation,lstm_56d_regularized,16,36.97566604614258,20.975666046142578
exclude_all_flagged,2024-11-06,validation,lstm_56d_regularized,29,42.72457504272461,13.72457504272461
exclude_all_flagged,2024-11-07,validation,lstm_56d_regularized,47,52.27118682861328,5.271186828613281
exclude_all_flagged,2024-11-08,validation,lstm_56d_regularized,59,60.0,1.0
exclude_all_flagged,2024-11-09,validation,lstm_56d_regularized,60,59.79218292236328,0.20781707763671875
exclude_all_flagged,2024-11-10,validation,lstm_56d_regularized,60,45.73197937011719,14.268020629882812
exclude_all_flagged,2024-11-11,validation,lstm_56d_regularized,38,37.672176361083984,0.3278236389160156
exclude_all_flagged,2024-11-12,validation,lstm_56d_regularized,54,38.52358627319336,15.47641372680664
exclude_all_flagged,2024-11-13,validation,lstm_56d_regularized,36,41.951377868652344,5.951377868652344
exclude_all_flagged,2024-11-14,validation,lstm_56d_regularized,53,45.8701286315918,7.129871368408203
exclude_all_flagged,2024-11-15,validation,lstm_56d_regularized,60,52.22697448730469,7.7730255126953125
exclude_all_flagged,2024-11-16,validation,lstm_56d_regularized,60,53.31761169433594,6.6823883056640625
exclude_all_flagged,2024-11-17,validation,lstm_56d_regularized,15,42.33405685424805,27.334056854248047
exclude_all_flagged,2024-11-18,validation,lstm_56d_regularized,12,38.617130279541016,26.617130279541016
exclude_all_flagged,2024-11-19,validation,lstm_56d_regularized,23,37.57370376586914,14.57370376586914
exclude_all_flagged,2024-11-20,validation,lstm_56d_regularized,34,38.06725311279297,4.067253112792969
exclude_all_flagged,2024-11-21,validation,lstm_56d_regularized,29,45.11119842529297,16.11119842529297
exclude_all_flagged,2024-11-22,validation,lstm_56d_regularized,50,53.87071990966797,3.8707199096679688
exclude_all_flagged,2024-11-23,validation,lstm_56d_regularized,56,54.02851104736328,1.9714889526367188
exclude_all_flagged,2024-11-24,validation,lstm_56d_regularized,25,42.57491683959961,17.57491683959961
exclude_all_flagged,2024-11-25,validation,lstm_56d_regularized,25,39.96935272216797,14.969352722167969
exclude_all_flagged,2024-11-26,validation,lstm_56d_regularized,23,44.43989181518555,21.439891815185547
exclude_all_flagged,2024-11-27,validation,lstm_56d_regularized,43,46.70579147338867,3.705791473388672
exclude_all_flagged,2024-11-28,validation,lstm_56d_regularized,58,51.123470306396484,6.876529693603516
exclude_all_flagged,2024-11-29,validation,lstm_56d_regularized,59,56.16841506958008,2.831584930419922
exclude_all_flagged,2024-11-30,validation,lstm_56d_regularized,59,53.434078216552734,5.565921783447266
exclude_all_flagged,2024-12-01,validation,lstm_56d_regularized,28,36.943756103515625,8.943756103515625
exclude_all_flagged,2024-12-02,validation,lstm_56d_regularized,22,34.91935729980469,12.919357299804688
exclude_all_flagged,2024-12-03,validation,lstm_56d_regularized,34,33.9240837097168,0.07591629028320312
exclude_all_flagged,2024-12-04,validation,lstm_56d_regularized,38,38.57464599609375,0.57464599609375
exclude_all_flagged,2024-12-05,validation,lstm_56d_regularized,29,44.103240966796875,15.103240966796875
exclude_all_flagged,2024-12-06,validation,lstm_56d_regularized,60,53.70869064331055,6.291309356689453
exclude_all_flagged,2024-12-07,validation,lstm_56d_regularized,60,59.791629791259766,0.20837020874023438
exclude_all_flagged,2024-12-08,validation,lstm_56d_regularized,27,38.80668258666992,11.806682586669922
exclude_all_flagged,2024-12-09,validation,lstm_56d_regularized,24,34.164424896240234,10.164424896240234
exclude_all_flagged,2024-12-10,validation,lstm_56d_regularized,26,34.951904296875,8.951904296875
exclude_all_flagged,2024-12-11,validation,lstm_56d_regularized,32,39.01487731933594,7.0148773193359375
exclude_all_flagged,2024-12-12,validation,lstm_56d_regularized,29,44.237762451171875,15.237762451171875
exclude_all_flagged,2024-12-13,validation,lstm_56d_regularized,47,53.11646270751953,6.116462707519531
exclude_all_flagged,2024-12-14,validation,lstm_56d_regularized,58,57.38602066040039,0.6139793395996094
exclude_all_flagged,2024-12-15,validation,lstm_56d_regularized,34,29.838706970214844,4.161293029785156
exclude_all_flagged,2024-12-16,validation,lstm_56d_regularized,23,32.42582702636719,9.425827026367188
exclude_all_flagged,2024-12-17,validation,lstm_56d_regularized,26,36.399288177490234,10.399288177490234
exclude_all_flagged,2024-12-18,validation,lstm_56d_regularized,32,38.30897521972656,6.3089752197265625
exclude_all_flagged,2024-12-19,validation,lstm_56d_regularized,25,39.07692337036133,14.076923370361328
exclude_all_flagged,2024-12-20,validation,lstm_56d_regularized,52,45.85321044921875,6.14678955078125
exclude_all_flagged,2024-12-21,validation,lstm_56d_regularized,59,51.39716720581055,7.602832794189453
exclude_all_flagged,2024-12-22,validation,lstm_56d_regularized,31,33.09507751464844,2.0950775146484375
exclude_all_flagged,2024-12-23,validation,lstm_56d_regularized,35,26.564348220825195,8.435651779174805
exclude_all_flagged,2024-12-24,validation,lstm_56d_regularized,45,27.41353416442871,17.58646583557129
exclude_all_flagged,2024-12-25,validation,lstm_56d_regularized,40,33.597923278808594,6.402076721191406
exclude_all_flagged,2024-12-26,validation,lstm_56d_regularized,48,36.89328384399414,11.10671615600586
exclude_all_flagged,2024-12-27,validation,lstm_56d_regularized,56,43.48996353149414,12.51003646850586
exclude_all_flagged,2024-12-28,validation,lstm_56d_regularized,58,47.351322174072266,10.648677825927734
exclude_all_flagged,2024-12-29,validation,lstm_56d_regularized,39,31.702091217041016,7.297908782958984
exclude_all_flagged,2024-12-30,validation,lstm_56d_regularized,39,26.243539810180664,12.756460189819336
exclude_all_flagged,2024-12-31,validation,lstm_56d_regularized,50,41.395790100097656,8.604209899902344
exclude_all_flagged,2025-01-01,test,lstm_56d_regularized,11,29.799734115600586,18.799734115600586
exclude_all_flagged,2025-01-02,test,lstm_56d_regularized,15,26.583049774169922,11.583049774169922
exclude_all_flagged,2025-01-03,test,lstm_56d_regularized,17,35.53266525268555,18.532665252685547
exclude_all_flagged,2025-01-04,test,lstm_56d_regularized,22,47.309139251708984,25.309139251708984
exclude_all_flagged,2025-01-16,test,lstm_56d_regularized,1,43.470394134521484,42.470394134521484
exclude_all_flagged,2025-01-17,test,lstm_56d_regularized,23,44.51333999633789,21.51333999633789
exclude_all_flagged,2025-01-18,test,lstm_56d_regularized,44,45.1139030456543,1.1139030456542969
exclude_all_flagged,2025-01-19,test,lstm_56d_regularized,13,42.668025970458984,29.668025970458984
exclude_all_flagged,2025-01-20,test,lstm_56d_regularized,5,40.581626892089844,35.581626892089844
exclude_all_flagged,2025-01-21,test,lstm_56d_regularized,2,40.05620574951172,38.05620574951172
exclude_all_flagged,2025-01-22,test,lstm_56d_regularized,13,39.84465789794922,26.84465789794922
exclude_all_flagged,2025-01-23,test,lstm_56d_regularized,14,39.95380401611328,25.95380401611328
exclude_all_flagged,2025-01-24,test,lstm_56d_regularized,56,39.727359771728516,16.272640228271484
exclude_all_flagged,2025-01-25,test,lstm_56d_regularized,58,41.85172653198242,16.148273468017578
exclude_all_flagged,2025-01-26,test,lstm_56d_regularized,20,40.454376220703125,20.454376220703125
exclude_all_flagged,2025-01-27,test,lstm_56d_regularized,17,35.37651824951172,18.37651824951172
exclude_all_flagged,2025-01-28,test,lstm_56d_regularized,21,36.360931396484375,15.360931396484375
exclude_all_flagged,2025-01-29,test,lstm_56d_regularized,25,33.9642333984375,8.9642333984375
exclude_all_flagged,2025-01-30,test,lstm_56d_regularized,28,32.91521072387695,4.915210723876953
exclude_all_flagged,2025-01-31,test,lstm_56d_regularized,53,33.30503463745117,19.694965362548828
exclude_all_flagged,2025-02-01,test,lstm_56d_regularized,59,38.511051177978516,20.488948822021484
exclude_all_flagged,2025-02-02,test,lstm_56d_regularized,19,33.118614196777344,14.118614196777344
exclude_all_flagged,2025-02-03,test,lstm_56d_regularized,23,24.96567153930664,1.9656715393066406
exclude_all_flagged,2025-02-04,test,lstm_56d_regularized,25,26.546491622924805,1.5464916229248047
exclude_all_flagged,2025-02-05,test,lstm_56d_regularized,25,28.58022117614746,3.580221176147461
exclude_all_flagged,2025-02-06,test,lstm_56d_regularized,26,29.624895095825195,3.6248950958251953
exclude_all_flagged,2025-02-07,test,lstm_56d_regularized,31,32.98688507080078,1.9868850708007812
exclude_all_flagged,2025-02-08,test,lstm_56d_regularized,46,38.8892707824707,7.110729217529297
exclude_all_flagged,2025-02-09,test,lstm_56d_regularized,13,34.165767669677734,21.165767669677734
exclude_all_flagged,2025-02-10,test,lstm_56d_regularized,16,28.60352897644043,12.60352897644043
exclude_all_flagged,2025-02-11,test,lstm_56d_regularized,21,30.630342483520508,9.630342483520508
exclude_all_flagged,2025-02-12,test,lstm_56d_regularized,21,32.071144104003906,11.071144104003906
exclude_all_flagged,2025-02-13,test,lstm_56d_regularized,25,33.44051742553711,8.44051742553711
exclude_all_flagged,2025-02-14,test,lstm_56d_regularized,60,37.20923614501953,22.79076385498047
exclude_all_flagged,2025-02-15,test,lstm_56d_regularized,54,47.36717987060547,6.632820129394531
exclude_all_flagged,2025-02-16,test,lstm_56d_regularized,31,31.915088653564453,0.9150886535644531
exclude_all_flagged,2025-02-17,test,lstm_56d_regularized,20,28.8265380859375,8.8265380859375
exclude_all_flagged,2025-02-18,test,lstm_56d_regularized,31,29.13062858581543,1.8693714141845703
exclude_all_flagged,2025-02-19,test,lstm_56d_regularized,37,29.787992477416992,7.212007522583008
exclude_all_flagged,2025-02-20,test,lstm_56d_regularized,44,32.0589485168457,11.941051483154297
exclude_all_flagged,2025-02-21,test,lstm_56d_regularized,59,42.83290481567383,16.167095184326172
exclude_all_flagged,2025-02-22,test,lstm_56d_regularized,59,48.0235481262207,10.976451873779297
exclude_all_flagged,2025-02-23,test,lstm_56d_regularized,11,32.79267501831055,21.792675018310547
exclude_all_flagged,2025-02-24,test,lstm_56d_regularized,29,27.815553665161133,1.1844463348388672
exclude_all_flagged,2025-02-25,test,lstm_56d_regularized,22,30.274303436279297,8.274303436279297
exclude_all_flagged,2025-02-26,test,lstm_56d_regularized,35,33.40715408325195,1.5928459167480469
exclude_all_flagged,2025-02-27,test,lstm_56d_regularized,32,37.002323150634766,5.002323150634766
exclude_all_flagged,2025-02-28,test,lstm_56d_regularized,53,44.28725051879883,8.712749481201172
exclude_all_flagged,2025-03-01,test,lstm_56d_regularized,58,53.38565444946289,4.614345550537109
exclude_all_flagged,2025-03-02,test,lstm_56d_regularized,11,31.89333152770996,20.89333152770996
exclude_all_flagged,2025-03-03,test,lstm_56d_regularized,35,31.450353622436523,3.5496463775634766
exclude_all_flagged,2025-03-04,test,lstm_56d_regularized,35,34.638179779052734,0.3618202209472656
exclude_all_flagged,2025-03-05,test,lstm_56d_regularized,39,38.52111053466797,0.47888946533203125
exclude_all_flagged,2025-03-06,test,lstm_56d_regularized,35,41.159053802490234,6.159053802490234
exclude_all_flagged,2025-03-07,test,lstm_56d_regularized,60,46.41096496582031,13.589035034179688
exclude_all_flagged,2025-03-08,test,lstm_56d_regularized,59,50.57179641723633,8.428203582763672
exclude_all_flagged,2025-03-09,test,lstm_56d_regularized,20,26.11478614807129,6.114786148071289
exclude_all_flagged,2025-03-10,test,lstm_56d_regularized,32,31.401344299316406,0.5986557006835938
exclude_all_flagged,2025-03-11,test,lstm_56d_regularized,31,31.566402435302734,0.5664024353027344
exclude_all_flagged,2025-03-12,test,lstm_56d_regularized,37,34.29680633544922,2.7031936645507812
exclude_all_flagged,2025-03-13,test,lstm_56d_regularized,42,37.9335823059082,4.066417694091797
exclude_all_flagged,2025-03-14,test,lstm_56d_regularized,58,50.16181564331055,7.838184356689453
exclude_all_flagged,2025-03-15,test,lstm_56d_regularized,59,53.82853698730469,5.1714630126953125
exclude_all_flagged,2025-03-16,test,lstm_56d_regularized,34,27.17391014099121,6.826089859008789
exclude_all_flagged,2025-03-17,test,lstm_56d_regularized,31,27.747682571411133,3.252317428588867
exclude_all_flagged,2025-03-18,test,lstm_56d_regularized,32,29.551738739013672,2.448261260986328
exclude_all_flagged,2025-03-19,test,lstm_56d_regularized,24,34.583030700683594,10.583030700683594
exclude_all_flagged,2025-03-20,test,lstm_56d_regularized,49,38.6344108581543,10.365589141845703
exclude_all_flagged,2025-03-21,test,lstm_56d_regularized,58,49.389678955078125,8.610321044921875
exclude_all_flagged,2025-03-22,test,lstm_56d_regularized,60,51.121009826660156,8.878990173339844
exclude_all_flagged,2025-03-23,test,lstm_56d_regularized,30,25.0887451171875,4.9112548828125
exclude_all_flagged,2025-03-24,test,lstm_56d_regularized,30,27.450393676757812,2.5496063232421875
exclude_all_flagged,2025-03-25,test,lstm_56d_regularized,30,26.9603214263916,3.0396785736083984
exclude_all_flagged,2025-03-26,test,lstm_56d_regularized,35,29.322439193725586,5.677560806274414
exclude_all_flagged,2025-03-27,test,lstm_56d_regularized,43,35.582847595214844,7.417152404785156
exclude_all_flagged,2025-03-28,test,lstm_56d_regularized,58,47.027896881103516,10.972103118896484
exclude_all_flagged,2025-03-29,test,lstm_56d_regularized,58,50.90883255004883,7.091167449951172
exclude_all_flagged,2025-03-30,test,lstm_56d_regularized,40,24.96353530883789,15.03646469116211
exclude_all_flagged,2025-03-31,test,lstm_56d_regularized,33,37.484066009521484,4.484066009521484
exclude_all_flagged,2025-04-01,test,lstm_56d_regularized,23,24.661090850830078,1.6610908508300781
exclude_all_flagged,2025-04-02,test,lstm_56d_regularized,24,27.552492141723633,3.552492141723633
exclude_all_flagged,2025-04-03,test,lstm_56d_regularized,33,34.345855712890625,1.345855712890625
exclude_all_flagged,2025-04-04,test,lstm_56d_regularized,59,51.27326965332031,7.7267303466796875
exclude_all_flagged,2025-04-05,test,lstm_56d_regularized,59,56.19990539550781,2.8000946044921875
exclude_all_flagged,2025-04-06,test,lstm_56d_regularized,36,29.0841121673584,6.915887832641602
exclude_all_flagged,2025-04-07,test,lstm_56d_regularized,19,29.155319213867188,10.155319213867188
exclude_all_flagged,2025-04-08,test,lstm_56d_regularized,23,25.271665573120117,2.271665573120117
exclude_all_flagged,2025-04-09,test,lstm_56d_regularized,28,28.446382522583008,0.4463825225830078
exclude_all_flagged,2025-04-10,test,lstm_56d_regularized,50,35.15771484375,14.84228515625
exclude_all_flagged,2025-04-11,test,lstm_56d_regularized,59,49.74563980102539,9.25436019897461
exclude_all_flagged,2025-04-12,test,lstm_56d_regularized,59,52.98169708251953,6.018302917480469
exclude_all_flagged,2025-04-13,test,lstm_56d_regularized,32,33.455413818359375,1.455413818359375
exclude_all_flagged,2025-04-14,test,lstm_56d_regularized,39,29.149900436401367,9.850099563598633
exclude_all_flagged,2025-04-15,test,lstm_56d_regularized,33,29.404129028320312,3.5958709716796875
exclude_all_flagged,2025-04-16,test,lstm_56d_regularized,34,31.11737823486328,2.8826217651367188
exclude_all_flagged,2025-04-17,test,lstm_56d_regularized,43,41.88393020629883,1.1160697937011719
exclude_all_flagged,2025-04-18,test,lstm_56d_regularized,60,55.795352935791016,4.204647064208984
exclude_all_flagged,2025-04-19,test,lstm_56d_regularized,59,58.032283782958984,0.9677162170410156
exclude_all_flagged,2025-04-20,test,lstm_56d_regularized,27,34.19375991821289,7.193759918212891
exclude_all_flagged,2025-04-21,test,lstm_56d_regularized,39,34.24135208129883,4.758647918701172
exclude_all_flagged,2025-04-22,test,lstm_56d_regularized,44,33.53034591674805,10.469654083251953
exclude_all_flagged,2025-04-23,test,lstm_56d_regularized,36,37.01642990112305,1.0164299011230469
exclude_all_flagged,2025-04-24,test,lstm_56d_regularized,50,42.134559631347656,7.865440368652344
exclude_all_flagged,2025-04-25,test,lstm_56d_regularized,55,53.35515594482422,1.6448440551757812
exclude_all_flagged,2025-04-26,test,lstm_56d_regularized,59,54.41336441040039,4.586635589599609
exclude_all_flagged,2025-04-27,test,lstm_56d_regularized,21,35.995094299316406,14.995094299316406
exclude_all_flagged,2025-04-28,test,lstm_56d_regularized,30,40.58201217651367,10.582012176513672
exclude_all_flagged,2025-04-29,test,lstm_56d_regularized,35,39.166717529296875,4.166717529296875
exclude_all_flagged,2025-04-30,test,lstm_56d_regularized,29,35.56108093261719,6.5610809326171875
exclude_all_flagged,2025-05-01,test,lstm_56d_regularized,30,40.606109619140625,10.606109619140625
exclude_all_flagged,2025-05-02,test,lstm_56d_regularized,58,57.61577224731445,0.3842277526855469
exclude_all_flagged,2025-05-03,test,lstm_56d_regularized,59,57.70690155029297,1.2930984497070312
exclude_all_flagged,2025-05-04,test,lstm_56d_regularized,19,26.918411254882812,7.9184112548828125
exclude_all_flagged,2025-05-05,test,lstm_56d_regularized,8,27.710023880004883,19.710023880004883
exclude_all_flagged,2025-05-06,test,lstm_56d_regularized,13,29.34139633178711,16.34139633178711
exclude_all_flagged,2025-05-07,test,lstm_56d_regularized,43,32.6850471496582,10.314952850341797
exclude_all_flagged,2025-05-08,test,lstm_56d_regularized,54,43.15824508666992,10.841754913330078
exclude_all_flagged,2025-05-09,test,lstm_56d_regularized,60,53.22588348388672,6.774116516113281
exclude_all_flagged,2025-05-10,test,lstm_56d_regularized,59,53.10712432861328,5.892875671386719
exclude_all_flagged,2025-05-11,test,lstm_56d_regularized,15,27.115915298461914,12.115915298461914
exclude_all_flagged,2025-05-12,test,lstm_56d_regularized,34,27.109331130981445,6.890668869018555
exclude_all_flagged,2025-05-13,test,lstm_56d_regularized,44,26.616500854492188,17.383499145507812
exclude_all_flagged,2025-05-14,test,lstm_56d_regularized,56,30.648202896118164,25.351797103881836
exclude_all_flagged,2025-05-15,test,lstm_56d_regularized,50,40.683414459228516,9.316585540771484
exclude_all_flagged,2025-05-16,test,lstm_56d_regularized,59,53.64906692504883,5.350933074951172
exclude_all_flagged,2025-05-17,test,lstm_56d_regularized,58,49.4965934753418,8.503406524658203
exclude_all_flagged,2025-05-18,test,lstm_56d_regularized,36,29.040193557739258,6.959806442260742
exclude_all_flagged,2025-05-19,test,lstm_56d_regularized,22,32.96118927001953,10.961189270019531
exclude_all_flagged,2025-05-20,test,lstm_56d_regularized,26,34.20534133911133,8.205341339111328
exclude_all_flagged,2025-05-21,test,lstm_56d_regularized,22,37.33830642700195,15.338306427001953
exclude_all_flagged,2025-05-22,test,lstm_56d_regularized,20,41.69315719604492,21.693157196044922
exclude_all_flagged,2025-05-23,test,lstm_56d_regularized,56,45.05613327026367,10.943866729736328
exclude_all_flagged,2025-05-24,test,lstm_56d_regularized,57,50.545475006103516,6.454524993896484
exclude_all_flagged,2025-05-25,test,lstm_56d_regularized,52,32.498416900634766,19.501583099365234
exclude_all_flagged,2025-05-26,test,lstm_56d_regularized,9,31.216581344604492,22.216581344604492
exclude_all_flagged,2025-05-27,test,lstm_56d_regularized,9,29.90216064453125,20.90216064453125
exclude_all_flagged,2025-05-28,test,lstm_56d_regularized,17,29.081438064575195,12.081438064575195
exclude_all_flagged,2025-05-29,test,lstm_56d_regularized,37,30.625158309936523,6.374841690063477
exclude_all_flagged,2025-05-30,test,lstm_56d_regularized,54,40.89533615112305,13.104663848876953
exclude_all_flagged,2025-05-31,test,lstm_56d_regularized,58,49.610252380371094,8.389747619628906
exclude_all_flagged,2025-06-01,test,lstm_56d_regularized,45,36.561737060546875,8.438262939453125
exclude_all_flagged,2025-06-02,test,lstm_56d_regularized,25,28.47239112854004,3.472391128540039
exclude_all_flagged,2025-06-03,test,lstm_56d_regularized,25,28.079004287719727,3.0790042877197266
exclude_all_flagged,2025-06-04,test,lstm_56d_regularized,39,34.88448715209961,4.115512847900391
exclude_all_flagged,2025-06-05,test,lstm_56d_regularized,34,41.534934997558594,7.534934997558594
exclude_all_flagged,2025-06-06,test,lstm_56d_regularized,58,49.96661376953125,8.03338623046875
exclude_all_flagged,2025-06-07,test,lstm_56d_regularized,57,52.8985481262207,4.101451873779297
exclude_all_flagged,2025-06-08,test,lstm_56d_regularized,29,33.99750900268555,4.997509002685547
exclude_all_flagged,2025-06-09,test,lstm_56d_regularized,34,32.92304611206055,1.0769538879394531
exclude_all_flagged,2025-06-10,test,lstm_56d_regularized,48,34.94032287597656,13.059677124023438
exclude_all_flagged,2025-06-11,test,lstm_56d_regularized,39,38.6194953918457,0.3805046081542969
exclude_all_flagged,2025-06-12,test,lstm_56d_regularized,44,41.03975296020508,2.960247039794922
exclude_all_flagged,2025-06-13,test,lstm_56d_regularized,60,49.30215072631836,10.69784927368164
exclude_all_flagged,2025-06-14,test,lstm_56d_regularized,59,54.64938735961914,4.350612640380859
exclude_all_flagged,2025-06-15,test,lstm_56d_regularized,16,37.23459243774414,21.23459243774414
exclude_all_flagged,2025-06-16,test,lstm_56d_regularized,10,36.077884674072266,26.077884674072266
exclude_all_flagged,2025-06-17,test,lstm_56d_regularized,22,35.84298324584961,13.84298324584961
exclude_all_flagged,2025-06-18,test,lstm_56d_regularized,13,38.13908386230469,25.139083862304688
exclude_all_flagged,2025-06-19,test,lstm_56d_regularized,31,38.2093505859375,7.2093505859375
exclude_all_flagged,2025-06-20,test,lstm_56d_regularized,60,57.049102783203125,2.950897216796875
exclude_all_flagged,2025-06-21,test,lstm_56d_regularized,57,58.585968017578125,1.585968017578125
exclude_all_flagged,2025-06-22,test,lstm_56d_regularized,19,33.65989303588867,14.659893035888672
exclude_all_flagged,2025-06-23,test,lstm_56d_regularized,19,27.250707626342773,8.250707626342773
exclude_all_flagged,2025-06-24,test,lstm_56d_regularized,34,26.076841354370117,7.923158645629883
exclude_all_flagged,2025-06-25,test,lstm_56d_regularized,36,29.76889419555664,6.231105804443359
exclude_all_flagged,2025-06-26,test,lstm_56d_regularized,31,40.02689743041992,9.026897430419922
exclude_all_flagged,2025-06-27,test,lstm_56d_regularized,59,52.72577667236328,6.274223327636719
exclude_all_flagged,2025-06-28,test,lstm_56d_regularized,59,57.573699951171875,1.426300048828125
exclude_all_flagged,2025-06-29,test,lstm_56d_regularized,32,29.278926849365234,2.7210731506347656
exclude_all_flagged,2025-06-30,test,lstm_56d_regularized,25,28.963228225708008,3.963228225708008
exclude_all_flagged,2025-07-01,test,lstm_56d_regularized,29,30.235855102539062,1.2358551025390625
exclude_all_flagged,2025-07-02,test,lstm_56d_regularized,23,32.78278350830078,9.782783508300781
exclude_all_flagged,2025-07-03,test,lstm_56d_regularized,30,35.680694580078125,5.680694580078125
exclude_all_flagged,2025-07-04,test,lstm_56d_regularized,57,48.82861328125,8.17138671875
exclude_all_flagged,2025-07-05,test,lstm_56d_regularized,59,60.0,1.0
exclude_all_flagged,2025-07-06,test,lstm_56d_regularized,32,32.05780792236328,0.05780792236328125
exclude_all_flagged,2025-07-07,test,lstm_56d_regularized,23,32.878509521484375,9.878509521484375
exclude_all_flagged,2025-07-08,test,lstm_56d_regularized,39,35.85624694824219,3.1437530517578125
exclude_all_flagged,2025-07-09,test,lstm_56d_regularized,44,38.96329879760742,5.036701202392578
exclude_all_flagged,2025-07-10,test,lstm_56d_regularized,45,45.16314697265625,0.16314697265625
exclude_all_flagged,2025-07-11,test,lstm_56d_regularized,60,55.659732818603516,4.340267181396484
exclude_all_flagged,2025-07-12,test,lstm_56d_regularized,59,56.496219635009766,2.5037803649902344
exclude_all_flagged,2025-07-13,test,lstm_56d_regularized,30,33.30103302001953,3.3010330200195312
exclude_all_flagged,2025-07-14,test,lstm_56d_regularized,29,33.11095428466797,4.110954284667969
exclude_all_flagged,2025-07-15,test,lstm_56d_regularized,30,35.44031524658203,5.440315246582031
exclude_all_flagged,2025-07-16,test,lstm_56d_regularized,26,38.915470123291016,12.915470123291016
exclude_all_flagged,2025-07-17,test,lstm_56d_regularized,36,41.868072509765625,5.868072509765625
exclude_all_flagged,2025-07-18,test,lstm_56d_regularized,60,53.533782958984375,6.466217041015625
exclude_all_flagged,2025-07-19,test,lstm_56d_regularized,60,58.0816650390625,1.9183349609375
exclude_all_flagged,2025-07-20,test,lstm_56d_regularized,37,31.080812454223633,5.919187545776367
exclude_all_flagged,2025-07-21,test,lstm_56d_regularized,43,33.34162139892578,9.658378601074219
exclude_all_flagged,2025-07-22,test,lstm_56d_regularized,27,37.40310287475586,10.40310287475586
exclude_all_flagged,2025-07-23,test,lstm_56d_regularized,32,42.0994758605957,10.099475860595703
exclude_all_flagged,2025-07-24,test,lstm_56d_regularized,42,47.24650955200195,5.246509552001953
exclude_all_flagged,2025-07-25,test,lstm_56d_regularized,58,59.82022476196289,1.8202247619628906
exclude_all_flagged,2025-07-26,test,lstm_56d_regularized,60,60.0,0.0
exclude_all_flagged,2025-07-27,test,lstm_56d_regularized,29,34.20152282714844,5.2015228271484375
exclude_all_flagged,2025-07-28,test,lstm_56d_regularized,27,39.20906066894531,12.209060668945312
exclude_all_flagged,2025-07-29,test,lstm_56d_regularized,28,39.95085144042969,11.950851440429688
exclude_all_flagged,2025-07-30,test,lstm_56d_regularized,25,40.783180236816406,15.783180236816406
exclude_all_flagged,2025-07-31,test,lstm_56d_regularized,38,39.229217529296875,1.229217529296875
exclude_all_flagged,2025-08-01,test,lstm_56d_regularized,57,55.85098648071289,1.1490135192871094
exclude_all_flagged,2025-08-02,test,lstm_56d_regularized,59,58.098663330078125,0.901336669921875
exclude_all_flagged,2025-08-03,test,lstm_56d_regularized,18,30.008773803710938,12.008773803710938
exclude_all_flagged,2025-08-04,test,lstm_56d_regularized,21,34.14455032348633,13.144550323486328
exclude_all_flagged,2025-08-05,test,lstm_56d_regularized,18,34.240787506103516,16.240787506103516
exclude_all_flagged,2025-08-06,test,lstm_56d_regularized,18,35.742881774902344,17.742881774902344
exclude_all_flagged,2025-08-07,test,lstm_56d_regularized,19,41.119773864746094,22.119773864746094
exclude_all_flagged,2025-08-08,test,lstm_56d_regularized,52,51.246192932128906,0.7538070678710938
exclude_all_flagged,2025-08-09,test,lstm_56d_regularized,57,59.781288146972656,2.7812881469726562
exclude_all_flagged,2025-08-10,test,lstm_56d_regularized,42,28.973548889160156,13.026451110839844
exclude_all_flagged,2025-08-11,test,lstm_56d_regularized,22,32.02562713623047,10.025627136230469
exclude_all_flagged,2025-08-12,test,lstm_56d_regularized,36,31.38607406616211,4.613925933837891
exclude_all_flagged,2025-08-13,test,lstm_56d_regularized,39,35.2172737121582,3.782726287841797
exclude_all_flagged,2025-08-14,test,lstm_56d_regularized,46,39.706642150878906,6.293357849121094
exclude_all_flagged,2025-08-15,test,lstm_56d_regularized,60,53.7408561706543,6.259143829345703
exclude_all_flagged,2025-08-16,test,lstm_56d_regularized,59,55.0938720703125,3.9061279296875
exclude_all_flagged,2025-08-17,test,lstm_56d_regularized,26,34.14470672607422,8.144706726074219
exclude_all_flagged,2025-08-18,test,lstm_56d_regularized,36,36.59785461425781,0.5978546142578125
exclude_all_flagged,2025-08-19,test,lstm_56d_regularized,24,38.27568817138672,14.275688171386719
exclude_all_flagged,2025-08-20,test,lstm_56d_regularized,32,39.69651412963867,7.696514129638672
exclude_all_flagged,2025-08-21,test,lstm_56d_regularized,42,42.64614486694336,0.6461448669433594
exclude_all_flagged,2025-08-22,test,lstm_56d_regularized,60,52.73627853393555,7.263721466064453
exclude_all_flagged,2025-08-23,test,lstm_56d_regularized,59,55.013145446777344,3.9868545532226562
exclude_all_flagged,2025-08-24,test,lstm_56d_regularized,48,35.22071075439453,12.779289245605469
exclude_all_flagged,2025-08-25,test,lstm_56d_regularized,55,38.57148361206055,16.428516387939453
exclude_all_flagged,2025-08-26,test,lstm_56d_regularized,59,41.149940490722656,17.850059509277344
exclude_all_flagged,2025-08-27,test,lstm_56d_regularized,60,45.37503433227539,14.62496566772461
exclude_all_flagged,2025-08-28,test,lstm_56d_regularized,60,49.3441162109375,10.6558837890625
exclude_all_flagged,2025-08-29,test,lstm_56d_regularized,57,55.44618606567383,1.5538139343261719
exclude_all_flagged,2025-08-30,test,lstm_56d_regularized,59,49.78301239013672,9.216987609863281
exclude_all_flagged,2025-08-31,test,lstm_56d_regularized,59,37.13535690307617,21.864643096923828
exclude_all_flagged,2025-09-01,test,lstm_56d_regularized,25,40.3660888671875,15.3660888671875
exclude_all_flagged,2025-09-02,test,lstm_56d_regularized,24,44.75288009643555,20.752880096435547
exclude_all_flagged,2025-09-03,test,lstm_56d_regularized,22,45.404441833496094,23.404441833496094
exclude_all_flagged,2025-09-04,test,lstm_56d_regularized,33,45.740291595458984,12.740291595458984
exclude_all_flagged,2025-09-05,test,lstm_56d_regularized,60,50.56267547607422,9.437324523925781
exclude_all_flagged,2025-09-06,test,lstm_56d_regularized,59,50.75004959106445,8.249950408935547
exclude_all_flagged,2025-09-07,test,lstm_56d_regularized,13,41.818275451660156,28.818275451660156
exclude_all_flagged,2025-09-08,test,lstm_56d_regularized,22,40.027156829833984,18.027156829833984
exclude_all_flagged,2025-09-09,test,lstm_56d_regularized,18,39.074947357177734,21.074947357177734
exclude_all_flagged,2025-09-10,test,lstm_56d_regularized,20,38.745174407958984,18.745174407958984
exclude_all_flagged,2025-09-11,test,lstm_56d_regularized,28,41.88646697998047,13.886466979980469
exclude_all_flagged,2025-09-12,test,lstm_56d_regularized,58,51.902793884277344,6.097206115722656
exclude_all_flagged,2025-09-13,test,lstm_56d_regularized,58,57.783103942871094,0.21689605712890625
exclude_all_flagged,2025-09-14,test,lstm_56d_regularized,20,37.46038818359375,17.46038818359375
exclude_all_flagged,2025-09-15,test,lstm_56d_regularized,37,36.583003997802734,0.4169960021972656
exclude_all_flagged,2025-09-16,test,lstm_56d_regularized,42,37.96236801147461,4.037631988525391
exclude_all_flagged,2025-09-17,test,lstm_56d_regularized,39,42.12984848022461,3.1298484802246094
exclude_all_flagged,2025-09-18,test,lstm_56d_regularized,36,44.10935592651367,8.109355926513672
exclude_all_flagged,2025-09-19,test,lstm_56d_regularized,59,55.7957649230957,3.204235076904297
exclude_all_flagged,2025-09-20,test,lstm_56d_regularized,60,57.09944534301758,2.900554656982422
exclude_all_flagged,2025-09-21,test,lstm_56d_regularized,40,35.296531677246094,4.703468322753906
exclude_all_flagged,2025-09-22,test,lstm_56d_regularized,33,38.86650466918945,5.866504669189453
exclude_all_flagged,2025-09-23,test,lstm_56d_regularized,42,39.977783203125,2.022216796875
exclude_all_flagged,2025-09-24,test,lstm_56d_regularized,32,41.470054626464844,9.470054626464844
exclude_all_flagged,2025-09-25,test,lstm_56d_regularized,39,43.96063232421875,4.96063232421875
exclude_all_flagged,2025-09-26,test,lstm_56d_regularized,58,52.58210754394531,5.4178924560546875
exclude_all_flagged,2025-09-27,test,lstm_56d_regularized,59,55.764686584472656,3.2353134155273438
exclude_all_flagged,2025-09-28,test,lstm_56d_regularized,36,40.022071838378906,4.022071838378906
exclude_all_flagged,2025-09-29,test,lstm_56d_regularized,43,43.35675811767578,0.35675811767578125
exclude_all_flagged,2025-09-30,test,lstm_56d_regularized,35,48.607730865478516,13.607730865478516
exclude_all_flagged,2025-10-01,test,lstm_56d_regularized,23,36.61094665527344,13.610946655273438
exclude_all_flagged,2025-10-02,test,lstm_56d_regularized,33,41.879512786865234,8.879512786865234
exclude_all_flagged,2025-10-03,test,lstm_56d_regularized,60,50.43209457397461,9.56790542602539
exclude_all_flagged,2025-10-04,test,lstm_56d_regularized,59,54.56825256347656,4.4317474365234375
exclude_all_flagged,2025-10-05,test,lstm_56d_regularized,29,36.0709342956543,7.070934295654297
exclude_all_flagged,2025-10-06,test,lstm_56d_regularized,34,41.404571533203125,7.404571533203125
exclude_all_flagged,2025-10-07,test,lstm_56d_regularized,34,43.499305725097656,9.499305725097656
exclude_all_flagged,2025-10-08,test,lstm_56d_regularized,41,44.273406982421875,3.273406982421875
exclude_all_flagged,2025-10-09,test,lstm_56d_regularized,49,46.80144119262695,2.198558807373047
exclude_all_flagged,2025-10-10,test,lstm_56d_regularized,58,57.05709457397461,0.9429054260253906
exclude_all_flagged,2025-10-11,test,lstm_56d_regularized,60,58.783782958984375,1.216217041015625
exclude_all_flagged,2025-10-12,test,lstm_56d_regularized,59,37.51114273071289,21.48885726928711
exclude_all_flagged,2025-10-13,test,lstm_56d_regularized,22,40.201351165771484,18.201351165771484
exclude_all_flagged,2025-10-14,test,lstm_56d_regularized,37,43.900390625,6.900390625
exclude_all_flagged,2025-10-15,test,lstm_56d_regularized,53,44.23771667480469,8.762283325195312
exclude_all_flagged,2025-10-16,test,lstm_56d_regularized,57,45.4162483215332,11.583751678466797
exclude_all_flagged,2025-10-17,test,lstm_56d_regularized,53,51.620033264160156,1.3799667358398438
exclude_all_flagged,2025-10-18,test,lstm_56d_regularized,59,52.299076080322266,6.700923919677734
exclude_all_flagged,2025-10-19,test,lstm_56d_regularized,45,41.516239166259766,3.4837608337402344
exclude_all_flagged,2025-10-20,test,lstm_56d_regularized,42,40.42333984375,1.57666015625
exclude_all_flagged,2025-10-21,test,lstm_56d_regularized,46,43.507625579833984,2.4923744201660156
exclude_all_flagged,2025-10-22,test,lstm_56d_regularized,28,47.34379959106445,19.343799591064453
exclude_all_flagged,2025-10-23,test,lstm_56d_regularized,47,51.12786865234375,4.12786865234375
exclude_all_flagged,2025-10-24,test,lstm_56d_regularized,56,56.212093353271484,0.21209335327148438
exclude_all_flagged,2025-10-25,test,lstm_56d_regularized,59,54.941646575927734,4.058353424072266
exclude_all_flagged,2025-10-26,test,lstm_56d_regularized,29,44.32583236694336,15.32583236694336
exclude_all_flagged,2025-10-27,test,lstm_56d_regularized,27,42.81439971923828,15.814399719238281
exclude_all_flagged,2025-10-28,test,lstm_56d_regularized,40,44.48428726196289,4.484287261962891
exclude_all_flagged,2025-10-29,test,lstm_56d_regularized,46,43.3592414855957,2.640758514404297
exclude_all_flagged,2025-10-30,test,lstm_56d_regularized,45,45.125972747802734,0.12597274780273438
exclude_all_flagged,2025-10-31,test,lstm_56d_regularized,60,49.97222900390625,10.02777099609375
exclude_all_flagged,2025-11-01,test,lstm_56d_regularized,60,53.14403533935547,6.855964660644531
exclude_all_flagged,2025-11-02,test,lstm_56d_regularized,38,36.59817123413086,1.4018287658691406
exclude_all_flagged,2025-11-03,test,lstm_56d_regularized,21,39.94366455078125,18.94366455078125
exclude_all_flagged,2025-11-04,test,lstm_56d_regularized,27,44.19425582885742,17.194255828857422
exclude_all_flagged,2025-11-05,test,lstm_56d_regularized,20,44.516761779785156,24.516761779785156
exclude_all_flagged,2025-11-06,test,lstm_56d_regularized,29,45.76304244995117,16.763042449951172
exclude_all_flagged,2025-11-07,test,lstm_56d_regularized,60,50.196441650390625,9.803558349609375
exclude_all_flagged,2025-11-08,test,lstm_56d_regularized,60,53.634132385253906,6.365867614746094
exclude_all_flagged,2025-11-09,test,lstm_56d_regularized,32,40.112003326416016,8.112003326416016
exclude_all_flagged,2025-11-10,test,lstm_56d_regularized,35,33.11531066894531,1.8846893310546875
exclude_all_flagged,2025-11-11,test,lstm_56d_regularized,29,37.637351989746094,8.637351989746094
exclude_all_flagged,2025-11-12,test,lstm_56d_regularized,29,39.25479507446289,10.25479507446289
exclude_all_flagged,2025-11-13,test,lstm_56d_regularized,25,42.82895278930664,17.82895278930664
exclude_all_flagged,2025-11-14,test,lstm_56d_regularized,54,51.65343475341797,2.3465652465820312
exclude_all_flagged,2025-11-15,test,lstm_56d_regularized,59,55.60002899169922,3.3999710083007812
exclude_all_flagged,2025-11-16,test,lstm_56d_regularized,19,39.17399215698242,20.173992156982422
exclude_all_flagged,2025-11-17,test,lstm_56d_regularized,11,39.45163345336914,28.45163345336914
exclude_all_flagged,2025-11-18,test,lstm_56d_regularized,16,38.400081634521484,22.400081634521484
exclude_all_flagged,2025-11-19,test,lstm_56d_regularized,27,36.59531021118164,9.59531021118164
exclude_all_flagged,2025-11-20,test,lstm_56d_regularized,26,40.33627700805664,14.33627700805664
exclude_all_flagged,2025-11-21,test,lstm_56d_regularized,58,47.315914154052734,10.684085845947266
exclude_all_flagged,2025-11-22,test,lstm_56d_regularized,58,51.732276916503906,6.267723083496094
exclude_all_flagged,2025-11-23,test,lstm_56d_regularized,27,34.17244338989258,7.172443389892578
exclude_all_flagged,2025-11-24,test,lstm_56d_regularized,30,36.69009780883789,6.690097808837891
exclude_all_flagged,2025-11-25,test,lstm_56d_regularized,28,38.849998474121094,10.849998474121094
exclude_all_flagged,2025-11-26,test,lstm_56d_regularized,42,40.10221862792969,1.8977813720703125
exclude_all_flagged,2025-11-27,test,lstm_56d_regularized,58,38.73610305786133,19.263896942138672
exclude_all_flagged,2025-11-28,test,lstm_56d_regularized,59,47.118324279785156,11.881675720214844
exclude_all_flagged,2025-11-29,test,lstm_56d_regularized,55,50.77265548706055,4.227344512939453
exclude_all_flagged,2025-11-30,test,lstm_56d_regularized,28,30.256145477294922,2.256145477294922
exclude_all_flagged,2025-12-01,test,lstm_56d_regularized,30,32.817405700683594,2.8174057006835938
exclude_all_flagged,2025-12-02,test,lstm_56d_regularized,31,35.89556121826172,4.895561218261719
exclude_all_flagged,2025-12-03,test,lstm_56d_regularized,28,40.016204833984375,12.016204833984375
exclude_all_flagged,2025-12-04,test,lstm_56d_regularized,37,41.911338806152344,4.911338806152344
exclude_all_flagged,2025-12-05,test,lstm_56d_regularized,50,53.384822845458984,3.3848228454589844
exclude_all_flagged,2025-12-06,test,lstm_56d_regularized,60,56.247215270996094,3.7527847290039062
exclude_all_flagged,2025-12-07,test,lstm_56d_regularized,36,36.54104995727539,0.5410499572753906
exclude_all_flagged,2025-12-08,test,lstm_56d_regularized,26,36.85022735595703,10.850227355957031
exclude_all_flagged,2025-12-09,test,lstm_56d_regularized,40,35.605594635009766,4.394405364990234
exclude_all_flagged,2025-12-10,test,lstm_56d_regularized,21,37.54032516479492,16.540325164794922
exclude_all_flagged,2025-12-11,test,lstm_56d_regularized,24,40.08438491821289,16.08438491821289
exclude_all_flagged,2025-12-12,test,lstm_56d_regularized,50,46.67198944091797,3.3280105590820312
exclude_all_flagged,2025-12-13,test,lstm_56d_regularized,52,49.63382339477539,2.3661766052246094
exclude_all_flagged,2025-12-14,test,lstm_56d_regularized,24,36.31661605834961,12.31661605834961
exclude_all_flagged,2025-12-15,test,lstm_56d_regularized,18,34.03813171386719,16.038131713867188
exclude_all_flagged,2025-12-16,test,lstm_56d_regularized,23,33.94255828857422,10.942558288574219
exclude_all_flagged,2025-12-17,test,lstm_56d_regularized,34,34.34933853149414,0.3493385314941406
exclude_all_flagged,2025-12-18,test,lstm_56d_regularized,43,35.005794525146484,7.994205474853516
exclude_all_flagged,2025-12-19,test,lstm_56d_regularized,49,41.076942443847656,7.923057556152344
exclude_all_flagged,2025-12-20,test,lstm_56d_regularized,57,44.97102737426758,12.028972625732422
exclude_all_flagged,2025-12-21,test,lstm_56d_regularized,35,32.61101150512695,2.388988494873047
exclude_all_flagged,2025-12-22,test,lstm_56d_regularized,28,32.98915481567383,4.989154815673828
exclude_all_flagged,2025-12-23,test,lstm_56d_regularized,27,33.01203918457031,6.0120391845703125
exclude_all_flagged,2025-12-24,test,lstm_56d_regularized,40,33.66463088989258,6.335369110107422
exclude_all_flagged,2025-12-25,test,lstm_56d_regularized,31,37.33550262451172,6.335502624511719
exclude_all_flagged,2025-12-26,test,lstm_56d_regularized,40,42.3050537109375,2.3050537109375
exclude_all_flagged,2025-12-27,test,lstm_56d_regularized,44,43.662960052490234,0.3370399475097656
exclude_all_flagged,2025-12-28,test,lstm_56d_regularized,30,31.30060577392578,1.3006057739257812
exclude_all_flagged,2025-12-29,test,lstm_56d_regularized,28,31.11438751220703,3.1143875122070312
exclude_all_flagged,2025-12-30,test,lstm_56d_regularized,36,30.98189926147461,5.018100738525391
exclude_all_flagged,2025-12-31,test,lstm_56d_regularized,55,36.7637825012207,18.236217498779297
exclude_all_flagged,2024-07-01,validation,transformer_28d_small,14,22.140317916870117,8.140317916870117
exclude_all_flagged,2024-07-02,validation,transformer_28d_small,17,26.93751335144043,9.93751335144043
exclude_all_flagged,2024-07-03,validation,transformer_28d_small,23,27.70240592956543,4.70240592956543
exclude_all_flagged,2024-07-04,validation,transformer_28d_small,26,32.94259262084961,6.942592620849609
exclude_all_flagged,2024-07-05,validation,transformer_28d_small,59,51.485958099365234,7.514041900634766
exclude_all_flagged,2024-07-06,validation,transformer_28d_small,59,57.095638275146484,1.9043617248535156
exclude_all_flagged,2024-07-07,validation,transformer_28d_small,22,27.373897552490234,5.373897552490234
exclude_all_flagged,2024-07-08,validation,transformer_28d_small,27,31.816144943237305,4.816144943237305
exclude_all_flagged,2024-07-09,validation,transformer_28d_small,33,34.846370697021484,1.8463706970214844
exclude_all_flagged,2024-07-10,validation,transformer_28d_small,40,37.62354278564453,2.3764572143554688
exclude_all_flagged,2024-07-11,validation,transformer_28d_small,50,39.23501205444336,10.76498794555664
exclude_all_flagged,2024-07-12,validation,transformer_28d_small,58,57.361968994140625,0.638031005859375
exclude_all_flagged,2024-07-13,validation,transformer_28d_small,60,58.636844635009766,1.3631553649902344
exclude_all_flagged,2024-07-14,validation,transformer_28d_small,25,24.728837966918945,0.2711620330810547
exclude_all_flagged,2024-07-15,validation,transformer_28d_small,28,26.615970611572266,1.3840293884277344
exclude_all_flagged,2024-07-16,validation,transformer_28d_small,36,27.523921966552734,8.476078033447266
exclude_all_flagged,2024-07-17,validation,transformer_28d_small,27,32.286495208740234,5.286495208740234
exclude_all_flagged,2024-07-18,validation,transformer_28d_small,32,36.820289611816406,4.820289611816406
exclude_all_flagged,2024-07-19,validation,transformer_28d_small,59,57.1030387878418,1.8969612121582031
exclude_all_flagged,2024-07-20,validation,transformer_28d_small,60,60.0,0.0
exclude_all_flagged,2024-07-21,validation,transformer_28d_small,41,26.88646697998047,14.113533020019531
exclude_all_flagged,2024-07-22,validation,transformer_28d_small,45,34.074851989746094,10.925148010253906
exclude_all_flagged,2024-07-23,validation,transformer_28d_small,52,36.33135223388672,15.668647766113281
exclude_all_flagged,2024-07-24,validation,transformer_28d_small,57,40.79558181762695,16.204418182373047
exclude_all_flagged,2024-07-25,validation,transformer_28d_small,58,45.44558334350586,12.55441665649414
exclude_all_flagged,2024-07-26,validation,transformer_28d_small,60,57.62095260620117,2.379047393798828
exclude_all_flagged,2024-07-27,validation,transformer_28d_small,60,58.74333190917969,1.2566680908203125
exclude_all_flagged,2024-07-28,validation,transformer_28d_small,28,29.88031768798828,1.8803176879882812
exclude_all_flagged,2024-07-29,validation,transformer_28d_small,22,24.97796058654785,2.9779605865478516
exclude_all_flagged,2024-07-30,validation,transformer_28d_small,27,26.788652420043945,0.2113475799560547
exclude_all_flagged,2024-07-31,validation,transformer_28d_small,40,31.722043991088867,8.277956008911133
exclude_all_flagged,2024-08-01,validation,transformer_28d_small,33,41.518184661865234,8.518184661865234
exclude_all_flagged,2024-08-02,validation,transformer_28d_small,60,57.368709564208984,2.6312904357910156
exclude_all_flagged,2024-08-03,validation,transformer_28d_small,60,60.0,0.0
exclude_all_flagged,2024-08-04,validation,transformer_28d_small,22,27.786983489990234,5.786983489990234
exclude_all_flagged,2024-08-05,validation,transformer_28d_small,24,27.326204299926758,3.326204299926758
exclude_all_flagged,2024-08-06,validation,transformer_28d_small,30,29.72369384765625,0.27630615234375
exclude_all_flagged,2024-08-07,validation,transformer_28d_small,37,36.95869445800781,0.0413055419921875
exclude_all_flagged,2024-08-08,validation,transformer_28d_small,41,50.30154800415039,9.30154800415039
exclude_all_flagged,2024-08-09,validation,transformer_28d_small,55,59.032386779785156,4.032386779785156
exclude_all_flagged,2024-08-10,validation,transformer_28d_small,59,60.0,1.0
exclude_all_flagged,2024-08-11,validation,transformer_28d_small,26,32.56562423706055,6.565624237060547
exclude_all_flagged,2024-08-12,validation,transformer_28d_small,31,32.71745681762695,1.7174568176269531
exclude_all_flagged,2024-08-13,validation,transformer_28d_small,52,39.91644287109375,12.08355712890625
exclude_all_flagged,2024-08-14,validation,transformer_28d_small,36,48.8979377746582,12.897937774658203
exclude_all_flagged,2024-08-15,validation,transformer_28d_small,50,51.27922821044922,1.2792282104492188
exclude_all_flagged,2024-08-16,validation,transformer_28d_small,60,58.88389205932617,1.1161079406738281
exclude_all_flagged,2024-08-17,validation,transformer_28d_small,60,60.0,0.0
exclude_all_flagged,2024-08-18,validation,transformer_28d_small,25,34.17729187011719,9.177291870117188
exclude_all_flagged,2024-08-19,validation,transformer_28d_small,33,28.638444900512695,4.361555099487305
exclude_all_flagged,2024-08-20,validation,transformer_28d_small,27,34.00632858276367,7.006328582763672
exclude_all_flagged,2024-08-21,validation,transformer_28d_small,38,40.630638122558594,2.6306381225585938
exclude_all_flagged,2024-08-22,validation,transformer_28d_small,45,53.00177001953125,8.00177001953125
exclude_all_flagged,2024-08-23,validation,transformer_28d_small,60,57.73585510253906,2.2641448974609375
exclude_all_flagged,2024-08-24,validation,transformer_28d_small,60,57.69171142578125,2.30828857421875
exclude_all_flagged,2024-08-25,validation,transformer_28d_small,42,38.37445831298828,3.6255416870117188
exclude_all_flagged,2024-08-26,validation,transformer_28d_small,52,32.7170524597168,19.282947540283203
exclude_all_flagged,2024-08-27,validation,transformer_28d_small,57,38.46028137207031,18.539718627929688
exclude_all_flagged,2024-08-28,validation,transformer_28d_small,60,49.57631301879883,10.423686981201172
exclude_all_flagged,2024-08-29,validation,transformer_28d_small,59,53.90626525878906,5.0937347412109375
exclude_all_flagged,2024-08-30,validation,transformer_28d_small,49,58.9232063293457,9.923206329345703
exclude_all_flagged,2024-09-01,validation,transformer_28d_small,60,28.7801570892334,31.2198429107666
exclude_all_flagged,2024-09-02,validation,transformer_28d_small,38,37.431175231933594,0.5688247680664062
exclude_all_flagged,2024-09-03,validation,transformer_28d_small,33,29.15635871887207,3.8436412811279297
exclude_all_flagged,2024-09-04,validation,transformer_28d_small,31,33.70009994506836,2.7000999450683594
exclude_all_flagged,2024-09-05,validation,transformer_28d_small,36,42.96712875366211,6.967128753662109
exclude_all_flagged,2024-09-06,validation,transformer_28d_small,57,59.39913558959961,2.3991355895996094
exclude_all_flagged,2024-09-07,validation,transformer_28d_small,59,59.121334075927734,0.12133407592773438
exclude_all_flagged,2024-09-08,validation,transformer_28d_small,24,39.727210998535156,15.727210998535156
exclude_all_flagged,2024-09-09,validation,transformer_28d_small,29,24.908464431762695,4.091535568237305
exclude_all_flagged,2024-09-10,validation,transformer_28d_small,25,34.83097839355469,9.830978393554688
exclude_all_flagged,2024-09-11,validation,transformer_28d_small,22,35.76884460449219,13.768844604492188
exclude_all_flagged,2024-09-12,validation,transformer_28d_small,39,47.496055603027344,8.496055603027344
exclude_all_flagged,2024-09-13,validation,transformer_28d_small,59,60.0,1.0
exclude_all_flagged,2024-09-14,validation,transformer_28d_small,60,60.0,0.0
exclude_all_flagged,2024-09-15,validation,transformer_28d_small,29,32.557430267333984,3.5574302673339844
exclude_all_flagged,2024-09-16,validation,transformer_28d_small,40,32.550174713134766,7.449825286865234
exclude_all_flagged,2024-09-17,validation,transformer_28d_small,49,40.16231918334961,8.83768081665039
exclude_all_flagged,2024-09-18,validation,transformer_28d_small,50,45.36764144897461,4.632358551025391
exclude_all_flagged,2024-09-19,validation,transformer_28d_small,54,55.121952056884766,1.1219520568847656
exclude_all_flagged,2024-09-20,validation,transformer_28d_small,59,60.0,1.0
exclude_all_flagged,2024-09-21,validation,transformer_28d_small,59,60.0,1.0
exclude_all_flagged,2024-09-22,validation,transformer_28d_small,36,36.459815979003906,0.45981597900390625
exclude_all_flagged,2024-09-23,validation,transformer_28d_small,42,39.06647872924805,2.933521270751953
exclude_all_flagged,2024-09-24,validation,transformer_28d_small,55,45.27705383300781,9.722946166992188
exclude_all_flagged,2024-09-25,validation,transformer_28d_small,56,52.25620651245117,3.743793487548828
exclude_all_flagged,2024-09-26,validation,transformer_28d_small,56,55.87761306762695,0.12238693237304688
exclude_all_flagged,2024-09-27,validation,transformer_28d_small,59,58.792724609375,0.207275390625
exclude_all_flagged,2024-09-28,validation,transformer_28d_small,57,58.558040618896484,1.5580406188964844
exclude_all_flagged,2024-09-29,validation,transformer_28d_small,38,40.61554718017578,2.6155471801757812
exclude_all_flagged,2024-09-30,validation,transformer_28d_small,30,36.458866119384766,6.458866119384766
exclude_all_flagged,2024-10-01,validation,transformer_28d_small,14,32.661930084228516,18.661930084228516
exclude_all_flagged,2024-10-02,validation,transformer_28d_small,11,31.180654525756836,20.180654525756836
exclude_all_flagged,2024-10-03,validation,transformer_28d_small,39,36.60176086425781,2.3982391357421875
exclude_all_flagged,2024-10-04,validation,transformer_28d_small,60,60.0,0.0
exclude_all_flagged,2024-10-05,validation,transformer_28d_small,58,60.0,2.0
exclude_all_flagged,2024-10-06,validation,transformer_28d_small,25,32.86375045776367,7.863750457763672
exclude_all_flagged,2024-10-07,validation,transformer_28d_small,22,32.72574996948242,10.725749969482422
exclude_all_flagged,2024-10-08,validation,transformer_28d_small,30,30.646835327148438,0.6468353271484375
exclude_all_flagged,2024-10-09,validation,transformer_28d_small,38,37.587554931640625,0.412445068359375
exclude_all_flagged,2024-10-10,validation,transformer_28d_small,59,52.82442092895508,6.175579071044922
exclude_all_flagged,2024-10-11,validation,transformer_28d_small,60,60.0,0.0
exclude_all_flagged,2024-10-12,validation,transformer_28d_small,60,60.0,0.0
exclude_all_flagged,2024-10-13,validation,transformer_28d_small,60,35.1216926574707,24.878307342529297
exclude_all_flagged,2024-10-14,validation,transformer_28d_small,18,37.29227828979492,19.292278289794922
exclude_all_flagged,2024-10-15,validation,transformer_28d_small,24,29.883726119995117,5.883726119995117
exclude_all_flagged,2024-10-16,validation,transformer_28d_small,34,31.38745880126953,2.6125411987304688
exclude_all_flagged,2024-10-17,validation,transformer_28d_small,51,40.33890151977539,10.66109848022461
exclude_all_flagged,2024-10-18,validation,transformer_28d_small,60,58.20658493041992,1.7934150695800781
exclude_all_flagged,2024-10-19,validation,transformer_28d_small,60,58.41012954711914,1.5898704528808594
exclude_all_flagged,2024-10-20,validation,transformer_28d_small,44,37.472599029541016,6.527400970458984
exclude_all_flagged,2024-10-21,validation,transformer_28d_small,31,37.547855377197266,6.547855377197266
exclude_all_flagged,2024-10-22,validation,transformer_28d_small,37,33.07648849487305,3.923511505126953
exclude_all_flagged,2024-10-23,validation,transformer_28d_small,51,45.27756881713867,5.722431182861328
exclude_all_flagged,2024-10-24,validation,transformer_28d_small,58,57.5135612487793,0.4864387512207031
exclude_all_flagged,2024-10-25,validation,transformer_28d_small,59,59.99858093261719,0.9985809326171875
exclude_all_flagged,2024-10-26,validation,transformer_28d_small,59,59.8366584777832,0.8366584777832031
exclude_all_flagged,2024-10-27,validation,transformer_28d_small,59,43.32216262817383,15.677837371826172
exclude_all_flagged,2024-10-28,validation,transformer_28d_small,21,35.77481460571289,14.77481460571289
exclude_all_flagged,2024-10-29,validation,transformer_28d_small,23,20.121124267578125,2.878875732421875
exclude_all_flagged,2024-10-30,validation,transformer_28d_small,26,20.943862915039062,5.0561370849609375
exclude_all_flagged,2024-10-31,validation,transformer_28d_small,40,34.2093620300293,5.790637969970703
exclude_all_flagged,2024-11-01,validation,transformer_28d_small,60,59.22768020629883,0.7723197937011719
exclude_all_flagged,2024-11-02,validation,transformer_28d_small,60,57.991798400878906,2.0082015991210938
exclude_all_flagged,2024-11-03,validation,transformer_28d_small,26,36.124813079833984,10.124813079833984
exclude_all_flagged,2024-11-04,validation,transformer_28d_small,16,27.537513732910156,11.537513732910156
exclude_all_flagged,2024-11-05,validation,transformer_28d_small,16,29.888132095336914,13.888132095336914
exclude_all_flagged,2024-11-06,validation,transformer_28d_small,29,34.29327392578125,5.29327392578125
exclude_all_flagged,2024-11-07,validation,transformer_28d_small,47,46.597984313964844,0.40201568603515625
exclude_all_flagged,2024-11-08,validation,transformer_28d_small,59,60.0,1.0
exclude_all_flagged,2024-11-09,validation,transformer_28d_small,60,60.0,0.0
exclude_all_flagged,2024-11-10,validation,transformer_28d_small,60,45.0480842590332,14.951915740966797
exclude_all_flagged,2024-11-11,validation,transformer_28d_small,38,39.6365852355957,1.6365852355957031
exclude_all_flagged,2024-11-12,validation,transformer_28d_small,54,32.9681396484375,21.0318603515625
exclude_all_flagged,2024-11-13,validation,transformer_28d_small,36,41.7971305847168,5.797130584716797
exclude_all_flagged,2024-11-14,validation,transformer_28d_small,53,49.4225959777832,3.577404022216797
exclude_all_flagged,2024-11-15,validation,transformer_28d_small,60,58.896297454833984,1.1037025451660156
exclude_all_flagged,2024-11-16,validation,transformer_28d_small,60,59.6829833984375,0.3170166015625
exclude_all_flagged,2024-11-17,validation,transformer_28d_small,15,41.646114349365234,26.646114349365234
exclude_all_flagged,2024-11-18,validation,transformer_28d_small,12,22.452091217041016,10.452091217041016
exclude_all_flagged,2024-11-19,validation,transformer_28d_small,23,21.49418830871582,1.5058116912841797
exclude_all_flagged,2024-11-20,validation,transformer_28d_small,34,29.473426818847656,4.526573181152344
exclude_all_flagged,2024-11-21,validation,transformer_28d_small,29,48.96598815917969,19.965988159179688
exclude_all_flagged,2024-11-22,validation,transformer_28d_small,50,58.29056167602539,8.29056167602539
exclude_all_flagged,2024-11-23,validation,transformer_28d_small,56,57.96321487426758,1.9632148742675781
exclude_all_flagged,2024-11-24,validation,transformer_28d_small,25,39.08550262451172,14.085502624511719
exclude_all_flagged,2024-11-25,validation,transformer_28d_small,25,28.471538543701172,3.471538543701172
exclude_all_flagged,2024-11-26,validation,transformer_28d_small,23,33.04997634887695,10.049976348876953
exclude_all_flagged,2024-11-27,validation,transformer_28d_small,43,38.694679260253906,4.305320739746094
exclude_all_flagged,2024-11-28,validation,transformer_28d_small,58,55.602298736572266,2.3977012634277344
exclude_all_flagged,2024-11-29,validation,transformer_28d_small,59,58.05146789550781,0.9485321044921875
exclude_all_flagged,2024-11-30,validation,transformer_28d_small,59,59.63462448120117,0.6346244812011719
exclude_all_flagged,2024-12-01,validation,transformer_28d_small,28,20.95060157775879,7.049398422241211
exclude_all_flagged,2024-12-02,validation,transformer_28d_small,22,24.761032104492188,2.7610321044921875
exclude_all_flagged,2024-12-03,validation,transformer_28d_small,34,23.29794692993164,10.70205307006836
exclude_all_flagged,2024-12-04,validation,transformer_28d_small,38,27.930334091186523,10.069665908813477
exclude_all_flagged,2024-12-05,validation,transformer_28d_small,29,41.59916305541992,12.599163055419922
exclude_all_flagged,2024-12-06,validation,transformer_28d_small,60,53.054168701171875,6.945831298828125
exclude_all_flagged,2024-12-07,validation,transformer_28d_small,60,55.725196838378906,4.274803161621094
exclude_all_flagged,2024-12-08,validation,transformer_28d_small,27,25.917293548583984,1.0827064514160156
exclude_all_flagged,2024-12-09,validation,transformer_28d_small,24,21.651535034179688,2.3484649658203125
exclude_all_flagged,2024-12-10,validation,transformer_28d_small,26,23.637109756469727,2.3628902435302734
exclude_all_flagged,2024-12-11,validation,transformer_28d_small,32,28.346296310424805,3.6537036895751953
exclude_all_flagged,2024-12-12,validation,transformer_28d_small,29,43.60083770751953,14.600837707519531
exclude_all_flagged,2024-12-13,validation,transformer_28d_small,47,53.828277587890625,6.828277587890625
exclude_all_flagged,2024-12-14,validation,transformer_28d_small,58,53.11336135864258,4.886638641357422
exclude_all_flagged,2024-12-15,validation,transformer_28d_small,34,19.10080337524414,14.89919662475586
exclude_all_flagged,2024-12-16,validation,transformer_28d_small,23,23.399044036865234,0.3990440368652344
exclude_all_flagged,2024-12-17,validation,transformer_28d_small,26,22.267026901245117,3.732973098754883
exclude_all_flagged,2024-12-18,validation,transformer_28d_small,32,29.145362854003906,2.8546371459960938
exclude_all_flagged,2024-12-19,validation,transformer_28d_small,25,31.931358337402344,6.931358337402344
exclude_all_flagged,2024-12-20,validation,transformer_28d_small,52,50.5053825378418,1.4946174621582031
exclude_all_flagged,2024-12-21,validation,transformer_28d_small,59,51.662269592285156,7.337730407714844
exclude_all_flagged,2024-12-22,validation,transformer_28d_small,31,22.783071517944336,8.216928482055664
exclude_all_flagged,2024-12-23,validation,transformer_28d_small,35,23.10352897644043,11.89647102355957
exclude_all_flagged,2024-12-24,validation,transformer_28d_small,45,25.148456573486328,19.851543426513672
exclude_all_flagged,2024-12-25,validation,transformer_28d_small,40,38.50138473510742,1.4986152648925781
exclude_all_flagged,2024-12-26,validation,transformer_28d_small,48,41.549049377441406,6.450950622558594
exclude_all_flagged,2024-12-27,validation,transformer_28d_small,56,51.781375885009766,4.218624114990234
exclude_all_flagged,2024-12-28,validation,transformer_28d_small,58,50.58498764038086,7.415012359619141
exclude_all_flagged,2024-12-29,validation,transformer_28d_small,39,28.31642723083496,10.683572769165039
exclude_all_flagged,2024-12-30,validation,transformer_28d_small,39,27.72222137451172,11.277778625488281
exclude_all_flagged,2024-12-31,validation,transformer_28d_small,50,35.050899505615234,14.949100494384766
exclude_all_flagged,2025-01-01,test,transformer_28d_small,11,32.102088928222656,21.102088928222656
exclude_all_flagged,2025-01-02,test,transformer_28d_small,15,17.16066551208496,2.160665512084961
exclude_all_flagged,2025-01-03,test,transformer_28d_small,17,35.818599700927734,18.818599700927734
exclude_all_flagged,2025-01-04,test,transformer_28d_small,22,32.86873245239258,10.868732452392578
exclude_all_flagged,2025-01-16,test,transformer_28d_small,1,36.44485092163086,35.44485092163086
exclude_all_flagged,2025-01-17,test,transformer_28d_small,23,45.2734260559082,22.273426055908203
exclude_all_flagged,2025-01-18,test,transformer_28d_small,44,43.74076461791992,0.2592353820800781
exclude_all_flagged,2025-01-19,test,transformer_28d_small,13,33.99357223510742,20.993572235107422
exclude_all_flagged,2025-01-20,test,transformer_28d_small,5,37.20745086669922,32.20745086669922
exclude_all_flagged,2025-01-21,test,transformer_28d_small,2,39.48155212402344,37.48155212402344
exclude_all_flagged,2025-01-22,test,transformer_28d_small,13,39.57997131347656,26.579971313476562
exclude_all_flagged,2025-01-23,test,transformer_28d_small,14,43.74939727783203,29.74939727783203
exclude_all_flagged,2025-01-24,test,transformer_28d_small,56,48.651817321777344,7.348182678222656
exclude_all_flagged,2025-01-25,test,transformer_28d_small,58,48.959747314453125,9.040252685546875
exclude_all_flagged,2025-01-26,test,transformer_28d_small,20,33.078025817871094,13.078025817871094
exclude_all_flagged,2025-01-27,test,transformer_28d_small,17,31.556344985961914,14.556344985961914
exclude_all_flagged,2025-01-28,test,transformer_28d_small,21,30.92778205871582,9.92778205871582
exclude_all_flagged,2025-01-29,test,transformer_28d_small,25,28.853647232055664,3.853647232055664
exclude_all_flagged,2025-01-30,test,transformer_28d_small,28,32.5272331237793,4.527233123779297
exclude_all_flagged,2025-01-31,test,transformer_28d_small,53,42.00869369506836,10.99130630493164
exclude_all_flagged,2025-02-01,test,transformer_28d_small,59,43.67383575439453,15.326164245605469
exclude_all_flagged,2025-02-02,test,transformer_28d_small,19,27.06086540222168,8.06086540222168
exclude_all_flagged,2025-02-03,test,transformer_28d_small,23,24.466611862182617,1.4666118621826172
exclude_all_flagged,2025-02-04,test,transformer_28d_small,25,26.08294677734375,1.08294677734375
exclude_all_flagged,2025-02-05,test,transformer_28d_small,25,27.144906997680664,2.144906997680664
exclude_all_flagged,2025-02-06,test,transformer_28d_small,26,28.47828483581543,2.4782848358154297
exclude_all_flagged,2025-02-07,test,transformer_28d_small,31,33.615562438964844,2.6155624389648438
exclude_all_flagged,2025-02-08,test,transformer_28d_small,46,27.636024475097656,18.363975524902344
exclude_all_flagged,2025-02-09,test,transformer_28d_small,13,20.77359962463379,7.773599624633789
exclude_all_flagged,2025-02-10,test,transformer_28d_small,16,20.751161575317383,4.751161575317383
exclude_all_flagged,2025-02-11,test,transformer_28d_small,21,25.747188568115234,4.747188568115234
exclude_all_flagged,2025-02-12,test,transformer_28d_small,21,27.086383819580078,6.086383819580078
exclude_all_flagged,2025-02-13,test,transformer_28d_small,25,28.123220443725586,3.123220443725586
exclude_all_flagged,2025-02-14,test,transformer_28d_small,60,45.532196044921875,14.467803955078125
exclude_all_flagged,2025-02-15,test,transformer_28d_small,54,41.633880615234375,12.366119384765625
exclude_all_flagged,2025-02-16,test,transformer_28d_small,31,17.927865982055664,13.072134017944336
exclude_all_flagged,2025-02-17,test,transformer_28d_small,20,21.025156021118164,1.025156021118164
exclude_all_flagged,2025-02-18,test,transformer_28d_small,31,20.657451629638672,10.342548370361328
exclude_all_flagged,2025-02-19,test,transformer_28d_small,37,23.797929763793945,13.202070236206055
exclude_all_flagged,2025-02-20,test,transformer_28d_small,44,26.050329208374023,17.949670791625977
exclude_all_flagged,2025-02-21,test,transformer_28d_small,59,44.29857635498047,14.701423645019531
exclude_all_flagged,2025-02-22,test,transformer_28d_small,59,42.69831848144531,16.301681518554688
exclude_all_flagged,2025-02-23,test,transformer_28d_small,11,22.27855110168457,11.27855110168457
exclude_all_flagged,2025-02-24,test,transformer_28d_small,29,20.993118286132812,8.006881713867188
exclude_all_flagged,2025-02-25,test,transformer_28d_small,22,23.716548919677734,1.7165489196777344
exclude_all_flagged,2025-02-26,test,transformer_28d_small,35,23.74816131591797,11.251838684082031
exclude_all_flagged,2025-02-27,test,transformer_28d_small,32,30.460426330566406,1.5395736694335938
exclude_all_flagged,2025-02-28,test,transformer_28d_small,53,45.20003890991211,7.799961090087891
exclude_all_flagged,2025-03-01,test,transformer_28d_small,58,45.60074234008789,12.39925765991211
exclude_all_flagged,2025-03-02,test,transformer_28d_small,11,21.652856826782227,10.652856826782227
exclude_all_flagged,2025-03-03,test,transformer_28d_small,35,22.819461822509766,12.180538177490234
exclude_all_flagged,2025-03-04,test,transformer_28d_small,35,28.000751495361328,6.999248504638672
exclude_all_flagged,2025-03-05,test,transformer_28d_small,39,30.52459716796875,8.47540283203125
exclude_all_flagged,2025-03-06,test,transformer_28d_small,35,32.343467712402344,2.6565322875976562
exclude_all_flagged,2025-03-07,test,transformer_28d_small,60,43.09365463256836,16.90634536743164
exclude_all_flagged,2025-03-08,test,transformer_28d_small,59,47.008975982666016,11.991024017333984
exclude_all_flagged,2025-03-09,test,transformer_28d_small,20,23.72146987915039,3.7214698791503906
exclude_all_flagged,2025-03-10,test,transformer_28d_small,32,24.271974563598633,7.728025436401367
exclude_all_flagged,2025-03-11,test,transformer_28d_small,31,25.98375129699707,5.01624870300293
exclude_all_flagged,2025-03-12,test,transformer_28d_small,37,28.548006057739258,8.451993942260742
exclude_all_flagged,2025-03-13,test,transformer_28d_small,42,36.7369384765625,5.2630615234375
exclude_all_flagged,2025-03-14,test,transformer_28d_small,58,54.09369659423828,3.9063034057617188
exclude_all_flagged,2025-03-15,test,transformer_28d_small,59,55.480621337890625,3.519378662109375
exclude_all_flagged,2025-03-16,test,transformer_28d_small,34,28.47433853149414,5.525661468505859
exclude_all_flagged,2025-03-17,test,transformer_28d_small,31,27.556772232055664,3.443227767944336
exclude_all_flagged,2025-03-18,test,transformer_28d_small,32,29.27632713317871,2.723672866821289
exclude_all_flagged,2025-03-19,test,transformer_28d_small,24,37.52318572998047,13.523185729980469
exclude_all_flagged,2025-03-20,test,transformer_28d_small,49,43.38686752319336,5.613132476806641
exclude_all_flagged,2025-03-21,test,transformer_28d_small,58,55.8193359375,2.1806640625
exclude_all_flagged,2025-03-22,test,transformer_28d_small,60,56.98684310913086,3.0131568908691406
exclude_all_flagged,2025-03-23,test,transformer_28d_small,30,23.4648380279541,6.535161972045898
exclude_all_flagged,2025-03-24,test,transformer_28d_small,30,24.450897216796875,5.549102783203125
exclude_all_flagged,2025-03-25,test,transformer_28d_small,30,23.547401428222656,6.452598571777344
exclude_all_flagged,2025-03-26,test,transformer_28d_small,35,27.30312156677246,7.696878433227539
exclude_all_flagged,2025-03-27,test,transformer_28d_small,43,39.53941345214844,3.4605865478515625
exclude_all_flagged,2025-03-28,test,transformer_28d_small,58,53.5800666809082,4.419933319091797
exclude_all_flagged,2025-03-29,test,transformer_28d_small,58,55.33730697631836,2.6626930236816406
exclude_all_flagged,2025-03-30,test,transformer_28d_small,40,21.291790008544922,18.708209991455078
exclude_all_flagged,2025-03-31,test,transformer_28d_small,33,24.589303970336914,8.410696029663086
exclude_all_flagged,2025-04-01,test,transformer_28d_small,23,23.27252769470215,0.27252769470214844
exclude_all_flagged,2025-04-02,test,transformer_28d_small,24,27.50212860107422,3.5021286010742188
exclude_all_flagged,2025-04-03,test,transformer_28d_small,33,32.553489685058594,0.44651031494140625
exclude_all_flagged,2025-04-04,test,transformer_28d_small,59,53.52028274536133,5.479717254638672
exclude_all_flagged,2025-04-05,test,transformer_28d_small,59,55.46737289428711,3.5326271057128906
exclude_all_flagged,2025-04-06,test,transformer_28d_small,36,24.17733383178711,11.82266616821289
exclude_all_flagged,2025-04-07,test,transformer_28d_small,19,26.178207397460938,7.1782073974609375
exclude_all_flagged,2025-04-08,test,transformer_28d_small,23,22.327425003051758,0.6725749969482422
exclude_all_flagged,2025-04-09,test,transformer_28d_small,28,23.280982971191406,4.719017028808594
exclude_all_flagged,2025-04-10,test,transformer_28d_small,50,30.556278228759766,19.443721771240234
exclude_all_flagged,2025-04-11,test,transformer_28d_small,59,54.331478118896484,4.668521881103516
exclude_all_flagged,2025-04-12,test,transformer_28d_small,59,54.245994567871094,4.754005432128906
exclude_all_flagged,2025-04-13,test,transformer_28d_small,32,25.406755447387695,6.593244552612305
exclude_all_flagged,2025-04-14,test,transformer_28d_small,39,24.862110137939453,14.137889862060547
exclude_all_flagged,2025-04-15,test,transformer_28d_small,33,28.268798828125,4.731201171875
exclude_all_flagged,2025-04-16,test,transformer_28d_small,34,30.12001609802246,3.879983901977539
exclude_all_flagged,2025-04-17,test,transformer_28d_small,43,45.05820083618164,2.0582008361816406
exclude_all_flagged,2025-04-18,test,transformer_28d_small,60,55.957061767578125,4.042938232421875
exclude_all_flagged,2025-04-19,test,transformer_28d_small,59,55.975440979003906,3.0245590209960938
exclude_all_flagged,2025-04-20,test,transformer_28d_small,27,29.524333953857422,2.524333953857422
exclude_all_flagged,2025-04-21,test,transformer_28d_small,39,29.02838897705078,9.971611022949219
exclude_all_flagged,2025-04-22,test,transformer_28d_small,44,32.51298522949219,11.487014770507812
exclude_all_flagged,2025-04-23,test,transformer_28d_small,36,38.087772369384766,2.0877723693847656
exclude_all_flagged,2025-04-24,test,transformer_28d_small,50,45.414306640625,4.585693359375
exclude_all_flagged,2025-04-25,test,transformer_28d_small,55,55.910545349121094,0.9105453491210938
exclude_all_flagged,2025-04-26,test,transformer_28d_small,59,55.92238235473633,3.077617645263672
exclude_all_flagged,2025-04-27,test,transformer_28d_small,21,33.04338836669922,12.043388366699219
exclude_all_flagged,2025-04-28,test,transformer_28d_small,30,26.732013702392578,3.267986297607422
exclude_all_flagged,2025-04-29,test,transformer_28d_small,35,28.582080841064453,6.417919158935547
exclude_all_flagged,2025-04-30,test,transformer_28d_small,29,33.63667678833008,4.636676788330078
exclude_all_flagged,2025-05-01,test,transformer_28d_small,30,37.65363311767578,7.653633117675781
exclude_all_flagged,2025-05-02,test,transformer_28d_small,58,53.565223693847656,4.434776306152344
exclude_all_flagged,2025-05-03,test,transformer_28d_small,59,55.18638229370117,3.813617706298828
exclude_all_flagged,2025-05-04,test,transformer_28d_small,19,28.628734588623047,9.628734588623047
exclude_all_flagged,2025-05-05,test,transformer_28d_small,8,19.919910430908203,11.919910430908203
exclude_all_flagged,2025-05-06,test,transformer_28d_small,13,18.10579490661621,5.105794906616211
exclude_all_flagged,2025-05-07,test,transformer_28d_small,43,22.154804229736328,20.845195770263672
exclude_all_flagged,2025-05-08,test,transformer_28d_small,54,44.8542594909668,9.145740509033203
exclude_all_flagged,2025-05-09,test,transformer_28d_small,60,54.43671417236328,5.563285827636719
exclude_all_flagged,2025-05-10,test,transformer_28d_small,59,54.05782699584961,4.942173004150391
exclude_all_flagged,2025-05-11,test,transformer_28d_small,15,28.319692611694336,13.319692611694336
exclude_all_flagged,2025-05-12,test,transformer_28d_small,34,21.749032974243164,12.250967025756836
exclude_all_flagged,2025-05-13,test,transformer_28d_small,44,24.956510543823242,19.043489456176758
exclude_all_flagged,2025-05-14,test,transformer_28d_small,56,29.993789672851562,26.006210327148438
exclude_all_flagged,2025-05-15,test,transformer_28d_small,50,41.1888313293457,8.811168670654297
exclude_all_flagged,2025-05-16,test,transformer_28d_small,59,53.78383255004883,5.216167449951172
exclude_all_flagged,2025-05-17,test,transformer_28d_small,58,55.87788009643555,2.122119903564453
exclude_all_flagged,2025-05-18,test,transformer_28d_small,36,33.0200080871582,2.979991912841797
exclude_all_flagged,2025-05-19,test,transformer_28d_small,22,27.845991134643555,5.845991134643555
exclude_all_flagged,2025-05-20,test,transformer_28d_small,26,22.522891998291016,3.4771080017089844
exclude_all_flagged,2025-05-21,test,transformer_28d_small,22,26.721229553222656,4.721229553222656
exclude_all_flagged,2025-05-22,test,transformer_28d_small,20,33.54808044433594,13.548080444335938
exclude_all_flagged,2025-05-23,test,transformer_28d_small,56,47.85111618041992,8.148883819580078
exclude_all_flagged,2025-05-24,test,transformer_28d_small,57,57.45582580566406,0.4558258056640625
exclude_all_flagged,2025-05-25,test,transformer_28d_small,52,33.24177169799805,18.758228302001953
exclude_all_flagged,2025-05-26,test,transformer_28d_small,9,30.25922966003418,21.25922966003418
exclude_all_flagged,2025-05-27,test,transformer_28d_small,9,21.608633041381836,12.608633041381836
exclude_all_flagged,2025-05-28,test,transformer_28d_small,17,25.011428833007812,8.011428833007812
exclude_all_flagged,2025-05-29,test,transformer_28d_small,37,30.651832580566406,6.348167419433594
exclude_all_flagged,2025-05-30,test,transformer_28d_small,54,52.6114616394043,1.3885383605957031
exclude_all_flagged,2025-05-31,test,transformer_28d_small,58,56.479976654052734,1.5200233459472656
exclude_all_flagged,2025-06-01,test,transformer_28d_small,45,32.41899490356445,12.581005096435547
exclude_all_flagged,2025-06-02,test,transformer_28d_small,25,27.8332576751709,2.8332576751708984
exclude_all_flagged,2025-06-03,test,transformer_28d_small,25,25.784515380859375,0.784515380859375
exclude_all_flagged,2025-06-04,test,transformer_28d_small,39,28.82686424255371,10.173135757446289
exclude_all_flagged,2025-06-05,test,transformer_28d_small,34,37.575679779052734,3.5756797790527344
exclude_all_flagged,2025-06-06,test,transformer_28d_small,58,54.509822845458984,3.4901771545410156
exclude_all_flagged,2025-06-07,test,transformer_28d_small,57,57.52107620239258,0.5210762023925781
exclude_all_flagged,2025-06-08,test,transformer_28d_small,29,32.66744613647461,3.6674461364746094
exclude_all_flagged,2025-06-09,test,transformer_28d_small,34,27.646434783935547,6.353565216064453
exclude_all_flagged,2025-06-10,test,transformer_28d_small,48,31.10130500793457,16.89869499206543
exclude_all_flagged,2025-06-11,test,transformer_28d_small,39,37.063907623291016,1.9360923767089844
exclude_all_flagged,2025-06-12,test,transformer_28d_small,44,38.142879486083984,5.857120513916016
exclude_all_flagged,2025-06-13,test,transformer_28d_small,60,54.893096923828125,5.106903076171875
exclude_all_flagged,2025-06-14,test,transformer_28d_small,59,56.21236038208008,2.787639617919922
exclude_all_flagged,2025-06-15,test,transformer_28d_small,16,25.963897705078125,9.963897705078125
exclude_all_flagged,2025-06-16,test,transformer_28d_small,10,21.061908721923828,11.061908721923828
exclude_all_flagged,2025-06-17,test,transformer_28d_small,22,21.53993034362793,0.4600696563720703
exclude_all_flagged,2025-06-18,test,transformer_28d_small,13,26.220653533935547,13.220653533935547
exclude_all_flagged,2025-06-19,test,transformer_28d_small,31,27.836023330688477,3.1639766693115234
exclude_all_flagged,2025-06-20,test,transformer_28d_small,60,54.13474655151367,5.865253448486328
exclude_all_flagged,2025-06-21,test,transformer_28d_small,57,54.76576614379883,2.234233856201172
exclude_all_flagged,2025-06-22,test,transformer_28d_small,19,28.030851364135742,9.030851364135742
exclude_all_flagged,2025-06-23,test,transformer_28d_small,19,23.706735610961914,4.706735610961914
exclude_all_flagged,2025-06-24,test,transformer_28d_small,34,22.535003662109375,11.464996337890625
exclude_all_flagged,2025-06-25,test,transformer_28d_small,36,27.450075149536133,8.549924850463867
exclude_all_flagged,2025-06-26,test,transformer_28d_small,31,32.80329895019531,1.8032989501953125
exclude_all_flagged,2025-06-27,test,transformer_28d_small,59,51.0138053894043,7.986194610595703
exclude_all_flagged,2025-06-28,test,transformer_28d_small,59,55.112918853759766,3.8870811462402344
exclude_all_flagged,2025-06-29,test,transformer_28d_small,32,26.756486892700195,5.243513107299805
exclude_all_flagged,2025-06-30,test,transformer_28d_small,25,22.127443313598633,2.872556686401367
exclude_all_flagged,2025-07-01,test,transformer_28d_small,29,22.68935775756836,6.310642242431641
exclude_all_flagged,2025-07-02,test,transformer_28d_small,23,26.91156578063965,3.9115657806396484
exclude_all_flagged,2025-07-03,test,transformer_28d_small,30,28.216154098510742,1.7838459014892578
exclude_all_flagged,2025-07-04,test,transformer_28d_small,57,49.484283447265625,7.515716552734375
exclude_all_flagged,2025-07-05,test,transformer_28d_small,59,52.35668182373047,6.643318176269531
exclude_all_flagged,2025-07-06,test,transformer_28d_small,32,23.672138214111328,8.327861785888672
exclude_all_flagged,2025-07-07,test,transformer_28d_small,23,26.810741424560547,3.810741424560547
exclude_all_flagged,2025-07-08,test,transformer_28d_small,39,26.597105026245117,12.402894973754883
exclude_all_flagged,2025-07-09,test,transformer_28d_small,44,30.260150909423828,13.739849090576172
exclude_all_flagged,2025-07-10,test,transformer_28d_small,45,32.645912170410156,12.354087829589844
exclude_all_flagged,2025-07-11,test,transformer_28d_small,60,54.691551208496094,5.308448791503906
exclude_all_flagged,2025-07-12,test,transformer_28d_small,59,53.9908447265625,5.0091552734375
exclude_all_flagged,2025-07-13,test,transformer_28d_small,30,16.717906951904297,13.282093048095703
exclude_all_flagged,2025-07-14,test,transformer_28d_small,29,20.466102600097656,8.533897399902344
exclude_all_flagged,2025-07-15,test,transformer_28d_small,30,20.237255096435547,9.762744903564453
exclude_all_flagged,2025-07-16,test,transformer_28d_small,26,22.969905853271484,3.0300941467285156
exclude_all_flagged,2025-07-17,test,transformer_28d_small,36,27.285078048706055,8.714921951293945
exclude_all_flagged,2025-07-18,test,transformer_28d_small,60,49.45712661743164,10.54287338256836
exclude_all_flagged,2025-07-19,test,transformer_28d_small,60,51.95587921142578,8.044120788574219
exclude_all_flagged,2025-07-20,test,transformer_28d_small,37,19.61014175415039,17.38985824584961
exclude_all_flagged,2025-07-21,test,transformer_28d_small,43,24.56669807434082,18.43330192565918
exclude_all_flagged,2025-07-22,test,transformer_28d_small,27,24.89503288269043,2.1049671173095703
exclude_all_flagged,2025-07-23,test,transformer_28d_small,32,24.566970825195312,7.4330291748046875
exclude_all_flagged,2025-07-24,test,transformer_28d_small,42,27.93687629699707,14.06312370300293
exclude_all_flagged,2025-07-25,test,transformer_28d_small,58,55.61264419555664,2.3873558044433594
exclude_all_flagged,2025-07-26,test,transformer_28d_small,60,56.833335876464844,3.1666641235351562
exclude_all_flagged,2025-07-27,test,transformer_28d_small,29,22.21217918395996,6.787820816040039
exclude_all_flagged,2025-07-28,test,transformer_28d_small,27,21.091747283935547,5.908252716064453
exclude_all_flagged,2025-07-29,test,transformer_28d_small,28,23.49834632873535,4.501653671264648
exclude_all_flagged,2025-07-30,test,transformer_28d_small,25,25.124168395996094,0.12416839599609375
exclude_all_flagged,2025-07-31,test,transformer_28d_small,38,25.91694450378418,12.08305549621582
exclude_all_flagged,2025-08-01,test,transformer_28d_small,57,53.89800262451172,3.1019973754882812
exclude_all_flagged,2025-08-02,test,transformer_28d_small,59,55.391746520996094,3.6082534790039062
exclude_all_flagged,2025-08-03,test,transformer_28d_small,18,19.208593368530273,1.2085933685302734
exclude_all_flagged,2025-08-04,test,transformer_28d_small,21,20.62045669555664,0.3795433044433594
exclude_all_flagged,2025-08-05,test,transformer_28d_small,18,24.10902214050293,6.10902214050293
exclude_all_flagged,2025-08-06,test,transformer_28d_small,18,26.68987464904785,8.689874649047852
exclude_all_flagged,2025-08-07,test,transformer_28d_small,19,30.47956085205078,11.479560852050781
exclude_all_flagged,2025-08-08,test,transformer_28d_small,52,50.57454299926758,1.4254570007324219
exclude_all_flagged,2025-08-09,test,transformer_28d_small,57,57.845115661621094,0.8451156616210938
exclude_all_flagged,2025-08-10,test,transformer_28d_small,42,25.332895278930664,16.667104721069336
exclude_all_flagged,2025-08-11,test,transformer_28d_small,22,30.761560440063477,8.761560440063477
exclude_all_flagged,2025-08-12,test,transformer_28d_small,36,26.111886978149414,9.888113021850586
exclude_all_flagged,2025-08-13,test,transformer_28d_small,39,32.93084716796875,6.06915283203125
exclude_all_flagged,2025-08-14,test,transformer_28d_small,46,39.212894439697266,6.787105560302734
exclude_all_flagged,2025-08-15,test,transformer_28d_small,60,57.74738693237305,2.252613067626953
exclude_all_flagged,2025-08-16,test,transformer_28d_small,59,57.88239669799805,1.1176033020019531
exclude_all_flagged,2025-08-17,test,transformer_28d_small,26,22.594552993774414,3.405447006225586
exclude_all_flagged,2025-08-18,test,transformer_28d_small,36,24.158687591552734,11.841312408447266
exclude_all_flagged,2025-08-19,test,transformer_28d_small,24,26.874921798706055,2.8749217987060547
exclude_all_flagged,2025-08-20,test,transformer_28d_small,32,24.520612716674805,7.479387283325195
exclude_all_flagged,2025-08-21,test,transformer_28d_small,42,33.869140625,8.130859375
exclude_all_flagged,2025-08-22,test,transformer_28d_small,60,58.91552734375,1.08447265625
exclude_all_flagged,2025-08-23,test,transformer_28d_small,59,58.49132537841797,0.5086746215820312
exclude_all_flagged,2025-08-24,test,transformer_28d_small,48,26.8059139251709,21.1940860748291
exclude_all_flagged,2025-08-25,test,transformer_28d_small,55,27.779077529907227,27.220922470092773
exclude_all_flagged,2025-08-26,test,transformer_28d_small,59,31.07377052307129,27.92622947692871
exclude_all_flagged,2025-08-27,test,transformer_28d_small,60,35.81560134887695,24.184398651123047
exclude_all_flagged,2025-08-28,test,transformer_28d_small,60,44.97960662841797,15.020393371582031
exclude_all_flagged,2025-08-29,test,transformer_28d_small,57,56.456764221191406,0.5432357788085938
exclude_all_flagged,2025-08-30,test,transformer_28d_small,59,55.93415832519531,3.0658416748046875
exclude_all_flagged,2025-08-31,test,transformer_28d_small,59,38.091712951660156,20.908287048339844
exclude_all_flagged,2025-09-01,test,transformer_28d_small,25,31.828336715698242,6.828336715698242
exclude_all_flagged,2025-09-02,test,transformer_28d_small,24,20.43787956237793,3.5621204376220703
exclude_all_flagged,2025-09-03,test,transformer_28d_small,22,21.946176528930664,0.05382347106933594
exclude_all_flagged,2025-09-04,test,transformer_28d_small,33,25.758750915527344,7.241249084472656
exclude_all_flagged,2025-09-05,test,transformer_28d_small,60,50.96532440185547,9.034675598144531
exclude_all_flagged,2025-09-06,test,transformer_28d_small,59,54.90553665161133,4.094463348388672
exclude_all_flagged,2025-09-07,test,transformer_28d_small,13,36.48667526245117,23.486675262451172
exclude_all_flagged,2025-09-08,test,transformer_28d_small,22,22.176851272583008,0.1768512725830078
exclude_all_flagged,2025-09-09,test,transformer_28d_small,18,26.66715431213379,8.667154312133789
exclude_all_flagged,2025-09-10,test,transformer_28d_small,20,29.04633331298828,9.046333312988281
exclude_all_flagged,2025-09-11,test,transformer_28d_small,28,36.52652359008789,8.52652359008789
exclude_all_flagged,2025-09-12,test,transformer_28d_small,58,54.849609375,3.150390625
exclude_all_flagged,2025-09-13,test,transformer_28d_small,58,59.80117416381836,1.8011741638183594
exclude_all_flagged,2025-09-14,test,transformer_28d_small,20,35.078041076660156,15.078041076660156
exclude_all_flagged,2025-09-15,test,transformer_28d_small,37,34.07270431518555,2.927295684814453
exclude_all_flagged,2025-09-16,test,transformer_28d_small,42,37.74816131591797,4.251838684082031
exclude_all_flagged,2025-09-17,test,transformer_28d_small,39,42.97968292236328,3.9796829223632812
exclude_all_flagged,2025-09-18,test,transformer_28d_small,36,48.793636322021484,12.793636322021484
exclude_all_flagged,2025-09-19,test,transformer_28d_small,59,59.80756759643555,0.8075675964355469
exclude_all_flagged,2025-09-20,test,transformer_28d_small,60,60.0,0.0
exclude_all_flagged,2025-09-21,test,transformer_28d_small,40,39.79448318481445,0.20551681518554688
exclude_all_flagged,2025-09-22,test,transformer_28d_small,33,42.24104690551758,9.241046905517578
exclude_all_flagged,2025-09-23,test,transformer_28d_small,42,41.51953125,0.48046875
exclude_all_flagged,2025-09-24,test,transformer_28d_small,32,48.10554122924805,16.105541229248047
exclude_all_flagged,2025-09-25,test,transformer_28d_small,39,49.02873229980469,10.028732299804688
exclude_all_flagged,2025-09-26,test,transformer_28d_small,58,58.52537155151367,0.5253715515136719
exclude_all_flagged,2025-09-27,test,transformer_28d_small,59,59.45338439941406,0.4533843994140625
exclude_all_flagged,2025-09-28,test,transformer_28d_small,36,46.369625091552734,10.369625091552734
exclude_all_flagged,2025-09-29,test,transformer_28d_small,43,35.200836181640625,7.799163818359375
exclude_all_flagged,2025-09-30,test,transformer_28d_small,35,32.833404541015625,2.166595458984375
exclude_all_flagged,2025-10-01,test,transformer_28d_small,23,31.93512535095215,8.935125350952148
exclude_all_flagged,2025-10-02,test,transformer_28d_small,33,37.51318359375,4.51318359375
exclude_all_flagged,2025-10-03,test,transformer_28d_small,60,57.89669418334961,2.1033058166503906
exclude_all_flagged,2025-10-04,test,transformer_28d_small,59,59.0718879699707,0.07188796997070312
exclude_all_flagged,2025-10-05,test,transformer_28d_small,29,34.648048400878906,5.648048400878906
exclude_all_flagged,2025-10-06,test,transformer_28d_small,34,31.10163116455078,2.8983688354492188
exclude_all_flagged,2025-10-07,test,transformer_28d_small,34,33.80915451049805,0.19084548950195312
exclude_all_flagged,2025-10-08,test,transformer_28d_small,41,37.53664016723633,3.463359832763672
exclude_all_flagged,2025-10-09,test,transformer_28d_small,49,42.866424560546875,6.133575439453125
exclude_all_flagged,2025-10-10,test,transformer_28d_small,58,58.78206253051758,0.7820625305175781
exclude_all_flagged,2025-10-11,test,transformer_28d_small,60,58.64740753173828,1.3525924682617188
exclude_all_flagged,2025-10-12,test,transformer_28d_small,59,37.43768310546875,21.56231689453125
exclude_all_flagged,2025-10-13,test,transformer_28d_small,22,44.93478012084961,22.93478012084961
exclude_all_flagged,2025-10-14,test,transformer_28d_small,37,34.33299255371094,2.6670074462890625
exclude_all_flagged,2025-10-15,test,transformer_28d_small,53,42.35197830200195,10.648021697998047
exclude_all_flagged,2025-10-16,test,transformer_28d_small,57,48.93756103515625,8.06243896484375
exclude_all_flagged,2025-10-17,test,transformer_28d_small,53,57.698081970214844,4.698081970214844
exclude_all_flagged,2025-10-18,test,transformer_28d_small,59,58.2462158203125,0.7537841796875
exclude_all_flagged,2025-10-19,test,transformer_28d_small,45,45.26652908325195,0.2665290832519531
exclude_all_flagged,2025-10-20,test,transformer_28d_small,42,35.09020233154297,6.909797668457031
exclude_all_flagged,2025-10-21,test,transformer_28d_small,46,35.73948287963867,10.260517120361328
exclude_all_flagged,2025-10-22,test,transformer_28d_small,28,40.987220764160156,12.987220764160156
exclude_all_flagged,2025-10-23,test,transformer_28d_small,47,44.97453308105469,2.0254669189453125
exclude_all_flagged,2025-10-24,test,transformer_28d_small,56,56.791568756103516,0.7915687561035156
exclude_all_flagged,2025-10-25,test,transformer_28d_small,59,57.88150405883789,1.1184959411621094
exclude_all_flagged,2025-10-26,test,transformer_28d_small,29,47.25360107421875,18.25360107421875
exclude_all_flagged,2025-10-27,test,transformer_28d_small,27,39.50080108642578,12.500801086425781
exclude_all_flagged,2025-10-28,test,transformer_28d_small,40,32.68096923828125,7.31903076171875
exclude_all_flagged,2025-10-29,test,transformer_28d_small,46,37.0947265625,8.9052734375
exclude_all_flagged,2025-10-30,test,transformer_28d_small,45,48.217864990234375,3.217864990234375
exclude_all_flagged,2025-10-31,test,transformer_28d_small,60,57.952606201171875,2.047393798828125
exclude_all_flagged,2025-11-01,test,transformer_28d_small,60,57.34442901611328,2.6555709838867188
exclude_all_flagged,2025-11-02,test,transformer_28d_small,38,31.442068099975586,6.557931900024414
exclude_all_flagged,2025-11-03,test,transformer_28d_small,21,27.239328384399414,6.239328384399414
exclude_all_flagged,2025-11-04,test,transformer_28d_small,27,23.59376335144043,3.4062366485595703
exclude_all_flagged,2025-11-05,test,transformer_28d_small,20,28.79239273071289,8.79239273071289
exclude_all_flagged,2025-11-06,test,transformer_28d_small,29,33.70697021484375,4.70697021484375
exclude_all_flagged,2025-11-07,test,transformer_28d_small,60,49.95349884033203,10.046501159667969
exclude_all_flagged,2025-11-08,test,transformer_28d_small,60,54.98920440673828,5.010795593261719
exclude_all_flagged,2025-11-09,test,transformer_28d_small,32,34.467586517333984,2.4675865173339844
exclude_all_flagged,2025-11-10,test,transformer_28d_small,35,31.40656280517578,3.5934371948242188
exclude_all_flagged,2025-11-11,test,transformer_28d_small,29,33.848838806152344,4.848838806152344
exclude_all_flagged,2025-11-12,test,transformer_28d_small,29,38.553016662597656,9.553016662597656
exclude_all_flagged,2025-11-13,test,transformer_28d_small,25,43.18907165527344,18.189071655273438
exclude_all_flagged,2025-11-14,test,transformer_28d_small,54,56.45531463623047,2.4553146362304688
exclude_all_flagged,2025-11-15,test,transformer_28d_small,59,59.76121139526367,0.7612113952636719
exclude_all_flagged,2025-11-16,test,transformer_28d_small,19,36.596839904785156,17.596839904785156
exclude_all_flagged,2025-11-17,test,transformer_28d_small,11,30.066619873046875,19.066619873046875
exclude_all_flagged,2025-11-18,test,transformer_28d_small,16,30.911941528320312,14.911941528320312
exclude_all_flagged,2025-11-19,test,transformer_28d_small,27,32.040802001953125,5.040802001953125
exclude_all_flagged,2025-11-20,test,transformer_28d_small,26,41.31107711791992,15.311077117919922
exclude_all_flagged,2025-11-21,test,transformer_28d_small,58,55.11083984375,2.88916015625
exclude_all_flagged,2025-11-22,test,transformer_28d_small,58,57.28287887573242,0.7171211242675781
exclude_all_flagged,2025-11-23,test,transformer_28d_small,27,26.822919845581055,0.1770801544189453
exclude_all_flagged,2025-11-24,test,transformer_28d_small,30,29.501195907592773,0.49880409240722656
exclude_all_flagged,2025-11-25,test,transformer_28d_small,28,32.94485855102539,4.944858551025391
exclude_all_flagged,2025-11-26,test,transformer_28d_small,42,36.170169830322266,5.829830169677734
exclude_all_flagged,2025-11-27,test,transformer_28d_small,58,41.57459259033203,16.42540740966797
exclude_all_flagged,2025-11-28,test,transformer_28d_small,59,58.558616638183594,0.44138336181640625
exclude_all_flagged,2025-11-29,test,transformer_28d_small,55,54.87004470825195,0.12995529174804688
exclude_all_flagged,2025-11-30,test,transformer_28d_small,28,28.862985610961914,0.8629856109619141
exclude_all_flagged,2025-12-01,test,transformer_28d_small,30,23.627973556518555,6.372026443481445
exclude_all_flagged,2025-12-02,test,transformer_28d_small,31,26.327655792236328,4.672344207763672
exclude_all_flagged,2025-12-03,test,transformer_28d_small,28,29.814149856567383,1.8141498565673828
exclude_all_flagged,2025-12-04,test,transformer_28d_small,37,33.0306282043457,3.969371795654297
exclude_all_flagged,2025-12-05,test,transformer_28d_small,50,52.18970489501953,2.1897048950195312
exclude_all_flagged,2025-12-06,test,transformer_28d_small,60,52.75436019897461,7.245639801025391
exclude_all_flagged,2025-12-07,test,transformer_28d_small,36,28.382591247558594,7.617408752441406
exclude_all_flagged,2025-12-08,test,transformer_28d_small,26,29.381731033325195,3.3817310333251953
exclude_all_flagged,2025-12-09,test,transformer_28d_small,40,25.14377212524414,14.85622787475586
exclude_all_flagged,2025-12-10,test,transformer_28d_small,21,32.37052536010742,11.370525360107422
exclude_all_flagged,2025-12-11,test,transformer_28d_small,24,33.333656311035156,9.333656311035156
exclude_all_flagged,2025-12-12,test,transformer_28d_small,50,47.962284088134766,2.0377159118652344
exclude_all_flagged,2025-12-13,test,transformer_28d_small,52,52.96765899658203,0.9676589965820312
exclude_all_flagged,2025-12-14,test,transformer_28d_small,24,28.477405548095703,4.477405548095703
exclude_all_flagged,2025-12-15,test,transformer_28d_small,18,25.02163314819336,7.021633148193359
exclude_all_flagged,2025-12-16,test,transformer_28d_small,23,24.53133773803711,1.5313377380371094
exclude_all_flagged,2025-12-17,test,transformer_28d_small,34,29.24547004699707,4.75452995300293
exclude_all_flagged,2025-12-18,test,transformer_28d_small,43,34.413639068603516,8.586360931396484
exclude_all_flagged,2025-12-19,test,transformer_28d_small,49,52.79032897949219,3.7903289794921875
exclude_all_flagged,2025-12-20,test,transformer_28d_small,57,52.44450378417969,4.5554962158203125
exclude_all_flagged,2025-12-21,test,transformer_28d_small,35,30.25193977355957,4.74806022644043
exclude_all_flagged,2025-12-22,test,transformer_28d_small,28,30.877826690673828,2.877826690673828
exclude_all_flagged,2025-12-23,test,transformer_28d_small,27,30.64609146118164,3.6460914611816406
exclude_all_flagged,2025-12-24,test,transformer_28d_small,40,39.52881622314453,0.47118377685546875
exclude_all_flagged,2025-12-25,test,transformer_28d_small,31,49.29685592651367,18.296855926513672
exclude_all_flagged,2025-12-26,test,transformer_28d_small,40,52.40891647338867,12.408916473388672
exclude_all_flagged,2025-12-27,test,transformer_28d_small,44,51.427215576171875,7.427215576171875
exclude_all_flagged,2025-12-28,test,transformer_28d_small,30,33.744136810302734,3.7441368103027344
exclude_all_flagged,2025-12-29,test,transformer_28d_small,28,32.011802673339844,4.011802673339844
exclude_all_flagged,2025-12-30,test,transformer_28d_small,36,31.676067352294922,4.323932647705078
exclude_all_flagged,2025-12-31,test,transformer_28d_small,55,40.18878936767578,14.811210632324219
exclude_all_flagged,2024-07-01,validation,transformer_56d_regularized,14,25.561655044555664,11.561655044555664
exclude_all_flagged,2024-07-02,validation,transformer_56d_regularized,17,28.906686782836914,11.906686782836914
exclude_all_flagged,2024-07-03,validation,transformer_56d_regularized,23,32.32809829711914,9.32809829711914
exclude_all_flagged,2024-07-04,validation,transformer_56d_regularized,26,40.452880859375,14.452880859375
exclude_all_flagged,2024-07-05,validation,transformer_56d_regularized,59,55.77787399291992,3.222126007080078
exclude_all_flagged,2024-07-06,validation,transformer_56d_regularized,59,59.32107162475586,0.3210716247558594
exclude_all_flagged,2024-07-07,validation,transformer_56d_regularized,22,29.27689552307129,7.276895523071289
exclude_all_flagged,2024-07-08,validation,transformer_56d_regularized,27,29.84202766418457,2.8420276641845703
exclude_all_flagged,2024-07-09,validation,transformer_56d_regularized,33,33.808170318603516,0.8081703186035156
exclude_all_flagged,2024-07-10,validation,transformer_56d_regularized,40,38.590084075927734,1.4099159240722656
exclude_all_flagged,2024-07-11,validation,transformer_56d_regularized,50,42.518341064453125,7.481658935546875
exclude_all_flagged,2024-07-12,validation,transformer_56d_regularized,58,59.94209289550781,1.9420928955078125
exclude_all_flagged,2024-07-13,validation,transformer_56d_regularized,60,59.95845031738281,0.0415496826171875
exclude_all_flagged,2024-07-14,validation,transformer_56d_regularized,25,28.854591369628906,3.8545913696289062
exclude_all_flagged,2024-07-15,validation,transformer_56d_regularized,28,29.47010040283203,1.4701004028320312
exclude_all_flagged,2024-07-16,validation,transformer_56d_regularized,36,31.075708389282227,4.924291610717773
exclude_all_flagged,2024-07-17,validation,transformer_56d_regularized,27,34.8298454284668,7.829845428466797
exclude_all_flagged,2024-07-18,validation,transformer_56d_regularized,32,40.507179260253906,8.507179260253906
exclude_all_flagged,2024-07-19,validation,transformer_56d_regularized,59,56.83262634277344,2.1673736572265625
exclude_all_flagged,2024-07-20,validation,transformer_56d_regularized,60,59.80154037475586,0.19845962524414062
exclude_all_flagged,2024-07-21,validation,transformer_56d_regularized,41,27.257396697998047,13.742603302001953
exclude_all_flagged,2024-07-22,validation,transformer_56d_regularized,45,32.011451721191406,12.988548278808594
exclude_all_flagged,2024-07-23,validation,transformer_56d_regularized,52,36.38215255737305,15.617847442626953
exclude_all_flagged,2024-07-24,validation,transformer_56d_regularized,57,42.403743743896484,14.596256256103516
exclude_all_flagged,2024-07-25,validation,transformer_56d_regularized,58,51.230140686035156,6.769859313964844
exclude_all_flagged,2024-07-26,validation,transformer_56d_regularized,60,60.0,0.0
exclude_all_flagged,2024-07-27,validation,transformer_56d_regularized,60,60.0,0.0
exclude_all_flagged,2024-07-28,validation,transformer_56d_regularized,28,34.17302703857422,6.173027038574219
exclude_all_flagged,2024-07-29,validation,transformer_56d_regularized,22,29.155988693237305,7.155988693237305
exclude_all_flagged,2024-07-30,validation,transformer_56d_regularized,27,27.73040771484375,0.73040771484375
exclude_all_flagged,2024-07-31,validation,transformer_56d_regularized,40,29.788410186767578,10.211589813232422
exclude_all_flagged,2024-08-01,validation,transformer_56d_regularized,33,45.253143310546875,12.253143310546875
exclude_all_flagged,2024-08-02,validation,transformer_56d_regularized,60,59.35773468017578,0.6422653198242188
exclude_all_flagged,2024-08-03,validation,transformer_56d_regularized,60,60.0,0.0
exclude_all_flagged,2024-08-04,validation,transformer_56d_regularized,22,24.250905990600586,2.250905990600586
exclude_all_flagged,2024-08-05,validation,transformer_56d_regularized,24,25.2453556060791,1.2453556060791016
exclude_all_flagged,2024-08-06,validation,transformer_56d_regularized,30,30.15047264099121,0.15047264099121094
exclude_all_flagged,2024-08-07,validation,transformer_56d_regularized,37,38.8076286315918,1.8076286315917969
exclude_all_flagged,2024-08-08,validation,transformer_56d_regularized,41,49.53452682495117,8.534526824951172
exclude_all_flagged,2024-08-09,validation,transformer_56d_regularized,55,59.085670471191406,4.085670471191406
exclude_all_flagged,2024-08-10,validation,transformer_56d_regularized,59,60.0,1.0
exclude_all_flagged,2024-08-11,validation,transformer_56d_regularized,26,28.972789764404297,2.972789764404297
exclude_all_flagged,2024-08-12,validation,transformer_56d_regularized,31,29.471942901611328,1.5280570983886719
exclude_all_flagged,2024-08-13,validation,transformer_56d_regularized,52,37.22780990600586,14.77219009399414
exclude_all_flagged,2024-08-14,validation,transformer_56d_regularized,36,45.92325210571289,9.92325210571289
exclude_all_flagged,2024-08-15,validation,transformer_56d_regularized,50,48.63969039916992,1.3603096008300781
exclude_all_flagged,2024-08-16,validation,transformer_56d_regularized,60,60.0,0.0
exclude_all_flagged,2024-08-17,validation,transformer_56d_regularized,60,60.0,0.0
exclude_all_flagged,2024-08-18,validation,transformer_56d_regularized,25,23.85080909729004,1.149190902709961
exclude_all_flagged,2024-08-19,validation,transformer_56d_regularized,33,22.419591903686523,10.580408096313477
exclude_all_flagged,2024-08-20,validation,transformer_56d_regularized,27,32.68144989013672,5.681449890136719
exclude_all_flagged,2024-08-21,validation,transformer_56d_regularized,38,32.345672607421875,5.654327392578125
exclude_all_flagged,2024-08-22,validation,transformer_56d_regularized,45,47.592872619628906,2.5928726196289062
exclude_all_flagged,2024-08-23,validation,transformer_56d_regularized,60,56.90555191040039,3.0944480895996094
exclude_all_flagged,2024-08-24,validation,transformer_56d_regularized,60,56.36227798461914,3.6377220153808594
exclude_all_flagged,2024-08-25,validation,transformer_56d_regularized,42,33.49052047729492,8.509479522705078
exclude_all_flagged,2024-08-26,validation,transformer_56d_regularized,52,32.27364730834961,19.72635269165039
exclude_all_flagged,2024-08-27,validation,transformer_56d_regularized,57,36.98579406738281,20.014205932617188
exclude_all_flagged,2024-08-28,validation,transformer_56d_regularized,60,46.73561096191406,13.264389038085938
exclude_all_flagged,2024-08-29,validation,transformer_56d_regularized,59,54.41553497314453,4.584465026855469
exclude_all_flagged,2024-08-30,validation,transformer_56d_regularized,49,60.0,11.0
exclude_all_flagged,2024-09-01,validation,transformer_56d_regularized,60,37.16627883911133,22.833721160888672
exclude_all_flagged,2024-09-02,validation,transformer_56d_regularized,38,46.15580749511719,8.155807495117188
exclude_all_flagged,2024-09-03,validation,transformer_56d_regularized,33,43.03123092651367,10.031230926513672
exclude_all_flagged,2024-09-04,validation,transformer_56d_regularized,31,44.15679931640625,13.15679931640625
exclude_all_flagged,2024-09-05,validation,transformer_56d_regularized,36,47.17133331298828,11.171333312988281
exclude_all_flagged,2024-09-06,validation,transformer_56d_regularized,57,60.0,3.0
exclude_all_flagged,2024-09-07,validation,transformer_56d_regularized,59,59.77837371826172,0.7783737182617188
exclude_all_flagged,2024-09-08,validation,transformer_56d_regularized,24,33.64546585083008,9.645465850830078
exclude_all_flagged,2024-09-09,validation,transformer_56d_regularized,29,29.443742752075195,0.4437427520751953
exclude_all_flagged,2024-09-10,validation,transformer_56d_regularized,25,36.86174392700195,11.861743927001953
exclude_all_flagged,2024-09-11,validation,transformer_56d_regularized,22,35.01508712768555,13.015087127685547
exclude_all_flagged,2024-09-12,validation,transformer_56d_regularized,39,40.024505615234375,1.024505615234375
exclude_all_flagged,2024-09-13,validation,transformer_56d_regularized,59,60.0,1.0
exclude_all_flagged,2024-09-14,validation,transformer_56d_regularized,60,60.0,0.0
exclude_all_flagged,2024-09-15,validation,transformer_56d_regularized,29,25.124319076538086,3.875680923461914
exclude_all_flagged,2024-09-16,validation,transformer_56d_regularized,40,25.278974533081055,14.721025466918945
exclude_all_flagged,2024-09-17,validation,transformer_56d_regularized,49,31.884923934936523,17.115076065063477
exclude_all_flagged,2024-09-18,validation,transformer_56d_regularized,50,37.872894287109375,12.127105712890625
exclude_all_flagged,2024-09-19,validation,transformer_56d_regularized,54,49.40493392944336,4.595066070556641
exclude_all_flagged,2024-09-20,validation,transformer_56d_regularized,59,60.0,1.0
exclude_all_flagged,2024-09-21,validation,transformer_56d_regularized,59,60.0,1.0
exclude_all_flagged,2024-09-22,validation,transformer_56d_regularized,36,25.17003059387207,10.82996940612793
exclude_all_flagged,2024-09-23,validation,transformer_56d_regularized,42,32.797828674316406,9.202171325683594
exclude_all_flagged,2024-09-24,validation,transformer_56d_regularized,55,40.6812629699707,14.318737030029297
exclude_all_flagged,2024-09-25,validation,transformer_56d_regularized,56,49.63127517700195,6.368724822998047
exclude_all_flagged,2024-09-26,validation,transformer_56d_regularized,56,57.98855209350586,1.9885520935058594
exclude_all_flagged,2024-09-27,validation,transformer_56d_regularized,59,60.0,1.0
exclude_all_flagged,2024-09-28,validation,transformer_56d_regularized,57,59.58060836791992,2.580608367919922
exclude_all_flagged,2024-09-29,validation,transformer_56d_regularized,38,34.484649658203125,3.515350341796875
exclude_all_flagged,2024-09-30,validation,transformer_56d_regularized,30,39.812068939208984,9.812068939208984
exclude_all_flagged,2024-10-01,validation,transformer_56d_regularized,14,32.535072326660156,18.535072326660156
exclude_all_flagged,2024-10-02,validation,transformer_56d_regularized,11,28.18199920654297,17.18199920654297
exclude_all_flagged,2024-10-03,validation,transformer_56d_regularized,39,28.819704055786133,10.180295944213867
exclude_all_flagged,2024-10-04,validation,transformer_56d_regularized,60,60.0,0.0
exclude_all_flagged,2024-10-05,validation,transformer_56d_regularized,58,60.0,2.0
exclude_all_flagged,2024-10-06,validation,transformer_56d_regularized,25,24.996387481689453,0.003612518310546875
exclude_all_flagged,2024-10-07,validation,transformer_56d_regularized,22,23.206619262695312,1.2066192626953125
exclude_all_flagged,2024-10-08,validation,transformer_56d_regularized,30,22.317420959472656,7.682579040527344
exclude_all_flagged,2024-10-09,validation,transformer_56d_regularized,38,30.82807159423828,7.171928405761719
exclude_all_flagged,2024-10-10,validation,transformer_56d_regularized,59,45.48514175415039,13.51485824584961
exclude_all_flagged,2024-10-11,validation,transformer_56d_regularized,60,60.0,0.0
exclude_all_flagged,2024-10-12,validation,transformer_56d_regularized,60,56.7598762512207,3.240123748779297
exclude_all_flagged,2024-10-13,validation,transformer_56d_regularized,60,26.869657516479492,33.13034248352051
exclude_all_flagged,2024-10-14,validation,transformer_56d_regularized,18,33.034358978271484,15.034358978271484
exclude_all_flagged,2024-10-15,validation,transformer_56d_regularized,24,25.252016067504883,1.2520160675048828
exclude_all_flagged,2024-10-16,validation,transformer_56d_regularized,34,28.012516021728516,5.987483978271484
exclude_all_flagged,2024-10-17,validation,transformer_56d_regularized,51,43.58376693725586,7.416233062744141
exclude_all_flagged,2024-10-18,validation,transformer_56d_regularized,60,58.49127197265625,1.50872802734375
exclude_all_flagged,2024-10-19,validation,transformer_56d_regularized,60,56.94458770751953,3.0554122924804688
exclude_all_flagged,2024-10-20,validation,transformer_56d_regularized,44,32.01471710205078,11.985282897949219
exclude_all_flagged,2024-10-21,validation,transformer_56d_regularized,31,32.650848388671875,1.650848388671875
exclude_all_flagged,2024-10-22,validation,transformer_56d_regularized,37,31.700590133666992,5.299409866333008
exclude_all_flagged,2024-10-23,validation,transformer_56d_regularized,51,43.98634719848633,7.013652801513672
exclude_all_flagged,2024-10-24,validation,transformer_56d_regularized,58,60.0,2.0
exclude_all_flagged,2024-10-25,validation,transformer_56d_regularized,59,60.0,1.0
exclude_all_flagged,2024-10-26,validation,transformer_56d_regularized,59,59.501197814941406,0.5011978149414062
exclude_all_flagged,2024-10-27,validation,transformer_56d_regularized,59,42.0096435546875,16.9903564453125
exclude_all_flagged,2024-10-28,validation,transformer_56d_regularized,21,37.22472381591797,16.22472381591797
exclude_all_flagged,2024-10-29,validation,transformer_56d_regularized,23,27.684667587280273,4.684667587280273
exclude_all_flagged,2024-10-30,validation,transformer_56d_regularized,26,32.55485534667969,6.5548553466796875
exclude_all_flagged,2024-10-31,validation,transformer_56d_regularized,40,38.9072380065918,1.0927619934082031
exclude_all_flagged,2024-11-01,validation,transformer_56d_regularized,60,60.0,0.0
exclude_all_flagged,2024-11-02,validation,transformer_56d_regularized,60,59.670963287353516,0.3290367126464844
exclude_all_flagged,2024-11-03,validation,transformer_56d_regularized,26,36.65202331542969,10.652023315429688
exclude_all_flagged,2024-11-04,validation,transformer_56d_regularized,16,26.104833602905273,10.104833602905273
exclude_all_flagged,2024-11-05,validation,transformer_56d_regularized,16,27.585987091064453,11.585987091064453
exclude_all_flagged,2024-11-06,validation,transformer_56d_regularized,29,33.721126556396484,4.721126556396484
exclude_all_flagged,2024-11-07,validation,transformer_56d_regularized,47,47.94553756713867,0.9455375671386719
exclude_all_flagged,2024-11-08,validation,transformer_56d_regularized,59,60.0,1.0
exclude_all_flagged,2024-11-09,validation,transformer_56d_regularized,60,60.0,0.0
exclude_all_flagged,2024-11-10,validation,transformer_56d_regularized,60,49.51397705078125,10.48602294921875
exclude_all_flagged,2024-11-11,validation,transformer_56d_regularized,38,39.00557327270508,1.0055732727050781
exclude_all_flagged,2024-11-12,validation,transformer_56d_regularized,54,36.07033157348633,17.929668426513672
exclude_all_flagged,2024-11-13,validation,transformer_56d_regularized,36,47.25918197631836,11.25918197631836
exclude_all_flagged,2024-11-14,validation,transformer_56d_regularized,53,53.89034652709961,0.8903465270996094
exclude_all_flagged,2024-11-15,validation,transformer_56d_regularized,60,60.0,0.0
exclude_all_flagged,2024-11-16,validation,transformer_56d_regularized,60,60.0,0.0
exclude_all_flagged,2024-11-17,validation,transformer_56d_regularized,15,43.70947265625,28.70947265625
exclude_all_flagged,2024-11-18,validation,transformer_56d_regularized,12,28.320589065551758,16.320589065551758
exclude_all_flagged,2024-11-19,validation,transformer_56d_regularized,23,27.39586067199707,4.39586067199707
exclude_all_flagged,2024-11-20,validation,transformer_56d_regularized,34,34.77590560913086,0.7759056091308594
exclude_all_flagged,2024-11-21,validation,transformer_56d_regularized,29,49.63335037231445,20.633350372314453
exclude_all_flagged,2024-11-22,validation,transformer_56d_regularized,50,57.06904983520508,7.069049835205078
exclude_all_flagged,2024-11-23,validation,transformer_56d_regularized,56,59.865692138671875,3.865692138671875
exclude_all_flagged,2024-11-24,validation,transformer_56d_regularized,25,48.87911605834961,23.87911605834961
exclude_all_flagged,2024-11-25,validation,transformer_56d_regularized,25,31.628318786621094,6.628318786621094
exclude_all_flagged,2024-11-26,validation,transformer_56d_regularized,23,37.39503479003906,14.395034790039062
exclude_all_flagged,2024-11-27,validation,transformer_56d_regularized,43,40.41117858886719,2.5888214111328125
exclude_all_flagged,2024-11-28,validation,transformer_56d_regularized,58,54.63528060913086,3.3647193908691406
exclude_all_flagged,2024-11-29,validation,transformer_56d_regularized,59,60.0,1.0
exclude_all_flagged,2024-11-30,validation,transformer_56d_regularized,59,55.55774688720703,3.4422531127929688
exclude_all_flagged,2024-12-01,validation,transformer_56d_regularized,28,31.301956176757812,3.3019561767578125
exclude_all_flagged,2024-12-02,validation,transformer_56d_regularized,22,27.437774658203125,5.437774658203125
exclude_all_flagged,2024-12-03,validation,transformer_56d_regularized,34,28.457555770874023,5.542444229125977
exclude_all_flagged,2024-12-04,validation,transformer_56d_regularized,38,43.147804260253906,5.147804260253906
exclude_all_flagged,2024-12-05,validation,transformer_56d_regularized,29,49.03374481201172,20.03374481201172
exclude_all_flagged,2024-12-06,validation,transformer_56d_regularized,60,56.19782638549805,3.802173614501953
exclude_all_flagged,2024-12-07,validation,transformer_56d_regularized,60,60.0,0.0
exclude_all_flagged,2024-12-08,validation,transformer_56d_regularized,27,29.2890567779541,2.2890567779541016
exclude_all_flagged,2024-12-09,validation,transformer_56d_regularized,24,23.688323974609375,0.311676025390625
exclude_all_flagged,2024-12-10,validation,transformer_56d_regularized,26,27.367794036865234,1.3677940368652344
exclude_all_flagged,2024-12-11,validation,transformer_56d_regularized,32,36.03648376464844,4.0364837646484375
exclude_all_flagged,2024-12-12,validation,transformer_56d_regularized,29,47.2281608581543,18.228160858154297
exclude_all_flagged,2024-12-13,validation,transformer_56d_regularized,47,57.07945251464844,10.079452514648438
exclude_all_flagged,2024-12-14,validation,transformer_56d_regularized,58,57.8930778503418,0.10692214965820312
exclude_all_flagged,2024-12-15,validation,transformer_56d_regularized,34,25.800352096557617,8.199647903442383
exclude_all_flagged,2024-12-16,validation,transformer_56d_regularized,23,27.689884185791016,4.689884185791016
exclude_all_flagged,2024-12-17,validation,transformer_56d_regularized,26,30.064964294433594,4.064964294433594
exclude_all_flagged,2024-12-18,validation,transformer_56d_regularized,32,35.2330436706543,3.233043670654297
exclude_all_flagged,2024-12-19,validation,transformer_56d_regularized,25,35.970951080322266,10.970951080322266
exclude_all_flagged,2024-12-20,validation,transformer_56d_regularized,52,54.319053649902344,2.3190536499023438
exclude_all_flagged,2024-12-21,validation,transformer_56d_regularized,59,56.42544937133789,2.5745506286621094
exclude_all_flagged,2024-12-22,validation,transformer_56d_regularized,31,23.666149139404297,7.333850860595703
exclude_all_flagged,2024-12-23,validation,transformer_56d_regularized,35,23.74139976501465,11.258600234985352
exclude_all_flagged,2024-12-24,validation,transformer_56d_regularized,45,27.569242477416992,17.430757522583008
exclude_all_flagged,2024-12-25,validation,transformer_56d_regularized,40,38.9191780090332,1.0808219909667969
exclude_all_flagged,2024-12-26,validation,transformer_56d_regularized,48,41.23847579956055,6.761524200439453
exclude_all_flagged,2024-12-27,validation,transformer_56d_regularized,56,55.70991134643555,0.2900886535644531
exclude_all_flagged,2024-12-28,validation,transformer_56d_regularized,58,54.00233459472656,3.9976654052734375
exclude_all_flagged,2024-12-29,validation,transformer_56d_regularized,39,25.097211837768555,13.902788162231445
exclude_all_flagged,2024-12-30,validation,transformer_56d_regularized,39,24.685949325561523,14.314050674438477
exclude_all_flagged,2024-12-31,validation,transformer_56d_regularized,50,40.12453842163086,9.87546157836914
exclude_all_flagged,2025-01-01,test,transformer_56d_regularized,11,31.40351104736328,20.40351104736328
exclude_all_flagged,2025-01-02,test,transformer_56d_regularized,15,17.0659122467041,2.0659122467041016
exclude_all_flagged,2025-01-03,test,transformer_56d_regularized,17,36.3436279296875,19.3436279296875
exclude_all_flagged,2025-01-04,test,transformer_56d_regularized,22,30.489654541015625,8.489654541015625
exclude_all_flagged,2025-01-16,test,transformer_56d_regularized,1,35.483978271484375,34.483978271484375
exclude_all_flagged,2025-01-17,test,transformer_56d_regularized,23,41.91645812988281,18.916458129882812
exclude_all_flagged,2025-01-18,test,transformer_56d_regularized,44,43.0040397644043,0.9959602355957031
exclude_all_flagged,2025-01-19,test,transformer_56d_regularized,13,33.12213897705078,20.12213897705078
exclude_all_flagged,2025-01-20,test,transformer_56d_regularized,5,32.49085998535156,27.490859985351562
exclude_all_flagged,2025-01-21,test,transformer_56d_regularized,2,35.089908599853516,33.089908599853516
exclude_all_flagged,2025-01-22,test,transformer_56d_regularized,13,34.742916107177734,21.742916107177734
exclude_all_flagged,2025-01-23,test,transformer_56d_regularized,14,33.98480987548828,19.98480987548828
exclude_all_flagged,2025-01-24,test,transformer_56d_regularized,56,35.4512825012207,20.548717498779297
exclude_all_flagged,2025-01-25,test,transformer_56d_regularized,58,37.28563690185547,20.71436309814453
exclude_all_flagged,2025-01-26,test,transformer_56d_regularized,20,23.858304977416992,3.858304977416992
exclude_all_flagged,2025-01-27,test,transformer_56d_regularized,17,19.013595581054688,2.0135955810546875
exclude_all_flagged,2025-01-28,test,transformer_56d_regularized,21,19.202922821044922,1.7970771789550781
exclude_all_flagged,2025-01-29,test,transformer_56d_regularized,25,16.66176414489746,8.338235855102539
exclude_all_flagged,2025-01-30,test,transformer_56d_regularized,28,17.504186630249023,10.495813369750977
exclude_all_flagged,2025-01-31,test,transformer_56d_regularized,53,24.63985252380371,28.36014747619629
exclude_all_flagged,2025-02-01,test,transformer_56d_regularized,59,34.62677001953125,24.37322998046875
exclude_all_flagged,2025-02-02,test,transformer_56d_regularized,19,17.688385009765625,1.311614990234375
exclude_all_flagged,2025-02-03,test,transformer_56d_regularized,23,15.385055541992188,7.6149444580078125
exclude_all_flagged,2025-02-04,test,transformer_56d_regularized,25,16.214420318603516,8.785579681396484
exclude_all_flagged,2025-02-05,test,transformer_56d_regularized,25,16.784713745117188,8.215286254882812
exclude_all_flagged,2025-02-06,test,transformer_56d_regularized,26,16.373573303222656,9.626426696777344
exclude_all_flagged,2025-02-07,test,transformer_56d_regularized,31,22.124431610107422,8.875568389892578
exclude_all_flagged,2025-02-08,test,transformer_56d_regularized,46,21.38075065612793,24.61924934387207
exclude_all_flagged,2025-02-09,test,transformer_56d_regularized,13,16.937759399414062,3.9377593994140625
exclude_all_flagged,2025-02-10,test,transformer_56d_regularized,16,14.866582870483398,1.1334171295166016
exclude_all_flagged,2025-02-11,test,transformer_56d_regularized,21,16.563865661621094,4.436134338378906
exclude_all_flagged,2025-02-12,test,transformer_56d_regularized,21,18.91170310974121,2.088296890258789
exclude_all_flagged,2025-02-13,test,transformer_56d_regularized,25,19.546764373779297,5.453235626220703
exclude_all_flagged,2025-02-14,test,transformer_56d_regularized,60,32.74705505371094,27.252944946289062
exclude_all_flagged,2025-02-15,test,transformer_56d_regularized,54,40.63465881347656,13.365341186523438
exclude_all_flagged,2025-02-16,test,transformer_56d_regularized,31,16.330183029174805,14.669816970825195
exclude_all_flagged,2025-02-17,test,transformer_56d_regularized,20,15.057437896728516,4.942562103271484
exclude_all_flagged,2025-02-18,test,transformer_56d_regularized,31,15.13377571105957,15.86622428894043
exclude_all_flagged,2025-02-19,test,transformer_56d_regularized,37,17.95220375061035,19.04779624938965
exclude_all_flagged,2025-02-20,test,transformer_56d_regularized,44,19.11180305480957,24.88819694519043
exclude_all_flagged,2025-02-21,test,transformer_56d_regularized,59,39.436824798583984,19.563175201416016
exclude_all_flagged,2025-02-22,test,transformer_56d_regularized,59,39.811134338378906,19.188865661621094
exclude_all_flagged,2025-02-23,test,transformer_56d_regularized,11,18.163860321044922,7.163860321044922
exclude_all_flagged,2025-02-24,test,transformer_56d_regularized,29,16.2634220123291,12.736577987670898
exclude_all_flagged,2025-02-25,test,transformer_56d_regularized,22,18.98802375793457,3.0119762420654297
exclude_all_flagged,2025-02-26,test,transformer_56d_regularized,35,19.578304290771484,15.421695709228516
exclude_all_flagged,2025-02-27,test,transformer_56d_regularized,32,25.717954635620117,6.282045364379883
exclude_all_flagged,2025-02-28,test,transformer_56d_regularized,53,40.05043029785156,12.949569702148438
exclude_all_flagged,2025-03-01,test,transformer_56d_regularized,58,49.279510498046875,8.720489501953125
exclude_all_flagged,2025-03-02,test,transformer_56d_regularized,11,19.904930114746094,8.904930114746094
exclude_all_flagged,2025-03-03,test,transformer_56d_regularized,35,17.22509765625,17.77490234375
exclude_all_flagged,2025-03-04,test,transformer_56d_regularized,35,22.444355010986328,12.555644989013672
exclude_all_flagged,2025-03-05,test,transformer_56d_regularized,39,26.93695068359375,12.06304931640625
exclude_all_flagged,2025-03-06,test,transformer_56d_regularized,35,30.80254554748535,4.197454452514648
exclude_all_flagged,2025-03-07,test,transformer_56d_regularized,60,42.03348922729492,17.966510772705078
exclude_all_flagged,2025-03-08,test,transformer_56d_regularized,59,48.60070037841797,10.399299621582031
exclude_all_flagged,2025-03-09,test,transformer_56d_regularized,20,19.120580673217773,0.8794193267822266
exclude_all_flagged,2025-03-10,test,transformer_56d_regularized,32,22.420555114746094,9.579444885253906
exclude_all_flagged,2025-03-11,test,transformer_56d_regularized,31,24.78685760498047,6.213142395019531
exclude_all_flagged,2025-03-12,test,transformer_56d_regularized,37,28.651079177856445,8.348920822143555
exclude_all_flagged,2025-03-13,test,transformer_56d_regularized,42,34.59457015991211,7.405429840087891
exclude_all_flagged,2025-03-14,test,transformer_56d_regularized,58,55.10480880737305,2.895191192626953
exclude_all_flagged,2025-03-15,test,transformer_56d_regularized,59,56.75994873046875,2.24005126953125
exclude_all_flagged,2025-03-16,test,transformer_56d_regularized,34,22.94768714904785,11.052312850952148
exclude_all_flagged,2025-03-17,test,transformer_56d_regularized,31,28.342044830322266,2.6579551696777344
exclude_all_flagged,2025-03-18,test,transformer_56d_regularized,32,31.16560173034668,0.8343982696533203
exclude_all_flagged,2025-03-19,test,transformer_56d_regularized,24,38.68478775024414,14.68478775024414
exclude_all_flagged,2025-03-20,test,transformer_56d_regularized,49,40.86711883544922,8.132881164550781
exclude_all_flagged,2025-03-21,test,transformer_56d_regularized,58,56.99067306518555,1.0093269348144531
exclude_all_flagged,2025-03-22,test,transformer_56d_regularized,60,58.82193374633789,1.1780662536621094
exclude_all_flagged,2025-03-23,test,transformer_56d_regularized,30,21.52362823486328,8.476371765136719
exclude_all_flagged,2025-03-24,test,transformer_56d_regularized,30,25.08238410949707,4.91761589050293
exclude_all_flagged,2025-03-25,test,transformer_56d_regularized,30,24.313552856445312,5.6864471435546875
exclude_all_flagged,2025-03-26,test,transformer_56d_regularized,35,27.157508850097656,7.842491149902344
exclude_all_flagged,2025-03-27,test,transformer_56d_regularized,43,37.4310417175293,5.568958282470703
exclude_all_flagged,2025-03-28,test,transformer_56d_regularized,58,54.092159271240234,3.9078407287597656
exclude_all_flagged,2025-03-29,test,transformer_56d_regularized,58,56.53303146362305,1.4669685363769531
exclude_all_flagged,2025-03-30,test,transformer_56d_regularized,40,20.438318252563477,19.561681747436523
exclude_all_flagged,2025-03-31,test,transformer_56d_regularized,33,34.68056869506836,1.6805686950683594
exclude_all_flagged,2025-04-01,test,transformer_56d_regularized,23,22.00315284729004,0.9968471527099609
exclude_all_flagged,2025-04-02,test,transformer_56d_regularized,24,28.51573371887207,4.51573371887207
exclude_all_flagged,2025-04-03,test,transformer_56d_regularized,33,36.14284133911133,3.142841339111328
exclude_all_flagged,2025-04-04,test,transformer_56d_regularized,59,56.54353332519531,2.4564666748046875
exclude_all_flagged,2025-04-05,test,transformer_56d_regularized,59,58.69685745239258,0.3031425476074219
exclude_all_flagged,2025-04-06,test,transformer_56d_regularized,36,21.357097625732422,14.642902374267578
exclude_all_flagged,2025-04-07,test,transformer_56d_regularized,19,27.06012725830078,8.060127258300781
exclude_all_flagged,2025-04-08,test,transformer_56d_regularized,23,21.501331329345703,1.4986686706542969
exclude_all_flagged,2025-04-09,test,transformer_56d_regularized,28,25.668142318725586,2.331857681274414
exclude_all_flagged,2025-04-10,test,transformer_56d_regularized,50,33.2368278503418,16.763172149658203
exclude_all_flagged,2025-04-11,test,transformer_56d_regularized,59,57.160369873046875,1.839630126953125
exclude_all_flagged,2025-04-12,test,transformer_56d_regularized,59,55.475101470947266,3.5248985290527344
exclude_all_flagged,2025-04-13,test,transformer_56d_regularized,32,23.108596801757812,8.891403198242188
exclude_all_flagged,2025-04-14,test,transformer_56d_regularized,39,23.593059539794922,15.406940460205078
exclude_all_flagged,2025-04-15,test,transformer_56d_regularized,33,27.833675384521484,5.166324615478516
exclude_all_flagged,2025-04-16,test,transformer_56d_regularized,34,29.3521671295166,4.647832870483398
exclude_all_flagged,2025-04-17,test,transformer_56d_regularized,43,44.685302734375,1.685302734375
exclude_all_flagged,2025-04-18,test,transformer_56d_regularized,60,57.77127456665039,2.2287254333496094
exclude_all_flagged,2025-04-19,test,transformer_56d_regularized,59,57.42339324951172,1.5766067504882812
exclude_all_flagged,2025-04-20,test,transformer_56d_regularized,27,25.642498016357422,1.3575019836425781
exclude_all_flagged,2025-04-21,test,transformer_56d_regularized,39,27.26572036743164,11.73427963256836
exclude_all_flagged,2025-04-22,test,transformer_56d_regularized,44,31.33165168762207,12.66834831237793
exclude_all_flagged,2025-04-23,test,transformer_56d_regularized,36,38.20733642578125,2.20733642578125
exclude_all_flagged,2025-04-24,test,transformer_56d_regularized,50,46.68263626098633,3.317363739013672
exclude_all_flagged,2025-04-25,test,transformer_56d_regularized,55,58.26333999633789,3.2633399963378906
exclude_all_flagged,2025-04-26,test,transformer_56d_regularized,59,57.742916107177734,1.2570838928222656
exclude_all_flagged,2025-04-27,test,transformer_56d_regularized,21,26.29037857055664,5.290378570556641
exclude_all_flagged,2025-04-28,test,transformer_56d_regularized,30,28.081283569335938,1.9187164306640625
exclude_all_flagged,2025-04-29,test,transformer_56d_regularized,35,29.556249618530273,5.443750381469727
exclude_all_flagged,2025-04-30,test,transformer_56d_regularized,29,29.87372398376465,0.8737239837646484
exclude_all_flagged,2025-05-01,test,transformer_56d_regularized,30,39.24224853515625,9.24224853515625
exclude_all_flagged,2025-05-02,test,transformer_56d_regularized,58,53.871883392333984,4.128116607666016
exclude_all_flagged,2025-05-03,test,transformer_56d_regularized,59,54.872562408447266,4.127437591552734
exclude_all_flagged,2025-05-04,test,transformer_56d_regularized,19,20.945831298828125,1.945831298828125
exclude_all_flagged,2025-05-05,test,transformer_56d_regularized,8,21.74856948852539,13.74856948852539
exclude_all_flagged,2025-05-06,test,transformer_56d_regularized,13,20.15123748779297,7.151237487792969
exclude_all_flagged,2025-05-07,test,transformer_56d_regularized,43,23.083438873291016,19.916561126708984
exclude_all_flagged,2025-05-08,test,transformer_56d_regularized,54,43.030487060546875,10.969512939453125
exclude_all_flagged,2025-05-09,test,transformer_56d_regularized,60,57.563385009765625,2.436614990234375
exclude_all_flagged,2025-05-10,test,transformer_56d_regularized,59,53.41787338256836,5.582126617431641
exclude_all_flagged,2025-05-11,test,transformer_56d_regularized,15,22.247346878051758,7.247346878051758
exclude_all_flagged,2025-05-12,test,transformer_56d_regularized,34,19.66046142578125,14.33953857421875
exclude_all_flagged,2025-05-13,test,transformer_56d_regularized,44,25.153684616088867,18.846315383911133
exclude_all_flagged,2025-05-14,test,transformer_56d_regularized,56,33.91434097290039,22.08565902709961
exclude_all_flagged,2025-05-15,test,transformer_56d_regularized,50,40.35765838623047,9.642341613769531
exclude_all_flagged,2025-05-16,test,transformer_56d_regularized,59,52.838748931884766,6.161251068115234
exclude_all_flagged,2025-05-17,test,transformer_56d_regularized,58,50.958744049072266,7.041255950927734
exclude_all_flagged,2025-05-18,test,transformer_56d_regularized,36,27.21184730529785,8.788152694702148
exclude_all_flagged,2025-05-19,test,transformer_56d_regularized,22,27.426671981811523,5.426671981811523
exclude_all_flagged,2025-05-20,test,transformer_56d_regularized,26,26.127708435058594,0.12770843505859375
exclude_all_flagged,2025-05-21,test,transformer_56d_regularized,22,34.63774871826172,12.637748718261719
exclude_all_flagged,2025-05-22,test,transformer_56d_regularized,20,38.07017517089844,18.070175170898438
exclude_all_flagged,2025-05-23,test,transformer_56d_regularized,56,47.1793098449707,8.820690155029297
exclude_all_flagged,2025-05-24,test,transformer_56d_regularized,57,55.206336975097656,1.7936630249023438
exclude_all_flagged,2025-05-25,test,transformer_56d_regularized,52,25.91803550720215,26.08196449279785
exclude_all_flagged,2025-05-26,test,transformer_56d_regularized,9,27.59356689453125,18.59356689453125
exclude_all_flagged,2025-05-27,test,transformer_56d_regularized,9,24.321876525878906,15.321876525878906
exclude_all_flagged,2025-05-28,test,transformer_56d_regularized,17,26.45573616027832,9.45573616027832
exclude_all_flagged,2025-05-29,test,transformer_56d_regularized,37,29.235797882080078,7.764202117919922
exclude_all_flagged,2025-05-30,test,transformer_56d_regularized,54,52.0812873840332,1.9187126159667969
exclude_all_flagged,2025-05-31,test,transformer_56d_regularized,58,51.34721755981445,6.652782440185547
exclude_all_flagged,2025-06-01,test,transformer_56d_regularized,45,34.3781623840332,10.621837615966797
exclude_all_flagged,2025-06-02,test,transformer_56d_regularized,25,30.095827102661133,5.095827102661133
exclude_all_flagged,2025-06-03,test,transformer_56d_regularized,25,27.132816314697266,2.1328163146972656
exclude_all_flagged,2025-06-04,test,transformer_56d_regularized,39,33.335845947265625,5.664154052734375
exclude_all_flagged,2025-06-05,test,transformer_56d_regularized,34,42.94451904296875,8.94451904296875
exclude_all_flagged,2025-06-06,test,transformer_56d_regularized,58,56.960636138916016,1.0393638610839844
exclude_all_flagged,2025-06-07,test,transformer_56d_regularized,57,58.73007583618164,1.7300758361816406
exclude_all_flagged,2025-06-08,test,transformer_56d_regularized,29,33.62555694580078,4.625556945800781
exclude_all_flagged,2025-06-09,test,transformer_56d_regularized,34,31.762496948242188,2.2375030517578125
exclude_all_flagged,2025-06-10,test,transformer_56d_regularized,48,34.902259826660156,13.097740173339844
exclude_all_flagged,2025-06-11,test,transformer_56d_regularized,39,42.620975494384766,3.6209754943847656
exclude_all_flagged,2025-06-12,test,transformer_56d_regularized,44,46.294124603271484,2.2941246032714844
exclude_all_flagged,2025-06-13,test,transformer_56d_regularized,60,57.322608947753906,2.6773910522460938
exclude_all_flagged,2025-06-14,test,transformer_56d_regularized,59,58.09908676147461,0.9009132385253906
exclude_all_flagged,2025-06-15,test,transformer_56d_regularized,16,32.4168586730957,16.416858673095703
exclude_all_flagged,2025-06-16,test,transformer_56d_regularized,10,28.95537567138672,18.95537567138672
exclude_all_flagged,2025-06-17,test,transformer_56d_regularized,22,28.542123794555664,6.542123794555664
exclude_all_flagged,2025-06-18,test,transformer_56d_regularized,13,33.658016204833984,20.658016204833984
exclude_all_flagged,2025-06-19,test,transformer_56d_regularized,31,31.62674331665039,0.6267433166503906
exclude_all_flagged,2025-06-20,test,transformer_56d_regularized,60,54.447669982910156,5.552330017089844
exclude_all_flagged,2025-06-21,test,transformer_56d_regularized,57,56.1738395690918,0.8261604309082031
exclude_all_flagged,2025-06-22,test,transformer_56d_regularized,19,28.198686599731445,9.198686599731445
exclude_all_flagged,2025-06-23,test,transformer_56d_regularized,19,22.919763565063477,3.9197635650634766
exclude_all_flagged,2025-06-24,test,transformer_56d_regularized,34,26.43897819519043,7.56102180480957
exclude_all_flagged,2025-06-25,test,transformer_56d_regularized,36,32.26911163330078,3.7308883666992188
exclude_all_flagged,2025-06-26,test,transformer_56d_regularized,31,40.200077056884766,9.200077056884766
exclude_all_flagged,2025-06-27,test,transformer_56d_regularized,59,54.34515380859375,4.65484619140625
exclude_all_flagged,2025-06-28,test,transformer_56d_regularized,59,56.7535400390625,2.2464599609375
exclude_all_flagged,2025-06-29,test,transformer_56d_regularized,32,27.91853904724121,4.081460952758789
exclude_all_flagged,2025-06-30,test,transformer_56d_regularized,25,32.863319396972656,7.863319396972656
exclude_all_flagged,2025-07-01,test,transformer_56d_regularized,29,28.213748931884766,0.7862510681152344
exclude_all_flagged,2025-07-02,test,transformer_56d_regularized,23,36.658180236816406,13.658180236816406
exclude_all_flagged,2025-07-03,test,transformer_56d_regularized,30,36.857147216796875,6.857147216796875
exclude_all_flagged,2025-07-04,test,transformer_56d_regularized,57,52.977638244628906,4.022361755371094
exclude_all_flagged,2025-07-05,test,transformer_56d_regularized,59,55.60760498046875,3.39239501953125
exclude_all_flagged,2025-07-06,test,transformer_56d_regularized,32,30.117176055908203,1.8828239440917969
exclude_all_flagged,2025-07-07,test,transformer_56d_regularized,23,31.681049346923828,8.681049346923828
exclude_all_flagged,2025-07-08,test,transformer_56d_regularized,39,33.664398193359375,5.335601806640625
exclude_all_flagged,2025-07-09,test,transformer_56d_regularized,44,38.2883186340332,5.711681365966797
exclude_all_flagged,2025-07-10,test,transformer_56d_regularized,45,40.68550491333008,4.314495086669922
exclude_all_flagged,2025-07-11,test,transformer_56d_regularized,60,59.12405776977539,0.8759422302246094
exclude_all_flagged,2025-07-12,test,transformer_56d_regularized,59,58.0859489440918,0.9140510559082031
exclude_all_flagged,2025-07-13,test,transformer_56d_regularized,30,25.95742416381836,4.042575836181641
exclude_all_flagged,2025-07-14,test,transformer_56d_regularized,29,26.066171646118164,2.933828353881836
exclude_all_flagged,2025-07-15,test,transformer_56d_regularized,30,28.6852970123291,1.3147029876708984
exclude_all_flagged,2025-07-16,test,transformer_56d_regularized,26,29.879735946655273,3.8797359466552734
exclude_all_flagged,2025-07-17,test,transformer_56d_regularized,36,31.026031494140625,4.973968505859375
exclude_all_flagged,2025-07-18,test,transformer_56d_regularized,60,50.41454315185547,9.585456848144531
exclude_all_flagged,2025-07-19,test,transformer_56d_regularized,60,54.267723083496094,5.732276916503906
exclude_all_flagged,2025-07-20,test,transformer_56d_regularized,37,22.134977340698242,14.865022659301758
exclude_all_flagged,2025-07-21,test,transformer_56d_regularized,43,25.08882713317871,17.91117286682129
exclude_all_flagged,2025-07-22,test,transformer_56d_regularized,27,30.77528190612793,3.7752819061279297
exclude_all_flagged,2025-07-23,test,transformer_56d_regularized,32,27.79876708984375,4.20123291015625
exclude_all_flagged,2025-07-24,test,transformer_56d_regularized,42,32.75308609008789,9.24691390991211
exclude_all_flagged,2025-07-25,test,transformer_56d_regularized,58,57.292518615722656,0.7074813842773438
exclude_all_flagged,2025-07-26,test,transformer_56d_regularized,60,57.05947494506836,2.9405250549316406
exclude_all_flagged,2025-07-27,test,transformer_56d_regularized,29,22.83061408996582,6.16938591003418
exclude_all_flagged,2025-07-28,test,transformer_56d_regularized,27,23.861330032348633,3.138669967651367
exclude_all_flagged,2025-07-29,test,transformer_56d_regularized,28,23.200639724731445,4.799360275268555
exclude_all_flagged,2025-07-30,test,transformer_56d_regularized,25,25.166101455688477,0.16610145568847656
exclude_all_flagged,2025-07-31,test,transformer_56d_regularized,38,25.516481399536133,12.483518600463867
exclude_all_flagged,2025-08-01,test,transformer_56d_regularized,57,59.68024826049805,2.680248260498047
exclude_all_flagged,2025-08-02,test,transformer_56d_regularized,59,58.02262496948242,0.9773750305175781
exclude_all_flagged,2025-08-03,test,transformer_56d_regularized,18,19.0738525390625,1.0738525390625
exclude_all_flagged,2025-08-04,test,transformer_56d_regularized,21,20.135236740112305,0.8647632598876953
exclude_all_flagged,2025-08-05,test,transformer_56d_regularized,18,22.916614532470703,4.916614532470703
exclude_all_flagged,2025-08-06,test,transformer_56d_regularized,18,24.147869110107422,6.147869110107422
exclude_all_flagged,2025-08-07,test,transformer_56d_regularized,19,27.583789825439453,8.583789825439453
exclude_all_flagged,2025-08-08,test,transformer_56d_regularized,52,49.578895568847656,2.4211044311523438
exclude_all_flagged,2025-08-09,test,transformer_56d_regularized,57,56.60274887084961,0.3972511291503906
exclude_all_flagged,2025-08-10,test,transformer_56d_regularized,42,23.092466354370117,18.907533645629883
exclude_all_flagged,2025-08-11,test,transformer_56d_regularized,22,26.782258987426758,4.782258987426758
exclude_all_flagged,2025-08-12,test,transformer_56d_regularized,36,22.605178833007812,13.394821166992188
exclude_all_flagged,2025-08-13,test,transformer_56d_regularized,39,30.257564544677734,8.742435455322266
exclude_all_flagged,2025-08-14,test,transformer_56d_regularized,46,36.43010711669922,9.569892883300781
exclude_all_flagged,2025-08-15,test,transformer_56d_regularized,60,60.0,0.0
exclude_all_flagged,2025-08-16,test,transformer_56d_regularized,59,59.74747085571289,0.7474708557128906
exclude_all_flagged,2025-08-17,test,transformer_56d_regularized,26,19.944814682006836,6.055185317993164
exclude_all_flagged,2025-08-18,test,transformer_56d_regularized,36,21.906103134155273,14.093896865844727
exclude_all_flagged,2025-08-19,test,transformer_56d_regularized,24,26.133020401000977,2.1330204010009766
exclude_all_flagged,2025-08-20,test,transformer_56d_regularized,32,23.610536575317383,8.389463424682617
exclude_all_flagged,2025-08-21,test,transformer_56d_regularized,42,29.764366149902344,12.235633850097656
exclude_all_flagged,2025-08-22,test,transformer_56d_regularized,60,56.45861053466797,3.5413894653320312
exclude_all_flagged,2025-08-23,test,transformer_56d_regularized,59,56.98186492919922,2.0181350708007812
exclude_all_flagged,2025-08-24,test,transformer_56d_regularized,48,22.5000057220459,25.4999942779541
exclude_all_flagged,2025-08-25,test,transformer_56d_regularized,55,27.150449752807617,27.849550247192383
exclude_all_flagged,2025-08-26,test,transformer_56d_regularized,59,30.492961883544922,28.507038116455078
exclude_all_flagged,2025-08-27,test,transformer_56d_regularized,60,36.625518798828125,23.374481201171875
exclude_all_flagged,2025-08-28,test,transformer_56d_regularized,60,49.41025161743164,10.58974838256836
exclude_all_flagged,2025-08-29,test,transformer_56d_regularized,57,60.0,3.0
exclude_all_flagged,2025-08-30,test,transformer_56d_regularized,59,58.73709487915039,0.2629051208496094
exclude_all_flagged,2025-08-31,test,transformer_56d_regularized,59,29.58808135986328,29.41191864013672
exclude_all_flagged,2025-09-01,test,transformer_56d_regularized,25,42.14699172973633,17.146991729736328
exclude_all_flagged,2025-09-02,test,transformer_56d_regularized,24,22.4001407623291,1.5998592376708984
exclude_all_flagged,2025-09-03,test,transformer_56d_regularized,22,23.647247314453125,1.647247314453125
exclude_all_flagged,2025-09-04,test,transformer_56d_regularized,33,26.406776428222656,6.593223571777344
exclude_all_flagged,2025-09-05,test,transformer_56d_regularized,60,54.28488540649414,5.715114593505859
exclude_all_flagged,2025-09-06,test,transformer_56d_regularized,59,53.74519729614258,5.254802703857422
exclude_all_flagged,2025-09-07,test,transformer_56d_regularized,13,29.416563034057617,16.416563034057617
exclude_all_flagged,2025-09-08,test,transformer_56d_regularized,22,18.20931625366211,3.7906837463378906
exclude_all_flagged,2025-09-09,test,transformer_56d_regularized,18,23.018333435058594,5.018333435058594
exclude_all_flagged,2025-09-10,test,transformer_56d_regularized,20,25.43436622619629,5.434366226196289
exclude_all_flagged,2025-09-11,test,transformer_56d_regularized,28,33.14553451538086,5.145534515380859
exclude_all_flagged,2025-09-12,test,transformer_56d_regularized,58,52.800865173339844,5.199134826660156
exclude_all_flagged,2025-09-13,test,transformer_56d_regularized,58,57.85929870605469,0.1407012939453125
exclude_all_flagged,2025-09-14,test,transformer_56d_regularized,20,28.206083297729492,8.206083297729492
exclude_all_flagged,2025-09-15,test,transformer_56d_regularized,37,24.640722274780273,12.359277725219727
exclude_all_flagged,2025-09-16,test,transformer_56d_regularized,42,30.52109718322754,11.478902816772461
exclude_all_flagged,2025-09-17,test,transformer_56d_regularized,39,34.87723159790039,4.122768402099609
exclude_all_flagged,2025-09-18,test,transformer_56d_regularized,36,43.53742599487305,7.537425994873047
exclude_all_flagged,2025-09-19,test,transformer_56d_regularized,59,60.0,1.0
exclude_all_flagged,2025-09-20,test,transformer_56d_regularized,60,60.0,0.0
exclude_all_flagged,2025-09-21,test,transformer_56d_regularized,40,27.098594665527344,12.901405334472656
exclude_all_flagged,2025-09-22,test,transformer_56d_regularized,33,37.325679779052734,4.325679779052734
exclude_all_flagged,2025-09-23,test,transformer_56d_regularized,42,35.07454299926758,6.925457000732422
exclude_all_flagged,2025-09-24,test,transformer_56d_regularized,32,40.926368713378906,8.926368713378906
exclude_all_flagged,2025-09-25,test,transformer_56d_regularized,39,44.09212112426758,5.092121124267578
exclude_all_flagged,2025-09-26,test,transformer_56d_regularized,58,59.24693298339844,1.2469329833984375
exclude_all_flagged,2025-09-27,test,transformer_56d_regularized,59,59.55466079711914,0.5546607971191406
exclude_all_flagged,2025-09-28,test,transformer_56d_regularized,36,39.55406188964844,3.5540618896484375
exclude_all_flagged,2025-09-29,test,transformer_56d_regularized,43,33.11322021484375,9.88677978515625
exclude_all_flagged,2025-09-30,test,transformer_56d_regularized,35,39.89168930053711,4.891689300537109
exclude_all_flagged,2025-10-01,test,transformer_56d_regularized,23,32.079246520996094,9.079246520996094
exclude_all_flagged,2025-10-02,test,transformer_56d_regularized,33,37.024478912353516,4.024478912353516
exclude_all_flagged,2025-10-03,test,transformer_56d_regularized,60,59.90341567993164,0.09658432006835938
exclude_all_flagged,2025-10-04,test,transformer_56d_regularized,59,60.0,1.0
exclude_all_flagged,2025-10-05,test,transformer_56d_regularized,29,25.143171310424805,3.8568286895751953
exclude_all_flagged,2025-10-06,test,transformer_56d_regularized,34,29.224660873413086,4.775339126586914
exclude_all_flagged,2025-10-07,test,transformer_56d_regularized,34,33.564144134521484,0.4358558654785156
exclude_all_flagged,2025-10-08,test,transformer_56d_regularized,41,34.33507537841797,6.664924621582031
exclude_all_flagged,2025-10-09,test,transformer_56d_regularized,49,40.83525466918945,8.164745330810547
exclude_all_flagged,2025-10-10,test,transformer_56d_regularized,58,57.926490783691406,0.07350921630859375
exclude_all_flagged,2025-10-11,test,transformer_56d_regularized,60,59.453697204589844,0.5463027954101562
exclude_all_flagged,2025-10-12,test,transformer_56d_regularized,59,28.77448272705078,30.22551727294922
exclude_all_flagged,2025-10-13,test,transformer_56d_regularized,22,38.8660774230957,16.866077423095703
exclude_all_flagged,2025-10-14,test,transformer_56d_regularized,37,31.198692321777344,5.801307678222656
exclude_all_flagged,2025-10-15,test,transformer_56d_regularized,53,37.00621795654297,15.993782043457031
exclude_all_flagged,2025-10-16,test,transformer_56d_regularized,57,47.406986236572266,9.593013763427734
exclude_all_flagged,2025-10-17,test,transformer_56d_regularized,53,60.0,7.0
exclude_all_flagged,2025-10-18,test,transformer_56d_regularized,59,58.12449645996094,0.8755035400390625
exclude_all_flagged,2025-10-19,test,transformer_56d_regularized,45,34.53902816772461,10.46097183227539
exclude_all_flagged,2025-10-20,test,transformer_56d_regularized,42,32.29405212402344,9.705947875976562
exclude_all_flagged,2025-10-21,test,transformer_56d_regularized,46,38.919795989990234,7.080204010009766
exclude_all_flagged,2025-10-22,test,transformer_56d_regularized,28,43.22036361694336,15.22036361694336
exclude_all_flagged,2025-10-23,test,transformer_56d_regularized,47,39.65904235839844,7.3409576416015625
exclude_all_flagged,2025-10-24,test,transformer_56d_regularized,56,56.87815475463867,0.8781547546386719
exclude_all_flagged,2025-10-25,test,transformer_56d_regularized,59,56.27960968017578,2.7203903198242188
exclude_all_flagged,2025-10-26,test,transformer_56d_regularized,29,41.31989669799805,12.319896697998047
exclude_all_flagged,2025-10-27,test,transformer_56d_regularized,27,27.493593215942383,0.4935932159423828
exclude_all_flagged,2025-10-28,test,transformer_56d_regularized,40,31.795766830444336,8.204233169555664
exclude_all_flagged,2025-10-29,test,transformer_56d_regularized,46,38.88297653198242,7.117023468017578
exclude_all_flagged,2025-10-30,test,transformer_56d_regularized,45,47.926700592041016,2.9267005920410156
exclude_all_flagged,2025-10-31,test,transformer_56d_regularized,60,53.58425521850586,6.415744781494141
exclude_all_flagged,2025-11-01,test,transformer_56d_regularized,60,58.37879180908203,1.6212081909179688
exclude_all_flagged,2025-11-02,test,transformer_56d_regularized,38,26.841386795043945,11.158613204956055
exclude_all_flagged,2025-11-03,test,transformer_56d_regularized,21,32.46603012084961,11.46603012084961
exclude_all_flagged,2025-11-04,test,transformer_56d_regularized,27,29.099966049194336,2.099966049194336
exclude_all_flagged,2025-11-05,test,transformer_56d_regularized,20,32.139976501464844,12.139976501464844
exclude_all_flagged,2025-11-06,test,transformer_56d_regularized,29,31.864933013916016,2.8649330139160156
exclude_all_flagged,2025-11-07,test,transformer_56d_regularized,60,49.41078186035156,10.589218139648438
exclude_all_flagged,2025-11-08,test,transformer_56d_regularized,60,57.320838928222656,2.6791610717773438
exclude_all_flagged,2025-11-09,test,transformer_56d_regularized,32,25.459741592407227,6.540258407592773
exclude_all_flagged,2025-11-10,test,transformer_56d_regularized,35,25.64908218383789,9.35091781616211
exclude_all_flagged,2025-11-11,test,transformer_56d_regularized,29,33.06902313232422,4.069023132324219
exclude_all_flagged,2025-11-12,test,transformer_56d_regularized,29,37.30221939086914,8.30221939086914
exclude_all_flagged,2025-11-13,test,transformer_56d_regularized,25,42.5524787902832,17.552478790283203
exclude_all_flagged,2025-11-14,test,transformer_56d_regularized,54,54.439422607421875,0.439422607421875
exclude_all_flagged,2025-11-15,test,transformer_56d_regularized,59,60.0,1.0
exclude_all_flagged,2025-11-16,test,transformer_56d_regularized,19,35.25986862182617,16.259868621826172
exclude_all_flagged,2025-11-17,test,transformer_56d_regularized,11,28.26410675048828,17.26410675048828
exclude_all_flagged,2025-11-18,test,transformer_56d_regularized,16,27.210556030273438,11.210556030273438
exclude_all_flagged,2025-11-19,test,transformer_56d_regularized,27,26.845714569091797,0.15428543090820312
exclude_all_flagged,2025-11-20,test,transformer_56d_regularized,26,34.058406829833984,8.058406829833984
exclude_all_flagged,2025-11-21,test,transformer_56d_regularized,58,53.641990661621094,4.358009338378906
exclude_all_flagged,2025-11-22,test,transformer_56d_regularized,58,59.06755065917969,1.0675506591796875
exclude_all_flagged,2025-11-23,test,transformer_56d_regularized,27,23.232192993164062,3.7678070068359375
exclude_all_flagged,2025-11-24,test,transformer_56d_regularized,30,24.954530715942383,5.045469284057617
exclude_all_flagged,2025-11-25,test,transformer_56d_regularized,28,30.40010643005371,2.400106430053711
exclude_all_flagged,2025-11-26,test,transformer_56d_regularized,42,34.1922492980957,7.807750701904297
exclude_all_flagged,2025-11-27,test,transformer_56d_regularized,58,40.607383728027344,17.392616271972656
exclude_all_flagged,2025-11-28,test,transformer_56d_regularized,59,60.0,1.0
exclude_all_flagged,2025-11-29,test,transformer_56d_regularized,55,58.83993148803711,3.8399314880371094
exclude_all_flagged,2025-11-30,test,transformer_56d_regularized,28,21.886882781982422,6.113117218017578
exclude_all_flagged,2025-12-01,test,transformer_56d_regularized,30,26.89409065246582,3.1059093475341797
exclude_all_flagged,2025-12-02,test,transformer_56d_regularized,31,28.711307525634766,2.2886924743652344
exclude_all_flagged,2025-12-03,test,transformer_56d_regularized,28,35.018821716308594,7.018821716308594
exclude_all_flagged,2025-12-04,test,transformer_56d_regularized,37,35.4843864440918,1.5156135559082031
exclude_all_flagged,2025-12-05,test,transformer_56d_regularized,50,53.88442611694336,3.8844261169433594
exclude_all_flagged,2025-12-06,test,transformer_56d_regularized,60,56.64732360839844,3.3526763916015625
exclude_all_flagged,2025-12-07,test,transformer_56d_regularized,36,27.654911041259766,8.345088958740234
exclude_all_flagged,2025-12-08,test,transformer_56d_regularized,26,32.144309997558594,6.144309997558594
exclude_all_flagged,2025-12-09,test,transformer_56d_regularized,40,28.820789337158203,11.179210662841797
exclude_all_flagged,2025-12-10,test,transformer_56d_regularized,21,37.953433990478516,16.953433990478516
exclude_all_flagged,2025-12-11,test,transformer_56d_regularized,24,38.66114044189453,14.661140441894531
exclude_all_flagged,2025-12-12,test,transformer_56d_regularized,50,49.054443359375,0.945556640625
exclude_all_flagged,2025-12-13,test,transformer_56d_regularized,52,54.43362808227539,2.4336280822753906
exclude_all_flagged,2025-12-14,test,transformer_56d_regularized,24,26.124286651611328,2.124286651611328
exclude_all_flagged,2025-12-15,test,transformer_56d_regularized,18,24.878131866455078,6.878131866455078
exclude_all_flagged,2025-12-16,test,transformer_56d_regularized,23,26.240427017211914,3.240427017211914
exclude_all_flagged,2025-12-17,test,transformer_56d_regularized,34,28.43732261657715,5.562677383422852
exclude_all_flagged,2025-12-18,test,transformer_56d_regularized,43,33.86808776855469,9.131912231445312
exclude_all_flagged,2025-12-19,test,transformer_56d_regularized,49,51.2396125793457,2.239612579345703
exclude_all_flagged,2025-12-20,test,transformer_56d_regularized,57,54.354522705078125,2.645477294921875
exclude_all_flagged,2025-12-21,test,transformer_56d_regularized,35,24.880393981933594,10.119606018066406
exclude_all_flagged,2025-12-22,test,transformer_56d_regularized,28,25.289817810058594,2.7101821899414062
exclude_all_flagged,2025-12-23,test,transformer_56d_regularized,27,26.548768997192383,0.4512310028076172
exclude_all_flagged,2025-12-24,test,transformer_56d_regularized,40,30.53168487548828,9.468315124511719
exclude_all_flagged,2025-12-25,test,transformer_56d_regularized,31,44.99412155151367,13.994121551513672
exclude_all_flagged,2025-12-26,test,transformer_56d_regularized,40,49.87681579589844,9.876815795898438
exclude_all_flagged,2025-12-27,test,transformer_56d_regularized,44,49.95417404174805,5.954174041748047
exclude_all_flagged,2025-12-28,test,transformer_56d_regularized,30,25.29178810119629,4.708211898803711
exclude_all_flagged,2025-12-29,test,transformer_56d_regularized,28,23.250873565673828,4.749126434326172
exclude_all_flagged,2025-12-30,test,transformer_56d_regularized,36,23.47840118408203,12.521598815917969
exclude_all_flagged,2025-12-31,test,transformer_56d_regularized,55,40.28595733642578,14.714042663574219
